 ACCALL - Accessibility calculations
 MAX RESIDUES     8000
 MAX ATOMS/RES     100
 PDB FILE INPUT /home/mimine/POO-2025/Projet/projet-court-POO/Data/6pwf.pdb
 PROBE SIZE       1.40
 Z-SLICE WIDTH   0.050
 VDW RADII FILE vdw.radii
 EXCL HETATOMS
 EXCL HYDROGENS
 EXCL WATERS
 READVDW  32 residues input
 UNKNOWN residue type.............>  DA I -73 
 NON-STANDARD atom.| P  | in residue>  DA I -73 
 ASSUMED vdw of  P   in  DA I -73  =  1.90 (same as   A)
 NON-STANDARD atom.| OP1| in residue>  DA I -73 
 GUESSED vdw of  OP1 in  DA I -73  =  1.40
 NON-STANDARD atom.| OP2| in residue>  DA I -73 
 GUESSED vdw of  OP2 in  DA I -73  =  1.40
 NON-STANDARD atom.| O5'| in residue>  DA I -73 
 GUESSED vdw of  O5' in  DA I -73  =  1.40
 NON-STANDARD atom.| C5'| in residue>  DA I -73 
 GUESSED vdw of  C5' in  DA I -73  =  1.80
 NON-STANDARD atom.| C4'| in residue>  DA I -73 
 GUESSED vdw of  C4' in  DA I -73  =  1.80
 NON-STANDARD atom.| O4'| in residue>  DA I -73 
 GUESSED vdw of  O4' in  DA I -73  =  1.40
 NON-STANDARD atom.| C3'| in residue>  DA I -73 
 GUESSED vdw of  C3' in  DA I -73  =  1.80
 NON-STANDARD atom.| O3'| in residue>  DA I -73 
 GUESSED vdw of  O3' in  DA I -73  =  1.40
 NON-STANDARD atom.| C2'| in residue>  DA I -73 
 GUESSED vdw of  C2' in  DA I -73  =  1.80
 NON-STANDARD atom.| C1'| in residue>  DA I -73 
 GUESSED vdw of  C1' in  DA I -73  =  1.80
 NON-STANDARD atom.| N9 | in residue>  DA I -73 
 ASSUMED vdw of  N9  in  DA I -73  =  1.60 (same as   A)
 NON-STANDARD atom.| C8 | in residue>  DA I -73 
 ASSUMED vdw of  C8  in  DA I -73  =  1.80 (same as   A)
 NON-STANDARD atom.| N7 | in residue>  DA I -73 
 ASSUMED vdw of  N7  in  DA I -73  =  1.60 (same as   A)
 NON-STANDARD atom.| C5 | in residue>  DA I -73 
 ASSUMED vdw of  C5  in  DA I -73  =  1.80 (same as   A)
 NON-STANDARD atom.| C6 | in residue>  DA I -73 
 ASSUMED vdw of  C6  in  DA I -73  =  1.80 (same as   A)
 NON-STANDARD atom.| N6 | in residue>  DA I -73 
 ASSUMED vdw of  N6  in  DA I -73  =  1.60 (same as   A)
 NON-STANDARD atom.| N1 | in residue>  DA I -73 
 ASSUMED vdw of  N1  in  DA I -73  =  1.60 (same as   A)
 NON-STANDARD atom.| C2 | in residue>  DA I -73 
 ASSUMED vdw of  C2  in  DA I -73  =  1.80 (same as   A)
 NON-STANDARD atom.| N3 | in residue>  DA I -73 
 ASSUMED vdw of  N3  in  DA I -73  =  1.60 (same as   A)
 NON-STANDARD atom.| C4 | in residue>  DA I -73 
 ASSUMED vdw of  C4  in  DA I -73  =  1.80 (same as   A)
 UNKNOWN residue type.............>  DT I -72 
 NON-STANDARD atom.| P  | in residue>  DT I -72 
 ASSUMED vdw of  P   in  DT I -72  =  1.90 (same as   A)
 NON-STANDARD atom.| OP1| in residue>  DT I -72 
 GUESSED vdw of  OP1 in  DT I -72  =  1.40
 NON-STANDARD atom.| OP2| in residue>  DT I -72 
 GUESSED vdw of  OP2 in  DT I -72  =  1.40
 NON-STANDARD atom.| O5'| in residue>  DT I -72 
 GUESSED vdw of  O5' in  DT I -72  =  1.40
 NON-STANDARD atom.| C5'| in residue>  DT I -72 
 GUESSED vdw of  C5' in  DT I -72  =  1.80
 NON-STANDARD atom.| C4'| in residue>  DT I -72 
 GUESSED vdw of  C4' in  DT I -72  =  1.80
 NON-STANDARD atom.| O4'| in residue>  DT I -72 
 GUESSED vdw of  O4' in  DT I -72  =  1.40
 NON-STANDARD atom.| C3'| in residue>  DT I -72 
 GUESSED vdw of  C3' in  DT I -72  =  1.80
 NON-STANDARD atom.| O3'| in residue>  DT I -72 
 GUESSED vdw of  O3' in  DT I -72  =  1.40
 NON-STANDARD atom.| C2'| in residue>  DT I -72 
 GUESSED vdw of  C2' in  DT I -72  =  1.80
 NON-STANDARD atom.| C1'| in residue>  DT I -72 
 GUESSED vdw of  C1' in  DT I -72  =  1.80
 NON-STANDARD atom.| N1 | in residue>  DT I -72 
 ASSUMED vdw of  N1  in  DT I -72  =  1.60 (same as   A)
 NON-STANDARD atom.| C2 | in residue>  DT I -72 
 ASSUMED vdw of  C2  in  DT I -72  =  1.80 (same as   A)
 NON-STANDARD atom.| O2 | in residue>  DT I -72 
 ASSUMED vdw of  O2  in  DT I -72  =  1.40 (same as   C)
 NON-STANDARD atom.| N3 | in residue>  DT I -72 
 ASSUMED vdw of  N3  in  DT I -72  =  1.60 (same as   A)
 NON-STANDARD atom.| C4 | in residue>  DT I -72 
 ASSUMED vdw of  C4  in  DT I -72  =  1.80 (same as   A)
 NON-STANDARD atom.| O4 | in residue>  DT I -72 
 ASSUMED vdw of  O4  in  DT I -72  =  1.40 (same as   T)
 NON-STANDARD atom.| C5 | in residue>  DT I -72 
 ASSUMED vdw of  C5  in  DT I -72  =  1.80 (same as   A)
 NON-STANDARD atom.| C7 | in residue>  DT I -72 
 GUESSED vdw of  C7  in  DT I -72  =  1.80
 NON-STANDARD atom.| C6 | in residue>  DT I -72 
 ASSUMED vdw of  C6  in  DT I -72  =  1.80 (same as   A)
 UNKNOWN residue type.............>  DC I -71 
 NON-STANDARD atom.| P  | in residue>  DC I -71 
 ASSUMED vdw of  P   in  DC I -71  =  1.90 (same as   A)
 NON-STANDARD atom.| OP1| in residue>  DC I -71 
 GUESSED vdw of  OP1 in  DC I -71  =  1.40
 NON-STANDARD atom.| OP2| in residue>  DC I -71 
 GUESSED vdw of  OP2 in  DC I -71  =  1.40
 NON-STANDARD atom.| O5'| in residue>  DC I -71 
 GUESSED vdw of  O5' in  DC I -71  =  1.40
 NON-STANDARD atom.| C5'| in residue>  DC I -71 
 GUESSED vdw of  C5' in  DC I -71  =  1.80
 NON-STANDARD atom.| C4'| in residue>  DC I -71 
 GUESSED vdw of  C4' in  DC I -71  =  1.80
 NON-STANDARD atom.| O4'| in residue>  DC I -71 
 GUESSED vdw of  O4' in  DC I -71  =  1.40
 NON-STANDARD atom.| C3'| in residue>  DC I -71 
 GUESSED vdw of  C3' in  DC I -71  =  1.80
 NON-STANDARD atom.| O3'| in residue>  DC I -71 
 GUESSED vdw of  O3' in  DC I -71  =  1.40
 NON-STANDARD atom.| C2'| in residue>  DC I -71 
 GUESSED vdw of  C2' in  DC I -71  =  1.80
 NON-STANDARD atom.| C1'| in residue>  DC I -71 
 GUESSED vdw of  C1' in  DC I -71  =  1.80
 NON-STANDARD atom.| N1 | in residue>  DC I -71 
 ASSUMED vdw of  N1  in  DC I -71  =  1.60 (same as   A)
 NON-STANDARD atom.| C2 | in residue>  DC I -71 
 ASSUMED vdw of  C2  in  DC I -71  =  1.80 (same as   A)
 NON-STANDARD atom.| O2 | in residue>  DC I -71 
 ASSUMED vdw of  O2  in  DC I -71  =  1.40 (same as   C)
 NON-STANDARD atom.| N3 | in residue>  DC I -71 
 ASSUMED vdw of  N3  in  DC I -71  =  1.60 (same as   A)
 NON-STANDARD atom.| C4 | in residue>  DC I -71 
 ASSUMED vdw of  C4  in  DC I -71  =  1.80 (same as   A)
 NON-STANDARD atom.| N4 | in residue>  DC I -71 
 ASSUMED vdw of  N4  in  DC I -71  =  1.60 (same as   C)
 NON-STANDARD atom.| C5 | in residue>  DC I -71 
 ASSUMED vdw of  C5  in  DC I -71  =  1.80 (same as   A)
 NON-STANDARD atom.| C6 | in residue>  DC I -71 
 ASSUMED vdw of  C6  in  DC I -71  =  1.80 (same as   A)
 UNKNOWN residue type.............>  DG I -70 
 NON-STANDARD atom.| P  | in residue>  DG I -70 
 ASSUMED vdw of  P   in  DG I -70  =  1.90 (same as   A)
 NON-STANDARD atom.| OP1| in residue>  DG I -70 
 GUESSED vdw of  OP1 in  DG I -70  =  1.40
 NON-STANDARD atom.| OP2| in residue>  DG I -70 
 GUESSED vdw of  OP2 in  DG I -70  =  1.40
 NON-STANDARD atom.| O5'| in residue>  DG I -70 
 GUESSED vdw of  O5' in  DG I -70  =  1.40
 NON-STANDARD atom.| C5'| in residue>  DG I -70 
 GUESSED vdw of  C5' in  DG I -70  =  1.80
 NON-STANDARD atom.| C4'| in residue>  DG I -70 
 GUESSED vdw of  C4' in  DG I -70  =  1.80
 NON-STANDARD atom.| O4'| in residue>  DG I -70 
 GUESSED vdw of  O4' in  DG I -70  =  1.40
 NON-STANDARD atom.| C3'| in residue>  DG I -70 
 GUESSED vdw of  C3' in  DG I -70  =  1.80
 NON-STANDARD atom.| O3'| in residue>  DG I -70 
 GUESSED vdw of  O3' in  DG I -70  =  1.40
 NON-STANDARD atom.| C2'| in residue>  DG I -70 
 GUESSED vdw of  C2' in  DG I -70  =  1.80
 NON-STANDARD atom.| C1'| in residue>  DG I -70 
 GUESSED vdw of  C1' in  DG I -70  =  1.80
 NON-STANDARD atom.| N9 | in residue>  DG I -70 
 ASSUMED vdw of  N9  in  DG I -70  =  1.60 (same as   A)
 NON-STANDARD atom.| C8 | in residue>  DG I -70 
 ASSUMED vdw of  C8  in  DG I -70  =  1.80 (same as   A)
 NON-STANDARD atom.| N7 | in residue>  DG I -70 
 ASSUMED vdw of  N7  in  DG I -70  =  1.60 (same as   A)
 NON-STANDARD atom.| C5 | in residue>  DG I -70 
 ASSUMED vdw of  C5  in  DG I -70  =  1.80 (same as   A)
 NON-STANDARD atom.| C6 | in residue>  DG I -70 
 ASSUMED vdw of  C6  in  DG I -70  =  1.80 (same as   A)
 NON-STANDARD atom.| O6 | in residue>  DG I -70 
 ASSUMED vdw of  O6  in  DG I -70  =  1.40 (same as   G)
 NON-STANDARD atom.| N1 | in residue>  DG I -70 
 ASSUMED vdw of  N1  in  DG I -70  =  1.60 (same as   A)
 NON-STANDARD atom.| C2 | in residue>  DG I -70 
 ASSUMED vdw of  C2  in  DG I -70  =  1.80 (same as   A)
 NON-STANDARD atom.| N2 | in residue>  DG I -70 
 ASSUMED vdw of  N2  in  DG I -70  =  1.60 (same as   G)
 NON-STANDARD atom.| N3 | in residue>  DG I -70 
 ASSUMED vdw of  N3  in  DG I -70  =  1.60 (same as   A)
 NON-STANDARD atom.| C4 | in residue>  DG I -70 
 ASSUMED vdw of  C4  in  DG I -70  =  1.80 (same as   A)
 UNKNOWN residue type.............>  DG I -69 
 NON-STANDARD atom.| P  | in residue>  DG I -69 
 ASSUMED vdw of  P   in  DG I -69  =  1.90 (same as   A)
 NON-STANDARD atom.| OP1| in residue>  DG I -69 
 GUESSED vdw of  OP1 in  DG I -69  =  1.40
 NON-STANDARD atom.| OP2| in residue>  DG I -69 
 GUESSED vdw of  OP2 in  DG I -69  =  1.40
 NON-STANDARD atom.| O5'| in residue>  DG I -69 
 GUESSED vdw of  O5' in  DG I -69  =  1.40
 NON-STANDARD atom.| C5'| in residue>  DG I -69 
 GUESSED vdw of  C5' in  DG I -69  =  1.80
 NON-STANDARD atom.| C4'| in residue>  DG I -69 
 GUESSED vdw of  C4' in  DG I -69  =  1.80
 NON-STANDARD atom.| O4'| in residue>  DG I -69 
 GUESSED vdw of  O4' in  DG I -69  =  1.40
 NON-STANDARD atom.| C3'| in residue>  DG I -69 
 GUESSED vdw of  C3' in  DG I -69  =  1.80
 NON-STANDARD atom.| O3'| in residue>  DG I -69 
 GUESSED vdw of  O3' in  DG I -69  =  1.40
 NON-STANDARD atom.| C2'| in residue>  DG I -69 
 GUESSED vdw of  C2' in  DG I -69  =  1.80
 NON-STANDARD atom.| C1'| in residue>  DG I -69 
 GUESSED vdw of  C1' in  DG I -69  =  1.80
 NON-STANDARD atom.| N9 | in residue>  DG I -69 
 ASSUMED vdw of  N9  in  DG I -69  =  1.60 (same as   A)
 NON-STANDARD atom.| C8 | in residue>  DG I -69 
 ASSUMED vdw of  C8  in  DG I -69  =  1.80 (same as   A)
 NON-STANDARD atom.| N7 | in residue>  DG I -69 
 ASSUMED vdw of  N7  in  DG I -69  =  1.60 (same as   A)
 NON-STANDARD atom.| C5 | in residue>  DG I -69 
 ASSUMED vdw of  C5  in  DG I -69  =  1.80 (same as   A)
 NON-STANDARD atom.| C6 | in residue>  DG I -69 
 ASSUMED vdw of  C6  in  DG I -69  =  1.80 (same as   A)
 NON-STANDARD atom.| O6 | in residue>  DG I -69 
 ASSUMED vdw of  O6  in  DG I -69  =  1.40 (same as   G)
 NON-STANDARD atom.| N1 | in residue>  DG I -69 
 ASSUMED vdw of  N1  in  DG I -69  =  1.60 (same as   A)
 NON-STANDARD atom.| C2 | in residue>  DG I -69 
 ASSUMED vdw of  C2  in  DG I -69  =  1.80 (same as   A)
 NON-STANDARD atom.| N2 | in residue>  DG I -69 
 ASSUMED vdw of  N2  in  DG I -69  =  1.60 (same as   G)
 NON-STANDARD atom.| N3 | in residue>  DG I -69 
 ASSUMED vdw of  N3  in  DG I -69  =  1.60 (same as   A)
 NON-STANDARD atom.| C4 | in residue>  DG I -69 
 ASSUMED vdw of  C4  in  DG I -69  =  1.80 (same as   A)
 UNKNOWN residue type.............>  DA I -68 
 NON-STANDARD atom.| P  | in residue>  DA I -68 
 ASSUMED vdw of  P   in  DA I -68  =  1.90 (same as   A)
 NON-STANDARD atom.| OP1| in residue>  DA I -68 
 GUESSED vdw of  OP1 in  DA I -68  =  1.40
 NON-STANDARD atom.| OP2| in residue>  DA I -68 
 GUESSED vdw of  OP2 in  DA I -68  =  1.40
 NON-STANDARD atom.| O5'| in residue>  DA I -68 
 GUESSED vdw of  O5' in  DA I -68  =  1.40
 NON-STANDARD atom.| C5'| in residue>  DA I -68 
 GUESSED vdw of  C5' in  DA I -68  =  1.80
 NON-STANDARD atom.| C4'| in residue>  DA I -68 
 GUESSED vdw of  C4' in  DA I -68  =  1.80
 NON-STANDARD atom.| O4'| in residue>  DA I -68 
 GUESSED vdw of  O4' in  DA I -68  =  1.40
 NON-STANDARD atom.| C3'| in residue>  DA I -68 
 GUESSED vdw of  C3' in  DA I -68  =  1.80
 NON-STANDARD atom.| O3'| in residue>  DA I -68 
 GUESSED vdw of  O3' in  DA I -68  =  1.40
 NON-STANDARD atom.| C2'| in residue>  DA I -68 
 GUESSED vdw of  C2' in  DA I -68  =  1.80
 NON-STANDARD atom.| C1'| in residue>  DA I -68 
 GUESSED vdw of  C1' in  DA I -68  =  1.80
 NON-STANDARD atom.| N9 | in residue>  DA I -68 
 ASSUMED vdw of  N9  in  DA I -68  =  1.60 (same as   A)
 NON-STANDARD atom.| C8 | in residue>  DA I -68 
 ASSUMED vdw of  C8  in  DA I -68  =  1.80 (same as   A)
 NON-STANDARD atom.| N7 | in residue>  DA I -68 
 ASSUMED vdw of  N7  in  DA I -68  =  1.60 (same as   A)
 NON-STANDARD atom.| C5 | in residue>  DA I -68 
 ASSUMED vdw of  C5  in  DA I -68  =  1.80 (same as   A)
 NON-STANDARD atom.| C6 | in residue>  DA I -68 
 ASSUMED vdw of  C6  in  DA I -68  =  1.80 (same as   A)
 NON-STANDARD atom.| N6 | in residue>  DA I -68 
 ASSUMED vdw of  N6  in  DA I -68  =  1.60 (same as   A)
 NON-STANDARD atom.| N1 | in residue>  DA I -68 
 ASSUMED vdw of  N1  in  DA I -68  =  1.60 (same as   A)
 NON-STANDARD atom.| C2 | in residue>  DA I -68 
 ASSUMED vdw of  C2  in  DA I -68  =  1.80 (same as   A)
 NON-STANDARD atom.| N3 | in residue>  DA I -68 
 ASSUMED vdw of  N3  in  DA I -68  =  1.60 (same as   A)
 NON-STANDARD atom.| C4 | in residue>  DA I -68 
 ASSUMED vdw of  C4  in  DA I -68  =  1.80 (same as   A)
 UNKNOWN residue type.............>  DT I -67 
 NON-STANDARD atom.| P  | in residue>  DT I -67 
 ASSUMED vdw of  P   in  DT I -67  =  1.90 (same as   A)
 NON-STANDARD atom.| OP1| in residue>  DT I -67 
 GUESSED vdw of  OP1 in  DT I -67  =  1.40
 NON-STANDARD atom.| OP2| in residue>  DT I -67 
 GUESSED vdw of  OP2 in  DT I -67  =  1.40
 NON-STANDARD atom.| O5'| in residue>  DT I -67 
 GUESSED vdw of  O5' in  DT I -67  =  1.40
 NON-STANDARD atom.| C5'| in residue>  DT I -67 
 GUESSED vdw of  C5' in  DT I -67  =  1.80
 NON-STANDARD atom.| C4'| in residue>  DT I -67 
 GUESSED vdw of  C4' in  DT I -67  =  1.80
 NON-STANDARD atom.| O4'| in residue>  DT I -67 
 GUESSED vdw of  O4' in  DT I -67  =  1.40
 NON-STANDARD atom.| C3'| in residue>  DT I -67 
 GUESSED vdw of  C3' in  DT I -67  =  1.80
 NON-STANDARD atom.| O3'| in residue>  DT I -67 
 GUESSED vdw of  O3' in  DT I -67  =  1.40
 NON-STANDARD atom.| C2'| in residue>  DT I -67 
 GUESSED vdw of  C2' in  DT I -67  =  1.80
 NON-STANDARD atom.| C1'| in residue>  DT I -67 
 GUESSED vdw of  C1' in  DT I -67  =  1.80
 NON-STANDARD atom.| N1 | in residue>  DT I -67 
 ASSUMED vdw of  N1  in  DT I -67  =  1.60 (same as   A)
 NON-STANDARD atom.| C2 | in residue>  DT I -67 
 ASSUMED vdw of  C2  in  DT I -67  =  1.80 (same as   A)
 NON-STANDARD atom.| O2 | in residue>  DT I -67 
 ASSUMED vdw of  O2  in  DT I -67  =  1.40 (same as   C)
 NON-STANDARD atom.| N3 | in residue>  DT I -67 
 ASSUMED vdw of  N3  in  DT I -67  =  1.60 (same as   A)
 NON-STANDARD atom.| C4 | in residue>  DT I -67 
 ASSUMED vdw of  C4  in  DT I -67  =  1.80 (same as   A)
 NON-STANDARD atom.| O4 | in residue>  DT I -67 
 ASSUMED vdw of  O4  in  DT I -67  =  1.40 (same as   T)
 NON-STANDARD atom.| C5 | in residue>  DT I -67 
 ASSUMED vdw of  C5  in  DT I -67  =  1.80 (same as   A)
 NON-STANDARD atom.| C7 | in residue>  DT I -67 
 GUESSED vdw of  C7  in  DT I -67  =  1.80
 NON-STANDARD atom.| C6 | in residue>  DT I -67 
 ASSUMED vdw of  C6  in  DT I -67  =  1.80 (same as   A)
 UNKNOWN residue type.............>  DG I -66 
 NON-STANDARD atom.| P  | in residue>  DG I -66 
 ASSUMED vdw of  P   in  DG I -66  =  1.90 (same as   A)
 NON-STANDARD atom.| OP1| in residue>  DG I -66 
 GUESSED vdw of  OP1 in  DG I -66  =  1.40
 NON-STANDARD atom.| OP2| in residue>  DG I -66 
 GUESSED vdw of  OP2 in  DG I -66  =  1.40
 NON-STANDARD atom.| O5'| in residue>  DG I -66 
 GUESSED vdw of  O5' in  DG I -66  =  1.40
 NON-STANDARD atom.| C5'| in residue>  DG I -66 
 GUESSED vdw of  C5' in  DG I -66  =  1.80
 NON-STANDARD atom.| C4'| in residue>  DG I -66 
 GUESSED vdw of  C4' in  DG I -66  =  1.80
 NON-STANDARD atom.| O4'| in residue>  DG I -66 
 GUESSED vdw of  O4' in  DG I -66  =  1.40
 NON-STANDARD atom.| C3'| in residue>  DG I -66 
 GUESSED vdw of  C3' in  DG I -66  =  1.80
 NON-STANDARD atom.| O3'| in residue>  DG I -66 
 GUESSED vdw of  O3' in  DG I -66  =  1.40
 NON-STANDARD atom.| C2'| in residue>  DG I -66 
 GUESSED vdw of  C2' in  DG I -66  =  1.80
 NON-STANDARD atom.| C1'| in residue>  DG I -66 
 GUESSED vdw of  C1' in  DG I -66  =  1.80
 NON-STANDARD atom.| N9 | in residue>  DG I -66 
 ASSUMED vdw of  N9  in  DG I -66  =  1.60 (same as   A)
 NON-STANDARD atom.| C8 | in residue>  DG I -66 
 ASSUMED vdw of  C8  in  DG I -66  =  1.80 (same as   A)
 NON-STANDARD atom.| N7 | in residue>  DG I -66 
 ASSUMED vdw of  N7  in  DG I -66  =  1.60 (same as   A)
 NON-STANDARD atom.| C5 | in residue>  DG I -66 
 ASSUMED vdw of  C5  in  DG I -66  =  1.80 (same as   A)
 NON-STANDARD atom.| C6 | in residue>  DG I -66 
 ASSUMED vdw of  C6  in  DG I -66  =  1.80 (same as   A)
 NON-STANDARD atom.| O6 | in residue>  DG I -66 
 ASSUMED vdw of  O6  in  DG I -66  =  1.40 (same as   G)
 NON-STANDARD atom.| N1 | in residue>  DG I -66 
 ASSUMED vdw of  N1  in  DG I -66  =  1.60 (same as   A)
 NON-STANDARD atom.| C2 | in residue>  DG I -66 
 ASSUMED vdw of  C2  in  DG I -66  =  1.80 (same as   A)
 NON-STANDARD atom.| N2 | in residue>  DG I -66 
 ASSUMED vdw of  N2  in  DG I -66  =  1.60 (same as   G)
 NON-STANDARD atom.| N3 | in residue>  DG I -66 
 ASSUMED vdw of  N3  in  DG I -66  =  1.60 (same as   A)
 NON-STANDARD atom.| C4 | in residue>  DG I -66 
 ASSUMED vdw of  C4  in  DG I -66  =  1.80 (same as   A)
 UNKNOWN residue type.............>  DT I -65 
 NON-STANDARD atom.| P  | in residue>  DT I -65 
 ASSUMED vdw of  P   in  DT I -65  =  1.90 (same as   A)
 NON-STANDARD atom.| OP1| in residue>  DT I -65 
 GUESSED vdw of  OP1 in  DT I -65  =  1.40
 NON-STANDARD atom.| OP2| in residue>  DT I -65 
 GUESSED vdw of  OP2 in  DT I -65  =  1.40
 NON-STANDARD atom.| O5'| in residue>  DT I -65 
 GUESSED vdw of  O5' in  DT I -65  =  1.40
 NON-STANDARD atom.| C5'| in residue>  DT I -65 
 GUESSED vdw of  C5' in  DT I -65  =  1.80
 NON-STANDARD atom.| C4'| in residue>  DT I -65 
 GUESSED vdw of  C4' in  DT I -65  =  1.80
 NON-STANDARD atom.| O4'| in residue>  DT I -65 
 GUESSED vdw of  O4' in  DT I -65  =  1.40
 NON-STANDARD atom.| C3'| in residue>  DT I -65 
 GUESSED vdw of  C3' in  DT I -65  =  1.80
 NON-STANDARD atom.| O3'| in residue>  DT I -65 
 GUESSED vdw of  O3' in  DT I -65  =  1.40
 NON-STANDARD atom.| C2'| in residue>  DT I -65 
 GUESSED vdw of  C2' in  DT I -65  =  1.80
 NON-STANDARD atom.| C1'| in residue>  DT I -65 
 GUESSED vdw of  C1' in  DT I -65  =  1.80
 NON-STANDARD atom.| N1 | in residue>  DT I -65 
 ASSUMED vdw of  N1  in  DT I -65  =  1.60 (same as   A)
 NON-STANDARD atom.| C2 | in residue>  DT I -65 
 ASSUMED vdw of  C2  in  DT I -65  =  1.80 (same as   A)
 NON-STANDARD atom.| O2 | in residue>  DT I -65 
 ASSUMED vdw of  O2  in  DT I -65  =  1.40 (same as   C)
 NON-STANDARD atom.| N3 | in residue>  DT I -65 
 ASSUMED vdw of  N3  in  DT I -65  =  1.60 (same as   A)
 NON-STANDARD atom.| C4 | in residue>  DT I -65 
 ASSUMED vdw of  C4  in  DT I -65  =  1.80 (same as   A)
 NON-STANDARD atom.| O4 | in residue>  DT I -65 
 ASSUMED vdw of  O4  in  DT I -65  =  1.40 (same as   T)
 NON-STANDARD atom.| C5 | in residue>  DT I -65 
 ASSUMED vdw of  C5  in  DT I -65  =  1.80 (same as   A)
 NON-STANDARD atom.| C7 | in residue>  DT I -65 
 GUESSED vdw of  C7  in  DT I -65  =  1.80
 NON-STANDARD atom.| C6 | in residue>  DT I -65 
 ASSUMED vdw of  C6  in  DT I -65  =  1.80 (same as   A)
 UNKNOWN residue type.............>  DA I -64 
 NON-STANDARD atom.| P  | in residue>  DA I -64 
 ASSUMED vdw of  P   in  DA I -64  =  1.90 (same as   A)
 NON-STANDARD atom.| OP1| in residue>  DA I -64 
 GUESSED vdw of  OP1 in  DA I -64  =  1.40
 NON-STANDARD atom.| OP2| in residue>  DA I -64 
 GUESSED vdw of  OP2 in  DA I -64  =  1.40
 NON-STANDARD atom.| O5'| in residue>  DA I -64 
 GUESSED vdw of  O5' in  DA I -64  =  1.40
 NON-STANDARD atom.| C5'| in residue>  DA I -64 
 GUESSED vdw of  C5' in  DA I -64  =  1.80
 NON-STANDARD atom.| C4'| in residue>  DA I -64 
 GUESSED vdw of  C4' in  DA I -64  =  1.80
 NON-STANDARD atom.| O4'| in residue>  DA I -64 
 GUESSED vdw of  O4' in  DA I -64  =  1.40
 NON-STANDARD atom.| C3'| in residue>  DA I -64 
 GUESSED vdw of  C3' in  DA I -64  =  1.80
 NON-STANDARD atom.| O3'| in residue>  DA I -64 
 GUESSED vdw of  O3' in  DA I -64  =  1.40
 NON-STANDARD atom.| C2'| in residue>  DA I -64 
 GUESSED vdw of  C2' in  DA I -64  =  1.80
 NON-STANDARD atom.| C1'| in residue>  DA I -64 
 GUESSED vdw of  C1' in  DA I -64  =  1.80
 NON-STANDARD atom.| N9 | in residue>  DA I -64 
 ASSUMED vdw of  N9  in  DA I -64  =  1.60 (same as   A)
 NON-STANDARD atom.| C8 | in residue>  DA I -64 
 ASSUMED vdw of  C8  in  DA I -64  =  1.80 (same as   A)
 NON-STANDARD atom.| N7 | in residue>  DA I -64 
 ASSUMED vdw of  N7  in  DA I -64  =  1.60 (same as   A)
 NON-STANDARD atom.| C5 | in residue>  DA I -64 
 ASSUMED vdw of  C5  in  DA I -64  =  1.80 (same as   A)
 NON-STANDARD atom.| C6 | in residue>  DA I -64 
 ASSUMED vdw of  C6  in  DA I -64  =  1.80 (same as   A)
 NON-STANDARD atom.| N6 | in residue>  DA I -64 
 ASSUMED vdw of  N6  in  DA I -64  =  1.60 (same as   A)
 NON-STANDARD atom.| N1 | in residue>  DA I -64 
 ASSUMED vdw of  N1  in  DA I -64  =  1.60 (same as   A)
 NON-STANDARD atom.| C2 | in residue>  DA I -64 
 ASSUMED vdw of  C2  in  DA I -64  =  1.80 (same as   A)
 NON-STANDARD atom.| N3 | in residue>  DA I -64 
 ASSUMED vdw of  N3  in  DA I -64  =  1.60 (same as   A)
 NON-STANDARD atom.| C4 | in residue>  DA I -64 
 ASSUMED vdw of  C4  in  DA I -64  =  1.80 (same as   A)
 UNKNOWN residue type.............>  DT I -63 
 NON-STANDARD atom.| P  | in residue>  DT I -63 
 ASSUMED vdw of  P   in  DT I -63  =  1.90 (same as   A)
 NON-STANDARD atom.| OP1| in residue>  DT I -63 
 GUESSED vdw of  OP1 in  DT I -63  =  1.40
 NON-STANDARD atom.| OP2| in residue>  DT I -63 
 GUESSED vdw of  OP2 in  DT I -63  =  1.40
 NON-STANDARD atom.| O5'| in residue>  DT I -63 
 GUESSED vdw of  O5' in  DT I -63  =  1.40
 NON-STANDARD atom.| C5'| in residue>  DT I -63 
 GUESSED vdw of  C5' in  DT I -63  =  1.80
 NON-STANDARD atom.| C4'| in residue>  DT I -63 
 GUESSED vdw of  C4' in  DT I -63  =  1.80
 NON-STANDARD atom.| O4'| in residue>  DT I -63 
 GUESSED vdw of  O4' in  DT I -63  =  1.40
 NON-STANDARD atom.| C3'| in residue>  DT I -63 
 GUESSED vdw of  C3' in  DT I -63  =  1.80
 NON-STANDARD atom.| O3'| in residue>  DT I -63 
 GUESSED vdw of  O3' in  DT I -63  =  1.40
 NON-STANDARD atom.| C2'| in residue>  DT I -63 
 GUESSED vdw of  C2' in  DT I -63  =  1.80
 NON-STANDARD atom.| C1'| in residue>  DT I -63 
 GUESSED vdw of  C1' in  DT I -63  =  1.80
 NON-STANDARD atom.| N1 | in residue>  DT I -63 
 ASSUMED vdw of  N1  in  DT I -63  =  1.60 (same as   A)
 NON-STANDARD atom.| C2 | in residue>  DT I -63 
 ASSUMED vdw of  C2  in  DT I -63  =  1.80 (same as   A)
 NON-STANDARD atom.| O2 | in residue>  DT I -63 
 ASSUMED vdw of  O2  in  DT I -63  =  1.40 (same as   C)
 NON-STANDARD atom.| N3 | in residue>  DT I -63 
 ASSUMED vdw of  N3  in  DT I -63  =  1.60 (same as   A)
 NON-STANDARD atom.| C4 | in residue>  DT I -63 
 ASSUMED vdw of  C4  in  DT I -63  =  1.80 (same as   A)
 NON-STANDARD atom.| O4 | in residue>  DT I -63 
 ASSUMED vdw of  O4  in  DT I -63  =  1.40 (same as   T)
 NON-STANDARD atom.| C5 | in residue>  DT I -63 
 ASSUMED vdw of  C5  in  DT I -63  =  1.80 (same as   A)
 NON-STANDARD atom.| C7 | in residue>  DT I -63 
 GUESSED vdw of  C7  in  DT I -63  =  1.80
 NON-STANDARD atom.| C6 | in residue>  DT I -63 
 ASSUMED vdw of  C6  in  DT I -63  =  1.80 (same as   A)
 UNKNOWN residue type.............>  DA I -62 
 NON-STANDARD atom.| P  | in residue>  DA I -62 
 ASSUMED vdw of  P   in  DA I -62  =  1.90 (same as   A)
 NON-STANDARD atom.| OP1| in residue>  DA I -62 
 GUESSED vdw of  OP1 in  DA I -62  =  1.40
 NON-STANDARD atom.| OP2| in residue>  DA I -62 
 GUESSED vdw of  OP2 in  DA I -62  =  1.40
 NON-STANDARD atom.| O5'| in residue>  DA I -62 
 GUESSED vdw of  O5' in  DA I -62  =  1.40
 NON-STANDARD atom.| C5'| in residue>  DA I -62 
 GUESSED vdw of  C5' in  DA I -62  =  1.80
 NON-STANDARD atom.| C4'| in residue>  DA I -62 
 GUESSED vdw of  C4' in  DA I -62  =  1.80
 NON-STANDARD atom.| O4'| in residue>  DA I -62 
 GUESSED vdw of  O4' in  DA I -62  =  1.40
 NON-STANDARD atom.| C3'| in residue>  DA I -62 
 GUESSED vdw of  C3' in  DA I -62  =  1.80
 NON-STANDARD atom.| O3'| in residue>  DA I -62 
 GUESSED vdw of  O3' in  DA I -62  =  1.40
 NON-STANDARD atom.| C2'| in residue>  DA I -62 
 GUESSED vdw of  C2' in  DA I -62  =  1.80
 NON-STANDARD atom.| C1'| in residue>  DA I -62 
 GUESSED vdw of  C1' in  DA I -62  =  1.80
 NON-STANDARD atom.| N9 | in residue>  DA I -62 
 ASSUMED vdw of  N9  in  DA I -62  =  1.60 (same as   A)
 NON-STANDARD atom.| C8 | in residue>  DA I -62 
 ASSUMED vdw of  C8  in  DA I -62  =  1.80 (same as   A)
 NON-STANDARD atom.| N7 | in residue>  DA I -62 
 ASSUMED vdw of  N7  in  DA I -62  =  1.60 (same as   A)
 NON-STANDARD atom.| C5 | in residue>  DA I -62 
 ASSUMED vdw of  C5  in  DA I -62  =  1.80 (same as   A)
 NON-STANDARD atom.| C6 | in residue>  DA I -62 
 ASSUMED vdw of  C6  in  DA I -62  =  1.80 (same as   A)
 NON-STANDARD atom.| N6 | in residue>  DA I -62 
 ASSUMED vdw of  N6  in  DA I -62  =  1.60 (same as   A)
 NON-STANDARD atom.| N1 | in residue>  DA I -62 
 ASSUMED vdw of  N1  in  DA I -62  =  1.60 (same as   A)
 NON-STANDARD atom.| C2 | in residue>  DA I -62 
 ASSUMED vdw of  C2  in  DA I -62  =  1.80 (same as   A)
 NON-STANDARD atom.| N3 | in residue>  DA I -62 
 ASSUMED vdw of  N3  in  DA I -62  =  1.60 (same as   A)
 NON-STANDARD atom.| C4 | in residue>  DA I -62 
 ASSUMED vdw of  C4  in  DA I -62  =  1.80 (same as   A)
 UNKNOWN residue type.............>  DT I -61 
 NON-STANDARD atom.| P  | in residue>  DT I -61 
 ASSUMED vdw of  P   in  DT I -61  =  1.90 (same as   A)
 NON-STANDARD atom.| OP1| in residue>  DT I -61 
 GUESSED vdw of  OP1 in  DT I -61  =  1.40
 NON-STANDARD atom.| OP2| in residue>  DT I -61 
 GUESSED vdw of  OP2 in  DT I -61  =  1.40
 NON-STANDARD atom.| O5'| in residue>  DT I -61 
 GUESSED vdw of  O5' in  DT I -61  =  1.40
 NON-STANDARD atom.| C5'| in residue>  DT I -61 
 GUESSED vdw of  C5' in  DT I -61  =  1.80
 NON-STANDARD atom.| C4'| in residue>  DT I -61 
 GUESSED vdw of  C4' in  DT I -61  =  1.80
 NON-STANDARD atom.| O4'| in residue>  DT I -61 
 GUESSED vdw of  O4' in  DT I -61  =  1.40
 NON-STANDARD atom.| C3'| in residue>  DT I -61 
 GUESSED vdw of  C3' in  DT I -61  =  1.80
 NON-STANDARD atom.| O3'| in residue>  DT I -61 
 GUESSED vdw of  O3' in  DT I -61  =  1.40
 NON-STANDARD atom.| C2'| in residue>  DT I -61 
 GUESSED vdw of  C2' in  DT I -61  =  1.80
 NON-STANDARD atom.| C1'| in residue>  DT I -61 
 GUESSED vdw of  C1' in  DT I -61  =  1.80
 NON-STANDARD atom.| N1 | in residue>  DT I -61 
 ASSUMED vdw of  N1  in  DT I -61  =  1.60 (same as   A)
 NON-STANDARD atom.| C2 | in residue>  DT I -61 
 ASSUMED vdw of  C2  in  DT I -61  =  1.80 (same as   A)
 NON-STANDARD atom.| O2 | in residue>  DT I -61 
 ASSUMED vdw of  O2  in  DT I -61  =  1.40 (same as   C)
 NON-STANDARD atom.| N3 | in residue>  DT I -61 
 ASSUMED vdw of  N3  in  DT I -61  =  1.60 (same as   A)
 NON-STANDARD atom.| C4 | in residue>  DT I -61 
 ASSUMED vdw of  C4  in  DT I -61  =  1.80 (same as   A)
 NON-STANDARD atom.| O4 | in residue>  DT I -61 
 ASSUMED vdw of  O4  in  DT I -61  =  1.40 (same as   T)
 NON-STANDARD atom.| C5 | in residue>  DT I -61 
 ASSUMED vdw of  C5  in  DT I -61  =  1.80 (same as   A)
 NON-STANDARD atom.| C7 | in residue>  DT I -61 
 GUESSED vdw of  C7  in  DT I -61  =  1.80
 NON-STANDARD atom.| C6 | in residue>  DT I -61 
 ASSUMED vdw of  C6  in  DT I -61  =  1.80 (same as   A)
 UNKNOWN residue type.............>  DA I -60 
 NON-STANDARD atom.| P  | in residue>  DA I -60 
 ASSUMED vdw of  P   in  DA I -60  =  1.90 (same as   A)
 NON-STANDARD atom.| OP1| in residue>  DA I -60 
 GUESSED vdw of  OP1 in  DA I -60  =  1.40
 NON-STANDARD atom.| OP2| in residue>  DA I -60 
 GUESSED vdw of  OP2 in  DA I -60  =  1.40
 NON-STANDARD atom.| O5'| in residue>  DA I -60 
 GUESSED vdw of  O5' in  DA I -60  =  1.40
 NON-STANDARD atom.| C5'| in residue>  DA I -60 
 GUESSED vdw of  C5' in  DA I -60  =  1.80
 NON-STANDARD atom.| C4'| in residue>  DA I -60 
 GUESSED vdw of  C4' in  DA I -60  =  1.80
 NON-STANDARD atom.| O4'| in residue>  DA I -60 
 GUESSED vdw of  O4' in  DA I -60  =  1.40
 NON-STANDARD atom.| C3'| in residue>  DA I -60 
 GUESSED vdw of  C3' in  DA I -60  =  1.80
 NON-STANDARD atom.| O3'| in residue>  DA I -60 
 GUESSED vdw of  O3' in  DA I -60  =  1.40
 NON-STANDARD atom.| C2'| in residue>  DA I -60 
 GUESSED vdw of  C2' in  DA I -60  =  1.80
 NON-STANDARD atom.| C1'| in residue>  DA I -60 
 GUESSED vdw of  C1' in  DA I -60  =  1.80
 NON-STANDARD atom.| N9 | in residue>  DA I -60 
 ASSUMED vdw of  N9  in  DA I -60  =  1.60 (same as   A)
 NON-STANDARD atom.| C8 | in residue>  DA I -60 
 ASSUMED vdw of  C8  in  DA I -60  =  1.80 (same as   A)
 NON-STANDARD atom.| N7 | in residue>  DA I -60 
 ASSUMED vdw of  N7  in  DA I -60  =  1.60 (same as   A)
 NON-STANDARD atom.| C5 | in residue>  DA I -60 
 ASSUMED vdw of  C5  in  DA I -60  =  1.80 (same as   A)
 NON-STANDARD atom.| C6 | in residue>  DA I -60 
 ASSUMED vdw of  C6  in  DA I -60  =  1.80 (same as   A)
 NON-STANDARD atom.| N6 | in residue>  DA I -60 
 ASSUMED vdw of  N6  in  DA I -60  =  1.60 (same as   A)
 NON-STANDARD atom.| N1 | in residue>  DA I -60 
 ASSUMED vdw of  N1  in  DA I -60  =  1.60 (same as   A)
 NON-STANDARD atom.| C2 | in residue>  DA I -60 
 ASSUMED vdw of  C2  in  DA I -60  =  1.80 (same as   A)
 NON-STANDARD atom.| N3 | in residue>  DA I -60 
 ASSUMED vdw of  N3  in  DA I -60  =  1.60 (same as   A)
 NON-STANDARD atom.| C4 | in residue>  DA I -60 
 ASSUMED vdw of  C4  in  DA I -60  =  1.80 (same as   A)
 UNKNOWN residue type.............>  DT I -59 
 NON-STANDARD atom.| P  | in residue>  DT I -59 
 ASSUMED vdw of  P   in  DT I -59  =  1.90 (same as   A)
 NON-STANDARD atom.| OP1| in residue>  DT I -59 
 GUESSED vdw of  OP1 in  DT I -59  =  1.40
 NON-STANDARD atom.| OP2| in residue>  DT I -59 
 GUESSED vdw of  OP2 in  DT I -59  =  1.40
 NON-STANDARD atom.| O5'| in residue>  DT I -59 
 GUESSED vdw of  O5' in  DT I -59  =  1.40
 NON-STANDARD atom.| C5'| in residue>  DT I -59 
 GUESSED vdw of  C5' in  DT I -59  =  1.80
 NON-STANDARD atom.| C4'| in residue>  DT I -59 
 GUESSED vdw of  C4' in  DT I -59  =  1.80
 NON-STANDARD atom.| O4'| in residue>  DT I -59 
 GUESSED vdw of  O4' in  DT I -59  =  1.40
 NON-STANDARD atom.| C3'| in residue>  DT I -59 
 GUESSED vdw of  C3' in  DT I -59  =  1.80
 NON-STANDARD atom.| O3'| in residue>  DT I -59 
 GUESSED vdw of  O3' in  DT I -59  =  1.40
 NON-STANDARD atom.| C2'| in residue>  DT I -59 
 GUESSED vdw of  C2' in  DT I -59  =  1.80
 NON-STANDARD atom.| C1'| in residue>  DT I -59 
 GUESSED vdw of  C1' in  DT I -59  =  1.80
 NON-STANDARD atom.| N1 | in residue>  DT I -59 
 ASSUMED vdw of  N1  in  DT I -59  =  1.60 (same as   A)
 NON-STANDARD atom.| C2 | in residue>  DT I -59 
 ASSUMED vdw of  C2  in  DT I -59  =  1.80 (same as   A)
 NON-STANDARD atom.| O2 | in residue>  DT I -59 
 ASSUMED vdw of  O2  in  DT I -59  =  1.40 (same as   C)
 NON-STANDARD atom.| N3 | in residue>  DT I -59 
 ASSUMED vdw of  N3  in  DT I -59  =  1.60 (same as   A)
 NON-STANDARD atom.| C4 | in residue>  DT I -59 
 ASSUMED vdw of  C4  in  DT I -59  =  1.80 (same as   A)
 NON-STANDARD atom.| O4 | in residue>  DT I -59 
 ASSUMED vdw of  O4  in  DT I -59  =  1.40 (same as   T)
 NON-STANDARD atom.| C5 | in residue>  DT I -59 
 ASSUMED vdw of  C5  in  DT I -59  =  1.80 (same as   A)
 NON-STANDARD atom.| C7 | in residue>  DT I -59 
 GUESSED vdw of  C7  in  DT I -59  =  1.80
 NON-STANDARD atom.| C6 | in residue>  DT I -59 
 ASSUMED vdw of  C6  in  DT I -59  =  1.80 (same as   A)
 UNKNOWN residue type.............>  DC I -58 
 NON-STANDARD atom.| P  | in residue>  DC I -58 
 ASSUMED vdw of  P   in  DC I -58  =  1.90 (same as   A)
 NON-STANDARD atom.| OP1| in residue>  DC I -58 
 GUESSED vdw of  OP1 in  DC I -58  =  1.40
 NON-STANDARD atom.| OP2| in residue>  DC I -58 
 GUESSED vdw of  OP2 in  DC I -58  =  1.40
 NON-STANDARD atom.| O5'| in residue>  DC I -58 
 GUESSED vdw of  O5' in  DC I -58  =  1.40
 NON-STANDARD atom.| C5'| in residue>  DC I -58 
 GUESSED vdw of  C5' in  DC I -58  =  1.80
 NON-STANDARD atom.| C4'| in residue>  DC I -58 
 GUESSED vdw of  C4' in  DC I -58  =  1.80
 NON-STANDARD atom.| O4'| in residue>  DC I -58 
 GUESSED vdw of  O4' in  DC I -58  =  1.40
 NON-STANDARD atom.| C3'| in residue>  DC I -58 
 GUESSED vdw of  C3' in  DC I -58  =  1.80
 NON-STANDARD atom.| O3'| in residue>  DC I -58 
 GUESSED vdw of  O3' in  DC I -58  =  1.40
 NON-STANDARD atom.| C2'| in residue>  DC I -58 
 GUESSED vdw of  C2' in  DC I -58  =  1.80
 NON-STANDARD atom.| C1'| in residue>  DC I -58 
 GUESSED vdw of  C1' in  DC I -58  =  1.80
 NON-STANDARD atom.| N1 | in residue>  DC I -58 
 ASSUMED vdw of  N1  in  DC I -58  =  1.60 (same as   A)
 NON-STANDARD atom.| C2 | in residue>  DC I -58 
 ASSUMED vdw of  C2  in  DC I -58  =  1.80 (same as   A)
 NON-STANDARD atom.| O2 | in residue>  DC I -58 
 ASSUMED vdw of  O2  in  DC I -58  =  1.40 (same as   C)
 NON-STANDARD atom.| N3 | in residue>  DC I -58 
 ASSUMED vdw of  N3  in  DC I -58  =  1.60 (same as   A)
 NON-STANDARD atom.| C4 | in residue>  DC I -58 
 ASSUMED vdw of  C4  in  DC I -58  =  1.80 (same as   A)
 NON-STANDARD atom.| N4 | in residue>  DC I -58 
 ASSUMED vdw of  N4  in  DC I -58  =  1.60 (same as   C)
 NON-STANDARD atom.| C5 | in residue>  DC I -58 
 ASSUMED vdw of  C5  in  DC I -58  =  1.80 (same as   A)
 NON-STANDARD atom.| C6 | in residue>  DC I -58 
 ASSUMED vdw of  C6  in  DC I -58  =  1.80 (same as   A)
 UNKNOWN residue type.............>  DT I -57 
 NON-STANDARD atom.| P  | in residue>  DT I -57 
 ASSUMED vdw of  P   in  DT I -57  =  1.90 (same as   A)
 NON-STANDARD atom.| OP1| in residue>  DT I -57 
 GUESSED vdw of  OP1 in  DT I -57  =  1.40
 NON-STANDARD atom.| OP2| in residue>  DT I -57 
 GUESSED vdw of  OP2 in  DT I -57  =  1.40
 NON-STANDARD atom.| O5'| in residue>  DT I -57 
 GUESSED vdw of  O5' in  DT I -57  =  1.40
 NON-STANDARD atom.| C5'| in residue>  DT I -57 
 GUESSED vdw of  C5' in  DT I -57  =  1.80
 NON-STANDARD atom.| C4'| in residue>  DT I -57 
 GUESSED vdw of  C4' in  DT I -57  =  1.80
 NON-STANDARD atom.| O4'| in residue>  DT I -57 
 GUESSED vdw of  O4' in  DT I -57  =  1.40
 NON-STANDARD atom.| C3'| in residue>  DT I -57 
 GUESSED vdw of  C3' in  DT I -57  =  1.80
 NON-STANDARD atom.| O3'| in residue>  DT I -57 
 GUESSED vdw of  O3' in  DT I -57  =  1.40
 NON-STANDARD atom.| C2'| in residue>  DT I -57 
 GUESSED vdw of  C2' in  DT I -57  =  1.80
 NON-STANDARD atom.| C1'| in residue>  DT I -57 
 GUESSED vdw of  C1' in  DT I -57  =  1.80
 NON-STANDARD atom.| N1 | in residue>  DT I -57 
 ASSUMED vdw of  N1  in  DT I -57  =  1.60 (same as   A)
 NON-STANDARD atom.| C2 | in residue>  DT I -57 
 ASSUMED vdw of  C2  in  DT I -57  =  1.80 (same as   A)
 NON-STANDARD atom.| O2 | in residue>  DT I -57 
 ASSUMED vdw of  O2  in  DT I -57  =  1.40 (same as   C)
 NON-STANDARD atom.| N3 | in residue>  DT I -57 
 ASSUMED vdw of  N3  in  DT I -57  =  1.60 (same as   A)
 NON-STANDARD atom.| C4 | in residue>  DT I -57 
 ASSUMED vdw of  C4  in  DT I -57  =  1.80 (same as   A)
 NON-STANDARD atom.| O4 | in residue>  DT I -57 
 ASSUMED vdw of  O4  in  DT I -57  =  1.40 (same as   T)
 NON-STANDARD atom.| C5 | in residue>  DT I -57 
 ASSUMED vdw of  C5  in  DT I -57  =  1.80 (same as   A)
 NON-STANDARD atom.| C7 | in residue>  DT I -57 
 GUESSED vdw of  C7  in  DT I -57  =  1.80
 NON-STANDARD atom.| C6 | in residue>  DT I -57 
 ASSUMED vdw of  C6  in  DT I -57  =  1.80 (same as   A)
 UNKNOWN residue type.............>  DG I -56 
 NON-STANDARD atom.| P  | in residue>  DG I -56 
 ASSUMED vdw of  P   in  DG I -56  =  1.90 (same as   A)
 NON-STANDARD atom.| OP1| in residue>  DG I -56 
 GUESSED vdw of  OP1 in  DG I -56  =  1.40
 NON-STANDARD atom.| OP2| in residue>  DG I -56 
 GUESSED vdw of  OP2 in  DG I -56  =  1.40
 NON-STANDARD atom.| O5'| in residue>  DG I -56 
 GUESSED vdw of  O5' in  DG I -56  =  1.40
 NON-STANDARD atom.| C5'| in residue>  DG I -56 
 GUESSED vdw of  C5' in  DG I -56  =  1.80
 NON-STANDARD atom.| C4'| in residue>  DG I -56 
 GUESSED vdw of  C4' in  DG I -56  =  1.80
 NON-STANDARD atom.| O4'| in residue>  DG I -56 
 GUESSED vdw of  O4' in  DG I -56  =  1.40
 NON-STANDARD atom.| C3'| in residue>  DG I -56 
 GUESSED vdw of  C3' in  DG I -56  =  1.80
 NON-STANDARD atom.| O3'| in residue>  DG I -56 
 GUESSED vdw of  O3' in  DG I -56  =  1.40
 NON-STANDARD atom.| C2'| in residue>  DG I -56 
 GUESSED vdw of  C2' in  DG I -56  =  1.80
 NON-STANDARD atom.| C1'| in residue>  DG I -56 
 GUESSED vdw of  C1' in  DG I -56  =  1.80
 NON-STANDARD atom.| N9 | in residue>  DG I -56 
 ASSUMED vdw of  N9  in  DG I -56  =  1.60 (same as   A)
 NON-STANDARD atom.| C8 | in residue>  DG I -56 
 ASSUMED vdw of  C8  in  DG I -56  =  1.80 (same as   A)
 NON-STANDARD atom.| N7 | in residue>  DG I -56 
 ASSUMED vdw of  N7  in  DG I -56  =  1.60 (same as   A)
 NON-STANDARD atom.| C5 | in residue>  DG I -56 
 ASSUMED vdw of  C5  in  DG I -56  =  1.80 (same as   A)
 NON-STANDARD atom.| C6 | in residue>  DG I -56 
 ASSUMED vdw of  C6  in  DG I -56  =  1.80 (same as   A)
 NON-STANDARD atom.| O6 | in residue>  DG I -56 
 ASSUMED vdw of  O6  in  DG I -56  =  1.40 (same as   G)
 NON-STANDARD atom.| N1 | in residue>  DG I -56 
 ASSUMED vdw of  N1  in  DG I -56  =  1.60 (same as   A)
 NON-STANDARD atom.| C2 | in residue>  DG I -56 
 ASSUMED vdw of  C2  in  DG I -56  =  1.80 (same as   A)
 NON-STANDARD atom.| N2 | in residue>  DG I -56 
 ASSUMED vdw of  N2  in  DG I -56  =  1.60 (same as   G)
 NON-STANDARD atom.| N3 | in residue>  DG I -56 
 ASSUMED vdw of  N3  in  DG I -56  =  1.60 (same as   A)
 NON-STANDARD atom.| C4 | in residue>  DG I -56 
 ASSUMED vdw of  C4  in  DG I -56  =  1.80 (same as   A)
 UNKNOWN residue type.............>  DA I -55 
 NON-STANDARD atom.| P  | in residue>  DA I -55 
 ASSUMED vdw of  P   in  DA I -55  =  1.90 (same as   A)
 NON-STANDARD atom.| OP1| in residue>  DA I -55 
 GUESSED vdw of  OP1 in  DA I -55  =  1.40
 NON-STANDARD atom.| OP2| in residue>  DA I -55 
 GUESSED vdw of  OP2 in  DA I -55  =  1.40
 NON-STANDARD atom.| O5'| in residue>  DA I -55 
 GUESSED vdw of  O5' in  DA I -55  =  1.40
 NON-STANDARD atom.| C5'| in residue>  DA I -55 
 GUESSED vdw of  C5' in  DA I -55  =  1.80
 NON-STANDARD atom.| C4'| in residue>  DA I -55 
 GUESSED vdw of  C4' in  DA I -55  =  1.80
 NON-STANDARD atom.| O4'| in residue>  DA I -55 
 GUESSED vdw of  O4' in  DA I -55  =  1.40
 NON-STANDARD atom.| C3'| in residue>  DA I -55 
 GUESSED vdw of  C3' in  DA I -55  =  1.80
 NON-STANDARD atom.| O3'| in residue>  DA I -55 
 GUESSED vdw of  O3' in  DA I -55  =  1.40
 NON-STANDARD atom.| C2'| in residue>  DA I -55 
 GUESSED vdw of  C2' in  DA I -55  =  1.80
 NON-STANDARD atom.| C1'| in residue>  DA I -55 
 GUESSED vdw of  C1' in  DA I -55  =  1.80
 NON-STANDARD atom.| N9 | in residue>  DA I -55 
 ASSUMED vdw of  N9  in  DA I -55  =  1.60 (same as   A)
 NON-STANDARD atom.| C8 | in residue>  DA I -55 
 ASSUMED vdw of  C8  in  DA I -55  =  1.80 (same as   A)
 NON-STANDARD atom.| N7 | in residue>  DA I -55 
 ASSUMED vdw of  N7  in  DA I -55  =  1.60 (same as   A)
 NON-STANDARD atom.| C5 | in residue>  DA I -55 
 ASSUMED vdw of  C5  in  DA I -55  =  1.80 (same as   A)
 NON-STANDARD atom.| C6 | in residue>  DA I -55 
 ASSUMED vdw of  C6  in  DA I -55  =  1.80 (same as   A)
 NON-STANDARD atom.| N6 | in residue>  DA I -55 
 ASSUMED vdw of  N6  in  DA I -55  =  1.60 (same as   A)
 NON-STANDARD atom.| N1 | in residue>  DA I -55 
 ASSUMED vdw of  N1  in  DA I -55  =  1.60 (same as   A)
 NON-STANDARD atom.| C2 | in residue>  DA I -55 
 ASSUMED vdw of  C2  in  DA I -55  =  1.80 (same as   A)
 NON-STANDARD atom.| N3 | in residue>  DA I -55 
 ASSUMED vdw of  N3  in  DA I -55  =  1.60 (same as   A)
 NON-STANDARD atom.| C4 | in residue>  DA I -55 
 ASSUMED vdw of  C4  in  DA I -55  =  1.80 (same as   A)
 UNKNOWN residue type.............>  DC I -54 
 NON-STANDARD atom.| P  | in residue>  DC I -54 
 ASSUMED vdw of  P   in  DC I -54  =  1.90 (same as   A)
 NON-STANDARD atom.| OP1| in residue>  DC I -54 
 GUESSED vdw of  OP1 in  DC I -54  =  1.40
 NON-STANDARD atom.| OP2| in residue>  DC I -54 
 GUESSED vdw of  OP2 in  DC I -54  =  1.40
 NON-STANDARD atom.| O5'| in residue>  DC I -54 
 GUESSED vdw of  O5' in  DC I -54  =  1.40
 NON-STANDARD atom.| C5'| in residue>  DC I -54 
 GUESSED vdw of  C5' in  DC I -54  =  1.80
 NON-STANDARD atom.| C4'| in residue>  DC I -54 
 GUESSED vdw of  C4' in  DC I -54  =  1.80
 NON-STANDARD atom.| O4'| in residue>  DC I -54 
 GUESSED vdw of  O4' in  DC I -54  =  1.40
 NON-STANDARD atom.| C3'| in residue>  DC I -54 
 GUESSED vdw of  C3' in  DC I -54  =  1.80
 NON-STANDARD atom.| O3'| in residue>  DC I -54 
 GUESSED vdw of  O3' in  DC I -54  =  1.40
 NON-STANDARD atom.| C2'| in residue>  DC I -54 
 GUESSED vdw of  C2' in  DC I -54  =  1.80
 NON-STANDARD atom.| C1'| in residue>  DC I -54 
 GUESSED vdw of  C1' in  DC I -54  =  1.80
 NON-STANDARD atom.| N1 | in residue>  DC I -54 
 ASSUMED vdw of  N1  in  DC I -54  =  1.60 (same as   A)
 NON-STANDARD atom.| C2 | in residue>  DC I -54 
 ASSUMED vdw of  C2  in  DC I -54  =  1.80 (same as   A)
 NON-STANDARD atom.| O2 | in residue>  DC I -54 
 ASSUMED vdw of  O2  in  DC I -54  =  1.40 (same as   C)
 NON-STANDARD atom.| N3 | in residue>  DC I -54 
 ASSUMED vdw of  N3  in  DC I -54  =  1.60 (same as   A)
 NON-STANDARD atom.| C4 | in residue>  DC I -54 
 ASSUMED vdw of  C4  in  DC I -54  =  1.80 (same as   A)
 NON-STANDARD atom.| N4 | in residue>  DC I -54 
 ASSUMED vdw of  N4  in  DC I -54  =  1.60 (same as   C)
 NON-STANDARD atom.| C5 | in residue>  DC I -54 
 ASSUMED vdw of  C5  in  DC I -54  =  1.80 (same as   A)
 NON-STANDARD atom.| C6 | in residue>  DC I -54 
 ASSUMED vdw of  C6  in  DC I -54  =  1.80 (same as   A)
 UNKNOWN residue type.............>  DA I -53 
 NON-STANDARD atom.| P  | in residue>  DA I -53 
 ASSUMED vdw of  P   in  DA I -53  =  1.90 (same as   A)
 NON-STANDARD atom.| OP1| in residue>  DA I -53 
 GUESSED vdw of  OP1 in  DA I -53  =  1.40
 NON-STANDARD atom.| OP2| in residue>  DA I -53 
 GUESSED vdw of  OP2 in  DA I -53  =  1.40
 NON-STANDARD atom.| O5'| in residue>  DA I -53 
 GUESSED vdw of  O5' in  DA I -53  =  1.40
 NON-STANDARD atom.| C5'| in residue>  DA I -53 
 GUESSED vdw of  C5' in  DA I -53  =  1.80
 NON-STANDARD atom.| C4'| in residue>  DA I -53 
 GUESSED vdw of  C4' in  DA I -53  =  1.80
 NON-STANDARD atom.| O4'| in residue>  DA I -53 
 GUESSED vdw of  O4' in  DA I -53  =  1.40
 NON-STANDARD atom.| C3'| in residue>  DA I -53 
 GUESSED vdw of  C3' in  DA I -53  =  1.80
 NON-STANDARD atom.| O3'| in residue>  DA I -53 
 GUESSED vdw of  O3' in  DA I -53  =  1.40
 NON-STANDARD atom.| C2'| in residue>  DA I -53 
 GUESSED vdw of  C2' in  DA I -53  =  1.80
 NON-STANDARD atom.| C1'| in residue>  DA I -53 
 GUESSED vdw of  C1' in  DA I -53  =  1.80
 NON-STANDARD atom.| N9 | in residue>  DA I -53 
 ASSUMED vdw of  N9  in  DA I -53  =  1.60 (same as   A)
 NON-STANDARD atom.| C8 | in residue>  DA I -53 
 ASSUMED vdw of  C8  in  DA I -53  =  1.80 (same as   A)
 NON-STANDARD atom.| N7 | in residue>  DA I -53 
 ASSUMED vdw of  N7  in  DA I -53  =  1.60 (same as   A)
 NON-STANDARD atom.| C5 | in residue>  DA I -53 
 ASSUMED vdw of  C5  in  DA I -53  =  1.80 (same as   A)
 NON-STANDARD atom.| C6 | in residue>  DA I -53 
 ASSUMED vdw of  C6  in  DA I -53  =  1.80 (same as   A)
 NON-STANDARD atom.| N6 | in residue>  DA I -53 
 ASSUMED vdw of  N6  in  DA I -53  =  1.60 (same as   A)
 NON-STANDARD atom.| N1 | in residue>  DA I -53 
 ASSUMED vdw of  N1  in  DA I -53  =  1.60 (same as   A)
 NON-STANDARD atom.| C2 | in residue>  DA I -53 
 ASSUMED vdw of  C2  in  DA I -53  =  1.80 (same as   A)
 NON-STANDARD atom.| N3 | in residue>  DA I -53 
 ASSUMED vdw of  N3  in  DA I -53  =  1.60 (same as   A)
 NON-STANDARD atom.| C4 | in residue>  DA I -53 
 ASSUMED vdw of  C4  in  DA I -53  =  1.80 (same as   A)
 UNKNOWN residue type.............>  DC I -52 
 NON-STANDARD atom.| P  | in residue>  DC I -52 
 ASSUMED vdw of  P   in  DC I -52  =  1.90 (same as   A)
 NON-STANDARD atom.| OP1| in residue>  DC I -52 
 GUESSED vdw of  OP1 in  DC I -52  =  1.40
 NON-STANDARD atom.| OP2| in residue>  DC I -52 
 GUESSED vdw of  OP2 in  DC I -52  =  1.40
 NON-STANDARD atom.| O5'| in residue>  DC I -52 
 GUESSED vdw of  O5' in  DC I -52  =  1.40
 NON-STANDARD atom.| C5'| in residue>  DC I -52 
 GUESSED vdw of  C5' in  DC I -52  =  1.80
 NON-STANDARD atom.| C4'| in residue>  DC I -52 
 GUESSED vdw of  C4' in  DC I -52  =  1.80
 NON-STANDARD atom.| O4'| in residue>  DC I -52 
 GUESSED vdw of  O4' in  DC I -52  =  1.40
 NON-STANDARD atom.| C3'| in residue>  DC I -52 
 GUESSED vdw of  C3' in  DC I -52  =  1.80
 NON-STANDARD atom.| O3'| in residue>  DC I -52 
 GUESSED vdw of  O3' in  DC I -52  =  1.40
 NON-STANDARD atom.| C2'| in residue>  DC I -52 
 GUESSED vdw of  C2' in  DC I -52  =  1.80
 NON-STANDARD atom.| C1'| in residue>  DC I -52 
 GUESSED vdw of  C1' in  DC I -52  =  1.80
 NON-STANDARD atom.| N1 | in residue>  DC I -52 
 ASSUMED vdw of  N1  in  DC I -52  =  1.60 (same as   A)
 NON-STANDARD atom.| C2 | in residue>  DC I -52 
 ASSUMED vdw of  C2  in  DC I -52  =  1.80 (same as   A)
 NON-STANDARD atom.| O2 | in residue>  DC I -52 
 ASSUMED vdw of  O2  in  DC I -52  =  1.40 (same as   C)
 NON-STANDARD atom.| N3 | in residue>  DC I -52 
 ASSUMED vdw of  N3  in  DC I -52  =  1.60 (same as   A)
 NON-STANDARD atom.| C4 | in residue>  DC I -52 
 ASSUMED vdw of  C4  in  DC I -52  =  1.80 (same as   A)
 NON-STANDARD atom.| N4 | in residue>  DC I -52 
 ASSUMED vdw of  N4  in  DC I -52  =  1.60 (same as   C)
 NON-STANDARD atom.| C5 | in residue>  DC I -52 
 ASSUMED vdw of  C5  in  DC I -52  =  1.80 (same as   A)
 NON-STANDARD atom.| C6 | in residue>  DC I -52 
 ASSUMED vdw of  C6  in  DC I -52  =  1.80 (same as   A)
 UNKNOWN residue type.............>  DG I -51 
 NON-STANDARD atom.| P  | in residue>  DG I -51 
 ASSUMED vdw of  P   in  DG I -51  =  1.90 (same as   A)
 NON-STANDARD atom.| OP1| in residue>  DG I -51 
 GUESSED vdw of  OP1 in  DG I -51  =  1.40
 NON-STANDARD atom.| OP2| in residue>  DG I -51 
 GUESSED vdw of  OP2 in  DG I -51  =  1.40
 NON-STANDARD atom.| O5'| in residue>  DG I -51 
 GUESSED vdw of  O5' in  DG I -51  =  1.40
 NON-STANDARD atom.| C5'| in residue>  DG I -51 
 GUESSED vdw of  C5' in  DG I -51  =  1.80
 NON-STANDARD atom.| C4'| in residue>  DG I -51 
 GUESSED vdw of  C4' in  DG I -51  =  1.80
 NON-STANDARD atom.| O4'| in residue>  DG I -51 
 GUESSED vdw of  O4' in  DG I -51  =  1.40
 NON-STANDARD atom.| C3'| in residue>  DG I -51 
 GUESSED vdw of  C3' in  DG I -51  =  1.80
 NON-STANDARD atom.| O3'| in residue>  DG I -51 
 GUESSED vdw of  O3' in  DG I -51  =  1.40
 NON-STANDARD atom.| C2'| in residue>  DG I -51 
 GUESSED vdw of  C2' in  DG I -51  =  1.80
 NON-STANDARD atom.| C1'| in residue>  DG I -51 
 GUESSED vdw of  C1' in  DG I -51  =  1.80
 NON-STANDARD atom.| N9 | in residue>  DG I -51 
 ASSUMED vdw of  N9  in  DG I -51  =  1.60 (same as   A)
 NON-STANDARD atom.| C8 | in residue>  DG I -51 
 ASSUMED vdw of  C8  in  DG I -51  =  1.80 (same as   A)
 NON-STANDARD atom.| N7 | in residue>  DG I -51 
 ASSUMED vdw of  N7  in  DG I -51  =  1.60 (same as   A)
 NON-STANDARD atom.| C5 | in residue>  DG I -51 
 ASSUMED vdw of  C5  in  DG I -51  =  1.80 (same as   A)
 NON-STANDARD atom.| C6 | in residue>  DG I -51 
 ASSUMED vdw of  C6  in  DG I -51  =  1.80 (same as   A)
 NON-STANDARD atom.| O6 | in residue>  DG I -51 
 ASSUMED vdw of  O6  in  DG I -51  =  1.40 (same as   G)
 NON-STANDARD atom.| N1 | in residue>  DG I -51 
 ASSUMED vdw of  N1  in  DG I -51  =  1.60 (same as   A)
 NON-STANDARD atom.| C2 | in residue>  DG I -51 
 ASSUMED vdw of  C2  in  DG I -51  =  1.80 (same as   A)
 NON-STANDARD atom.| N2 | in residue>  DG I -51 
 ASSUMED vdw of  N2  in  DG I -51  =  1.60 (same as   G)
 NON-STANDARD atom.| N3 | in residue>  DG I -51 
 ASSUMED vdw of  N3  in  DG I -51  =  1.60 (same as   A)
 NON-STANDARD atom.| C4 | in residue>  DG I -51 
 ASSUMED vdw of  C4  in  DG I -51  =  1.80 (same as   A)
 UNKNOWN residue type.............>  DT I -50 
 NON-STANDARD atom.| P  | in residue>  DT I -50 
 ASSUMED vdw of  P   in  DT I -50  =  1.90 (same as   A)
 NON-STANDARD atom.| OP1| in residue>  DT I -50 
 GUESSED vdw of  OP1 in  DT I -50  =  1.40
 NON-STANDARD atom.| OP2| in residue>  DT I -50 
 GUESSED vdw of  OP2 in  DT I -50  =  1.40
 NON-STANDARD atom.| O5'| in residue>  DT I -50 
 GUESSED vdw of  O5' in  DT I -50  =  1.40
 NON-STANDARD atom.| C5'| in residue>  DT I -50 
 GUESSED vdw of  C5' in  DT I -50  =  1.80
 NON-STANDARD atom.| C4'| in residue>  DT I -50 
 GUESSED vdw of  C4' in  DT I -50  =  1.80
 NON-STANDARD atom.| O4'| in residue>  DT I -50 
 GUESSED vdw of  O4' in  DT I -50  =  1.40
 NON-STANDARD atom.| C3'| in residue>  DT I -50 
 GUESSED vdw of  C3' in  DT I -50  =  1.80
 NON-STANDARD atom.| O3'| in residue>  DT I -50 
 GUESSED vdw of  O3' in  DT I -50  =  1.40
 NON-STANDARD atom.| C2'| in residue>  DT I -50 
 GUESSED vdw of  C2' in  DT I -50  =  1.80
 NON-STANDARD atom.| C1'| in residue>  DT I -50 
 GUESSED vdw of  C1' in  DT I -50  =  1.80
 NON-STANDARD atom.| N1 | in residue>  DT I -50 
 ASSUMED vdw of  N1  in  DT I -50  =  1.60 (same as   A)
 NON-STANDARD atom.| C2 | in residue>  DT I -50 
 ASSUMED vdw of  C2  in  DT I -50  =  1.80 (same as   A)
 NON-STANDARD atom.| O2 | in residue>  DT I -50 
 ASSUMED vdw of  O2  in  DT I -50  =  1.40 (same as   C)
 NON-STANDARD atom.| N3 | in residue>  DT I -50 
 ASSUMED vdw of  N3  in  DT I -50  =  1.60 (same as   A)
 NON-STANDARD atom.| C4 | in residue>  DT I -50 
 ASSUMED vdw of  C4  in  DT I -50  =  1.80 (same as   A)
 NON-STANDARD atom.| O4 | in residue>  DT I -50 
 ASSUMED vdw of  O4  in  DT I -50  =  1.40 (same as   T)
 NON-STANDARD atom.| C5 | in residue>  DT I -50 
 ASSUMED vdw of  C5  in  DT I -50  =  1.80 (same as   A)
 NON-STANDARD atom.| C7 | in residue>  DT I -50 
 GUESSED vdw of  C7  in  DT I -50  =  1.80
 NON-STANDARD atom.| C6 | in residue>  DT I -50 
 ASSUMED vdw of  C6  in  DT I -50  =  1.80 (same as   A)
 UNKNOWN residue type.............>  DG I -49 
 NON-STANDARD atom.| P  | in residue>  DG I -49 
 ASSUMED vdw of  P   in  DG I -49  =  1.90 (same as   A)
 NON-STANDARD atom.| OP1| in residue>  DG I -49 
 GUESSED vdw of  OP1 in  DG I -49  =  1.40
 NON-STANDARD atom.| OP2| in residue>  DG I -49 
 GUESSED vdw of  OP2 in  DG I -49  =  1.40
 NON-STANDARD atom.| O5'| in residue>  DG I -49 
 GUESSED vdw of  O5' in  DG I -49  =  1.40
 NON-STANDARD atom.| C5'| in residue>  DG I -49 
 GUESSED vdw of  C5' in  DG I -49  =  1.80
 NON-STANDARD atom.| C4'| in residue>  DG I -49 
 GUESSED vdw of  C4' in  DG I -49  =  1.80
 NON-STANDARD atom.| O4'| in residue>  DG I -49 
 GUESSED vdw of  O4' in  DG I -49  =  1.40
 NON-STANDARD atom.| C3'| in residue>  DG I -49 
 GUESSED vdw of  C3' in  DG I -49  =  1.80
 NON-STANDARD atom.| O3'| in residue>  DG I -49 
 GUESSED vdw of  O3' in  DG I -49  =  1.40
 NON-STANDARD atom.| C2'| in residue>  DG I -49 
 GUESSED vdw of  C2' in  DG I -49  =  1.80
 NON-STANDARD atom.| C1'| in residue>  DG I -49 
 GUESSED vdw of  C1' in  DG I -49  =  1.80
 NON-STANDARD atom.| N9 | in residue>  DG I -49 
 ASSUMED vdw of  N9  in  DG I -49  =  1.60 (same as   A)
 NON-STANDARD atom.| C8 | in residue>  DG I -49 
 ASSUMED vdw of  C8  in  DG I -49  =  1.80 (same as   A)
 NON-STANDARD atom.| N7 | in residue>  DG I -49 
 ASSUMED vdw of  N7  in  DG I -49  =  1.60 (same as   A)
 NON-STANDARD atom.| C5 | in residue>  DG I -49 
 ASSUMED vdw of  C5  in  DG I -49  =  1.80 (same as   A)
 NON-STANDARD atom.| C6 | in residue>  DG I -49 
 ASSUMED vdw of  C6  in  DG I -49  =  1.80 (same as   A)
 NON-STANDARD atom.| O6 | in residue>  DG I -49 
 ASSUMED vdw of  O6  in  DG I -49  =  1.40 (same as   G)
 NON-STANDARD atom.| N1 | in residue>  DG I -49 
 ASSUMED vdw of  N1  in  DG I -49  =  1.60 (same as   A)
 NON-STANDARD atom.| C2 | in residue>  DG I -49 
 ASSUMED vdw of  C2  in  DG I -49  =  1.80 (same as   A)
 NON-STANDARD atom.| N2 | in residue>  DG I -49 
 ASSUMED vdw of  N2  in  DG I -49  =  1.60 (same as   G)
 NON-STANDARD atom.| N3 | in residue>  DG I -49 
 ASSUMED vdw of  N3  in  DG I -49  =  1.60 (same as   A)
 NON-STANDARD atom.| C4 | in residue>  DG I -49 
 ASSUMED vdw of  C4  in  DG I -49  =  1.80 (same as   A)
 UNKNOWN residue type.............>  DC I -48 
 NON-STANDARD atom.| P  | in residue>  DC I -48 
 ASSUMED vdw of  P   in  DC I -48  =  1.90 (same as   A)
 NON-STANDARD atom.| OP1| in residue>  DC I -48 
 GUESSED vdw of  OP1 in  DC I -48  =  1.40
 NON-STANDARD atom.| OP2| in residue>  DC I -48 
 GUESSED vdw of  OP2 in  DC I -48  =  1.40
 NON-STANDARD atom.| O5'| in residue>  DC I -48 
 GUESSED vdw of  O5' in  DC I -48  =  1.40
 NON-STANDARD atom.| C5'| in residue>  DC I -48 
 GUESSED vdw of  C5' in  DC I -48  =  1.80
 NON-STANDARD atom.| C4'| in residue>  DC I -48 
 GUESSED vdw of  C4' in  DC I -48  =  1.80
 NON-STANDARD atom.| O4'| in residue>  DC I -48 
 GUESSED vdw of  O4' in  DC I -48  =  1.40
 NON-STANDARD atom.| C3'| in residue>  DC I -48 
 GUESSED vdw of  C3' in  DC I -48  =  1.80
 NON-STANDARD atom.| O3'| in residue>  DC I -48 
 GUESSED vdw of  O3' in  DC I -48  =  1.40
 NON-STANDARD atom.| C2'| in residue>  DC I -48 
 GUESSED vdw of  C2' in  DC I -48  =  1.80
 NON-STANDARD atom.| C1'| in residue>  DC I -48 
 GUESSED vdw of  C1' in  DC I -48  =  1.80
 NON-STANDARD atom.| N1 | in residue>  DC I -48 
 ASSUMED vdw of  N1  in  DC I -48  =  1.60 (same as   A)
 NON-STANDARD atom.| C2 | in residue>  DC I -48 
 ASSUMED vdw of  C2  in  DC I -48  =  1.80 (same as   A)
 NON-STANDARD atom.| O2 | in residue>  DC I -48 
 ASSUMED vdw of  O2  in  DC I -48  =  1.40 (same as   C)
 NON-STANDARD atom.| N3 | in residue>  DC I -48 
 ASSUMED vdw of  N3  in  DC I -48  =  1.60 (same as   A)
 NON-STANDARD atom.| C4 | in residue>  DC I -48 
 ASSUMED vdw of  C4  in  DC I -48  =  1.80 (same as   A)
 NON-STANDARD atom.| N4 | in residue>  DC I -48 
 ASSUMED vdw of  N4  in  DC I -48  =  1.60 (same as   C)
 NON-STANDARD atom.| C5 | in residue>  DC I -48 
 ASSUMED vdw of  C5  in  DC I -48  =  1.80 (same as   A)
 NON-STANDARD atom.| C6 | in residue>  DC I -48 
 ASSUMED vdw of  C6  in  DC I -48  =  1.80 (same as   A)
 UNKNOWN residue type.............>  DC I -47 
 NON-STANDARD atom.| P  | in residue>  DC I -47 
 ASSUMED vdw of  P   in  DC I -47  =  1.90 (same as   A)
 NON-STANDARD atom.| OP1| in residue>  DC I -47 
 GUESSED vdw of  OP1 in  DC I -47  =  1.40
 NON-STANDARD atom.| OP2| in residue>  DC I -47 
 GUESSED vdw of  OP2 in  DC I -47  =  1.40
 NON-STANDARD atom.| O5'| in residue>  DC I -47 
 GUESSED vdw of  O5' in  DC I -47  =  1.40
 NON-STANDARD atom.| C5'| in residue>  DC I -47 
 GUESSED vdw of  C5' in  DC I -47  =  1.80
 NON-STANDARD atom.| C4'| in residue>  DC I -47 
 GUESSED vdw of  C4' in  DC I -47  =  1.80
 NON-STANDARD atom.| O4'| in residue>  DC I -47 
 GUESSED vdw of  O4' in  DC I -47  =  1.40
 NON-STANDARD atom.| C3'| in residue>  DC I -47 
 GUESSED vdw of  C3' in  DC I -47  =  1.80
 NON-STANDARD atom.| O3'| in residue>  DC I -47 
 GUESSED vdw of  O3' in  DC I -47  =  1.40
 NON-STANDARD atom.| C2'| in residue>  DC I -47 
 GUESSED vdw of  C2' in  DC I -47  =  1.80
 NON-STANDARD atom.| C1'| in residue>  DC I -47 
 GUESSED vdw of  C1' in  DC I -47  =  1.80
 NON-STANDARD atom.| N1 | in residue>  DC I -47 
 ASSUMED vdw of  N1  in  DC I -47  =  1.60 (same as   A)
 NON-STANDARD atom.| C2 | in residue>  DC I -47 
 ASSUMED vdw of  C2  in  DC I -47  =  1.80 (same as   A)
 NON-STANDARD atom.| O2 | in residue>  DC I -47 
 ASSUMED vdw of  O2  in  DC I -47  =  1.40 (same as   C)
 NON-STANDARD atom.| N3 | in residue>  DC I -47 
 ASSUMED vdw of  N3  in  DC I -47  =  1.60 (same as   A)
 NON-STANDARD atom.| C4 | in residue>  DC I -47 
 ASSUMED vdw of  C4  in  DC I -47  =  1.80 (same as   A)
 NON-STANDARD atom.| N4 | in residue>  DC I -47 
 ASSUMED vdw of  N4  in  DC I -47  =  1.60 (same as   C)
 NON-STANDARD atom.| C5 | in residue>  DC I -47 
 ASSUMED vdw of  C5  in  DC I -47  =  1.80 (same as   A)
 NON-STANDARD atom.| C6 | in residue>  DC I -47 
 ASSUMED vdw of  C6  in  DC I -47  =  1.80 (same as   A)
 UNKNOWN residue type.............>  DT I -46 
 NON-STANDARD atom.| P  | in residue>  DT I -46 
 ASSUMED vdw of  P   in  DT I -46  =  1.90 (same as   A)
 NON-STANDARD atom.| OP1| in residue>  DT I -46 
 GUESSED vdw of  OP1 in  DT I -46  =  1.40
 NON-STANDARD atom.| OP2| in residue>  DT I -46 
 GUESSED vdw of  OP2 in  DT I -46  =  1.40
 NON-STANDARD atom.| O5'| in residue>  DT I -46 
 GUESSED vdw of  O5' in  DT I -46  =  1.40
 NON-STANDARD atom.| C5'| in residue>  DT I -46 
 GUESSED vdw of  C5' in  DT I -46  =  1.80
 NON-STANDARD atom.| C4'| in residue>  DT I -46 
 GUESSED vdw of  C4' in  DT I -46  =  1.80
 NON-STANDARD atom.| O4'| in residue>  DT I -46 
 GUESSED vdw of  O4' in  DT I -46  =  1.40
 NON-STANDARD atom.| C3'| in residue>  DT I -46 
 GUESSED vdw of  C3' in  DT I -46  =  1.80
 NON-STANDARD atom.| O3'| in residue>  DT I -46 
 GUESSED vdw of  O3' in  DT I -46  =  1.40
 NON-STANDARD atom.| C2'| in residue>  DT I -46 
 GUESSED vdw of  C2' in  DT I -46  =  1.80
 NON-STANDARD atom.| C1'| in residue>  DT I -46 
 GUESSED vdw of  C1' in  DT I -46  =  1.80
 NON-STANDARD atom.| N1 | in residue>  DT I -46 
 ASSUMED vdw of  N1  in  DT I -46  =  1.60 (same as   A)
 NON-STANDARD atom.| C2 | in residue>  DT I -46 
 ASSUMED vdw of  C2  in  DT I -46  =  1.80 (same as   A)
 NON-STANDARD atom.| O2 | in residue>  DT I -46 
 ASSUMED vdw of  O2  in  DT I -46  =  1.40 (same as   C)
 NON-STANDARD atom.| N3 | in residue>  DT I -46 
 ASSUMED vdw of  N3  in  DT I -46  =  1.60 (same as   A)
 NON-STANDARD atom.| C4 | in residue>  DT I -46 
 ASSUMED vdw of  C4  in  DT I -46  =  1.80 (same as   A)
 NON-STANDARD atom.| O4 | in residue>  DT I -46 
 ASSUMED vdw of  O4  in  DT I -46  =  1.40 (same as   T)
 NON-STANDARD atom.| C5 | in residue>  DT I -46 
 ASSUMED vdw of  C5  in  DT I -46  =  1.80 (same as   A)
 NON-STANDARD atom.| C7 | in residue>  DT I -46 
 GUESSED vdw of  C7  in  DT I -46  =  1.80
 NON-STANDARD atom.| C6 | in residue>  DT I -46 
 ASSUMED vdw of  C6  in  DT I -46  =  1.80 (same as   A)
 UNKNOWN residue type.............>  DG I -45 
 NON-STANDARD atom.| P  | in residue>  DG I -45 
 ASSUMED vdw of  P   in  DG I -45  =  1.90 (same as   A)
 NON-STANDARD atom.| OP1| in residue>  DG I -45 
 GUESSED vdw of  OP1 in  DG I -45  =  1.40
 NON-STANDARD atom.| OP2| in residue>  DG I -45 
 GUESSED vdw of  OP2 in  DG I -45  =  1.40
 NON-STANDARD atom.| O5'| in residue>  DG I -45 
 GUESSED vdw of  O5' in  DG I -45  =  1.40
 NON-STANDARD atom.| C5'| in residue>  DG I -45 
 GUESSED vdw of  C5' in  DG I -45  =  1.80
 NON-STANDARD atom.| C4'| in residue>  DG I -45 
 GUESSED vdw of  C4' in  DG I -45  =  1.80
 NON-STANDARD atom.| O4'| in residue>  DG I -45 
 GUESSED vdw of  O4' in  DG I -45  =  1.40
 NON-STANDARD atom.| C3'| in residue>  DG I -45 
 GUESSED vdw of  C3' in  DG I -45  =  1.80
 NON-STANDARD atom.| O3'| in residue>  DG I -45 
 GUESSED vdw of  O3' in  DG I -45  =  1.40
 NON-STANDARD atom.| C2'| in residue>  DG I -45 
 GUESSED vdw of  C2' in  DG I -45  =  1.80
 NON-STANDARD atom.| C1'| in residue>  DG I -45 
 GUESSED vdw of  C1' in  DG I -45  =  1.80
 NON-STANDARD atom.| N9 | in residue>  DG I -45 
 ASSUMED vdw of  N9  in  DG I -45  =  1.60 (same as   A)
 NON-STANDARD atom.| C8 | in residue>  DG I -45 
 ASSUMED vdw of  C8  in  DG I -45  =  1.80 (same as   A)
 NON-STANDARD atom.| N7 | in residue>  DG I -45 
 ASSUMED vdw of  N7  in  DG I -45  =  1.60 (same as   A)
 NON-STANDARD atom.| C5 | in residue>  DG I -45 
 ASSUMED vdw of  C5  in  DG I -45  =  1.80 (same as   A)
 NON-STANDARD atom.| C6 | in residue>  DG I -45 
 ASSUMED vdw of  C6  in  DG I -45  =  1.80 (same as   A)
 NON-STANDARD atom.| O6 | in residue>  DG I -45 
 ASSUMED vdw of  O6  in  DG I -45  =  1.40 (same as   G)
 NON-STANDARD atom.| N1 | in residue>  DG I -45 
 ASSUMED vdw of  N1  in  DG I -45  =  1.60 (same as   A)
 NON-STANDARD atom.| C2 | in residue>  DG I -45 
 ASSUMED vdw of  C2  in  DG I -45  =  1.80 (same as   A)
 NON-STANDARD atom.| N2 | in residue>  DG I -45 
 ASSUMED vdw of  N2  in  DG I -45  =  1.60 (same as   G)
 NON-STANDARD atom.| N3 | in residue>  DG I -45 
 ASSUMED vdw of  N3  in  DG I -45  =  1.60 (same as   A)
 NON-STANDARD atom.| C4 | in residue>  DG I -45 
 ASSUMED vdw of  C4  in  DG I -45  =  1.80 (same as   A)
 UNKNOWN residue type.............>  DG I -44 
 NON-STANDARD atom.| P  | in residue>  DG I -44 
 ASSUMED vdw of  P   in  DG I -44  =  1.90 (same as   A)
 NON-STANDARD atom.| OP1| in residue>  DG I -44 
 GUESSED vdw of  OP1 in  DG I -44  =  1.40
 NON-STANDARD atom.| OP2| in residue>  DG I -44 
 GUESSED vdw of  OP2 in  DG I -44  =  1.40
 NON-STANDARD atom.| O5'| in residue>  DG I -44 
 GUESSED vdw of  O5' in  DG I -44  =  1.40
 NON-STANDARD atom.| C5'| in residue>  DG I -44 
 GUESSED vdw of  C5' in  DG I -44  =  1.80
 NON-STANDARD atom.| C4'| in residue>  DG I -44 
 GUESSED vdw of  C4' in  DG I -44  =  1.80
 NON-STANDARD atom.| O4'| in residue>  DG I -44 
 GUESSED vdw of  O4' in  DG I -44  =  1.40
 NON-STANDARD atom.| C3'| in residue>  DG I -44 
 GUESSED vdw of  C3' in  DG I -44  =  1.80
 NON-STANDARD atom.| O3'| in residue>  DG I -44 
 GUESSED vdw of  O3' in  DG I -44  =  1.40
 NON-STANDARD atom.| C2'| in residue>  DG I -44 
 GUESSED vdw of  C2' in  DG I -44  =  1.80
 NON-STANDARD atom.| C1'| in residue>  DG I -44 
 GUESSED vdw of  C1' in  DG I -44  =  1.80
 NON-STANDARD atom.| N9 | in residue>  DG I -44 
 ASSUMED vdw of  N9  in  DG I -44  =  1.60 (same as   A)
 NON-STANDARD atom.| C8 | in residue>  DG I -44 
 ASSUMED vdw of  C8  in  DG I -44  =  1.80 (same as   A)
 NON-STANDARD atom.| N7 | in residue>  DG I -44 
 ASSUMED vdw of  N7  in  DG I -44  =  1.60 (same as   A)
 NON-STANDARD atom.| C5 | in residue>  DG I -44 
 ASSUMED vdw of  C5  in  DG I -44  =  1.80 (same as   A)
 NON-STANDARD atom.| C6 | in residue>  DG I -44 
 ASSUMED vdw of  C6  in  DG I -44  =  1.80 (same as   A)
 NON-STANDARD atom.| O6 | in residue>  DG I -44 
 ASSUMED vdw of  O6  in  DG I -44  =  1.40 (same as   G)
 NON-STANDARD atom.| N1 | in residue>  DG I -44 
 ASSUMED vdw of  N1  in  DG I -44  =  1.60 (same as   A)
 NON-STANDARD atom.| C2 | in residue>  DG I -44 
 ASSUMED vdw of  C2  in  DG I -44  =  1.80 (same as   A)
 NON-STANDARD atom.| N2 | in residue>  DG I -44 
 ASSUMED vdw of  N2  in  DG I -44  =  1.60 (same as   G)
 NON-STANDARD atom.| N3 | in residue>  DG I -44 
 ASSUMED vdw of  N3  in  DG I -44  =  1.60 (same as   A)
 NON-STANDARD atom.| C4 | in residue>  DG I -44 
 ASSUMED vdw of  C4  in  DG I -44  =  1.80 (same as   A)
 UNKNOWN residue type.............>  DA I -43 
 NON-STANDARD atom.| P  | in residue>  DA I -43 
 ASSUMED vdw of  P   in  DA I -43  =  1.90 (same as   A)
 NON-STANDARD atom.| OP1| in residue>  DA I -43 
 GUESSED vdw of  OP1 in  DA I -43  =  1.40
 NON-STANDARD atom.| OP2| in residue>  DA I -43 
 GUESSED vdw of  OP2 in  DA I -43  =  1.40
 NON-STANDARD atom.| O5'| in residue>  DA I -43 
 GUESSED vdw of  O5' in  DA I -43  =  1.40
 NON-STANDARD atom.| C5'| in residue>  DA I -43 
 GUESSED vdw of  C5' in  DA I -43  =  1.80
 NON-STANDARD atom.| C4'| in residue>  DA I -43 
 GUESSED vdw of  C4' in  DA I -43  =  1.80
 NON-STANDARD atom.| O4'| in residue>  DA I -43 
 GUESSED vdw of  O4' in  DA I -43  =  1.40
 NON-STANDARD atom.| C3'| in residue>  DA I -43 
 GUESSED vdw of  C3' in  DA I -43  =  1.80
 NON-STANDARD atom.| O3'| in residue>  DA I -43 
 GUESSED vdw of  O3' in  DA I -43  =  1.40
 NON-STANDARD atom.| C2'| in residue>  DA I -43 
 GUESSED vdw of  C2' in  DA I -43  =  1.80
 NON-STANDARD atom.| C1'| in residue>  DA I -43 
 GUESSED vdw of  C1' in  DA I -43  =  1.80
 NON-STANDARD atom.| N9 | in residue>  DA I -43 
 ASSUMED vdw of  N9  in  DA I -43  =  1.60 (same as   A)
 NON-STANDARD atom.| C8 | in residue>  DA I -43 
 ASSUMED vdw of  C8  in  DA I -43  =  1.80 (same as   A)
 NON-STANDARD atom.| N7 | in residue>  DA I -43 
 ASSUMED vdw of  N7  in  DA I -43  =  1.60 (same as   A)
 NON-STANDARD atom.| C5 | in residue>  DA I -43 
 ASSUMED vdw of  C5  in  DA I -43  =  1.80 (same as   A)
 NON-STANDARD atom.| C6 | in residue>  DA I -43 
 ASSUMED vdw of  C6  in  DA I -43  =  1.80 (same as   A)
 NON-STANDARD atom.| N6 | in residue>  DA I -43 
 ASSUMED vdw of  N6  in  DA I -43  =  1.60 (same as   A)
 NON-STANDARD atom.| N1 | in residue>  DA I -43 
 ASSUMED vdw of  N1  in  DA I -43  =  1.60 (same as   A)
 NON-STANDARD atom.| C2 | in residue>  DA I -43 
 ASSUMED vdw of  C2  in  DA I -43  =  1.80 (same as   A)
 NON-STANDARD atom.| N3 | in residue>  DA I -43 
 ASSUMED vdw of  N3  in  DA I -43  =  1.60 (same as   A)
 NON-STANDARD atom.| C4 | in residue>  DA I -43 
 ASSUMED vdw of  C4  in  DA I -43  =  1.80 (same as   A)
 UNKNOWN residue type.............>  DG I -42 
 NON-STANDARD atom.| P  | in residue>  DG I -42 
 ASSUMED vdw of  P   in  DG I -42  =  1.90 (same as   A)
 NON-STANDARD atom.| OP1| in residue>  DG I -42 
 GUESSED vdw of  OP1 in  DG I -42  =  1.40
 NON-STANDARD atom.| OP2| in residue>  DG I -42 
 GUESSED vdw of  OP2 in  DG I -42  =  1.40
 NON-STANDARD atom.| O5'| in residue>  DG I -42 
 GUESSED vdw of  O5' in  DG I -42  =  1.40
 NON-STANDARD atom.| C5'| in residue>  DG I -42 
 GUESSED vdw of  C5' in  DG I -42  =  1.80
 NON-STANDARD atom.| C4'| in residue>  DG I -42 
 GUESSED vdw of  C4' in  DG I -42  =  1.80
 NON-STANDARD atom.| O4'| in residue>  DG I -42 
 GUESSED vdw of  O4' in  DG I -42  =  1.40
 NON-STANDARD atom.| C3'| in residue>  DG I -42 
 GUESSED vdw of  C3' in  DG I -42  =  1.80
 NON-STANDARD atom.| O3'| in residue>  DG I -42 
 GUESSED vdw of  O3' in  DG I -42  =  1.40
 NON-STANDARD atom.| C2'| in residue>  DG I -42 
 GUESSED vdw of  C2' in  DG I -42  =  1.80
 NON-STANDARD atom.| C1'| in residue>  DG I -42 
 GUESSED vdw of  C1' in  DG I -42  =  1.80
 NON-STANDARD atom.| N9 | in residue>  DG I -42 
 ASSUMED vdw of  N9  in  DG I -42  =  1.60 (same as   A)
 NON-STANDARD atom.| C8 | in residue>  DG I -42 
 ASSUMED vdw of  C8  in  DG I -42  =  1.80 (same as   A)
 NON-STANDARD atom.| N7 | in residue>  DG I -42 
 ASSUMED vdw of  N7  in  DG I -42  =  1.60 (same as   A)
 NON-STANDARD atom.| C5 | in residue>  DG I -42 
 ASSUMED vdw of  C5  in  DG I -42  =  1.80 (same as   A)
 NON-STANDARD atom.| C6 | in residue>  DG I -42 
 ASSUMED vdw of  C6  in  DG I -42  =  1.80 (same as   A)
 NON-STANDARD atom.| O6 | in residue>  DG I -42 
 ASSUMED vdw of  O6  in  DG I -42  =  1.40 (same as   G)
 NON-STANDARD atom.| N1 | in residue>  DG I -42 
 ASSUMED vdw of  N1  in  DG I -42  =  1.60 (same as   A)
 NON-STANDARD atom.| C2 | in residue>  DG I -42 
 ASSUMED vdw of  C2  in  DG I -42  =  1.80 (same as   A)
 NON-STANDARD atom.| N2 | in residue>  DG I -42 
 ASSUMED vdw of  N2  in  DG I -42  =  1.60 (same as   G)
 NON-STANDARD atom.| N3 | in residue>  DG I -42 
 ASSUMED vdw of  N3  in  DG I -42  =  1.60 (same as   A)
 NON-STANDARD atom.| C4 | in residue>  DG I -42 
 ASSUMED vdw of  C4  in  DG I -42  =  1.80 (same as   A)
 UNKNOWN residue type.............>  DA I -41 
 NON-STANDARD atom.| P  | in residue>  DA I -41 
 ASSUMED vdw of  P   in  DA I -41  =  1.90 (same as   A)
 NON-STANDARD atom.| OP1| in residue>  DA I -41 
 GUESSED vdw of  OP1 in  DA I -41  =  1.40
 NON-STANDARD atom.| OP2| in residue>  DA I -41 
 GUESSED vdw of  OP2 in  DA I -41  =  1.40
 NON-STANDARD atom.| O5'| in residue>  DA I -41 
 GUESSED vdw of  O5' in  DA I -41  =  1.40
 NON-STANDARD atom.| C5'| in residue>  DA I -41 
 GUESSED vdw of  C5' in  DA I -41  =  1.80
 NON-STANDARD atom.| C4'| in residue>  DA I -41 
 GUESSED vdw of  C4' in  DA I -41  =  1.80
 NON-STANDARD atom.| O4'| in residue>  DA I -41 
 GUESSED vdw of  O4' in  DA I -41  =  1.40
 NON-STANDARD atom.| C3'| in residue>  DA I -41 
 GUESSED vdw of  C3' in  DA I -41  =  1.80
 NON-STANDARD atom.| O3'| in residue>  DA I -41 
 GUESSED vdw of  O3' in  DA I -41  =  1.40
 NON-STANDARD atom.| C2'| in residue>  DA I -41 
 GUESSED vdw of  C2' in  DA I -41  =  1.80
 NON-STANDARD atom.| C1'| in residue>  DA I -41 
 GUESSED vdw of  C1' in  DA I -41  =  1.80
 NON-STANDARD atom.| N9 | in residue>  DA I -41 
 ASSUMED vdw of  N9  in  DA I -41  =  1.60 (same as   A)
 NON-STANDARD atom.| C8 | in residue>  DA I -41 
 ASSUMED vdw of  C8  in  DA I -41  =  1.80 (same as   A)
 NON-STANDARD atom.| N7 | in residue>  DA I -41 
 ASSUMED vdw of  N7  in  DA I -41  =  1.60 (same as   A)
 NON-STANDARD atom.| C5 | in residue>  DA I -41 
 ASSUMED vdw of  C5  in  DA I -41  =  1.80 (same as   A)
 NON-STANDARD atom.| C6 | in residue>  DA I -41 
 ASSUMED vdw of  C6  in  DA I -41  =  1.80 (same as   A)
 NON-STANDARD atom.| N6 | in residue>  DA I -41 
 ASSUMED vdw of  N6  in  DA I -41  =  1.60 (same as   A)
 NON-STANDARD atom.| N1 | in residue>  DA I -41 
 ASSUMED vdw of  N1  in  DA I -41  =  1.60 (same as   A)
 NON-STANDARD atom.| C2 | in residue>  DA I -41 
 ASSUMED vdw of  C2  in  DA I -41  =  1.80 (same as   A)
 NON-STANDARD atom.| N3 | in residue>  DA I -41 
 ASSUMED vdw of  N3  in  DA I -41  =  1.60 (same as   A)
 NON-STANDARD atom.| C4 | in residue>  DA I -41 
 ASSUMED vdw of  C4  in  DA I -41  =  1.80 (same as   A)
 UNKNOWN residue type.............>  DC I -40 
 NON-STANDARD atom.| P  | in residue>  DC I -40 
 ASSUMED vdw of  P   in  DC I -40  =  1.90 (same as   A)
 NON-STANDARD atom.| OP1| in residue>  DC I -40 
 GUESSED vdw of  OP1 in  DC I -40  =  1.40
 NON-STANDARD atom.| OP2| in residue>  DC I -40 
 GUESSED vdw of  OP2 in  DC I -40  =  1.40
 NON-STANDARD atom.| O5'| in residue>  DC I -40 
 GUESSED vdw of  O5' in  DC I -40  =  1.40
 NON-STANDARD atom.| C5'| in residue>  DC I -40 
 GUESSED vdw of  C5' in  DC I -40  =  1.80
 NON-STANDARD atom.| C4'| in residue>  DC I -40 
 GUESSED vdw of  C4' in  DC I -40  =  1.80
 NON-STANDARD atom.| O4'| in residue>  DC I -40 
 GUESSED vdw of  O4' in  DC I -40  =  1.40
 NON-STANDARD atom.| C3'| in residue>  DC I -40 
 GUESSED vdw of  C3' in  DC I -40  =  1.80
 NON-STANDARD atom.| O3'| in residue>  DC I -40 
 GUESSED vdw of  O3' in  DC I -40  =  1.40
 NON-STANDARD atom.| C2'| in residue>  DC I -40 
 GUESSED vdw of  C2' in  DC I -40  =  1.80
 NON-STANDARD atom.| C1'| in residue>  DC I -40 
 GUESSED vdw of  C1' in  DC I -40  =  1.80
 NON-STANDARD atom.| N1 | in residue>  DC I -40 
 ASSUMED vdw of  N1  in  DC I -40  =  1.60 (same as   A)
 NON-STANDARD atom.| C2 | in residue>  DC I -40 
 ASSUMED vdw of  C2  in  DC I -40  =  1.80 (same as   A)
 NON-STANDARD atom.| O2 | in residue>  DC I -40 
 ASSUMED vdw of  O2  in  DC I -40  =  1.40 (same as   C)
 NON-STANDARD atom.| N3 | in residue>  DC I -40 
 ASSUMED vdw of  N3  in  DC I -40  =  1.60 (same as   A)
 NON-STANDARD atom.| C4 | in residue>  DC I -40 
 ASSUMED vdw of  C4  in  DC I -40  =  1.80 (same as   A)
 NON-STANDARD atom.| N4 | in residue>  DC I -40 
 ASSUMED vdw of  N4  in  DC I -40  =  1.60 (same as   C)
 NON-STANDARD atom.| C5 | in residue>  DC I -40 
 ASSUMED vdw of  C5  in  DC I -40  =  1.80 (same as   A)
 NON-STANDARD atom.| C6 | in residue>  DC I -40 
 ASSUMED vdw of  C6  in  DC I -40  =  1.80 (same as   A)
 UNKNOWN residue type.............>  DT I -39 
 NON-STANDARD atom.| P  | in residue>  DT I -39 
 ASSUMED vdw of  P   in  DT I -39  =  1.90 (same as   A)
 NON-STANDARD atom.| OP1| in residue>  DT I -39 
 GUESSED vdw of  OP1 in  DT I -39  =  1.40
 NON-STANDARD atom.| OP2| in residue>  DT I -39 
 GUESSED vdw of  OP2 in  DT I -39  =  1.40
 NON-STANDARD atom.| O5'| in residue>  DT I -39 
 GUESSED vdw of  O5' in  DT I -39  =  1.40
 NON-STANDARD atom.| C5'| in residue>  DT I -39 
 GUESSED vdw of  C5' in  DT I -39  =  1.80
 NON-STANDARD atom.| C4'| in residue>  DT I -39 
 GUESSED vdw of  C4' in  DT I -39  =  1.80
 NON-STANDARD atom.| O4'| in residue>  DT I -39 
 GUESSED vdw of  O4' in  DT I -39  =  1.40
 NON-STANDARD atom.| C3'| in residue>  DT I -39 
 GUESSED vdw of  C3' in  DT I -39  =  1.80
 NON-STANDARD atom.| O3'| in residue>  DT I -39 
 GUESSED vdw of  O3' in  DT I -39  =  1.40
 NON-STANDARD atom.| C2'| in residue>  DT I -39 
 GUESSED vdw of  C2' in  DT I -39  =  1.80
 NON-STANDARD atom.| C1'| in residue>  DT I -39 
 GUESSED vdw of  C1' in  DT I -39  =  1.80
 NON-STANDARD atom.| N1 | in residue>  DT I -39 
 ASSUMED vdw of  N1  in  DT I -39  =  1.60 (same as   A)
 NON-STANDARD atom.| C2 | in residue>  DT I -39 
 ASSUMED vdw of  C2  in  DT I -39  =  1.80 (same as   A)
 NON-STANDARD atom.| O2 | in residue>  DT I -39 
 ASSUMED vdw of  O2  in  DT I -39  =  1.40 (same as   C)
 NON-STANDARD atom.| N3 | in residue>  DT I -39 
 ASSUMED vdw of  N3  in  DT I -39  =  1.60 (same as   A)
 NON-STANDARD atom.| C4 | in residue>  DT I -39 
 ASSUMED vdw of  C4  in  DT I -39  =  1.80 (same as   A)
 NON-STANDARD atom.| O4 | in residue>  DT I -39 
 ASSUMED vdw of  O4  in  DT I -39  =  1.40 (same as   T)
 NON-STANDARD atom.| C5 | in residue>  DT I -39 
 ASSUMED vdw of  C5  in  DT I -39  =  1.80 (same as   A)
 NON-STANDARD atom.| C7 | in residue>  DT I -39 
 GUESSED vdw of  C7  in  DT I -39  =  1.80
 NON-STANDARD atom.| C6 | in residue>  DT I -39 
 ASSUMED vdw of  C6  in  DT I -39  =  1.80 (same as   A)
 UNKNOWN residue type.............>  DA I -38 
 NON-STANDARD atom.| P  | in residue>  DA I -38 
 ASSUMED vdw of  P   in  DA I -38  =  1.90 (same as   A)
 NON-STANDARD atom.| OP1| in residue>  DA I -38 
 GUESSED vdw of  OP1 in  DA I -38  =  1.40
 NON-STANDARD atom.| OP2| in residue>  DA I -38 
 GUESSED vdw of  OP2 in  DA I -38  =  1.40
 NON-STANDARD atom.| O5'| in residue>  DA I -38 
 GUESSED vdw of  O5' in  DA I -38  =  1.40
 NON-STANDARD atom.| C5'| in residue>  DA I -38 
 GUESSED vdw of  C5' in  DA I -38  =  1.80
 NON-STANDARD atom.| C4'| in residue>  DA I -38 
 GUESSED vdw of  C4' in  DA I -38  =  1.80
 NON-STANDARD atom.| O4'| in residue>  DA I -38 
 GUESSED vdw of  O4' in  DA I -38  =  1.40
 NON-STANDARD atom.| C3'| in residue>  DA I -38 
 GUESSED vdw of  C3' in  DA I -38  =  1.80
 NON-STANDARD atom.| O3'| in residue>  DA I -38 
 GUESSED vdw of  O3' in  DA I -38  =  1.40
 NON-STANDARD atom.| C2'| in residue>  DA I -38 
 GUESSED vdw of  C2' in  DA I -38  =  1.80
 NON-STANDARD atom.| C1'| in residue>  DA I -38 
 GUESSED vdw of  C1' in  DA I -38  =  1.80
 NON-STANDARD atom.| N9 | in residue>  DA I -38 
 ASSUMED vdw of  N9  in  DA I -38  =  1.60 (same as   A)
 NON-STANDARD atom.| C8 | in residue>  DA I -38 
 ASSUMED vdw of  C8  in  DA I -38  =  1.80 (same as   A)
 NON-STANDARD atom.| N7 | in residue>  DA I -38 
 ASSUMED vdw of  N7  in  DA I -38  =  1.60 (same as   A)
 NON-STANDARD atom.| C5 | in residue>  DA I -38 
 ASSUMED vdw of  C5  in  DA I -38  =  1.80 (same as   A)
 NON-STANDARD atom.| C6 | in residue>  DA I -38 
 ASSUMED vdw of  C6  in  DA I -38  =  1.80 (same as   A)
 NON-STANDARD atom.| N6 | in residue>  DA I -38 
 ASSUMED vdw of  N6  in  DA I -38  =  1.60 (same as   A)
 NON-STANDARD atom.| N1 | in residue>  DA I -38 
 ASSUMED vdw of  N1  in  DA I -38  =  1.60 (same as   A)
 NON-STANDARD atom.| C2 | in residue>  DA I -38 
 ASSUMED vdw of  C2  in  DA I -38  =  1.80 (same as   A)
 NON-STANDARD atom.| N3 | in residue>  DA I -38 
 ASSUMED vdw of  N3  in  DA I -38  =  1.60 (same as   A)
 NON-STANDARD atom.| C4 | in residue>  DA I -38 
 ASSUMED vdw of  C4  in  DA I -38  =  1.80 (same as   A)
 UNKNOWN residue type.............>  DG I -37 
 NON-STANDARD atom.| P  | in residue>  DG I -37 
 ASSUMED vdw of  P   in  DG I -37  =  1.90 (same as   A)
 NON-STANDARD atom.| OP1| in residue>  DG I -37 
 GUESSED vdw of  OP1 in  DG I -37  =  1.40
 NON-STANDARD atom.| OP2| in residue>  DG I -37 
 GUESSED vdw of  OP2 in  DG I -37  =  1.40
 NON-STANDARD atom.| O5'| in residue>  DG I -37 
 GUESSED vdw of  O5' in  DG I -37  =  1.40
 NON-STANDARD atom.| C5'| in residue>  DG I -37 
 GUESSED vdw of  C5' in  DG I -37  =  1.80
 NON-STANDARD atom.| C4'| in residue>  DG I -37 
 GUESSED vdw of  C4' in  DG I -37  =  1.80
 NON-STANDARD atom.| O4'| in residue>  DG I -37 
 GUESSED vdw of  O4' in  DG I -37  =  1.40
 NON-STANDARD atom.| C3'| in residue>  DG I -37 
 GUESSED vdw of  C3' in  DG I -37  =  1.80
 NON-STANDARD atom.| O3'| in residue>  DG I -37 
 GUESSED vdw of  O3' in  DG I -37  =  1.40
 NON-STANDARD atom.| C2'| in residue>  DG I -37 
 GUESSED vdw of  C2' in  DG I -37  =  1.80
 NON-STANDARD atom.| C1'| in residue>  DG I -37 
 GUESSED vdw of  C1' in  DG I -37  =  1.80
 NON-STANDARD atom.| N9 | in residue>  DG I -37 
 ASSUMED vdw of  N9  in  DG I -37  =  1.60 (same as   A)
 NON-STANDARD atom.| C8 | in residue>  DG I -37 
 ASSUMED vdw of  C8  in  DG I -37  =  1.80 (same as   A)
 NON-STANDARD atom.| N7 | in residue>  DG I -37 
 ASSUMED vdw of  N7  in  DG I -37  =  1.60 (same as   A)
 NON-STANDARD atom.| C5 | in residue>  DG I -37 
 ASSUMED vdw of  C5  in  DG I -37  =  1.80 (same as   A)
 NON-STANDARD atom.| C6 | in residue>  DG I -37 
 ASSUMED vdw of  C6  in  DG I -37  =  1.80 (same as   A)
 NON-STANDARD atom.| O6 | in residue>  DG I -37 
 ASSUMED vdw of  O6  in  DG I -37  =  1.40 (same as   G)
 NON-STANDARD atom.| N1 | in residue>  DG I -37 
 ASSUMED vdw of  N1  in  DG I -37  =  1.60 (same as   A)
 NON-STANDARD atom.| C2 | in residue>  DG I -37 
 ASSUMED vdw of  C2  in  DG I -37  =  1.80 (same as   A)
 NON-STANDARD atom.| N2 | in residue>  DG I -37 
 ASSUMED vdw of  N2  in  DG I -37  =  1.60 (same as   G)
 NON-STANDARD atom.| N3 | in residue>  DG I -37 
 ASSUMED vdw of  N3  in  DG I -37  =  1.60 (same as   A)
 NON-STANDARD atom.| C4 | in residue>  DG I -37 
 ASSUMED vdw of  C4  in  DG I -37  =  1.80 (same as   A)
 UNKNOWN residue type.............>  DG I -36 
 NON-STANDARD atom.| P  | in residue>  DG I -36 
 ASSUMED vdw of  P   in  DG I -36  =  1.90 (same as   A)
 NON-STANDARD atom.| OP1| in residue>  DG I -36 
 GUESSED vdw of  OP1 in  DG I -36  =  1.40
 NON-STANDARD atom.| OP2| in residue>  DG I -36 
 GUESSED vdw of  OP2 in  DG I -36  =  1.40
 NON-STANDARD atom.| O5'| in residue>  DG I -36 
 GUESSED vdw of  O5' in  DG I -36  =  1.40
 NON-STANDARD atom.| C5'| in residue>  DG I -36 
 GUESSED vdw of  C5' in  DG I -36  =  1.80
 NON-STANDARD atom.| C4'| in residue>  DG I -36 
 GUESSED vdw of  C4' in  DG I -36  =  1.80
 NON-STANDARD atom.| O4'| in residue>  DG I -36 
 GUESSED vdw of  O4' in  DG I -36  =  1.40
 NON-STANDARD atom.| C3'| in residue>  DG I -36 
 GUESSED vdw of  C3' in  DG I -36  =  1.80
 NON-STANDARD atom.| O3'| in residue>  DG I -36 
 GUESSED vdw of  O3' in  DG I -36  =  1.40
 NON-STANDARD atom.| C2'| in residue>  DG I -36 
 GUESSED vdw of  C2' in  DG I -36  =  1.80
 NON-STANDARD atom.| C1'| in residue>  DG I -36 
 GUESSED vdw of  C1' in  DG I -36  =  1.80
 NON-STANDARD atom.| N9 | in residue>  DG I -36 
 ASSUMED vdw of  N9  in  DG I -36  =  1.60 (same as   A)
 NON-STANDARD atom.| C8 | in residue>  DG I -36 
 ASSUMED vdw of  C8  in  DG I -36  =  1.80 (same as   A)
 NON-STANDARD atom.| N7 | in residue>  DG I -36 
 ASSUMED vdw of  N7  in  DG I -36  =  1.60 (same as   A)
 NON-STANDARD atom.| C5 | in residue>  DG I -36 
 ASSUMED vdw of  C5  in  DG I -36  =  1.80 (same as   A)
 NON-STANDARD atom.| C6 | in residue>  DG I -36 
 ASSUMED vdw of  C6  in  DG I -36  =  1.80 (same as   A)
 NON-STANDARD atom.| O6 | in residue>  DG I -36 
 ASSUMED vdw of  O6  in  DG I -36  =  1.40 (same as   G)
 NON-STANDARD atom.| N1 | in residue>  DG I -36 
 ASSUMED vdw of  N1  in  DG I -36  =  1.60 (same as   A)
 NON-STANDARD atom.| C2 | in residue>  DG I -36 
 ASSUMED vdw of  C2  in  DG I -36  =  1.80 (same as   A)
 NON-STANDARD atom.| N2 | in residue>  DG I -36 
 ASSUMED vdw of  N2  in  DG I -36  =  1.60 (same as   G)
 NON-STANDARD atom.| N3 | in residue>  DG I -36 
 ASSUMED vdw of  N3  in  DG I -36  =  1.60 (same as   A)
 NON-STANDARD atom.| C4 | in residue>  DG I -36 
 ASSUMED vdw of  C4  in  DG I -36  =  1.80 (same as   A)
 UNKNOWN residue type.............>  DG I -35 
 NON-STANDARD atom.| P  | in residue>  DG I -35 
 ASSUMED vdw of  P   in  DG I -35  =  1.90 (same as   A)
 NON-STANDARD atom.| OP1| in residue>  DG I -35 
 GUESSED vdw of  OP1 in  DG I -35  =  1.40
 NON-STANDARD atom.| OP2| in residue>  DG I -35 
 GUESSED vdw of  OP2 in  DG I -35  =  1.40
 NON-STANDARD atom.| O5'| in residue>  DG I -35 
 GUESSED vdw of  O5' in  DG I -35  =  1.40
 NON-STANDARD atom.| C5'| in residue>  DG I -35 
 GUESSED vdw of  C5' in  DG I -35  =  1.80
 NON-STANDARD atom.| C4'| in residue>  DG I -35 
 GUESSED vdw of  C4' in  DG I -35  =  1.80
 NON-STANDARD atom.| O4'| in residue>  DG I -35 
 GUESSED vdw of  O4' in  DG I -35  =  1.40
 NON-STANDARD atom.| C3'| in residue>  DG I -35 
 GUESSED vdw of  C3' in  DG I -35  =  1.80
 NON-STANDARD atom.| O3'| in residue>  DG I -35 
 GUESSED vdw of  O3' in  DG I -35  =  1.40
 NON-STANDARD atom.| C2'| in residue>  DG I -35 
 GUESSED vdw of  C2' in  DG I -35  =  1.80
 NON-STANDARD atom.| C1'| in residue>  DG I -35 
 GUESSED vdw of  C1' in  DG I -35  =  1.80
 NON-STANDARD atom.| N9 | in residue>  DG I -35 
 ASSUMED vdw of  N9  in  DG I -35  =  1.60 (same as   A)
 NON-STANDARD atom.| C8 | in residue>  DG I -35 
 ASSUMED vdw of  C8  in  DG I -35  =  1.80 (same as   A)
 NON-STANDARD atom.| N7 | in residue>  DG I -35 
 ASSUMED vdw of  N7  in  DG I -35  =  1.60 (same as   A)
 NON-STANDARD atom.| C5 | in residue>  DG I -35 
 ASSUMED vdw of  C5  in  DG I -35  =  1.80 (same as   A)
 NON-STANDARD atom.| C6 | in residue>  DG I -35 
 ASSUMED vdw of  C6  in  DG I -35  =  1.80 (same as   A)
 NON-STANDARD atom.| O6 | in residue>  DG I -35 
 ASSUMED vdw of  O6  in  DG I -35  =  1.40 (same as   G)
 NON-STANDARD atom.| N1 | in residue>  DG I -35 
 ASSUMED vdw of  N1  in  DG I -35  =  1.60 (same as   A)
 NON-STANDARD atom.| C2 | in residue>  DG I -35 
 ASSUMED vdw of  C2  in  DG I -35  =  1.80 (same as   A)
 NON-STANDARD atom.| N2 | in residue>  DG I -35 
 ASSUMED vdw of  N2  in  DG I -35  =  1.60 (same as   G)
 NON-STANDARD atom.| N3 | in residue>  DG I -35 
 ASSUMED vdw of  N3  in  DG I -35  =  1.60 (same as   A)
 NON-STANDARD atom.| C4 | in residue>  DG I -35 
 ASSUMED vdw of  C4  in  DG I -35  =  1.80 (same as   A)
 UNKNOWN residue type.............>  DA I -34 
 NON-STANDARD atom.| P  | in residue>  DA I -34 
 ASSUMED vdw of  P   in  DA I -34  =  1.90 (same as   A)
 NON-STANDARD atom.| OP1| in residue>  DA I -34 
 GUESSED vdw of  OP1 in  DA I -34  =  1.40
 NON-STANDARD atom.| OP2| in residue>  DA I -34 
 GUESSED vdw of  OP2 in  DA I -34  =  1.40
 NON-STANDARD atom.| O5'| in residue>  DA I -34 
 GUESSED vdw of  O5' in  DA I -34  =  1.40
 NON-STANDARD atom.| C5'| in residue>  DA I -34 
 GUESSED vdw of  C5' in  DA I -34  =  1.80
 NON-STANDARD atom.| C4'| in residue>  DA I -34 
 GUESSED vdw of  C4' in  DA I -34  =  1.80
 NON-STANDARD atom.| O4'| in residue>  DA I -34 
 GUESSED vdw of  O4' in  DA I -34  =  1.40
 NON-STANDARD atom.| C3'| in residue>  DA I -34 
 GUESSED vdw of  C3' in  DA I -34  =  1.80
 NON-STANDARD atom.| O3'| in residue>  DA I -34 
 GUESSED vdw of  O3' in  DA I -34  =  1.40
 NON-STANDARD atom.| C2'| in residue>  DA I -34 
 GUESSED vdw of  C2' in  DA I -34  =  1.80
 NON-STANDARD atom.| C1'| in residue>  DA I -34 
 GUESSED vdw of  C1' in  DA I -34  =  1.80
 NON-STANDARD atom.| N9 | in residue>  DA I -34 
 ASSUMED vdw of  N9  in  DA I -34  =  1.60 (same as   A)
 NON-STANDARD atom.| C8 | in residue>  DA I -34 
 ASSUMED vdw of  C8  in  DA I -34  =  1.80 (same as   A)
 NON-STANDARD atom.| N7 | in residue>  DA I -34 
 ASSUMED vdw of  N7  in  DA I -34  =  1.60 (same as   A)
 NON-STANDARD atom.| C5 | in residue>  DA I -34 
 ASSUMED vdw of  C5  in  DA I -34  =  1.80 (same as   A)
 NON-STANDARD atom.| C6 | in residue>  DA I -34 
 ASSUMED vdw of  C6  in  DA I -34  =  1.80 (same as   A)
 NON-STANDARD atom.| N6 | in residue>  DA I -34 
 ASSUMED vdw of  N6  in  DA I -34  =  1.60 (same as   A)
 NON-STANDARD atom.| N1 | in residue>  DA I -34 
 ASSUMED vdw of  N1  in  DA I -34  =  1.60 (same as   A)
 NON-STANDARD atom.| C2 | in residue>  DA I -34 
 ASSUMED vdw of  C2  in  DA I -34  =  1.80 (same as   A)
 NON-STANDARD atom.| N3 | in residue>  DA I -34 
 ASSUMED vdw of  N3  in  DA I -34  =  1.60 (same as   A)
 NON-STANDARD atom.| C4 | in residue>  DA I -34 
 ASSUMED vdw of  C4  in  DA I -34  =  1.80 (same as   A)
 UNKNOWN residue type.............>  DG I -33 
 NON-STANDARD atom.| P  | in residue>  DG I -33 
 ASSUMED vdw of  P   in  DG I -33  =  1.90 (same as   A)
 NON-STANDARD atom.| OP1| in residue>  DG I -33 
 GUESSED vdw of  OP1 in  DG I -33  =  1.40
 NON-STANDARD atom.| OP2| in residue>  DG I -33 
 GUESSED vdw of  OP2 in  DG I -33  =  1.40
 NON-STANDARD atom.| O5'| in residue>  DG I -33 
 GUESSED vdw of  O5' in  DG I -33  =  1.40
 NON-STANDARD atom.| C5'| in residue>  DG I -33 
 GUESSED vdw of  C5' in  DG I -33  =  1.80
 NON-STANDARD atom.| C4'| in residue>  DG I -33 
 GUESSED vdw of  C4' in  DG I -33  =  1.80
 NON-STANDARD atom.| O4'| in residue>  DG I -33 
 GUESSED vdw of  O4' in  DG I -33  =  1.40
 NON-STANDARD atom.| C3'| in residue>  DG I -33 
 GUESSED vdw of  C3' in  DG I -33  =  1.80
 NON-STANDARD atom.| O3'| in residue>  DG I -33 
 GUESSED vdw of  O3' in  DG I -33  =  1.40
 NON-STANDARD atom.| C2'| in residue>  DG I -33 
 GUESSED vdw of  C2' in  DG I -33  =  1.80
 NON-STANDARD atom.| C1'| in residue>  DG I -33 
 GUESSED vdw of  C1' in  DG I -33  =  1.80
 NON-STANDARD atom.| N9 | in residue>  DG I -33 
 ASSUMED vdw of  N9  in  DG I -33  =  1.60 (same as   A)
 NON-STANDARD atom.| C8 | in residue>  DG I -33 
 ASSUMED vdw of  C8  in  DG I -33  =  1.80 (same as   A)
 NON-STANDARD atom.| N7 | in residue>  DG I -33 
 ASSUMED vdw of  N7  in  DG I -33  =  1.60 (same as   A)
 NON-STANDARD atom.| C5 | in residue>  DG I -33 
 ASSUMED vdw of  C5  in  DG I -33  =  1.80 (same as   A)
 NON-STANDARD atom.| C6 | in residue>  DG I -33 
 ASSUMED vdw of  C6  in  DG I -33  =  1.80 (same as   A)
 NON-STANDARD atom.| O6 | in residue>  DG I -33 
 ASSUMED vdw of  O6  in  DG I -33  =  1.40 (same as   G)
 NON-STANDARD atom.| N1 | in residue>  DG I -33 
 ASSUMED vdw of  N1  in  DG I -33  =  1.60 (same as   A)
 NON-STANDARD atom.| C2 | in residue>  DG I -33 
 ASSUMED vdw of  C2  in  DG I -33  =  1.80 (same as   A)
 NON-STANDARD atom.| N2 | in residue>  DG I -33 
 ASSUMED vdw of  N2  in  DG I -33  =  1.60 (same as   G)
 NON-STANDARD atom.| N3 | in residue>  DG I -33 
 ASSUMED vdw of  N3  in  DG I -33  =  1.60 (same as   A)
 NON-STANDARD atom.| C4 | in residue>  DG I -33 
 ASSUMED vdw of  C4  in  DG I -33  =  1.80 (same as   A)
 UNKNOWN residue type.............>  DT I -32 
 NON-STANDARD atom.| P  | in residue>  DT I -32 
 ASSUMED vdw of  P   in  DT I -32  =  1.90 (same as   A)
 NON-STANDARD atom.| OP1| in residue>  DT I -32 
 GUESSED vdw of  OP1 in  DT I -32  =  1.40
 NON-STANDARD atom.| OP2| in residue>  DT I -32 
 GUESSED vdw of  OP2 in  DT I -32  =  1.40
 NON-STANDARD atom.| O5'| in residue>  DT I -32 
 GUESSED vdw of  O5' in  DT I -32  =  1.40
 NON-STANDARD atom.| C5'| in residue>  DT I -32 
 GUESSED vdw of  C5' in  DT I -32  =  1.80
 NON-STANDARD atom.| C4'| in residue>  DT I -32 
 GUESSED vdw of  C4' in  DT I -32  =  1.80
 NON-STANDARD atom.| O4'| in residue>  DT I -32 
 GUESSED vdw of  O4' in  DT I -32  =  1.40
 NON-STANDARD atom.| C3'| in residue>  DT I -32 
 GUESSED vdw of  C3' in  DT I -32  =  1.80
 NON-STANDARD atom.| O3'| in residue>  DT I -32 
 GUESSED vdw of  O3' in  DT I -32  =  1.40
 NON-STANDARD atom.| C2'| in residue>  DT I -32 
 GUESSED vdw of  C2' in  DT I -32  =  1.80
 NON-STANDARD atom.| C1'| in residue>  DT I -32 
 GUESSED vdw of  C1' in  DT I -32  =  1.80
 NON-STANDARD atom.| N1 | in residue>  DT I -32 
 ASSUMED vdw of  N1  in  DT I -32  =  1.60 (same as   A)
 NON-STANDARD atom.| C2 | in residue>  DT I -32 
 ASSUMED vdw of  C2  in  DT I -32  =  1.80 (same as   A)
 NON-STANDARD atom.| O2 | in residue>  DT I -32 
 ASSUMED vdw of  O2  in  DT I -32  =  1.40 (same as   C)
 NON-STANDARD atom.| N3 | in residue>  DT I -32 
 ASSUMED vdw of  N3  in  DT I -32  =  1.60 (same as   A)
 NON-STANDARD atom.| C4 | in residue>  DT I -32 
 ASSUMED vdw of  C4  in  DT I -32  =  1.80 (same as   A)
 NON-STANDARD atom.| O4 | in residue>  DT I -32 
 ASSUMED vdw of  O4  in  DT I -32  =  1.40 (same as   T)
 NON-STANDARD atom.| C5 | in residue>  DT I -32 
 ASSUMED vdw of  C5  in  DT I -32  =  1.80 (same as   A)
 NON-STANDARD atom.| C7 | in residue>  DT I -32 
 GUESSED vdw of  C7  in  DT I -32  =  1.80
 NON-STANDARD atom.| C6 | in residue>  DT I -32 
 ASSUMED vdw of  C6  in  DT I -32  =  1.80 (same as   A)
 UNKNOWN residue type.............>  DA I -31 
 NON-STANDARD atom.| P  | in residue>  DA I -31 
 ASSUMED vdw of  P   in  DA I -31  =  1.90 (same as   A)
 NON-STANDARD atom.| OP1| in residue>  DA I -31 
 GUESSED vdw of  OP1 in  DA I -31  =  1.40
 NON-STANDARD atom.| OP2| in residue>  DA I -31 
 GUESSED vdw of  OP2 in  DA I -31  =  1.40
 NON-STANDARD atom.| O5'| in residue>  DA I -31 
 GUESSED vdw of  O5' in  DA I -31  =  1.40
 NON-STANDARD atom.| C5'| in residue>  DA I -31 
 GUESSED vdw of  C5' in  DA I -31  =  1.80
 NON-STANDARD atom.| C4'| in residue>  DA I -31 
 GUESSED vdw of  C4' in  DA I -31  =  1.80
 NON-STANDARD atom.| O4'| in residue>  DA I -31 
 GUESSED vdw of  O4' in  DA I -31  =  1.40
 NON-STANDARD atom.| C3'| in residue>  DA I -31 
 GUESSED vdw of  C3' in  DA I -31  =  1.80
 NON-STANDARD atom.| O3'| in residue>  DA I -31 
 GUESSED vdw of  O3' in  DA I -31  =  1.40
 NON-STANDARD atom.| C2'| in residue>  DA I -31 
 GUESSED vdw of  C2' in  DA I -31  =  1.80
 NON-STANDARD atom.| C1'| in residue>  DA I -31 
 GUESSED vdw of  C1' in  DA I -31  =  1.80
 NON-STANDARD atom.| N9 | in residue>  DA I -31 
 ASSUMED vdw of  N9  in  DA I -31  =  1.60 (same as   A)
 NON-STANDARD atom.| C8 | in residue>  DA I -31 
 ASSUMED vdw of  C8  in  DA I -31  =  1.80 (same as   A)
 NON-STANDARD atom.| N7 | in residue>  DA I -31 
 ASSUMED vdw of  N7  in  DA I -31  =  1.60 (same as   A)
 NON-STANDARD atom.| C5 | in residue>  DA I -31 
 ASSUMED vdw of  C5  in  DA I -31  =  1.80 (same as   A)
 NON-STANDARD atom.| C6 | in residue>  DA I -31 
 ASSUMED vdw of  C6  in  DA I -31  =  1.80 (same as   A)
 NON-STANDARD atom.| N6 | in residue>  DA I -31 
 ASSUMED vdw of  N6  in  DA I -31  =  1.60 (same as   A)
 NON-STANDARD atom.| N1 | in residue>  DA I -31 
 ASSUMED vdw of  N1  in  DA I -31  =  1.60 (same as   A)
 NON-STANDARD atom.| C2 | in residue>  DA I -31 
 ASSUMED vdw of  C2  in  DA I -31  =  1.80 (same as   A)
 NON-STANDARD atom.| N3 | in residue>  DA I -31 
 ASSUMED vdw of  N3  in  DA I -31  =  1.60 (same as   A)
 NON-STANDARD atom.| C4 | in residue>  DA I -31 
 ASSUMED vdw of  C4  in  DA I -31  =  1.80 (same as   A)
 UNKNOWN residue type.............>  DA I -30 
 NON-STANDARD atom.| P  | in residue>  DA I -30 
 ASSUMED vdw of  P   in  DA I -30  =  1.90 (same as   A)
 NON-STANDARD atom.| OP1| in residue>  DA I -30 
 GUESSED vdw of  OP1 in  DA I -30  =  1.40
 NON-STANDARD atom.| OP2| in residue>  DA I -30 
 GUESSED vdw of  OP2 in  DA I -30  =  1.40
 NON-STANDARD atom.| O5'| in residue>  DA I -30 
 GUESSED vdw of  O5' in  DA I -30  =  1.40
 NON-STANDARD atom.| C5'| in residue>  DA I -30 
 GUESSED vdw of  C5' in  DA I -30  =  1.80
 NON-STANDARD atom.| C4'| in residue>  DA I -30 
 GUESSED vdw of  C4' in  DA I -30  =  1.80
 NON-STANDARD atom.| O4'| in residue>  DA I -30 
 GUESSED vdw of  O4' in  DA I -30  =  1.40
 NON-STANDARD atom.| C3'| in residue>  DA I -30 
 GUESSED vdw of  C3' in  DA I -30  =  1.80
 NON-STANDARD atom.| O3'| in residue>  DA I -30 
 GUESSED vdw of  O3' in  DA I -30  =  1.40
 NON-STANDARD atom.| C2'| in residue>  DA I -30 
 GUESSED vdw of  C2' in  DA I -30  =  1.80
 NON-STANDARD atom.| C1'| in residue>  DA I -30 
 GUESSED vdw of  C1' in  DA I -30  =  1.80
 NON-STANDARD atom.| N9 | in residue>  DA I -30 
 ASSUMED vdw of  N9  in  DA I -30  =  1.60 (same as   A)
 NON-STANDARD atom.| C8 | in residue>  DA I -30 
 ASSUMED vdw of  C8  in  DA I -30  =  1.80 (same as   A)
 NON-STANDARD atom.| N7 | in residue>  DA I -30 
 ASSUMED vdw of  N7  in  DA I -30  =  1.60 (same as   A)
 NON-STANDARD atom.| C5 | in residue>  DA I -30 
 ASSUMED vdw of  C5  in  DA I -30  =  1.80 (same as   A)
 NON-STANDARD atom.| C6 | in residue>  DA I -30 
 ASSUMED vdw of  C6  in  DA I -30  =  1.80 (same as   A)
 NON-STANDARD atom.| N6 | in residue>  DA I -30 
 ASSUMED vdw of  N6  in  DA I -30  =  1.60 (same as   A)
 NON-STANDARD atom.| N1 | in residue>  DA I -30 
 ASSUMED vdw of  N1  in  DA I -30  =  1.60 (same as   A)
 NON-STANDARD atom.| C2 | in residue>  DA I -30 
 ASSUMED vdw of  C2  in  DA I -30  =  1.80 (same as   A)
 NON-STANDARD atom.| N3 | in residue>  DA I -30 
 ASSUMED vdw of  N3  in  DA I -30  =  1.60 (same as   A)
 NON-STANDARD atom.| C4 | in residue>  DA I -30 
 ASSUMED vdw of  C4  in  DA I -30  =  1.80 (same as   A)
 UNKNOWN residue type.............>  DT I -29 
 NON-STANDARD atom.| P  | in residue>  DT I -29 
 ASSUMED vdw of  P   in  DT I -29  =  1.90 (same as   A)
 NON-STANDARD atom.| OP1| in residue>  DT I -29 
 GUESSED vdw of  OP1 in  DT I -29  =  1.40
 NON-STANDARD atom.| OP2| in residue>  DT I -29 
 GUESSED vdw of  OP2 in  DT I -29  =  1.40
 NON-STANDARD atom.| O5'| in residue>  DT I -29 
 GUESSED vdw of  O5' in  DT I -29  =  1.40
 NON-STANDARD atom.| C5'| in residue>  DT I -29 
 GUESSED vdw of  C5' in  DT I -29  =  1.80
 NON-STANDARD atom.| C4'| in residue>  DT I -29 
 GUESSED vdw of  C4' in  DT I -29  =  1.80
 NON-STANDARD atom.| O4'| in residue>  DT I -29 
 GUESSED vdw of  O4' in  DT I -29  =  1.40
 NON-STANDARD atom.| C3'| in residue>  DT I -29 
 GUESSED vdw of  C3' in  DT I -29  =  1.80
 NON-STANDARD atom.| O3'| in residue>  DT I -29 
 GUESSED vdw of  O3' in  DT I -29  =  1.40
 NON-STANDARD atom.| C2'| in residue>  DT I -29 
 GUESSED vdw of  C2' in  DT I -29  =  1.80
 NON-STANDARD atom.| C1'| in residue>  DT I -29 
 GUESSED vdw of  C1' in  DT I -29  =  1.80
 NON-STANDARD atom.| N1 | in residue>  DT I -29 
 ASSUMED vdw of  N1  in  DT I -29  =  1.60 (same as   A)
 NON-STANDARD atom.| C2 | in residue>  DT I -29 
 ASSUMED vdw of  C2  in  DT I -29  =  1.80 (same as   A)
 NON-STANDARD atom.| O2 | in residue>  DT I -29 
 ASSUMED vdw of  O2  in  DT I -29  =  1.40 (same as   C)
 NON-STANDARD atom.| N3 | in residue>  DT I -29 
 ASSUMED vdw of  N3  in  DT I -29  =  1.60 (same as   A)
 NON-STANDARD atom.| C4 | in residue>  DT I -29 
 ASSUMED vdw of  C4  in  DT I -29  =  1.80 (same as   A)
 NON-STANDARD atom.| O4 | in residue>  DT I -29 
 ASSUMED vdw of  O4  in  DT I -29  =  1.40 (same as   T)
 NON-STANDARD atom.| C5 | in residue>  DT I -29 
 ASSUMED vdw of  C5  in  DT I -29  =  1.80 (same as   A)
 NON-STANDARD atom.| C7 | in residue>  DT I -29 
 GUESSED vdw of  C7  in  DT I -29  =  1.80
 NON-STANDARD atom.| C6 | in residue>  DT I -29 
 ASSUMED vdw of  C6  in  DT I -29  =  1.80 (same as   A)
 UNKNOWN residue type.............>  DC I -28 
 NON-STANDARD atom.| P  | in residue>  DC I -28 
 ASSUMED vdw of  P   in  DC I -28  =  1.90 (same as   A)
 NON-STANDARD atom.| OP1| in residue>  DC I -28 
 GUESSED vdw of  OP1 in  DC I -28  =  1.40
 NON-STANDARD atom.| OP2| in residue>  DC I -28 
 GUESSED vdw of  OP2 in  DC I -28  =  1.40
 NON-STANDARD atom.| O5'| in residue>  DC I -28 
 GUESSED vdw of  O5' in  DC I -28  =  1.40
 NON-STANDARD atom.| C5'| in residue>  DC I -28 
 GUESSED vdw of  C5' in  DC I -28  =  1.80
 NON-STANDARD atom.| C4'| in residue>  DC I -28 
 GUESSED vdw of  C4' in  DC I -28  =  1.80
 NON-STANDARD atom.| O4'| in residue>  DC I -28 
 GUESSED vdw of  O4' in  DC I -28  =  1.40
 NON-STANDARD atom.| C3'| in residue>  DC I -28 
 GUESSED vdw of  C3' in  DC I -28  =  1.80
 NON-STANDARD atom.| O3'| in residue>  DC I -28 
 GUESSED vdw of  O3' in  DC I -28  =  1.40
 NON-STANDARD atom.| C2'| in residue>  DC I -28 
 GUESSED vdw of  C2' in  DC I -28  =  1.80
 NON-STANDARD atom.| C1'| in residue>  DC I -28 
 GUESSED vdw of  C1' in  DC I -28  =  1.80
 NON-STANDARD atom.| N1 | in residue>  DC I -28 
 ASSUMED vdw of  N1  in  DC I -28  =  1.60 (same as   A)
 NON-STANDARD atom.| C2 | in residue>  DC I -28 
 ASSUMED vdw of  C2  in  DC I -28  =  1.80 (same as   A)
 NON-STANDARD atom.| O2 | in residue>  DC I -28 
 ASSUMED vdw of  O2  in  DC I -28  =  1.40 (same as   C)
 NON-STANDARD atom.| N3 | in residue>  DC I -28 
 ASSUMED vdw of  N3  in  DC I -28  =  1.60 (same as   A)
 NON-STANDARD atom.| C4 | in residue>  DC I -28 
 ASSUMED vdw of  C4  in  DC I -28  =  1.80 (same as   A)
 NON-STANDARD atom.| N4 | in residue>  DC I -28 
 ASSUMED vdw of  N4  in  DC I -28  =  1.60 (same as   C)
 NON-STANDARD atom.| C5 | in residue>  DC I -28 
 ASSUMED vdw of  C5  in  DC I -28  =  1.80 (same as   A)
 NON-STANDARD atom.| C6 | in residue>  DC I -28 
 ASSUMED vdw of  C6  in  DC I -28  =  1.80 (same as   A)
 UNKNOWN residue type.............>  DC I -27 
 NON-STANDARD atom.| P  | in residue>  DC I -27 
 ASSUMED vdw of  P   in  DC I -27  =  1.90 (same as   A)
 NON-STANDARD atom.| OP1| in residue>  DC I -27 
 GUESSED vdw of  OP1 in  DC I -27  =  1.40
 NON-STANDARD atom.| OP2| in residue>  DC I -27 
 GUESSED vdw of  OP2 in  DC I -27  =  1.40
 NON-STANDARD atom.| O5'| in residue>  DC I -27 
 GUESSED vdw of  O5' in  DC I -27  =  1.40
 NON-STANDARD atom.| C5'| in residue>  DC I -27 
 GUESSED vdw of  C5' in  DC I -27  =  1.80
 NON-STANDARD atom.| C4'| in residue>  DC I -27 
 GUESSED vdw of  C4' in  DC I -27  =  1.80
 NON-STANDARD atom.| O4'| in residue>  DC I -27 
 GUESSED vdw of  O4' in  DC I -27  =  1.40
 NON-STANDARD atom.| C3'| in residue>  DC I -27 
 GUESSED vdw of  C3' in  DC I -27  =  1.80
 NON-STANDARD atom.| O3'| in residue>  DC I -27 
 GUESSED vdw of  O3' in  DC I -27  =  1.40
 NON-STANDARD atom.| C2'| in residue>  DC I -27 
 GUESSED vdw of  C2' in  DC I -27  =  1.80
 NON-STANDARD atom.| C1'| in residue>  DC I -27 
 GUESSED vdw of  C1' in  DC I -27  =  1.80
 NON-STANDARD atom.| N1 | in residue>  DC I -27 
 ASSUMED vdw of  N1  in  DC I -27  =  1.60 (same as   A)
 NON-STANDARD atom.| C2 | in residue>  DC I -27 
 ASSUMED vdw of  C2  in  DC I -27  =  1.80 (same as   A)
 NON-STANDARD atom.| O2 | in residue>  DC I -27 
 ASSUMED vdw of  O2  in  DC I -27  =  1.40 (same as   C)
 NON-STANDARD atom.| N3 | in residue>  DC I -27 
 ASSUMED vdw of  N3  in  DC I -27  =  1.60 (same as   A)
 NON-STANDARD atom.| C4 | in residue>  DC I -27 
 ASSUMED vdw of  C4  in  DC I -27  =  1.80 (same as   A)
 NON-STANDARD atom.| N4 | in residue>  DC I -27 
 ASSUMED vdw of  N4  in  DC I -27  =  1.60 (same as   C)
 NON-STANDARD atom.| C5 | in residue>  DC I -27 
 ASSUMED vdw of  C5  in  DC I -27  =  1.80 (same as   A)
 NON-STANDARD atom.| C6 | in residue>  DC I -27 
 ASSUMED vdw of  C6  in  DC I -27  =  1.80 (same as   A)
 UNKNOWN residue type.............>  DC I -26 
 NON-STANDARD atom.| P  | in residue>  DC I -26 
 ASSUMED vdw of  P   in  DC I -26  =  1.90 (same as   A)
 NON-STANDARD atom.| OP1| in residue>  DC I -26 
 GUESSED vdw of  OP1 in  DC I -26  =  1.40
 NON-STANDARD atom.| OP2| in residue>  DC I -26 
 GUESSED vdw of  OP2 in  DC I -26  =  1.40
 NON-STANDARD atom.| O5'| in residue>  DC I -26 
 GUESSED vdw of  O5' in  DC I -26  =  1.40
 NON-STANDARD atom.| C5'| in residue>  DC I -26 
 GUESSED vdw of  C5' in  DC I -26  =  1.80
 NON-STANDARD atom.| C4'| in residue>  DC I -26 
 GUESSED vdw of  C4' in  DC I -26  =  1.80
 NON-STANDARD atom.| O4'| in residue>  DC I -26 
 GUESSED vdw of  O4' in  DC I -26  =  1.40
 NON-STANDARD atom.| C3'| in residue>  DC I -26 
 GUESSED vdw of  C3' in  DC I -26  =  1.80
 NON-STANDARD atom.| O3'| in residue>  DC I -26 
 GUESSED vdw of  O3' in  DC I -26  =  1.40
 NON-STANDARD atom.| C2'| in residue>  DC I -26 
 GUESSED vdw of  C2' in  DC I -26  =  1.80
 NON-STANDARD atom.| C1'| in residue>  DC I -26 
 GUESSED vdw of  C1' in  DC I -26  =  1.80
 NON-STANDARD atom.| N1 | in residue>  DC I -26 
 ASSUMED vdw of  N1  in  DC I -26  =  1.60 (same as   A)
 NON-STANDARD atom.| C2 | in residue>  DC I -26 
 ASSUMED vdw of  C2  in  DC I -26  =  1.80 (same as   A)
 NON-STANDARD atom.| O2 | in residue>  DC I -26 
 ASSUMED vdw of  O2  in  DC I -26  =  1.40 (same as   C)
 NON-STANDARD atom.| N3 | in residue>  DC I -26 
 ASSUMED vdw of  N3  in  DC I -26  =  1.60 (same as   A)
 NON-STANDARD atom.| C4 | in residue>  DC I -26 
 ASSUMED vdw of  C4  in  DC I -26  =  1.80 (same as   A)
 NON-STANDARD atom.| N4 | in residue>  DC I -26 
 ASSUMED vdw of  N4  in  DC I -26  =  1.60 (same as   C)
 NON-STANDARD atom.| C5 | in residue>  DC I -26 
 ASSUMED vdw of  C5  in  DC I -26  =  1.80 (same as   A)
 NON-STANDARD atom.| C6 | in residue>  DC I -26 
 ASSUMED vdw of  C6  in  DC I -26  =  1.80 (same as   A)
 UNKNOWN residue type.............>  DC I -25 
 NON-STANDARD atom.| P  | in residue>  DC I -25 
 ASSUMED vdw of  P   in  DC I -25  =  1.90 (same as   A)
 NON-STANDARD atom.| OP1| in residue>  DC I -25 
 GUESSED vdw of  OP1 in  DC I -25  =  1.40
 NON-STANDARD atom.| OP2| in residue>  DC I -25 
 GUESSED vdw of  OP2 in  DC I -25  =  1.40
 NON-STANDARD atom.| O5'| in residue>  DC I -25 
 GUESSED vdw of  O5' in  DC I -25  =  1.40
 NON-STANDARD atom.| C5'| in residue>  DC I -25 
 GUESSED vdw of  C5' in  DC I -25  =  1.80
 NON-STANDARD atom.| C4'| in residue>  DC I -25 
 GUESSED vdw of  C4' in  DC I -25  =  1.80
 NON-STANDARD atom.| O4'| in residue>  DC I -25 
 GUESSED vdw of  O4' in  DC I -25  =  1.40
 NON-STANDARD atom.| C3'| in residue>  DC I -25 
 GUESSED vdw of  C3' in  DC I -25  =  1.80
 NON-STANDARD atom.| O3'| in residue>  DC I -25 
 GUESSED vdw of  O3' in  DC I -25  =  1.40
 NON-STANDARD atom.| C2'| in residue>  DC I -25 
 GUESSED vdw of  C2' in  DC I -25  =  1.80
 NON-STANDARD atom.| C1'| in residue>  DC I -25 
 GUESSED vdw of  C1' in  DC I -25  =  1.80
 NON-STANDARD atom.| N1 | in residue>  DC I -25 
 ASSUMED vdw of  N1  in  DC I -25  =  1.60 (same as   A)
 NON-STANDARD atom.| C2 | in residue>  DC I -25 
 ASSUMED vdw of  C2  in  DC I -25  =  1.80 (same as   A)
 NON-STANDARD atom.| O2 | in residue>  DC I -25 
 ASSUMED vdw of  O2  in  DC I -25  =  1.40 (same as   C)
 NON-STANDARD atom.| N3 | in residue>  DC I -25 
 ASSUMED vdw of  N3  in  DC I -25  =  1.60 (same as   A)
 NON-STANDARD atom.| C4 | in residue>  DC I -25 
 ASSUMED vdw of  C4  in  DC I -25  =  1.80 (same as   A)
 NON-STANDARD atom.| N4 | in residue>  DC I -25 
 ASSUMED vdw of  N4  in  DC I -25  =  1.60 (same as   C)
 NON-STANDARD atom.| C5 | in residue>  DC I -25 
 ASSUMED vdw of  C5  in  DC I -25  =  1.80 (same as   A)
 NON-STANDARD atom.| C6 | in residue>  DC I -25 
 ASSUMED vdw of  C6  in  DC I -25  =  1.80 (same as   A)
 UNKNOWN residue type.............>  DT I -24 
 NON-STANDARD atom.| P  | in residue>  DT I -24 
 ASSUMED vdw of  P   in  DT I -24  =  1.90 (same as   A)
 NON-STANDARD atom.| OP1| in residue>  DT I -24 
 GUESSED vdw of  OP1 in  DT I -24  =  1.40
 NON-STANDARD atom.| OP2| in residue>  DT I -24 
 GUESSED vdw of  OP2 in  DT I -24  =  1.40
 NON-STANDARD atom.| O5'| in residue>  DT I -24 
 GUESSED vdw of  O5' in  DT I -24  =  1.40
 NON-STANDARD atom.| C5'| in residue>  DT I -24 
 GUESSED vdw of  C5' in  DT I -24  =  1.80
 NON-STANDARD atom.| C4'| in residue>  DT I -24 
 GUESSED vdw of  C4' in  DT I -24  =  1.80
 NON-STANDARD atom.| O4'| in residue>  DT I -24 
 GUESSED vdw of  O4' in  DT I -24  =  1.40
 NON-STANDARD atom.| C3'| in residue>  DT I -24 
 GUESSED vdw of  C3' in  DT I -24  =  1.80
 NON-STANDARD atom.| O3'| in residue>  DT I -24 
 GUESSED vdw of  O3' in  DT I -24  =  1.40
 NON-STANDARD atom.| C2'| in residue>  DT I -24 
 GUESSED vdw of  C2' in  DT I -24  =  1.80
 NON-STANDARD atom.| C1'| in residue>  DT I -24 
 GUESSED vdw of  C1' in  DT I -24  =  1.80
 NON-STANDARD atom.| N1 | in residue>  DT I -24 
 ASSUMED vdw of  N1  in  DT I -24  =  1.60 (same as   A)
 NON-STANDARD atom.| C2 | in residue>  DT I -24 
 ASSUMED vdw of  C2  in  DT I -24  =  1.80 (same as   A)
 NON-STANDARD atom.| O2 | in residue>  DT I -24 
 ASSUMED vdw of  O2  in  DT I -24  =  1.40 (same as   C)
 NON-STANDARD atom.| N3 | in residue>  DT I -24 
 ASSUMED vdw of  N3  in  DT I -24  =  1.60 (same as   A)
 NON-STANDARD atom.| C4 | in residue>  DT I -24 
 ASSUMED vdw of  C4  in  DT I -24  =  1.80 (same as   A)
 NON-STANDARD atom.| O4 | in residue>  DT I -24 
 ASSUMED vdw of  O4  in  DT I -24  =  1.40 (same as   T)
 NON-STANDARD atom.| C5 | in residue>  DT I -24 
 ASSUMED vdw of  C5  in  DT I -24  =  1.80 (same as   A)
 NON-STANDARD atom.| C7 | in residue>  DT I -24 
 GUESSED vdw of  C7  in  DT I -24  =  1.80
 NON-STANDARD atom.| C6 | in residue>  DT I -24 
 ASSUMED vdw of  C6  in  DT I -24  =  1.80 (same as   A)
 UNKNOWN residue type.............>  DT I -23 
 NON-STANDARD atom.| P  | in residue>  DT I -23 
 ASSUMED vdw of  P   in  DT I -23  =  1.90 (same as   A)
 NON-STANDARD atom.| OP1| in residue>  DT I -23 
 GUESSED vdw of  OP1 in  DT I -23  =  1.40
 NON-STANDARD atom.| OP2| in residue>  DT I -23 
 GUESSED vdw of  OP2 in  DT I -23  =  1.40
 NON-STANDARD atom.| O5'| in residue>  DT I -23 
 GUESSED vdw of  O5' in  DT I -23  =  1.40
 NON-STANDARD atom.| C5'| in residue>  DT I -23 
 GUESSED vdw of  C5' in  DT I -23  =  1.80
 NON-STANDARD atom.| C4'| in residue>  DT I -23 
 GUESSED vdw of  C4' in  DT I -23  =  1.80
 NON-STANDARD atom.| O4'| in residue>  DT I -23 
 GUESSED vdw of  O4' in  DT I -23  =  1.40
 NON-STANDARD atom.| C3'| in residue>  DT I -23 
 GUESSED vdw of  C3' in  DT I -23  =  1.80
 NON-STANDARD atom.| O3'| in residue>  DT I -23 
 GUESSED vdw of  O3' in  DT I -23  =  1.40
 NON-STANDARD atom.| C2'| in residue>  DT I -23 
 GUESSED vdw of  C2' in  DT I -23  =  1.80
 NON-STANDARD atom.| C1'| in residue>  DT I -23 
 GUESSED vdw of  C1' in  DT I -23  =  1.80
 NON-STANDARD atom.| N1 | in residue>  DT I -23 
 ASSUMED vdw of  N1  in  DT I -23  =  1.60 (same as   A)
 NON-STANDARD atom.| C2 | in residue>  DT I -23 
 ASSUMED vdw of  C2  in  DT I -23  =  1.80 (same as   A)
 NON-STANDARD atom.| O2 | in residue>  DT I -23 
 ASSUMED vdw of  O2  in  DT I -23  =  1.40 (same as   C)
 NON-STANDARD atom.| N3 | in residue>  DT I -23 
 ASSUMED vdw of  N3  in  DT I -23  =  1.60 (same as   A)
 NON-STANDARD atom.| C4 | in residue>  DT I -23 
 ASSUMED vdw of  C4  in  DT I -23  =  1.80 (same as   A)
 NON-STANDARD atom.| O4 | in residue>  DT I -23 
 ASSUMED vdw of  O4  in  DT I -23  =  1.40 (same as   T)
 NON-STANDARD atom.| C5 | in residue>  DT I -23 
 ASSUMED vdw of  C5  in  DT I -23  =  1.80 (same as   A)
 NON-STANDARD atom.| C7 | in residue>  DT I -23 
 GUESSED vdw of  C7  in  DT I -23  =  1.80
 NON-STANDARD atom.| C6 | in residue>  DT I -23 
 ASSUMED vdw of  C6  in  DT I -23  =  1.80 (same as   A)
 UNKNOWN residue type.............>  DG I -22 
 NON-STANDARD atom.| P  | in residue>  DG I -22 
 ASSUMED vdw of  P   in  DG I -22  =  1.90 (same as   A)
 NON-STANDARD atom.| OP1| in residue>  DG I -22 
 GUESSED vdw of  OP1 in  DG I -22  =  1.40
 NON-STANDARD atom.| OP2| in residue>  DG I -22 
 GUESSED vdw of  OP2 in  DG I -22  =  1.40
 NON-STANDARD atom.| O5'| in residue>  DG I -22 
 GUESSED vdw of  O5' in  DG I -22  =  1.40
 NON-STANDARD atom.| C5'| in residue>  DG I -22 
 GUESSED vdw of  C5' in  DG I -22  =  1.80
 NON-STANDARD atom.| C4'| in residue>  DG I -22 
 GUESSED vdw of  C4' in  DG I -22  =  1.80
 NON-STANDARD atom.| O4'| in residue>  DG I -22 
 GUESSED vdw of  O4' in  DG I -22  =  1.40
 NON-STANDARD atom.| C3'| in residue>  DG I -22 
 GUESSED vdw of  C3' in  DG I -22  =  1.80
 NON-STANDARD atom.| O3'| in residue>  DG I -22 
 GUESSED vdw of  O3' in  DG I -22  =  1.40
 NON-STANDARD atom.| C2'| in residue>  DG I -22 
 GUESSED vdw of  C2' in  DG I -22  =  1.80
 NON-STANDARD atom.| C1'| in residue>  DG I -22 
 GUESSED vdw of  C1' in  DG I -22  =  1.80
 NON-STANDARD atom.| N9 | in residue>  DG I -22 
 ASSUMED vdw of  N9  in  DG I -22  =  1.60 (same as   A)
 NON-STANDARD atom.| C8 | in residue>  DG I -22 
 ASSUMED vdw of  C8  in  DG I -22  =  1.80 (same as   A)
 NON-STANDARD atom.| N7 | in residue>  DG I -22 
 ASSUMED vdw of  N7  in  DG I -22  =  1.60 (same as   A)
 NON-STANDARD atom.| C5 | in residue>  DG I -22 
 ASSUMED vdw of  C5  in  DG I -22  =  1.80 (same as   A)
 NON-STANDARD atom.| C6 | in residue>  DG I -22 
 ASSUMED vdw of  C6  in  DG I -22  =  1.80 (same as   A)
 NON-STANDARD atom.| O6 | in residue>  DG I -22 
 ASSUMED vdw of  O6  in  DG I -22  =  1.40 (same as   G)
 NON-STANDARD atom.| N1 | in residue>  DG I -22 
 ASSUMED vdw of  N1  in  DG I -22  =  1.60 (same as   A)
 NON-STANDARD atom.| C2 | in residue>  DG I -22 
 ASSUMED vdw of  C2  in  DG I -22  =  1.80 (same as   A)
 NON-STANDARD atom.| N2 | in residue>  DG I -22 
 ASSUMED vdw of  N2  in  DG I -22  =  1.60 (same as   G)
 NON-STANDARD atom.| N3 | in residue>  DG I -22 
 ASSUMED vdw of  N3  in  DG I -22  =  1.60 (same as   A)
 NON-STANDARD atom.| C4 | in residue>  DG I -22 
 ASSUMED vdw of  C4  in  DG I -22  =  1.80 (same as   A)
 UNKNOWN residue type.............>  DG I -21 
 NON-STANDARD atom.| P  | in residue>  DG I -21 
 ASSUMED vdw of  P   in  DG I -21  =  1.90 (same as   A)
 NON-STANDARD atom.| OP1| in residue>  DG I -21 
 GUESSED vdw of  OP1 in  DG I -21  =  1.40
 NON-STANDARD atom.| OP2| in residue>  DG I -21 
 GUESSED vdw of  OP2 in  DG I -21  =  1.40
 NON-STANDARD atom.| O5'| in residue>  DG I -21 
 GUESSED vdw of  O5' in  DG I -21  =  1.40
 NON-STANDARD atom.| C5'| in residue>  DG I -21 
 GUESSED vdw of  C5' in  DG I -21  =  1.80
 NON-STANDARD atom.| C4'| in residue>  DG I -21 
 GUESSED vdw of  C4' in  DG I -21  =  1.80
 NON-STANDARD atom.| O4'| in residue>  DG I -21 
 GUESSED vdw of  O4' in  DG I -21  =  1.40
 NON-STANDARD atom.| C3'| in residue>  DG I -21 
 GUESSED vdw of  C3' in  DG I -21  =  1.80
 NON-STANDARD atom.| O3'| in residue>  DG I -21 
 GUESSED vdw of  O3' in  DG I -21  =  1.40
 NON-STANDARD atom.| C2'| in residue>  DG I -21 
 GUESSED vdw of  C2' in  DG I -21  =  1.80
 NON-STANDARD atom.| C1'| in residue>  DG I -21 
 GUESSED vdw of  C1' in  DG I -21  =  1.80
 NON-STANDARD atom.| N9 | in residue>  DG I -21 
 ASSUMED vdw of  N9  in  DG I -21  =  1.60 (same as   A)
 NON-STANDARD atom.| C8 | in residue>  DG I -21 
 ASSUMED vdw of  C8  in  DG I -21  =  1.80 (same as   A)
 NON-STANDARD atom.| N7 | in residue>  DG I -21 
 ASSUMED vdw of  N7  in  DG I -21  =  1.60 (same as   A)
 NON-STANDARD atom.| C5 | in residue>  DG I -21 
 ASSUMED vdw of  C5  in  DG I -21  =  1.80 (same as   A)
 NON-STANDARD atom.| C6 | in residue>  DG I -21 
 ASSUMED vdw of  C6  in  DG I -21  =  1.80 (same as   A)
 NON-STANDARD atom.| O6 | in residue>  DG I -21 
 ASSUMED vdw of  O6  in  DG I -21  =  1.40 (same as   G)
 NON-STANDARD atom.| N1 | in residue>  DG I -21 
 ASSUMED vdw of  N1  in  DG I -21  =  1.60 (same as   A)
 NON-STANDARD atom.| C2 | in residue>  DG I -21 
 ASSUMED vdw of  C2  in  DG I -21  =  1.80 (same as   A)
 NON-STANDARD atom.| N2 | in residue>  DG I -21 
 ASSUMED vdw of  N2  in  DG I -21  =  1.60 (same as   G)
 NON-STANDARD atom.| N3 | in residue>  DG I -21 
 ASSUMED vdw of  N3  in  DG I -21  =  1.60 (same as   A)
 NON-STANDARD atom.| C4 | in residue>  DG I -21 
 ASSUMED vdw of  C4  in  DG I -21  =  1.80 (same as   A)
 UNKNOWN residue type.............>  DC I -20 
 NON-STANDARD atom.| P  | in residue>  DC I -20 
 ASSUMED vdw of  P   in  DC I -20  =  1.90 (same as   A)
 NON-STANDARD atom.| OP1| in residue>  DC I -20 
 GUESSED vdw of  OP1 in  DC I -20  =  1.40
 NON-STANDARD atom.| OP2| in residue>  DC I -20 
 GUESSED vdw of  OP2 in  DC I -20  =  1.40
 NON-STANDARD atom.| O5'| in residue>  DC I -20 
 GUESSED vdw of  O5' in  DC I -20  =  1.40
 NON-STANDARD atom.| C5'| in residue>  DC I -20 
 GUESSED vdw of  C5' in  DC I -20  =  1.80
 NON-STANDARD atom.| C4'| in residue>  DC I -20 
 GUESSED vdw of  C4' in  DC I -20  =  1.80
 NON-STANDARD atom.| O4'| in residue>  DC I -20 
 GUESSED vdw of  O4' in  DC I -20  =  1.40
 NON-STANDARD atom.| C3'| in residue>  DC I -20 
 GUESSED vdw of  C3' in  DC I -20  =  1.80
 NON-STANDARD atom.| O3'| in residue>  DC I -20 
 GUESSED vdw of  O3' in  DC I -20  =  1.40
 NON-STANDARD atom.| C2'| in residue>  DC I -20 
 GUESSED vdw of  C2' in  DC I -20  =  1.80
 NON-STANDARD atom.| C1'| in residue>  DC I -20 
 GUESSED vdw of  C1' in  DC I -20  =  1.80
 NON-STANDARD atom.| N1 | in residue>  DC I -20 
 ASSUMED vdw of  N1  in  DC I -20  =  1.60 (same as   A)
 NON-STANDARD atom.| C2 | in residue>  DC I -20 
 ASSUMED vdw of  C2  in  DC I -20  =  1.80 (same as   A)
 NON-STANDARD atom.| O2 | in residue>  DC I -20 
 ASSUMED vdw of  O2  in  DC I -20  =  1.40 (same as   C)
 NON-STANDARD atom.| N3 | in residue>  DC I -20 
 ASSUMED vdw of  N3  in  DC I -20  =  1.60 (same as   A)
 NON-STANDARD atom.| C4 | in residue>  DC I -20 
 ASSUMED vdw of  C4  in  DC I -20  =  1.80 (same as   A)
 NON-STANDARD atom.| N4 | in residue>  DC I -20 
 ASSUMED vdw of  N4  in  DC I -20  =  1.60 (same as   C)
 NON-STANDARD atom.| C5 | in residue>  DC I -20 
 ASSUMED vdw of  C5  in  DC I -20  =  1.80 (same as   A)
 NON-STANDARD atom.| C6 | in residue>  DC I -20 
 ASSUMED vdw of  C6  in  DC I -20  =  1.80 (same as   A)
 UNKNOWN residue type.............>  DG I -19 
 NON-STANDARD atom.| P  | in residue>  DG I -19 
 ASSUMED vdw of  P   in  DG I -19  =  1.90 (same as   A)
 NON-STANDARD atom.| OP1| in residue>  DG I -19 
 GUESSED vdw of  OP1 in  DG I -19  =  1.40
 NON-STANDARD atom.| OP2| in residue>  DG I -19 
 GUESSED vdw of  OP2 in  DG I -19  =  1.40
 NON-STANDARD atom.| O5'| in residue>  DG I -19 
 GUESSED vdw of  O5' in  DG I -19  =  1.40
 NON-STANDARD atom.| C5'| in residue>  DG I -19 
 GUESSED vdw of  C5' in  DG I -19  =  1.80
 NON-STANDARD atom.| C4'| in residue>  DG I -19 
 GUESSED vdw of  C4' in  DG I -19  =  1.80
 NON-STANDARD atom.| O4'| in residue>  DG I -19 
 GUESSED vdw of  O4' in  DG I -19  =  1.40
 NON-STANDARD atom.| C3'| in residue>  DG I -19 
 GUESSED vdw of  C3' in  DG I -19  =  1.80
 NON-STANDARD atom.| O3'| in residue>  DG I -19 
 GUESSED vdw of  O3' in  DG I -19  =  1.40
 NON-STANDARD atom.| C2'| in residue>  DG I -19 
 GUESSED vdw of  C2' in  DG I -19  =  1.80
 NON-STANDARD atom.| C1'| in residue>  DG I -19 
 GUESSED vdw of  C1' in  DG I -19  =  1.80
 NON-STANDARD atom.| N9 | in residue>  DG I -19 
 ASSUMED vdw of  N9  in  DG I -19  =  1.60 (same as   A)
 NON-STANDARD atom.| C8 | in residue>  DG I -19 
 ASSUMED vdw of  C8  in  DG I -19  =  1.80 (same as   A)
 NON-STANDARD atom.| N7 | in residue>  DG I -19 
 ASSUMED vdw of  N7  in  DG I -19  =  1.60 (same as   A)
 NON-STANDARD atom.| C5 | in residue>  DG I -19 
 ASSUMED vdw of  C5  in  DG I -19  =  1.80 (same as   A)
 NON-STANDARD atom.| C6 | in residue>  DG I -19 
 ASSUMED vdw of  C6  in  DG I -19  =  1.80 (same as   A)
 NON-STANDARD atom.| O6 | in residue>  DG I -19 
 ASSUMED vdw of  O6  in  DG I -19  =  1.40 (same as   G)
 NON-STANDARD atom.| N1 | in residue>  DG I -19 
 ASSUMED vdw of  N1  in  DG I -19  =  1.60 (same as   A)
 NON-STANDARD atom.| C2 | in residue>  DG I -19 
 ASSUMED vdw of  C2  in  DG I -19  =  1.80 (same as   A)
 NON-STANDARD atom.| N2 | in residue>  DG I -19 
 ASSUMED vdw of  N2  in  DG I -19  =  1.60 (same as   G)
 NON-STANDARD atom.| N3 | in residue>  DG I -19 
 ASSUMED vdw of  N3  in  DG I -19  =  1.60 (same as   A)
 NON-STANDARD atom.| C4 | in residue>  DG I -19 
 ASSUMED vdw of  C4  in  DG I -19  =  1.80 (same as   A)
 UNKNOWN residue type.............>  DG I -18 
 NON-STANDARD atom.| P  | in residue>  DG I -18 
 ASSUMED vdw of  P   in  DG I -18  =  1.90 (same as   A)
 NON-STANDARD atom.| OP1| in residue>  DG I -18 
 GUESSED vdw of  OP1 in  DG I -18  =  1.40
 NON-STANDARD atom.| OP2| in residue>  DG I -18 
 GUESSED vdw of  OP2 in  DG I -18  =  1.40
 NON-STANDARD atom.| O5'| in residue>  DG I -18 
 GUESSED vdw of  O5' in  DG I -18  =  1.40
 NON-STANDARD atom.| C5'| in residue>  DG I -18 
 GUESSED vdw of  C5' in  DG I -18  =  1.80
 NON-STANDARD atom.| C4'| in residue>  DG I -18 
 GUESSED vdw of  C4' in  DG I -18  =  1.80
 NON-STANDARD atom.| O4'| in residue>  DG I -18 
 GUESSED vdw of  O4' in  DG I -18  =  1.40
 NON-STANDARD atom.| C3'| in residue>  DG I -18 
 GUESSED vdw of  C3' in  DG I -18  =  1.80
 NON-STANDARD atom.| O3'| in residue>  DG I -18 
 GUESSED vdw of  O3' in  DG I -18  =  1.40
 NON-STANDARD atom.| C2'| in residue>  DG I -18 
 GUESSED vdw of  C2' in  DG I -18  =  1.80
 NON-STANDARD atom.| C1'| in residue>  DG I -18 
 GUESSED vdw of  C1' in  DG I -18  =  1.80
 NON-STANDARD atom.| N9 | in residue>  DG I -18 
 ASSUMED vdw of  N9  in  DG I -18  =  1.60 (same as   A)
 NON-STANDARD atom.| C8 | in residue>  DG I -18 
 ASSUMED vdw of  C8  in  DG I -18  =  1.80 (same as   A)
 NON-STANDARD atom.| N7 | in residue>  DG I -18 
 ASSUMED vdw of  N7  in  DG I -18  =  1.60 (same as   A)
 NON-STANDARD atom.| C5 | in residue>  DG I -18 
 ASSUMED vdw of  C5  in  DG I -18  =  1.80 (same as   A)
 NON-STANDARD atom.| C6 | in residue>  DG I -18 
 ASSUMED vdw of  C6  in  DG I -18  =  1.80 (same as   A)
 NON-STANDARD atom.| O6 | in residue>  DG I -18 
 ASSUMED vdw of  O6  in  DG I -18  =  1.40 (same as   G)
 NON-STANDARD atom.| N1 | in residue>  DG I -18 
 ASSUMED vdw of  N1  in  DG I -18  =  1.60 (same as   A)
 NON-STANDARD atom.| C2 | in residue>  DG I -18 
 ASSUMED vdw of  C2  in  DG I -18  =  1.80 (same as   A)
 NON-STANDARD atom.| N2 | in residue>  DG I -18 
 ASSUMED vdw of  N2  in  DG I -18  =  1.60 (same as   G)
 NON-STANDARD atom.| N3 | in residue>  DG I -18 
 ASSUMED vdw of  N3  in  DG I -18  =  1.60 (same as   A)
 NON-STANDARD atom.| C4 | in residue>  DG I -18 
 ASSUMED vdw of  C4  in  DG I -18  =  1.80 (same as   A)
 UNKNOWN residue type.............>  DT I -17 
 NON-STANDARD atom.| P  | in residue>  DT I -17 
 ASSUMED vdw of  P   in  DT I -17  =  1.90 (same as   A)
 NON-STANDARD atom.| OP1| in residue>  DT I -17 
 GUESSED vdw of  OP1 in  DT I -17  =  1.40
 NON-STANDARD atom.| OP2| in residue>  DT I -17 
 GUESSED vdw of  OP2 in  DT I -17  =  1.40
 NON-STANDARD atom.| O5'| in residue>  DT I -17 
 GUESSED vdw of  O5' in  DT I -17  =  1.40
 NON-STANDARD atom.| C5'| in residue>  DT I -17 
 GUESSED vdw of  C5' in  DT I -17  =  1.80
 NON-STANDARD atom.| C4'| in residue>  DT I -17 
 GUESSED vdw of  C4' in  DT I -17  =  1.80
 NON-STANDARD atom.| O4'| in residue>  DT I -17 
 GUESSED vdw of  O4' in  DT I -17  =  1.40
 NON-STANDARD atom.| C3'| in residue>  DT I -17 
 GUESSED vdw of  C3' in  DT I -17  =  1.80
 NON-STANDARD atom.| O3'| in residue>  DT I -17 
 GUESSED vdw of  O3' in  DT I -17  =  1.40
 NON-STANDARD atom.| C2'| in residue>  DT I -17 
 GUESSED vdw of  C2' in  DT I -17  =  1.80
 NON-STANDARD atom.| C1'| in residue>  DT I -17 
 GUESSED vdw of  C1' in  DT I -17  =  1.80
 NON-STANDARD atom.| N1 | in residue>  DT I -17 
 ASSUMED vdw of  N1  in  DT I -17  =  1.60 (same as   A)
 NON-STANDARD atom.| C2 | in residue>  DT I -17 
 ASSUMED vdw of  C2  in  DT I -17  =  1.80 (same as   A)
 NON-STANDARD atom.| O2 | in residue>  DT I -17 
 ASSUMED vdw of  O2  in  DT I -17  =  1.40 (same as   C)
 NON-STANDARD atom.| N3 | in residue>  DT I -17 
 ASSUMED vdw of  N3  in  DT I -17  =  1.60 (same as   A)
 NON-STANDARD atom.| C4 | in residue>  DT I -17 
 ASSUMED vdw of  C4  in  DT I -17  =  1.80 (same as   A)
 NON-STANDARD atom.| O4 | in residue>  DT I -17 
 ASSUMED vdw of  O4  in  DT I -17  =  1.40 (same as   T)
 NON-STANDARD atom.| C5 | in residue>  DT I -17 
 ASSUMED vdw of  C5  in  DT I -17  =  1.80 (same as   A)
 NON-STANDARD atom.| C7 | in residue>  DT I -17 
 GUESSED vdw of  C7  in  DT I -17  =  1.80
 NON-STANDARD atom.| C6 | in residue>  DT I -17 
 ASSUMED vdw of  C6  in  DT I -17  =  1.80 (same as   A)
 UNKNOWN residue type.............>  DT I -16 
 NON-STANDARD atom.| P  | in residue>  DT I -16 
 ASSUMED vdw of  P   in  DT I -16  =  1.90 (same as   A)
 NON-STANDARD atom.| OP1| in residue>  DT I -16 
 GUESSED vdw of  OP1 in  DT I -16  =  1.40
 NON-STANDARD atom.| OP2| in residue>  DT I -16 
 GUESSED vdw of  OP2 in  DT I -16  =  1.40
 NON-STANDARD atom.| O5'| in residue>  DT I -16 
 GUESSED vdw of  O5' in  DT I -16  =  1.40
 NON-STANDARD atom.| C5'| in residue>  DT I -16 
 GUESSED vdw of  C5' in  DT I -16  =  1.80
 NON-STANDARD atom.| C4'| in residue>  DT I -16 
 GUESSED vdw of  C4' in  DT I -16  =  1.80
 NON-STANDARD atom.| O4'| in residue>  DT I -16 
 GUESSED vdw of  O4' in  DT I -16  =  1.40
 NON-STANDARD atom.| C3'| in residue>  DT I -16 
 GUESSED vdw of  C3' in  DT I -16  =  1.80
 NON-STANDARD atom.| O3'| in residue>  DT I -16 
 GUESSED vdw of  O3' in  DT I -16  =  1.40
 NON-STANDARD atom.| C2'| in residue>  DT I -16 
 GUESSED vdw of  C2' in  DT I -16  =  1.80
 NON-STANDARD atom.| C1'| in residue>  DT I -16 
 GUESSED vdw of  C1' in  DT I -16  =  1.80
 NON-STANDARD atom.| N1 | in residue>  DT I -16 
 ASSUMED vdw of  N1  in  DT I -16  =  1.60 (same as   A)
 NON-STANDARD atom.| C2 | in residue>  DT I -16 
 ASSUMED vdw of  C2  in  DT I -16  =  1.80 (same as   A)
 NON-STANDARD atom.| O2 | in residue>  DT I -16 
 ASSUMED vdw of  O2  in  DT I -16  =  1.40 (same as   C)
 NON-STANDARD atom.| N3 | in residue>  DT I -16 
 ASSUMED vdw of  N3  in  DT I -16  =  1.60 (same as   A)
 NON-STANDARD atom.| C4 | in residue>  DT I -16 
 ASSUMED vdw of  C4  in  DT I -16  =  1.80 (same as   A)
 NON-STANDARD atom.| O4 | in residue>  DT I -16 
 ASSUMED vdw of  O4  in  DT I -16  =  1.40 (same as   T)
 NON-STANDARD atom.| C5 | in residue>  DT I -16 
 ASSUMED vdw of  C5  in  DT I -16  =  1.80 (same as   A)
 NON-STANDARD atom.| C7 | in residue>  DT I -16 
 GUESSED vdw of  C7  in  DT I -16  =  1.80
 NON-STANDARD atom.| C6 | in residue>  DT I -16 
 ASSUMED vdw of  C6  in  DT I -16  =  1.80 (same as   A)
 UNKNOWN residue type.............>  DA I -15 
 NON-STANDARD atom.| P  | in residue>  DA I -15 
 ASSUMED vdw of  P   in  DA I -15  =  1.90 (same as   A)
 NON-STANDARD atom.| OP1| in residue>  DA I -15 
 GUESSED vdw of  OP1 in  DA I -15  =  1.40
 NON-STANDARD atom.| OP2| in residue>  DA I -15 
 GUESSED vdw of  OP2 in  DA I -15  =  1.40
 NON-STANDARD atom.| O5'| in residue>  DA I -15 
 GUESSED vdw of  O5' in  DA I -15  =  1.40
 NON-STANDARD atom.| C5'| in residue>  DA I -15 
 GUESSED vdw of  C5' in  DA I -15  =  1.80
 NON-STANDARD atom.| C4'| in residue>  DA I -15 
 GUESSED vdw of  C4' in  DA I -15  =  1.80
 NON-STANDARD atom.| O4'| in residue>  DA I -15 
 GUESSED vdw of  O4' in  DA I -15  =  1.40
 NON-STANDARD atom.| C3'| in residue>  DA I -15 
 GUESSED vdw of  C3' in  DA I -15  =  1.80
 NON-STANDARD atom.| O3'| in residue>  DA I -15 
 GUESSED vdw of  O3' in  DA I -15  =  1.40
 NON-STANDARD atom.| C2'| in residue>  DA I -15 
 GUESSED vdw of  C2' in  DA I -15  =  1.80
 NON-STANDARD atom.| C1'| in residue>  DA I -15 
 GUESSED vdw of  C1' in  DA I -15  =  1.80
 NON-STANDARD atom.| N9 | in residue>  DA I -15 
 ASSUMED vdw of  N9  in  DA I -15  =  1.60 (same as   A)
 NON-STANDARD atom.| C8 | in residue>  DA I -15 
 ASSUMED vdw of  C8  in  DA I -15  =  1.80 (same as   A)
 NON-STANDARD atom.| N7 | in residue>  DA I -15 
 ASSUMED vdw of  N7  in  DA I -15  =  1.60 (same as   A)
 NON-STANDARD atom.| C5 | in residue>  DA I -15 
 ASSUMED vdw of  C5  in  DA I -15  =  1.80 (same as   A)
 NON-STANDARD atom.| C6 | in residue>  DA I -15 
 ASSUMED vdw of  C6  in  DA I -15  =  1.80 (same as   A)
 NON-STANDARD atom.| N6 | in residue>  DA I -15 
 ASSUMED vdw of  N6  in  DA I -15  =  1.60 (same as   A)
 NON-STANDARD atom.| N1 | in residue>  DA I -15 
 ASSUMED vdw of  N1  in  DA I -15  =  1.60 (same as   A)
 NON-STANDARD atom.| C2 | in residue>  DA I -15 
 ASSUMED vdw of  C2  in  DA I -15  =  1.80 (same as   A)
 NON-STANDARD atom.| N3 | in residue>  DA I -15 
 ASSUMED vdw of  N3  in  DA I -15  =  1.60 (same as   A)
 NON-STANDARD atom.| C4 | in residue>  DA I -15 
 ASSUMED vdw of  C4  in  DA I -15  =  1.80 (same as   A)
 UNKNOWN residue type.............>  DA I -14 
 NON-STANDARD atom.| P  | in residue>  DA I -14 
 ASSUMED vdw of  P   in  DA I -14  =  1.90 (same as   A)
 NON-STANDARD atom.| OP1| in residue>  DA I -14 
 GUESSED vdw of  OP1 in  DA I -14  =  1.40
 NON-STANDARD atom.| OP2| in residue>  DA I -14 
 GUESSED vdw of  OP2 in  DA I -14  =  1.40
 NON-STANDARD atom.| O5'| in residue>  DA I -14 
 GUESSED vdw of  O5' in  DA I -14  =  1.40
 NON-STANDARD atom.| C5'| in residue>  DA I -14 
 GUESSED vdw of  C5' in  DA I -14  =  1.80
 NON-STANDARD atom.| C4'| in residue>  DA I -14 
 GUESSED vdw of  C4' in  DA I -14  =  1.80
 NON-STANDARD atom.| O4'| in residue>  DA I -14 
 GUESSED vdw of  O4' in  DA I -14  =  1.40
 NON-STANDARD atom.| C3'| in residue>  DA I -14 
 GUESSED vdw of  C3' in  DA I -14  =  1.80
 NON-STANDARD atom.| O3'| in residue>  DA I -14 
 GUESSED vdw of  O3' in  DA I -14  =  1.40
 NON-STANDARD atom.| C2'| in residue>  DA I -14 
 GUESSED vdw of  C2' in  DA I -14  =  1.80
 NON-STANDARD atom.| C1'| in residue>  DA I -14 
 GUESSED vdw of  C1' in  DA I -14  =  1.80
 NON-STANDARD atom.| N9 | in residue>  DA I -14 
 ASSUMED vdw of  N9  in  DA I -14  =  1.60 (same as   A)
 NON-STANDARD atom.| C8 | in residue>  DA I -14 
 ASSUMED vdw of  C8  in  DA I -14  =  1.80 (same as   A)
 NON-STANDARD atom.| N7 | in residue>  DA I -14 
 ASSUMED vdw of  N7  in  DA I -14  =  1.60 (same as   A)
 NON-STANDARD atom.| C5 | in residue>  DA I -14 
 ASSUMED vdw of  C5  in  DA I -14  =  1.80 (same as   A)
 NON-STANDARD atom.| C6 | in residue>  DA I -14 
 ASSUMED vdw of  C6  in  DA I -14  =  1.80 (same as   A)
 NON-STANDARD atom.| N6 | in residue>  DA I -14 
 ASSUMED vdw of  N6  in  DA I -14  =  1.60 (same as   A)
 NON-STANDARD atom.| N1 | in residue>  DA I -14 
 ASSUMED vdw of  N1  in  DA I -14  =  1.60 (same as   A)
 NON-STANDARD atom.| C2 | in residue>  DA I -14 
 ASSUMED vdw of  C2  in  DA I -14  =  1.80 (same as   A)
 NON-STANDARD atom.| N3 | in residue>  DA I -14 
 ASSUMED vdw of  N3  in  DA I -14  =  1.60 (same as   A)
 NON-STANDARD atom.| C4 | in residue>  DA I -14 
 ASSUMED vdw of  C4  in  DA I -14  =  1.80 (same as   A)
 UNKNOWN residue type.............>  DA I -13 
 NON-STANDARD atom.| P  | in residue>  DA I -13 
 ASSUMED vdw of  P   in  DA I -13  =  1.90 (same as   A)
 NON-STANDARD atom.| OP1| in residue>  DA I -13 
 GUESSED vdw of  OP1 in  DA I -13  =  1.40
 NON-STANDARD atom.| OP2| in residue>  DA I -13 
 GUESSED vdw of  OP2 in  DA I -13  =  1.40
 NON-STANDARD atom.| O5'| in residue>  DA I -13 
 GUESSED vdw of  O5' in  DA I -13  =  1.40
 NON-STANDARD atom.| C5'| in residue>  DA I -13 
 GUESSED vdw of  C5' in  DA I -13  =  1.80
 NON-STANDARD atom.| C4'| in residue>  DA I -13 
 GUESSED vdw of  C4' in  DA I -13  =  1.80
 NON-STANDARD atom.| O4'| in residue>  DA I -13 
 GUESSED vdw of  O4' in  DA I -13  =  1.40
 NON-STANDARD atom.| C3'| in residue>  DA I -13 
 GUESSED vdw of  C3' in  DA I -13  =  1.80
 NON-STANDARD atom.| O3'| in residue>  DA I -13 
 GUESSED vdw of  O3' in  DA I -13  =  1.40
 NON-STANDARD atom.| C2'| in residue>  DA I -13 
 GUESSED vdw of  C2' in  DA I -13  =  1.80
 NON-STANDARD atom.| C1'| in residue>  DA I -13 
 GUESSED vdw of  C1' in  DA I -13  =  1.80
 NON-STANDARD atom.| N9 | in residue>  DA I -13 
 ASSUMED vdw of  N9  in  DA I -13  =  1.60 (same as   A)
 NON-STANDARD atom.| C8 | in residue>  DA I -13 
 ASSUMED vdw of  C8  in  DA I -13  =  1.80 (same as   A)
 NON-STANDARD atom.| N7 | in residue>  DA I -13 
 ASSUMED vdw of  N7  in  DA I -13  =  1.60 (same as   A)
 NON-STANDARD atom.| C5 | in residue>  DA I -13 
 ASSUMED vdw of  C5  in  DA I -13  =  1.80 (same as   A)
 NON-STANDARD atom.| C6 | in residue>  DA I -13 
 ASSUMED vdw of  C6  in  DA I -13  =  1.80 (same as   A)
 NON-STANDARD atom.| N6 | in residue>  DA I -13 
 ASSUMED vdw of  N6  in  DA I -13  =  1.60 (same as   A)
 NON-STANDARD atom.| N1 | in residue>  DA I -13 
 ASSUMED vdw of  N1  in  DA I -13  =  1.60 (same as   A)
 NON-STANDARD atom.| C2 | in residue>  DA I -13 
 ASSUMED vdw of  C2  in  DA I -13  =  1.80 (same as   A)
 NON-STANDARD atom.| N3 | in residue>  DA I -13 
 ASSUMED vdw of  N3  in  DA I -13  =  1.60 (same as   A)
 NON-STANDARD atom.| C4 | in residue>  DA I -13 
 ASSUMED vdw of  C4  in  DA I -13  =  1.80 (same as   A)
 UNKNOWN residue type.............>  DA I -12 
 NON-STANDARD atom.| P  | in residue>  DA I -12 
 ASSUMED vdw of  P   in  DA I -12  =  1.90 (same as   A)
 NON-STANDARD atom.| OP1| in residue>  DA I -12 
 GUESSED vdw of  OP1 in  DA I -12  =  1.40
 NON-STANDARD atom.| OP2| in residue>  DA I -12 
 GUESSED vdw of  OP2 in  DA I -12  =  1.40
 NON-STANDARD atom.| O5'| in residue>  DA I -12 
 GUESSED vdw of  O5' in  DA I -12  =  1.40
 NON-STANDARD atom.| C5'| in residue>  DA I -12 
 GUESSED vdw of  C5' in  DA I -12  =  1.80
 NON-STANDARD atom.| C4'| in residue>  DA I -12 
 GUESSED vdw of  C4' in  DA I -12  =  1.80
 NON-STANDARD atom.| O4'| in residue>  DA I -12 
 GUESSED vdw of  O4' in  DA I -12  =  1.40
 NON-STANDARD atom.| C3'| in residue>  DA I -12 
 GUESSED vdw of  C3' in  DA I -12  =  1.80
 NON-STANDARD atom.| O3'| in residue>  DA I -12 
 GUESSED vdw of  O3' in  DA I -12  =  1.40
 NON-STANDARD atom.| C2'| in residue>  DA I -12 
 GUESSED vdw of  C2' in  DA I -12  =  1.80
 NON-STANDARD atom.| C1'| in residue>  DA I -12 
 GUESSED vdw of  C1' in  DA I -12  =  1.80
 NON-STANDARD atom.| N9 | in residue>  DA I -12 
 ASSUMED vdw of  N9  in  DA I -12  =  1.60 (same as   A)
 NON-STANDARD atom.| C8 | in residue>  DA I -12 
 ASSUMED vdw of  C8  in  DA I -12  =  1.80 (same as   A)
 NON-STANDARD atom.| N7 | in residue>  DA I -12 
 ASSUMED vdw of  N7  in  DA I -12  =  1.60 (same as   A)
 NON-STANDARD atom.| C5 | in residue>  DA I -12 
 ASSUMED vdw of  C5  in  DA I -12  =  1.80 (same as   A)
 NON-STANDARD atom.| C6 | in residue>  DA I -12 
 ASSUMED vdw of  C6  in  DA I -12  =  1.80 (same as   A)
 NON-STANDARD atom.| N6 | in residue>  DA I -12 
 ASSUMED vdw of  N6  in  DA I -12  =  1.60 (same as   A)
 NON-STANDARD atom.| N1 | in residue>  DA I -12 
 ASSUMED vdw of  N1  in  DA I -12  =  1.60 (same as   A)
 NON-STANDARD atom.| C2 | in residue>  DA I -12 
 ASSUMED vdw of  C2  in  DA I -12  =  1.80 (same as   A)
 NON-STANDARD atom.| N3 | in residue>  DA I -12 
 ASSUMED vdw of  N3  in  DA I -12  =  1.60 (same as   A)
 NON-STANDARD atom.| C4 | in residue>  DA I -12 
 ASSUMED vdw of  C4  in  DA I -12  =  1.80 (same as   A)
 UNKNOWN residue type.............>  DC I -11 
 NON-STANDARD atom.| P  | in residue>  DC I -11 
 ASSUMED vdw of  P   in  DC I -11  =  1.90 (same as   A)
 NON-STANDARD atom.| OP1| in residue>  DC I -11 
 GUESSED vdw of  OP1 in  DC I -11  =  1.40
 NON-STANDARD atom.| OP2| in residue>  DC I -11 
 GUESSED vdw of  OP2 in  DC I -11  =  1.40
 NON-STANDARD atom.| O5'| in residue>  DC I -11 
 GUESSED vdw of  O5' in  DC I -11  =  1.40
 NON-STANDARD atom.| C5'| in residue>  DC I -11 
 GUESSED vdw of  C5' in  DC I -11  =  1.80
 NON-STANDARD atom.| C4'| in residue>  DC I -11 
 GUESSED vdw of  C4' in  DC I -11  =  1.80
 NON-STANDARD atom.| O4'| in residue>  DC I -11 
 GUESSED vdw of  O4' in  DC I -11  =  1.40
 NON-STANDARD atom.| C3'| in residue>  DC I -11 
 GUESSED vdw of  C3' in  DC I -11  =  1.80
 NON-STANDARD atom.| O3'| in residue>  DC I -11 
 GUESSED vdw of  O3' in  DC I -11  =  1.40
 NON-STANDARD atom.| C2'| in residue>  DC I -11 
 GUESSED vdw of  C2' in  DC I -11  =  1.80
 NON-STANDARD atom.| C1'| in residue>  DC I -11 
 GUESSED vdw of  C1' in  DC I -11  =  1.80
 NON-STANDARD atom.| N1 | in residue>  DC I -11 
 ASSUMED vdw of  N1  in  DC I -11  =  1.60 (same as   A)
 NON-STANDARD atom.| C2 | in residue>  DC I -11 
 ASSUMED vdw of  C2  in  DC I -11  =  1.80 (same as   A)
 NON-STANDARD atom.| O2 | in residue>  DC I -11 
 ASSUMED vdw of  O2  in  DC I -11  =  1.40 (same as   C)
 NON-STANDARD atom.| N3 | in residue>  DC I -11 
 ASSUMED vdw of  N3  in  DC I -11  =  1.60 (same as   A)
 NON-STANDARD atom.| C4 | in residue>  DC I -11 
 ASSUMED vdw of  C4  in  DC I -11  =  1.80 (same as   A)
 NON-STANDARD atom.| N4 | in residue>  DC I -11 
 ASSUMED vdw of  N4  in  DC I -11  =  1.60 (same as   C)
 NON-STANDARD atom.| C5 | in residue>  DC I -11 
 ASSUMED vdw of  C5  in  DC I -11  =  1.80 (same as   A)
 NON-STANDARD atom.| C6 | in residue>  DC I -11 
 ASSUMED vdw of  C6  in  DC I -11  =  1.80 (same as   A)
 UNKNOWN residue type.............>  DG I -10 
 NON-STANDARD atom.| P  | in residue>  DG I -10 
 ASSUMED vdw of  P   in  DG I -10  =  1.90 (same as   A)
 NON-STANDARD atom.| OP1| in residue>  DG I -10 
 GUESSED vdw of  OP1 in  DG I -10  =  1.40
 NON-STANDARD atom.| OP2| in residue>  DG I -10 
 GUESSED vdw of  OP2 in  DG I -10  =  1.40
 NON-STANDARD atom.| O5'| in residue>  DG I -10 
 GUESSED vdw of  O5' in  DG I -10  =  1.40
 NON-STANDARD atom.| C5'| in residue>  DG I -10 
 GUESSED vdw of  C5' in  DG I -10  =  1.80
 NON-STANDARD atom.| C4'| in residue>  DG I -10 
 GUESSED vdw of  C4' in  DG I -10  =  1.80
 NON-STANDARD atom.| O4'| in residue>  DG I -10 
 GUESSED vdw of  O4' in  DG I -10  =  1.40
 NON-STANDARD atom.| C3'| in residue>  DG I -10 
 GUESSED vdw of  C3' in  DG I -10  =  1.80
 NON-STANDARD atom.| O3'| in residue>  DG I -10 
 GUESSED vdw of  O3' in  DG I -10  =  1.40
 NON-STANDARD atom.| C2'| in residue>  DG I -10 
 GUESSED vdw of  C2' in  DG I -10  =  1.80
 NON-STANDARD atom.| C1'| in residue>  DG I -10 
 GUESSED vdw of  C1' in  DG I -10  =  1.80
 NON-STANDARD atom.| N9 | in residue>  DG I -10 
 ASSUMED vdw of  N9  in  DG I -10  =  1.60 (same as   A)
 NON-STANDARD atom.| C8 | in residue>  DG I -10 
 ASSUMED vdw of  C8  in  DG I -10  =  1.80 (same as   A)
 NON-STANDARD atom.| N7 | in residue>  DG I -10 
 ASSUMED vdw of  N7  in  DG I -10  =  1.60 (same as   A)
 NON-STANDARD atom.| C5 | in residue>  DG I -10 
 ASSUMED vdw of  C5  in  DG I -10  =  1.80 (same as   A)
 NON-STANDARD atom.| C6 | in residue>  DG I -10 
 ASSUMED vdw of  C6  in  DG I -10  =  1.80 (same as   A)
 NON-STANDARD atom.| O6 | in residue>  DG I -10 
 ASSUMED vdw of  O6  in  DG I -10  =  1.40 (same as   G)
 NON-STANDARD atom.| N1 | in residue>  DG I -10 
 ASSUMED vdw of  N1  in  DG I -10  =  1.60 (same as   A)
 NON-STANDARD atom.| C2 | in residue>  DG I -10 
 ASSUMED vdw of  C2  in  DG I -10  =  1.80 (same as   A)
 NON-STANDARD atom.| N2 | in residue>  DG I -10 
 ASSUMED vdw of  N2  in  DG I -10  =  1.60 (same as   G)
 NON-STANDARD atom.| N3 | in residue>  DG I -10 
 ASSUMED vdw of  N3  in  DG I -10  =  1.60 (same as   A)
 NON-STANDARD atom.| C4 | in residue>  DG I -10 
 ASSUMED vdw of  C4  in  DG I -10  =  1.80 (same as   A)
 UNKNOWN residue type.............>  DC I  -9 
 NON-STANDARD atom.| P  | in residue>  DC I  -9 
 ASSUMED vdw of  P   in  DC I  -9  =  1.90 (same as   A)
 NON-STANDARD atom.| OP1| in residue>  DC I  -9 
 GUESSED vdw of  OP1 in  DC I  -9  =  1.40
 NON-STANDARD atom.| OP2| in residue>  DC I  -9 
 GUESSED vdw of  OP2 in  DC I  -9  =  1.40
 NON-STANDARD atom.| O5'| in residue>  DC I  -9 
 GUESSED vdw of  O5' in  DC I  -9  =  1.40
 NON-STANDARD atom.| C5'| in residue>  DC I  -9 
 GUESSED vdw of  C5' in  DC I  -9  =  1.80
 NON-STANDARD atom.| C4'| in residue>  DC I  -9 
 GUESSED vdw of  C4' in  DC I  -9  =  1.80
 NON-STANDARD atom.| O4'| in residue>  DC I  -9 
 GUESSED vdw of  O4' in  DC I  -9  =  1.40
 NON-STANDARD atom.| C3'| in residue>  DC I  -9 
 GUESSED vdw of  C3' in  DC I  -9  =  1.80
 NON-STANDARD atom.| O3'| in residue>  DC I  -9 
 GUESSED vdw of  O3' in  DC I  -9  =  1.40
 NON-STANDARD atom.| C2'| in residue>  DC I  -9 
 GUESSED vdw of  C2' in  DC I  -9  =  1.80
 NON-STANDARD atom.| C1'| in residue>  DC I  -9 
 GUESSED vdw of  C1' in  DC I  -9  =  1.80
 NON-STANDARD atom.| N1 | in residue>  DC I  -9 
 ASSUMED vdw of  N1  in  DC I  -9  =  1.60 (same as   A)
 NON-STANDARD atom.| C2 | in residue>  DC I  -9 
 ASSUMED vdw of  C2  in  DC I  -9  =  1.80 (same as   A)
 NON-STANDARD atom.| O2 | in residue>  DC I  -9 
 ASSUMED vdw of  O2  in  DC I  -9  =  1.40 (same as   C)
 NON-STANDARD atom.| N3 | in residue>  DC I  -9 
 ASSUMED vdw of  N3  in  DC I  -9  =  1.60 (same as   A)
 NON-STANDARD atom.| C4 | in residue>  DC I  -9 
 ASSUMED vdw of  C4  in  DC I  -9  =  1.80 (same as   A)
 NON-STANDARD atom.| N4 | in residue>  DC I  -9 
 ASSUMED vdw of  N4  in  DC I  -9  =  1.60 (same as   C)
 NON-STANDARD atom.| C5 | in residue>  DC I  -9 
 ASSUMED vdw of  C5  in  DC I  -9  =  1.80 (same as   A)
 NON-STANDARD atom.| C6 | in residue>  DC I  -9 
 ASSUMED vdw of  C6  in  DC I  -9  =  1.80 (same as   A)
 UNKNOWN residue type.............>  DG I  -8 
 NON-STANDARD atom.| P  | in residue>  DG I  -8 
 ASSUMED vdw of  P   in  DG I  -8  =  1.90 (same as   A)
 NON-STANDARD atom.| OP1| in residue>  DG I  -8 
 GUESSED vdw of  OP1 in  DG I  -8  =  1.40
 NON-STANDARD atom.| OP2| in residue>  DG I  -8 
 GUESSED vdw of  OP2 in  DG I  -8  =  1.40
 NON-STANDARD atom.| O5'| in residue>  DG I  -8 
 GUESSED vdw of  O5' in  DG I  -8  =  1.40
 NON-STANDARD atom.| C5'| in residue>  DG I  -8 
 GUESSED vdw of  C5' in  DG I  -8  =  1.80
 NON-STANDARD atom.| C4'| in residue>  DG I  -8 
 GUESSED vdw of  C4' in  DG I  -8  =  1.80
 NON-STANDARD atom.| O4'| in residue>  DG I  -8 
 GUESSED vdw of  O4' in  DG I  -8  =  1.40
 NON-STANDARD atom.| C3'| in residue>  DG I  -8 
 GUESSED vdw of  C3' in  DG I  -8  =  1.80
 NON-STANDARD atom.| O3'| in residue>  DG I  -8 
 GUESSED vdw of  O3' in  DG I  -8  =  1.40
 NON-STANDARD atom.| C2'| in residue>  DG I  -8 
 GUESSED vdw of  C2' in  DG I  -8  =  1.80
 NON-STANDARD atom.| C1'| in residue>  DG I  -8 
 GUESSED vdw of  C1' in  DG I  -8  =  1.80
 NON-STANDARD atom.| N9 | in residue>  DG I  -8 
 ASSUMED vdw of  N9  in  DG I  -8  =  1.60 (same as   A)
 NON-STANDARD atom.| C8 | in residue>  DG I  -8 
 ASSUMED vdw of  C8  in  DG I  -8  =  1.80 (same as   A)
 NON-STANDARD atom.| N7 | in residue>  DG I  -8 
 ASSUMED vdw of  N7  in  DG I  -8  =  1.60 (same as   A)
 NON-STANDARD atom.| C5 | in residue>  DG I  -8 
 ASSUMED vdw of  C5  in  DG I  -8  =  1.80 (same as   A)
 NON-STANDARD atom.| C6 | in residue>  DG I  -8 
 ASSUMED vdw of  C6  in  DG I  -8  =  1.80 (same as   A)
 NON-STANDARD atom.| O6 | in residue>  DG I  -8 
 ASSUMED vdw of  O6  in  DG I  -8  =  1.40 (same as   G)
 NON-STANDARD atom.| N1 | in residue>  DG I  -8 
 ASSUMED vdw of  N1  in  DG I  -8  =  1.60 (same as   A)
 NON-STANDARD atom.| C2 | in residue>  DG I  -8 
 ASSUMED vdw of  C2  in  DG I  -8  =  1.80 (same as   A)
 NON-STANDARD atom.| N2 | in residue>  DG I  -8 
 ASSUMED vdw of  N2  in  DG I  -8  =  1.60 (same as   G)
 NON-STANDARD atom.| N3 | in residue>  DG I  -8 
 ASSUMED vdw of  N3  in  DG I  -8  =  1.60 (same as   A)
 NON-STANDARD atom.| C4 | in residue>  DG I  -8 
 ASSUMED vdw of  C4  in  DG I  -8  =  1.80 (same as   A)
 UNKNOWN residue type.............>  DG I  -7 
 NON-STANDARD atom.| P  | in residue>  DG I  -7 
 ASSUMED vdw of  P   in  DG I  -7  =  1.90 (same as   A)
 NON-STANDARD atom.| OP1| in residue>  DG I  -7 
 GUESSED vdw of  OP1 in  DG I  -7  =  1.40
 NON-STANDARD atom.| OP2| in residue>  DG I  -7 
 GUESSED vdw of  OP2 in  DG I  -7  =  1.40
 NON-STANDARD atom.| O5'| in residue>  DG I  -7 
 GUESSED vdw of  O5' in  DG I  -7  =  1.40
 NON-STANDARD atom.| C5'| in residue>  DG I  -7 
 GUESSED vdw of  C5' in  DG I  -7  =  1.80
 NON-STANDARD atom.| C4'| in residue>  DG I  -7 
 GUESSED vdw of  C4' in  DG I  -7  =  1.80
 NON-STANDARD atom.| O4'| in residue>  DG I  -7 
 GUESSED vdw of  O4' in  DG I  -7  =  1.40
 NON-STANDARD atom.| C3'| in residue>  DG I  -7 
 GUESSED vdw of  C3' in  DG I  -7  =  1.80
 NON-STANDARD atom.| O3'| in residue>  DG I  -7 
 GUESSED vdw of  O3' in  DG I  -7  =  1.40
 NON-STANDARD atom.| C2'| in residue>  DG I  -7 
 GUESSED vdw of  C2' in  DG I  -7  =  1.80
 NON-STANDARD atom.| C1'| in residue>  DG I  -7 
 GUESSED vdw of  C1' in  DG I  -7  =  1.80
 NON-STANDARD atom.| N9 | in residue>  DG I  -7 
 ASSUMED vdw of  N9  in  DG I  -7  =  1.60 (same as   A)
 NON-STANDARD atom.| C8 | in residue>  DG I  -7 
 ASSUMED vdw of  C8  in  DG I  -7  =  1.80 (same as   A)
 NON-STANDARD atom.| N7 | in residue>  DG I  -7 
 ASSUMED vdw of  N7  in  DG I  -7  =  1.60 (same as   A)
 NON-STANDARD atom.| C5 | in residue>  DG I  -7 
 ASSUMED vdw of  C5  in  DG I  -7  =  1.80 (same as   A)
 NON-STANDARD atom.| C6 | in residue>  DG I  -7 
 ASSUMED vdw of  C6  in  DG I  -7  =  1.80 (same as   A)
 NON-STANDARD atom.| O6 | in residue>  DG I  -7 
 ASSUMED vdw of  O6  in  DG I  -7  =  1.40 (same as   G)
 NON-STANDARD atom.| N1 | in residue>  DG I  -7 
 ASSUMED vdw of  N1  in  DG I  -7  =  1.60 (same as   A)
 NON-STANDARD atom.| C2 | in residue>  DG I  -7 
 ASSUMED vdw of  C2  in  DG I  -7  =  1.80 (same as   A)
 NON-STANDARD atom.| N2 | in residue>  DG I  -7 
 ASSUMED vdw of  N2  in  DG I  -7  =  1.60 (same as   G)
 NON-STANDARD atom.| N3 | in residue>  DG I  -7 
 ASSUMED vdw of  N3  in  DG I  -7  =  1.60 (same as   A)
 NON-STANDARD atom.| C4 | in residue>  DG I  -7 
 ASSUMED vdw of  C4  in  DG I  -7  =  1.80 (same as   A)
 UNKNOWN residue type.............>  DG I  -6 
 NON-STANDARD atom.| P  | in residue>  DG I  -6 
 ASSUMED vdw of  P   in  DG I  -6  =  1.90 (same as   A)
 NON-STANDARD atom.| OP1| in residue>  DG I  -6 
 GUESSED vdw of  OP1 in  DG I  -6  =  1.40
 NON-STANDARD atom.| OP2| in residue>  DG I  -6 
 GUESSED vdw of  OP2 in  DG I  -6  =  1.40
 NON-STANDARD atom.| O5'| in residue>  DG I  -6 
 GUESSED vdw of  O5' in  DG I  -6  =  1.40
 NON-STANDARD atom.| C5'| in residue>  DG I  -6 
 GUESSED vdw of  C5' in  DG I  -6  =  1.80
 NON-STANDARD atom.| C4'| in residue>  DG I  -6 
 GUESSED vdw of  C4' in  DG I  -6  =  1.80
 NON-STANDARD atom.| O4'| in residue>  DG I  -6 
 GUESSED vdw of  O4' in  DG I  -6  =  1.40
 NON-STANDARD atom.| C3'| in residue>  DG I  -6 
 GUESSED vdw of  C3' in  DG I  -6  =  1.80
 NON-STANDARD atom.| O3'| in residue>  DG I  -6 
 GUESSED vdw of  O3' in  DG I  -6  =  1.40
 NON-STANDARD atom.| C2'| in residue>  DG I  -6 
 GUESSED vdw of  C2' in  DG I  -6  =  1.80
 NON-STANDARD atom.| C1'| in residue>  DG I  -6 
 GUESSED vdw of  C1' in  DG I  -6  =  1.80
 NON-STANDARD atom.| N9 | in residue>  DG I  -6 
 ASSUMED vdw of  N9  in  DG I  -6  =  1.60 (same as   A)
 NON-STANDARD atom.| C8 | in residue>  DG I  -6 
 ASSUMED vdw of  C8  in  DG I  -6  =  1.80 (same as   A)
 NON-STANDARD atom.| N7 | in residue>  DG I  -6 
 ASSUMED vdw of  N7  in  DG I  -6  =  1.60 (same as   A)
 NON-STANDARD atom.| C5 | in residue>  DG I  -6 
 ASSUMED vdw of  C5  in  DG I  -6  =  1.80 (same as   A)
 NON-STANDARD atom.| C6 | in residue>  DG I  -6 
 ASSUMED vdw of  C6  in  DG I  -6  =  1.80 (same as   A)
 NON-STANDARD atom.| O6 | in residue>  DG I  -6 
 ASSUMED vdw of  O6  in  DG I  -6  =  1.40 (same as   G)
 NON-STANDARD atom.| N1 | in residue>  DG I  -6 
 ASSUMED vdw of  N1  in  DG I  -6  =  1.60 (same as   A)
 NON-STANDARD atom.| C2 | in residue>  DG I  -6 
 ASSUMED vdw of  C2  in  DG I  -6  =  1.80 (same as   A)
 NON-STANDARD atom.| N2 | in residue>  DG I  -6 
 ASSUMED vdw of  N2  in  DG I  -6  =  1.60 (same as   G)
 NON-STANDARD atom.| N3 | in residue>  DG I  -6 
 ASSUMED vdw of  N3  in  DG I  -6  =  1.60 (same as   A)
 NON-STANDARD atom.| C4 | in residue>  DG I  -6 
 ASSUMED vdw of  C4  in  DG I  -6  =  1.80 (same as   A)
 UNKNOWN residue type.............>  DG I  -5 
 NON-STANDARD atom.| P  | in residue>  DG I  -5 
 ASSUMED vdw of  P   in  DG I  -5  =  1.90 (same as   A)
 NON-STANDARD atom.| OP1| in residue>  DG I  -5 
 GUESSED vdw of  OP1 in  DG I  -5  =  1.40
 NON-STANDARD atom.| OP2| in residue>  DG I  -5 
 GUESSED vdw of  OP2 in  DG I  -5  =  1.40
 NON-STANDARD atom.| O5'| in residue>  DG I  -5 
 GUESSED vdw of  O5' in  DG I  -5  =  1.40
 NON-STANDARD atom.| C5'| in residue>  DG I  -5 
 GUESSED vdw of  C5' in  DG I  -5  =  1.80
 NON-STANDARD atom.| C4'| in residue>  DG I  -5 
 GUESSED vdw of  C4' in  DG I  -5  =  1.80
 NON-STANDARD atom.| O4'| in residue>  DG I  -5 
 GUESSED vdw of  O4' in  DG I  -5  =  1.40
 NON-STANDARD atom.| C3'| in residue>  DG I  -5 
 GUESSED vdw of  C3' in  DG I  -5  =  1.80
 NON-STANDARD atom.| O3'| in residue>  DG I  -5 
 GUESSED vdw of  O3' in  DG I  -5  =  1.40
 NON-STANDARD atom.| C2'| in residue>  DG I  -5 
 GUESSED vdw of  C2' in  DG I  -5  =  1.80
 NON-STANDARD atom.| C1'| in residue>  DG I  -5 
 GUESSED vdw of  C1' in  DG I  -5  =  1.80
 NON-STANDARD atom.| N9 | in residue>  DG I  -5 
 ASSUMED vdw of  N9  in  DG I  -5  =  1.60 (same as   A)
 NON-STANDARD atom.| C8 | in residue>  DG I  -5 
 ASSUMED vdw of  C8  in  DG I  -5  =  1.80 (same as   A)
 NON-STANDARD atom.| N7 | in residue>  DG I  -5 
 ASSUMED vdw of  N7  in  DG I  -5  =  1.60 (same as   A)
 NON-STANDARD atom.| C5 | in residue>  DG I  -5 
 ASSUMED vdw of  C5  in  DG I  -5  =  1.80 (same as   A)
 NON-STANDARD atom.| C6 | in residue>  DG I  -5 
 ASSUMED vdw of  C6  in  DG I  -5  =  1.80 (same as   A)
 NON-STANDARD atom.| O6 | in residue>  DG I  -5 
 ASSUMED vdw of  O6  in  DG I  -5  =  1.40 (same as   G)
 NON-STANDARD atom.| N1 | in residue>  DG I  -5 
 ASSUMED vdw of  N1  in  DG I  -5  =  1.60 (same as   A)
 NON-STANDARD atom.| C2 | in residue>  DG I  -5 
 ASSUMED vdw of  C2  in  DG I  -5  =  1.80 (same as   A)
 NON-STANDARD atom.| N2 | in residue>  DG I  -5 
 ASSUMED vdw of  N2  in  DG I  -5  =  1.60 (same as   G)
 NON-STANDARD atom.| N3 | in residue>  DG I  -5 
 ASSUMED vdw of  N3  in  DG I  -5  =  1.60 (same as   A)
 NON-STANDARD atom.| C4 | in residue>  DG I  -5 
 ASSUMED vdw of  C4  in  DG I  -5  =  1.80 (same as   A)
 UNKNOWN residue type.............>  DG I  -4 
 NON-STANDARD atom.| P  | in residue>  DG I  -4 
 ASSUMED vdw of  P   in  DG I  -4  =  1.90 (same as   A)
 NON-STANDARD atom.| OP1| in residue>  DG I  -4 
 GUESSED vdw of  OP1 in  DG I  -4  =  1.40
 NON-STANDARD atom.| OP2| in residue>  DG I  -4 
 GUESSED vdw of  OP2 in  DG I  -4  =  1.40
 NON-STANDARD atom.| O5'| in residue>  DG I  -4 
 GUESSED vdw of  O5' in  DG I  -4  =  1.40
 NON-STANDARD atom.| C5'| in residue>  DG I  -4 
 GUESSED vdw of  C5' in  DG I  -4  =  1.80
 NON-STANDARD atom.| C4'| in residue>  DG I  -4 
 GUESSED vdw of  C4' in  DG I  -4  =  1.80
 NON-STANDARD atom.| O4'| in residue>  DG I  -4 
 GUESSED vdw of  O4' in  DG I  -4  =  1.40
 NON-STANDARD atom.| C3'| in residue>  DG I  -4 
 GUESSED vdw of  C3' in  DG I  -4  =  1.80
 NON-STANDARD atom.| O3'| in residue>  DG I  -4 
 GUESSED vdw of  O3' in  DG I  -4  =  1.40
 NON-STANDARD atom.| C2'| in residue>  DG I  -4 
 GUESSED vdw of  C2' in  DG I  -4  =  1.80
 NON-STANDARD atom.| C1'| in residue>  DG I  -4 
 GUESSED vdw of  C1' in  DG I  -4  =  1.80
 NON-STANDARD atom.| N9 | in residue>  DG I  -4 
 ASSUMED vdw of  N9  in  DG I  -4  =  1.60 (same as   A)
 NON-STANDARD atom.| C8 | in residue>  DG I  -4 
 ASSUMED vdw of  C8  in  DG I  -4  =  1.80 (same as   A)
 NON-STANDARD atom.| N7 | in residue>  DG I  -4 
 ASSUMED vdw of  N7  in  DG I  -4  =  1.60 (same as   A)
 NON-STANDARD atom.| C5 | in residue>  DG I  -4 
 ASSUMED vdw of  C5  in  DG I  -4  =  1.80 (same as   A)
 NON-STANDARD atom.| C6 | in residue>  DG I  -4 
 ASSUMED vdw of  C6  in  DG I  -4  =  1.80 (same as   A)
 NON-STANDARD atom.| O6 | in residue>  DG I  -4 
 ASSUMED vdw of  O6  in  DG I  -4  =  1.40 (same as   G)
 NON-STANDARD atom.| N1 | in residue>  DG I  -4 
 ASSUMED vdw of  N1  in  DG I  -4  =  1.60 (same as   A)
 NON-STANDARD atom.| C2 | in residue>  DG I  -4 
 ASSUMED vdw of  C2  in  DG I  -4  =  1.80 (same as   A)
 NON-STANDARD atom.| N2 | in residue>  DG I  -4 
 ASSUMED vdw of  N2  in  DG I  -4  =  1.60 (same as   G)
 NON-STANDARD atom.| N3 | in residue>  DG I  -4 
 ASSUMED vdw of  N3  in  DG I  -4  =  1.60 (same as   A)
 NON-STANDARD atom.| C4 | in residue>  DG I  -4 
 ASSUMED vdw of  C4  in  DG I  -4  =  1.80 (same as   A)
 UNKNOWN residue type.............>  DA I  -3 
 NON-STANDARD atom.| P  | in residue>  DA I  -3 
 ASSUMED vdw of  P   in  DA I  -3  =  1.90 (same as   A)
 NON-STANDARD atom.| OP1| in residue>  DA I  -3 
 GUESSED vdw of  OP1 in  DA I  -3  =  1.40
 NON-STANDARD atom.| OP2| in residue>  DA I  -3 
 GUESSED vdw of  OP2 in  DA I  -3  =  1.40
 NON-STANDARD atom.| O5'| in residue>  DA I  -3 
 GUESSED vdw of  O5' in  DA I  -3  =  1.40
 NON-STANDARD atom.| C5'| in residue>  DA I  -3 
 GUESSED vdw of  C5' in  DA I  -3  =  1.80
 NON-STANDARD atom.| C4'| in residue>  DA I  -3 
 GUESSED vdw of  C4' in  DA I  -3  =  1.80
 NON-STANDARD atom.| O4'| in residue>  DA I  -3 
 GUESSED vdw of  O4' in  DA I  -3  =  1.40
 NON-STANDARD atom.| C3'| in residue>  DA I  -3 
 GUESSED vdw of  C3' in  DA I  -3  =  1.80
 NON-STANDARD atom.| O3'| in residue>  DA I  -3 
 GUESSED vdw of  O3' in  DA I  -3  =  1.40
 NON-STANDARD atom.| C2'| in residue>  DA I  -3 
 GUESSED vdw of  C2' in  DA I  -3  =  1.80
 NON-STANDARD atom.| C1'| in residue>  DA I  -3 
 GUESSED vdw of  C1' in  DA I  -3  =  1.80
 NON-STANDARD atom.| N9 | in residue>  DA I  -3 
 ASSUMED vdw of  N9  in  DA I  -3  =  1.60 (same as   A)
 NON-STANDARD atom.| C8 | in residue>  DA I  -3 
 ASSUMED vdw of  C8  in  DA I  -3  =  1.80 (same as   A)
 NON-STANDARD atom.| N7 | in residue>  DA I  -3 
 ASSUMED vdw of  N7  in  DA I  -3  =  1.60 (same as   A)
 NON-STANDARD atom.| C5 | in residue>  DA I  -3 
 ASSUMED vdw of  C5  in  DA I  -3  =  1.80 (same as   A)
 NON-STANDARD atom.| C6 | in residue>  DA I  -3 
 ASSUMED vdw of  C6  in  DA I  -3  =  1.80 (same as   A)
 NON-STANDARD atom.| N6 | in residue>  DA I  -3 
 ASSUMED vdw of  N6  in  DA I  -3  =  1.60 (same as   A)
 NON-STANDARD atom.| N1 | in residue>  DA I  -3 
 ASSUMED vdw of  N1  in  DA I  -3  =  1.60 (same as   A)
 NON-STANDARD atom.| C2 | in residue>  DA I  -3 
 ASSUMED vdw of  C2  in  DA I  -3  =  1.80 (same as   A)
 NON-STANDARD atom.| N3 | in residue>  DA I  -3 
 ASSUMED vdw of  N3  in  DA I  -3  =  1.60 (same as   A)
 NON-STANDARD atom.| C4 | in residue>  DA I  -3 
 ASSUMED vdw of  C4  in  DA I  -3  =  1.80 (same as   A)
 UNKNOWN residue type.............>  DC I  -2 
 NON-STANDARD atom.| P  | in residue>  DC I  -2 
 ASSUMED vdw of  P   in  DC I  -2  =  1.90 (same as   A)
 NON-STANDARD atom.| OP1| in residue>  DC I  -2 
 GUESSED vdw of  OP1 in  DC I  -2  =  1.40
 NON-STANDARD atom.| OP2| in residue>  DC I  -2 
 GUESSED vdw of  OP2 in  DC I  -2  =  1.40
 NON-STANDARD atom.| O5'| in residue>  DC I  -2 
 GUESSED vdw of  O5' in  DC I  -2  =  1.40
 NON-STANDARD atom.| C5'| in residue>  DC I  -2 
 GUESSED vdw of  C5' in  DC I  -2  =  1.80
 NON-STANDARD atom.| C4'| in residue>  DC I  -2 
 GUESSED vdw of  C4' in  DC I  -2  =  1.80
 NON-STANDARD atom.| O4'| in residue>  DC I  -2 
 GUESSED vdw of  O4' in  DC I  -2  =  1.40
 NON-STANDARD atom.| C3'| in residue>  DC I  -2 
 GUESSED vdw of  C3' in  DC I  -2  =  1.80
 NON-STANDARD atom.| O3'| in residue>  DC I  -2 
 GUESSED vdw of  O3' in  DC I  -2  =  1.40
 NON-STANDARD atom.| C2'| in residue>  DC I  -2 
 GUESSED vdw of  C2' in  DC I  -2  =  1.80
 NON-STANDARD atom.| C1'| in residue>  DC I  -2 
 GUESSED vdw of  C1' in  DC I  -2  =  1.80
 NON-STANDARD atom.| N1 | in residue>  DC I  -2 
 ASSUMED vdw of  N1  in  DC I  -2  =  1.60 (same as   A)
 NON-STANDARD atom.| C2 | in residue>  DC I  -2 
 ASSUMED vdw of  C2  in  DC I  -2  =  1.80 (same as   A)
 NON-STANDARD atom.| O2 | in residue>  DC I  -2 
 ASSUMED vdw of  O2  in  DC I  -2  =  1.40 (same as   C)
 NON-STANDARD atom.| N3 | in residue>  DC I  -2 
 ASSUMED vdw of  N3  in  DC I  -2  =  1.60 (same as   A)
 NON-STANDARD atom.| C4 | in residue>  DC I  -2 
 ASSUMED vdw of  C4  in  DC I  -2  =  1.80 (same as   A)
 NON-STANDARD atom.| N4 | in residue>  DC I  -2 
 ASSUMED vdw of  N4  in  DC I  -2  =  1.60 (same as   C)
 NON-STANDARD atom.| C5 | in residue>  DC I  -2 
 ASSUMED vdw of  C5  in  DC I  -2  =  1.80 (same as   A)
 NON-STANDARD atom.| C6 | in residue>  DC I  -2 
 ASSUMED vdw of  C6  in  DC I  -2  =  1.80 (same as   A)
 UNKNOWN residue type.............>  DA I  -1 
 NON-STANDARD atom.| P  | in residue>  DA I  -1 
 ASSUMED vdw of  P   in  DA I  -1  =  1.90 (same as   A)
 NON-STANDARD atom.| OP1| in residue>  DA I  -1 
 GUESSED vdw of  OP1 in  DA I  -1  =  1.40
 NON-STANDARD atom.| OP2| in residue>  DA I  -1 
 GUESSED vdw of  OP2 in  DA I  -1  =  1.40
 NON-STANDARD atom.| O5'| in residue>  DA I  -1 
 GUESSED vdw of  O5' in  DA I  -1  =  1.40
 NON-STANDARD atom.| C5'| in residue>  DA I  -1 
 GUESSED vdw of  C5' in  DA I  -1  =  1.80
 NON-STANDARD atom.| C4'| in residue>  DA I  -1 
 GUESSED vdw of  C4' in  DA I  -1  =  1.80
 NON-STANDARD atom.| O4'| in residue>  DA I  -1 
 GUESSED vdw of  O4' in  DA I  -1  =  1.40
 NON-STANDARD atom.| C3'| in residue>  DA I  -1 
 GUESSED vdw of  C3' in  DA I  -1  =  1.80
 NON-STANDARD atom.| O3'| in residue>  DA I  -1 
 GUESSED vdw of  O3' in  DA I  -1  =  1.40
 NON-STANDARD atom.| C2'| in residue>  DA I  -1 
 GUESSED vdw of  C2' in  DA I  -1  =  1.80
 NON-STANDARD atom.| C1'| in residue>  DA I  -1 
 GUESSED vdw of  C1' in  DA I  -1  =  1.80
 NON-STANDARD atom.| N9 | in residue>  DA I  -1 
 ASSUMED vdw of  N9  in  DA I  -1  =  1.60 (same as   A)
 NON-STANDARD atom.| C8 | in residue>  DA I  -1 
 ASSUMED vdw of  C8  in  DA I  -1  =  1.80 (same as   A)
 NON-STANDARD atom.| N7 | in residue>  DA I  -1 
 ASSUMED vdw of  N7  in  DA I  -1  =  1.60 (same as   A)
 NON-STANDARD atom.| C5 | in residue>  DA I  -1 
 ASSUMED vdw of  C5  in  DA I  -1  =  1.80 (same as   A)
 NON-STANDARD atom.| C6 | in residue>  DA I  -1 
 ASSUMED vdw of  C6  in  DA I  -1  =  1.80 (same as   A)
 NON-STANDARD atom.| N6 | in residue>  DA I  -1 
 ASSUMED vdw of  N6  in  DA I  -1  =  1.60 (same as   A)
 NON-STANDARD atom.| N1 | in residue>  DA I  -1 
 ASSUMED vdw of  N1  in  DA I  -1  =  1.60 (same as   A)
 NON-STANDARD atom.| C2 | in residue>  DA I  -1 
 ASSUMED vdw of  C2  in  DA I  -1  =  1.80 (same as   A)
 NON-STANDARD atom.| N3 | in residue>  DA I  -1 
 ASSUMED vdw of  N3  in  DA I  -1  =  1.60 (same as   A)
 NON-STANDARD atom.| C4 | in residue>  DA I  -1 
 ASSUMED vdw of  C4  in  DA I  -1  =  1.80 (same as   A)
 UNKNOWN residue type.............>  DG I   0 
 NON-STANDARD atom.| P  | in residue>  DG I   0 
 ASSUMED vdw of  P   in  DG I   0  =  1.90 (same as   A)
 NON-STANDARD atom.| OP1| in residue>  DG I   0 
 GUESSED vdw of  OP1 in  DG I   0  =  1.40
 NON-STANDARD atom.| OP2| in residue>  DG I   0 
 GUESSED vdw of  OP2 in  DG I   0  =  1.40
 NON-STANDARD atom.| O5'| in residue>  DG I   0 
 GUESSED vdw of  O5' in  DG I   0  =  1.40
 NON-STANDARD atom.| C5'| in residue>  DG I   0 
 GUESSED vdw of  C5' in  DG I   0  =  1.80
 NON-STANDARD atom.| C4'| in residue>  DG I   0 
 GUESSED vdw of  C4' in  DG I   0  =  1.80
 NON-STANDARD atom.| O4'| in residue>  DG I   0 
 GUESSED vdw of  O4' in  DG I   0  =  1.40
 NON-STANDARD atom.| C3'| in residue>  DG I   0 
 GUESSED vdw of  C3' in  DG I   0  =  1.80
 NON-STANDARD atom.| O3'| in residue>  DG I   0 
 GUESSED vdw of  O3' in  DG I   0  =  1.40
 NON-STANDARD atom.| C2'| in residue>  DG I   0 
 GUESSED vdw of  C2' in  DG I   0  =  1.80
 NON-STANDARD atom.| C1'| in residue>  DG I   0 
 GUESSED vdw of  C1' in  DG I   0  =  1.80
 NON-STANDARD atom.| N9 | in residue>  DG I   0 
 ASSUMED vdw of  N9  in  DG I   0  =  1.60 (same as   A)
 NON-STANDARD atom.| C8 | in residue>  DG I   0 
 ASSUMED vdw of  C8  in  DG I   0  =  1.80 (same as   A)
 NON-STANDARD atom.| N7 | in residue>  DG I   0 
 ASSUMED vdw of  N7  in  DG I   0  =  1.60 (same as   A)
 NON-STANDARD atom.| C5 | in residue>  DG I   0 
 ASSUMED vdw of  C5  in  DG I   0  =  1.80 (same as   A)
 NON-STANDARD atom.| C6 | in residue>  DG I   0 
 ASSUMED vdw of  C6  in  DG I   0  =  1.80 (same as   A)
 NON-STANDARD atom.| O6 | in residue>  DG I   0 
 ASSUMED vdw of  O6  in  DG I   0  =  1.40 (same as   G)
 NON-STANDARD atom.| N1 | in residue>  DG I   0 
 ASSUMED vdw of  N1  in  DG I   0  =  1.60 (same as   A)
 NON-STANDARD atom.| C2 | in residue>  DG I   0 
 ASSUMED vdw of  C2  in  DG I   0  =  1.80 (same as   A)
 NON-STANDARD atom.| N2 | in residue>  DG I   0 
 ASSUMED vdw of  N2  in  DG I   0  =  1.60 (same as   G)
 NON-STANDARD atom.| N3 | in residue>  DG I   0 
 ASSUMED vdw of  N3  in  DG I   0  =  1.60 (same as   A)
 NON-STANDARD atom.| C4 | in residue>  DG I   0 
 ASSUMED vdw of  C4  in  DG I   0  =  1.80 (same as   A)
 UNKNOWN residue type.............>  DC I   1 
 NON-STANDARD atom.| P  | in residue>  DC I   1 
 ASSUMED vdw of  P   in  DC I   1  =  1.90 (same as   A)
 NON-STANDARD atom.| OP1| in residue>  DC I   1 
 GUESSED vdw of  OP1 in  DC I   1  =  1.40
 NON-STANDARD atom.| OP2| in residue>  DC I   1 
 GUESSED vdw of  OP2 in  DC I   1  =  1.40
 NON-STANDARD atom.| O5'| in residue>  DC I   1 
 GUESSED vdw of  O5' in  DC I   1  =  1.40
 NON-STANDARD atom.| C5'| in residue>  DC I   1 
 GUESSED vdw of  C5' in  DC I   1  =  1.80
 NON-STANDARD atom.| C4'| in residue>  DC I   1 
 GUESSED vdw of  C4' in  DC I   1  =  1.80
 NON-STANDARD atom.| O4'| in residue>  DC I   1 
 GUESSED vdw of  O4' in  DC I   1  =  1.40
 NON-STANDARD atom.| C3'| in residue>  DC I   1 
 GUESSED vdw of  C3' in  DC I   1  =  1.80
 NON-STANDARD atom.| O3'| in residue>  DC I   1 
 GUESSED vdw of  O3' in  DC I   1  =  1.40
 NON-STANDARD atom.| C2'| in residue>  DC I   1 
 GUESSED vdw of  C2' in  DC I   1  =  1.80
 NON-STANDARD atom.| C1'| in residue>  DC I   1 
 GUESSED vdw of  C1' in  DC I   1  =  1.80
 NON-STANDARD atom.| N1 | in residue>  DC I   1 
 ASSUMED vdw of  N1  in  DC I   1  =  1.60 (same as   A)
 NON-STANDARD atom.| C2 | in residue>  DC I   1 
 ASSUMED vdw of  C2  in  DC I   1  =  1.80 (same as   A)
 NON-STANDARD atom.| O2 | in residue>  DC I   1 
 ASSUMED vdw of  O2  in  DC I   1  =  1.40 (same as   C)
 NON-STANDARD atom.| N3 | in residue>  DC I   1 
 ASSUMED vdw of  N3  in  DC I   1  =  1.60 (same as   A)
 NON-STANDARD atom.| C4 | in residue>  DC I   1 
 ASSUMED vdw of  C4  in  DC I   1  =  1.80 (same as   A)
 NON-STANDARD atom.| N4 | in residue>  DC I   1 
 ASSUMED vdw of  N4  in  DC I   1  =  1.60 (same as   C)
 NON-STANDARD atom.| C5 | in residue>  DC I   1 
 ASSUMED vdw of  C5  in  DC I   1  =  1.80 (same as   A)
 NON-STANDARD atom.| C6 | in residue>  DC I   1 
 ASSUMED vdw of  C6  in  DC I   1  =  1.80 (same as   A)
 UNKNOWN residue type.............>  DG I   2 
 NON-STANDARD atom.| P  | in residue>  DG I   2 
 ASSUMED vdw of  P   in  DG I   2  =  1.90 (same as   A)
 NON-STANDARD atom.| OP1| in residue>  DG I   2 
 GUESSED vdw of  OP1 in  DG I   2  =  1.40
 NON-STANDARD atom.| OP2| in residue>  DG I   2 
 GUESSED vdw of  OP2 in  DG I   2  =  1.40
 NON-STANDARD atom.| O5'| in residue>  DG I   2 
 GUESSED vdw of  O5' in  DG I   2  =  1.40
 NON-STANDARD atom.| C5'| in residue>  DG I   2 
 GUESSED vdw of  C5' in  DG I   2  =  1.80
 NON-STANDARD atom.| C4'| in residue>  DG I   2 
 GUESSED vdw of  C4' in  DG I   2  =  1.80
 NON-STANDARD atom.| O4'| in residue>  DG I   2 
 GUESSED vdw of  O4' in  DG I   2  =  1.40
 NON-STANDARD atom.| C3'| in residue>  DG I   2 
 GUESSED vdw of  C3' in  DG I   2  =  1.80
 NON-STANDARD atom.| O3'| in residue>  DG I   2 
 GUESSED vdw of  O3' in  DG I   2  =  1.40
 NON-STANDARD atom.| C2'| in residue>  DG I   2 
 GUESSED vdw of  C2' in  DG I   2  =  1.80
 NON-STANDARD atom.| C1'| in residue>  DG I   2 
 GUESSED vdw of  C1' in  DG I   2  =  1.80
 NON-STANDARD atom.| N9 | in residue>  DG I   2 
 ASSUMED vdw of  N9  in  DG I   2  =  1.60 (same as   A)
 NON-STANDARD atom.| C8 | in residue>  DG I   2 
 ASSUMED vdw of  C8  in  DG I   2  =  1.80 (same as   A)
 NON-STANDARD atom.| N7 | in residue>  DG I   2 
 ASSUMED vdw of  N7  in  DG I   2  =  1.60 (same as   A)
 NON-STANDARD atom.| C5 | in residue>  DG I   2 
 ASSUMED vdw of  C5  in  DG I   2  =  1.80 (same as   A)
 NON-STANDARD atom.| C6 | in residue>  DG I   2 
 ASSUMED vdw of  C6  in  DG I   2  =  1.80 (same as   A)
 NON-STANDARD atom.| O6 | in residue>  DG I   2 
 ASSUMED vdw of  O6  in  DG I   2  =  1.40 (same as   G)
 NON-STANDARD atom.| N1 | in residue>  DG I   2 
 ASSUMED vdw of  N1  in  DG I   2  =  1.60 (same as   A)
 NON-STANDARD atom.| C2 | in residue>  DG I   2 
 ASSUMED vdw of  C2  in  DG I   2  =  1.80 (same as   A)
 NON-STANDARD atom.| N2 | in residue>  DG I   2 
 ASSUMED vdw of  N2  in  DG I   2  =  1.60 (same as   G)
 NON-STANDARD atom.| N3 | in residue>  DG I   2 
 ASSUMED vdw of  N3  in  DG I   2  =  1.60 (same as   A)
 NON-STANDARD atom.| C4 | in residue>  DG I   2 
 ASSUMED vdw of  C4  in  DG I   2  =  1.80 (same as   A)
 UNKNOWN residue type.............>  DC I   3 
 NON-STANDARD atom.| P  | in residue>  DC I   3 
 ASSUMED vdw of  P   in  DC I   3  =  1.90 (same as   A)
 NON-STANDARD atom.| OP1| in residue>  DC I   3 
 GUESSED vdw of  OP1 in  DC I   3  =  1.40
 NON-STANDARD atom.| OP2| in residue>  DC I   3 
 GUESSED vdw of  OP2 in  DC I   3  =  1.40
 NON-STANDARD atom.| O5'| in residue>  DC I   3 
 GUESSED vdw of  O5' in  DC I   3  =  1.40
 NON-STANDARD atom.| C5'| in residue>  DC I   3 
 GUESSED vdw of  C5' in  DC I   3  =  1.80
 NON-STANDARD atom.| C4'| in residue>  DC I   3 
 GUESSED vdw of  C4' in  DC I   3  =  1.80
 NON-STANDARD atom.| O4'| in residue>  DC I   3 
 GUESSED vdw of  O4' in  DC I   3  =  1.40
 NON-STANDARD atom.| C3'| in residue>  DC I   3 
 GUESSED vdw of  C3' in  DC I   3  =  1.80
 NON-STANDARD atom.| O3'| in residue>  DC I   3 
 GUESSED vdw of  O3' in  DC I   3  =  1.40
 NON-STANDARD atom.| C2'| in residue>  DC I   3 
 GUESSED vdw of  C2' in  DC I   3  =  1.80
 NON-STANDARD atom.| C1'| in residue>  DC I   3 
 GUESSED vdw of  C1' in  DC I   3  =  1.80
 NON-STANDARD atom.| N1 | in residue>  DC I   3 
 ASSUMED vdw of  N1  in  DC I   3  =  1.60 (same as   A)
 NON-STANDARD atom.| C2 | in residue>  DC I   3 
 ASSUMED vdw of  C2  in  DC I   3  =  1.80 (same as   A)
 NON-STANDARD atom.| O2 | in residue>  DC I   3 
 ASSUMED vdw of  O2  in  DC I   3  =  1.40 (same as   C)
 NON-STANDARD atom.| N3 | in residue>  DC I   3 
 ASSUMED vdw of  N3  in  DC I   3  =  1.60 (same as   A)
 NON-STANDARD atom.| C4 | in residue>  DC I   3 
 ASSUMED vdw of  C4  in  DC I   3  =  1.80 (same as   A)
 NON-STANDARD atom.| N4 | in residue>  DC I   3 
 ASSUMED vdw of  N4  in  DC I   3  =  1.60 (same as   C)
 NON-STANDARD atom.| C5 | in residue>  DC I   3 
 ASSUMED vdw of  C5  in  DC I   3  =  1.80 (same as   A)
 NON-STANDARD atom.| C6 | in residue>  DC I   3 
 ASSUMED vdw of  C6  in  DC I   3  =  1.80 (same as   A)
 UNKNOWN residue type.............>  DG I   4 
 NON-STANDARD atom.| P  | in residue>  DG I   4 
 ASSUMED vdw of  P   in  DG I   4  =  1.90 (same as   A)
 NON-STANDARD atom.| OP1| in residue>  DG I   4 
 GUESSED vdw of  OP1 in  DG I   4  =  1.40
 NON-STANDARD atom.| OP2| in residue>  DG I   4 
 GUESSED vdw of  OP2 in  DG I   4  =  1.40
 NON-STANDARD atom.| O5'| in residue>  DG I   4 
 GUESSED vdw of  O5' in  DG I   4  =  1.40
 NON-STANDARD atom.| C5'| in residue>  DG I   4 
 GUESSED vdw of  C5' in  DG I   4  =  1.80
 NON-STANDARD atom.| C4'| in residue>  DG I   4 
 GUESSED vdw of  C4' in  DG I   4  =  1.80
 NON-STANDARD atom.| O4'| in residue>  DG I   4 
 GUESSED vdw of  O4' in  DG I   4  =  1.40
 NON-STANDARD atom.| C3'| in residue>  DG I   4 
 GUESSED vdw of  C3' in  DG I   4  =  1.80
 NON-STANDARD atom.| O3'| in residue>  DG I   4 
 GUESSED vdw of  O3' in  DG I   4  =  1.40
 NON-STANDARD atom.| C2'| in residue>  DG I   4 
 GUESSED vdw of  C2' in  DG I   4  =  1.80
 NON-STANDARD atom.| C1'| in residue>  DG I   4 
 GUESSED vdw of  C1' in  DG I   4  =  1.80
 NON-STANDARD atom.| N9 | in residue>  DG I   4 
 ASSUMED vdw of  N9  in  DG I   4  =  1.60 (same as   A)
 NON-STANDARD atom.| C8 | in residue>  DG I   4 
 ASSUMED vdw of  C8  in  DG I   4  =  1.80 (same as   A)
 NON-STANDARD atom.| N7 | in residue>  DG I   4 
 ASSUMED vdw of  N7  in  DG I   4  =  1.60 (same as   A)
 NON-STANDARD atom.| C5 | in residue>  DG I   4 
 ASSUMED vdw of  C5  in  DG I   4  =  1.80 (same as   A)
 NON-STANDARD atom.| C6 | in residue>  DG I   4 
 ASSUMED vdw of  C6  in  DG I   4  =  1.80 (same as   A)
 NON-STANDARD atom.| O6 | in residue>  DG I   4 
 ASSUMED vdw of  O6  in  DG I   4  =  1.40 (same as   G)
 NON-STANDARD atom.| N1 | in residue>  DG I   4 
 ASSUMED vdw of  N1  in  DG I   4  =  1.60 (same as   A)
 NON-STANDARD atom.| C2 | in residue>  DG I   4 
 ASSUMED vdw of  C2  in  DG I   4  =  1.80 (same as   A)
 NON-STANDARD atom.| N2 | in residue>  DG I   4 
 ASSUMED vdw of  N2  in  DG I   4  =  1.60 (same as   G)
 NON-STANDARD atom.| N3 | in residue>  DG I   4 
 ASSUMED vdw of  N3  in  DG I   4  =  1.60 (same as   A)
 NON-STANDARD atom.| C4 | in residue>  DG I   4 
 ASSUMED vdw of  C4  in  DG I   4  =  1.80 (same as   A)
 UNKNOWN residue type.............>  DT I   5 
 NON-STANDARD atom.| P  | in residue>  DT I   5 
 ASSUMED vdw of  P   in  DT I   5  =  1.90 (same as   A)
 NON-STANDARD atom.| OP1| in residue>  DT I   5 
 GUESSED vdw of  OP1 in  DT I   5  =  1.40
 NON-STANDARD atom.| OP2| in residue>  DT I   5 
 GUESSED vdw of  OP2 in  DT I   5  =  1.40
 NON-STANDARD atom.| O5'| in residue>  DT I   5 
 GUESSED vdw of  O5' in  DT I   5  =  1.40
 NON-STANDARD atom.| C5'| in residue>  DT I   5 
 GUESSED vdw of  C5' in  DT I   5  =  1.80
 NON-STANDARD atom.| C4'| in residue>  DT I   5 
 GUESSED vdw of  C4' in  DT I   5  =  1.80
 NON-STANDARD atom.| O4'| in residue>  DT I   5 
 GUESSED vdw of  O4' in  DT I   5  =  1.40
 NON-STANDARD atom.| C3'| in residue>  DT I   5 
 GUESSED vdw of  C3' in  DT I   5  =  1.80
 NON-STANDARD atom.| O3'| in residue>  DT I   5 
 GUESSED vdw of  O3' in  DT I   5  =  1.40
 NON-STANDARD atom.| C2'| in residue>  DT I   5 
 GUESSED vdw of  C2' in  DT I   5  =  1.80
 NON-STANDARD atom.| C1'| in residue>  DT I   5 
 GUESSED vdw of  C1' in  DT I   5  =  1.80
 NON-STANDARD atom.| N1 | in residue>  DT I   5 
 ASSUMED vdw of  N1  in  DT I   5  =  1.60 (same as   A)
 NON-STANDARD atom.| C2 | in residue>  DT I   5 
 ASSUMED vdw of  C2  in  DT I   5  =  1.80 (same as   A)
 NON-STANDARD atom.| O2 | in residue>  DT I   5 
 ASSUMED vdw of  O2  in  DT I   5  =  1.40 (same as   C)
 NON-STANDARD atom.| N3 | in residue>  DT I   5 
 ASSUMED vdw of  N3  in  DT I   5  =  1.60 (same as   A)
 NON-STANDARD atom.| C4 | in residue>  DT I   5 
 ASSUMED vdw of  C4  in  DT I   5  =  1.80 (same as   A)
 NON-STANDARD atom.| O4 | in residue>  DT I   5 
 ASSUMED vdw of  O4  in  DT I   5  =  1.40 (same as   T)
 NON-STANDARD atom.| C5 | in residue>  DT I   5 
 ASSUMED vdw of  C5  in  DT I   5  =  1.80 (same as   A)
 NON-STANDARD atom.| C7 | in residue>  DT I   5 
 GUESSED vdw of  C7  in  DT I   5  =  1.80
 NON-STANDARD atom.| C6 | in residue>  DT I   5 
 ASSUMED vdw of  C6  in  DT I   5  =  1.80 (same as   A)
 UNKNOWN residue type.............>  DA I   6 
 NON-STANDARD atom.| P  | in residue>  DA I   6 
 ASSUMED vdw of  P   in  DA I   6  =  1.90 (same as   A)
 NON-STANDARD atom.| OP1| in residue>  DA I   6 
 GUESSED vdw of  OP1 in  DA I   6  =  1.40
 NON-STANDARD atom.| OP2| in residue>  DA I   6 
 GUESSED vdw of  OP2 in  DA I   6  =  1.40
 NON-STANDARD atom.| O5'| in residue>  DA I   6 
 GUESSED vdw of  O5' in  DA I   6  =  1.40
 NON-STANDARD atom.| C5'| in residue>  DA I   6 
 GUESSED vdw of  C5' in  DA I   6  =  1.80
 NON-STANDARD atom.| C4'| in residue>  DA I   6 
 GUESSED vdw of  C4' in  DA I   6  =  1.80
 NON-STANDARD atom.| O4'| in residue>  DA I   6 
 GUESSED vdw of  O4' in  DA I   6  =  1.40
 NON-STANDARD atom.| C3'| in residue>  DA I   6 
 GUESSED vdw of  C3' in  DA I   6  =  1.80
 NON-STANDARD atom.| O3'| in residue>  DA I   6 
 GUESSED vdw of  O3' in  DA I   6  =  1.40
 NON-STANDARD atom.| C2'| in residue>  DA I   6 
 GUESSED vdw of  C2' in  DA I   6  =  1.80
 NON-STANDARD atom.| C1'| in residue>  DA I   6 
 GUESSED vdw of  C1' in  DA I   6  =  1.80
 NON-STANDARD atom.| N9 | in residue>  DA I   6 
 ASSUMED vdw of  N9  in  DA I   6  =  1.60 (same as   A)
 NON-STANDARD atom.| C8 | in residue>  DA I   6 
 ASSUMED vdw of  C8  in  DA I   6  =  1.80 (same as   A)
 NON-STANDARD atom.| N7 | in residue>  DA I   6 
 ASSUMED vdw of  N7  in  DA I   6  =  1.60 (same as   A)
 NON-STANDARD atom.| C5 | in residue>  DA I   6 
 ASSUMED vdw of  C5  in  DA I   6  =  1.80 (same as   A)
 NON-STANDARD atom.| C6 | in residue>  DA I   6 
 ASSUMED vdw of  C6  in  DA I   6  =  1.80 (same as   A)
 NON-STANDARD atom.| N6 | in residue>  DA I   6 
 ASSUMED vdw of  N6  in  DA I   6  =  1.60 (same as   A)
 NON-STANDARD atom.| N1 | in residue>  DA I   6 
 ASSUMED vdw of  N1  in  DA I   6  =  1.60 (same as   A)
 NON-STANDARD atom.| C2 | in residue>  DA I   6 
 ASSUMED vdw of  C2  in  DA I   6  =  1.80 (same as   A)
 NON-STANDARD atom.| N3 | in residue>  DA I   6 
 ASSUMED vdw of  N3  in  DA I   6  =  1.60 (same as   A)
 NON-STANDARD atom.| C4 | in residue>  DA I   6 
 ASSUMED vdw of  C4  in  DA I   6  =  1.80 (same as   A)
 UNKNOWN residue type.............>  DC I   7 
 NON-STANDARD atom.| P  | in residue>  DC I   7 
 ASSUMED vdw of  P   in  DC I   7  =  1.90 (same as   A)
 NON-STANDARD atom.| OP1| in residue>  DC I   7 
 GUESSED vdw of  OP1 in  DC I   7  =  1.40
 NON-STANDARD atom.| OP2| in residue>  DC I   7 
 GUESSED vdw of  OP2 in  DC I   7  =  1.40
 NON-STANDARD atom.| O5'| in residue>  DC I   7 
 GUESSED vdw of  O5' in  DC I   7  =  1.40
 NON-STANDARD atom.| C5'| in residue>  DC I   7 
 GUESSED vdw of  C5' in  DC I   7  =  1.80
 NON-STANDARD atom.| C4'| in residue>  DC I   7 
 GUESSED vdw of  C4' in  DC I   7  =  1.80
 NON-STANDARD atom.| O4'| in residue>  DC I   7 
 GUESSED vdw of  O4' in  DC I   7  =  1.40
 NON-STANDARD atom.| C3'| in residue>  DC I   7 
 GUESSED vdw of  C3' in  DC I   7  =  1.80
 NON-STANDARD atom.| O3'| in residue>  DC I   7 
 GUESSED vdw of  O3' in  DC I   7  =  1.40
 NON-STANDARD atom.| C2'| in residue>  DC I   7 
 GUESSED vdw of  C2' in  DC I   7  =  1.80
 NON-STANDARD atom.| C1'| in residue>  DC I   7 
 GUESSED vdw of  C1' in  DC I   7  =  1.80
 NON-STANDARD atom.| N1 | in residue>  DC I   7 
 ASSUMED vdw of  N1  in  DC I   7  =  1.60 (same as   A)
 NON-STANDARD atom.| C2 | in residue>  DC I   7 
 ASSUMED vdw of  C2  in  DC I   7  =  1.80 (same as   A)
 NON-STANDARD atom.| O2 | in residue>  DC I   7 
 ASSUMED vdw of  O2  in  DC I   7  =  1.40 (same as   C)
 NON-STANDARD atom.| N3 | in residue>  DC I   7 
 ASSUMED vdw of  N3  in  DC I   7  =  1.60 (same as   A)
 NON-STANDARD atom.| C4 | in residue>  DC I   7 
 ASSUMED vdw of  C4  in  DC I   7  =  1.80 (same as   A)
 NON-STANDARD atom.| N4 | in residue>  DC I   7 
 ASSUMED vdw of  N4  in  DC I   7  =  1.60 (same as   C)
 NON-STANDARD atom.| C5 | in residue>  DC I   7 
 ASSUMED vdw of  C5  in  DC I   7  =  1.80 (same as   A)
 NON-STANDARD atom.| C6 | in residue>  DC I   7 
 ASSUMED vdw of  C6  in  DC I   7  =  1.80 (same as   A)
 UNKNOWN residue type.............>  DG I   8 
 NON-STANDARD atom.| P  | in residue>  DG I   8 
 ASSUMED vdw of  P   in  DG I   8  =  1.90 (same as   A)
 NON-STANDARD atom.| OP1| in residue>  DG I   8 
 GUESSED vdw of  OP1 in  DG I   8  =  1.40
 NON-STANDARD atom.| OP2| in residue>  DG I   8 
 GUESSED vdw of  OP2 in  DG I   8  =  1.40
 NON-STANDARD atom.| O5'| in residue>  DG I   8 
 GUESSED vdw of  O5' in  DG I   8  =  1.40
 NON-STANDARD atom.| C5'| in residue>  DG I   8 
 GUESSED vdw of  C5' in  DG I   8  =  1.80
 NON-STANDARD atom.| C4'| in residue>  DG I   8 
 GUESSED vdw of  C4' in  DG I   8  =  1.80
 NON-STANDARD atom.| O4'| in residue>  DG I   8 
 GUESSED vdw of  O4' in  DG I   8  =  1.40
 NON-STANDARD atom.| C3'| in residue>  DG I   8 
 GUESSED vdw of  C3' in  DG I   8  =  1.80
 NON-STANDARD atom.| O3'| in residue>  DG I   8 
 GUESSED vdw of  O3' in  DG I   8  =  1.40
 NON-STANDARD atom.| C2'| in residue>  DG I   8 
 GUESSED vdw of  C2' in  DG I   8  =  1.80
 NON-STANDARD atom.| C1'| in residue>  DG I   8 
 GUESSED vdw of  C1' in  DG I   8  =  1.80
 NON-STANDARD atom.| N9 | in residue>  DG I   8 
 ASSUMED vdw of  N9  in  DG I   8  =  1.60 (same as   A)
 NON-STANDARD atom.| C8 | in residue>  DG I   8 
 ASSUMED vdw of  C8  in  DG I   8  =  1.80 (same as   A)
 NON-STANDARD atom.| N7 | in residue>  DG I   8 
 ASSUMED vdw of  N7  in  DG I   8  =  1.60 (same as   A)
 NON-STANDARD atom.| C5 | in residue>  DG I   8 
 ASSUMED vdw of  C5  in  DG I   8  =  1.80 (same as   A)
 NON-STANDARD atom.| C6 | in residue>  DG I   8 
 ASSUMED vdw of  C6  in  DG I   8  =  1.80 (same as   A)
 NON-STANDARD atom.| O6 | in residue>  DG I   8 
 ASSUMED vdw of  O6  in  DG I   8  =  1.40 (same as   G)
 NON-STANDARD atom.| N1 | in residue>  DG I   8 
 ASSUMED vdw of  N1  in  DG I   8  =  1.60 (same as   A)
 NON-STANDARD atom.| C2 | in residue>  DG I   8 
 ASSUMED vdw of  C2  in  DG I   8  =  1.80 (same as   A)
 NON-STANDARD atom.| N2 | in residue>  DG I   8 
 ASSUMED vdw of  N2  in  DG I   8  =  1.60 (same as   G)
 NON-STANDARD atom.| N3 | in residue>  DG I   8 
 ASSUMED vdw of  N3  in  DG I   8  =  1.60 (same as   A)
 NON-STANDARD atom.| C4 | in residue>  DG I   8 
 ASSUMED vdw of  C4  in  DG I   8  =  1.80 (same as   A)
 UNKNOWN residue type.............>  DT I   9 
 NON-STANDARD atom.| P  | in residue>  DT I   9 
 ASSUMED vdw of  P   in  DT I   9  =  1.90 (same as   A)
 NON-STANDARD atom.| OP1| in residue>  DT I   9 
 GUESSED vdw of  OP1 in  DT I   9  =  1.40
 NON-STANDARD atom.| OP2| in residue>  DT I   9 
 GUESSED vdw of  OP2 in  DT I   9  =  1.40
 NON-STANDARD atom.| O5'| in residue>  DT I   9 
 GUESSED vdw of  O5' in  DT I   9  =  1.40
 NON-STANDARD atom.| C5'| in residue>  DT I   9 
 GUESSED vdw of  C5' in  DT I   9  =  1.80
 NON-STANDARD atom.| C4'| in residue>  DT I   9 
 GUESSED vdw of  C4' in  DT I   9  =  1.80
 NON-STANDARD atom.| O4'| in residue>  DT I   9 
 GUESSED vdw of  O4' in  DT I   9  =  1.40
 NON-STANDARD atom.| C3'| in residue>  DT I   9 
 GUESSED vdw of  C3' in  DT I   9  =  1.80
 NON-STANDARD atom.| O3'| in residue>  DT I   9 
 GUESSED vdw of  O3' in  DT I   9  =  1.40
 NON-STANDARD atom.| C2'| in residue>  DT I   9 
 GUESSED vdw of  C2' in  DT I   9  =  1.80
 NON-STANDARD atom.| C1'| in residue>  DT I   9 
 GUESSED vdw of  C1' in  DT I   9  =  1.80
 NON-STANDARD atom.| N1 | in residue>  DT I   9 
 ASSUMED vdw of  N1  in  DT I   9  =  1.60 (same as   A)
 NON-STANDARD atom.| C2 | in residue>  DT I   9 
 ASSUMED vdw of  C2  in  DT I   9  =  1.80 (same as   A)
 NON-STANDARD atom.| O2 | in residue>  DT I   9 
 ASSUMED vdw of  O2  in  DT I   9  =  1.40 (same as   C)
 NON-STANDARD atom.| N3 | in residue>  DT I   9 
 ASSUMED vdw of  N3  in  DT I   9  =  1.60 (same as   A)
 NON-STANDARD atom.| C4 | in residue>  DT I   9 
 ASSUMED vdw of  C4  in  DT I   9  =  1.80 (same as   A)
 NON-STANDARD atom.| O4 | in residue>  DT I   9 
 ASSUMED vdw of  O4  in  DT I   9  =  1.40 (same as   T)
 NON-STANDARD atom.| C5 | in residue>  DT I   9 
 ASSUMED vdw of  C5  in  DT I   9  =  1.80 (same as   A)
 NON-STANDARD atom.| C7 | in residue>  DT I   9 
 GUESSED vdw of  C7  in  DT I   9  =  1.80
 NON-STANDARD atom.| C6 | in residue>  DT I   9 
 ASSUMED vdw of  C6  in  DT I   9  =  1.80 (same as   A)
 UNKNOWN residue type.............>  DG I  10 
 NON-STANDARD atom.| P  | in residue>  DG I  10 
 ASSUMED vdw of  P   in  DG I  10  =  1.90 (same as   A)
 NON-STANDARD atom.| OP1| in residue>  DG I  10 
 GUESSED vdw of  OP1 in  DG I  10  =  1.40
 NON-STANDARD atom.| OP2| in residue>  DG I  10 
 GUESSED vdw of  OP2 in  DG I  10  =  1.40
 NON-STANDARD atom.| O5'| in residue>  DG I  10 
 GUESSED vdw of  O5' in  DG I  10  =  1.40
 NON-STANDARD atom.| C5'| in residue>  DG I  10 
 GUESSED vdw of  C5' in  DG I  10  =  1.80
 NON-STANDARD atom.| C4'| in residue>  DG I  10 
 GUESSED vdw of  C4' in  DG I  10  =  1.80
 NON-STANDARD atom.| O4'| in residue>  DG I  10 
 GUESSED vdw of  O4' in  DG I  10  =  1.40
 NON-STANDARD atom.| C3'| in residue>  DG I  10 
 GUESSED vdw of  C3' in  DG I  10  =  1.80
 NON-STANDARD atom.| O3'| in residue>  DG I  10 
 GUESSED vdw of  O3' in  DG I  10  =  1.40
 NON-STANDARD atom.| C2'| in residue>  DG I  10 
 GUESSED vdw of  C2' in  DG I  10  =  1.80
 NON-STANDARD atom.| C1'| in residue>  DG I  10 
 GUESSED vdw of  C1' in  DG I  10  =  1.80
 NON-STANDARD atom.| N9 | in residue>  DG I  10 
 ASSUMED vdw of  N9  in  DG I  10  =  1.60 (same as   A)
 NON-STANDARD atom.| C8 | in residue>  DG I  10 
 ASSUMED vdw of  C8  in  DG I  10  =  1.80 (same as   A)
 NON-STANDARD atom.| N7 | in residue>  DG I  10 
 ASSUMED vdw of  N7  in  DG I  10  =  1.60 (same as   A)
 NON-STANDARD atom.| C5 | in residue>  DG I  10 
 ASSUMED vdw of  C5  in  DG I  10  =  1.80 (same as   A)
 NON-STANDARD atom.| C6 | in residue>  DG I  10 
 ASSUMED vdw of  C6  in  DG I  10  =  1.80 (same as   A)
 NON-STANDARD atom.| O6 | in residue>  DG I  10 
 ASSUMED vdw of  O6  in  DG I  10  =  1.40 (same as   G)
 NON-STANDARD atom.| N1 | in residue>  DG I  10 
 ASSUMED vdw of  N1  in  DG I  10  =  1.60 (same as   A)
 NON-STANDARD atom.| C2 | in residue>  DG I  10 
 ASSUMED vdw of  C2  in  DG I  10  =  1.80 (same as   A)
 NON-STANDARD atom.| N2 | in residue>  DG I  10 
 ASSUMED vdw of  N2  in  DG I  10  =  1.60 (same as   G)
 NON-STANDARD atom.| N3 | in residue>  DG I  10 
 ASSUMED vdw of  N3  in  DG I  10  =  1.60 (same as   A)
 NON-STANDARD atom.| C4 | in residue>  DG I  10 
 ASSUMED vdw of  C4  in  DG I  10  =  1.80 (same as   A)
 UNKNOWN residue type.............>  DC I  11 
 NON-STANDARD atom.| P  | in residue>  DC I  11 
 ASSUMED vdw of  P   in  DC I  11  =  1.90 (same as   A)
 NON-STANDARD atom.| OP1| in residue>  DC I  11 
 GUESSED vdw of  OP1 in  DC I  11  =  1.40
 NON-STANDARD atom.| OP2| in residue>  DC I  11 
 GUESSED vdw of  OP2 in  DC I  11  =  1.40
 NON-STANDARD atom.| O5'| in residue>  DC I  11 
 GUESSED vdw of  O5' in  DC I  11  =  1.40
 NON-STANDARD atom.| C5'| in residue>  DC I  11 
 GUESSED vdw of  C5' in  DC I  11  =  1.80
 NON-STANDARD atom.| C4'| in residue>  DC I  11 
 GUESSED vdw of  C4' in  DC I  11  =  1.80
 NON-STANDARD atom.| O4'| in residue>  DC I  11 
 GUESSED vdw of  O4' in  DC I  11  =  1.40
 NON-STANDARD atom.| C3'| in residue>  DC I  11 
 GUESSED vdw of  C3' in  DC I  11  =  1.80
 NON-STANDARD atom.| O3'| in residue>  DC I  11 
 GUESSED vdw of  O3' in  DC I  11  =  1.40
 NON-STANDARD atom.| C2'| in residue>  DC I  11 
 GUESSED vdw of  C2' in  DC I  11  =  1.80
 NON-STANDARD atom.| C1'| in residue>  DC I  11 
 GUESSED vdw of  C1' in  DC I  11  =  1.80
 NON-STANDARD atom.| N1 | in residue>  DC I  11 
 ASSUMED vdw of  N1  in  DC I  11  =  1.60 (same as   A)
 NON-STANDARD atom.| C2 | in residue>  DC I  11 
 ASSUMED vdw of  C2  in  DC I  11  =  1.80 (same as   A)
 NON-STANDARD atom.| O2 | in residue>  DC I  11 
 ASSUMED vdw of  O2  in  DC I  11  =  1.40 (same as   C)
 NON-STANDARD atom.| N3 | in residue>  DC I  11 
 ASSUMED vdw of  N3  in  DC I  11  =  1.60 (same as   A)
 NON-STANDARD atom.| C4 | in residue>  DC I  11 
 ASSUMED vdw of  C4  in  DC I  11  =  1.80 (same as   A)
 NON-STANDARD atom.| N4 | in residue>  DC I  11 
 ASSUMED vdw of  N4  in  DC I  11  =  1.60 (same as   C)
 NON-STANDARD atom.| C5 | in residue>  DC I  11 
 ASSUMED vdw of  C5  in  DC I  11  =  1.80 (same as   A)
 NON-STANDARD atom.| C6 | in residue>  DC I  11 
 ASSUMED vdw of  C6  in  DC I  11  =  1.80 (same as   A)
 UNKNOWN residue type.............>  DG I  12 
 NON-STANDARD atom.| P  | in residue>  DG I  12 
 ASSUMED vdw of  P   in  DG I  12  =  1.90 (same as   A)
 NON-STANDARD atom.| OP1| in residue>  DG I  12 
 GUESSED vdw of  OP1 in  DG I  12  =  1.40
 NON-STANDARD atom.| OP2| in residue>  DG I  12 
 GUESSED vdw of  OP2 in  DG I  12  =  1.40
 NON-STANDARD atom.| O5'| in residue>  DG I  12 
 GUESSED vdw of  O5' in  DG I  12  =  1.40
 NON-STANDARD atom.| C5'| in residue>  DG I  12 
 GUESSED vdw of  C5' in  DG I  12  =  1.80
 NON-STANDARD atom.| C4'| in residue>  DG I  12 
 GUESSED vdw of  C4' in  DG I  12  =  1.80
 NON-STANDARD atom.| O4'| in residue>  DG I  12 
 GUESSED vdw of  O4' in  DG I  12  =  1.40
 NON-STANDARD atom.| C3'| in residue>  DG I  12 
 GUESSED vdw of  C3' in  DG I  12  =  1.80
 NON-STANDARD atom.| O3'| in residue>  DG I  12 
 GUESSED vdw of  O3' in  DG I  12  =  1.40
 NON-STANDARD atom.| C2'| in residue>  DG I  12 
 GUESSED vdw of  C2' in  DG I  12  =  1.80
 NON-STANDARD atom.| C1'| in residue>  DG I  12 
 GUESSED vdw of  C1' in  DG I  12  =  1.80
 NON-STANDARD atom.| N9 | in residue>  DG I  12 
 ASSUMED vdw of  N9  in  DG I  12  =  1.60 (same as   A)
 NON-STANDARD atom.| C8 | in residue>  DG I  12 
 ASSUMED vdw of  C8  in  DG I  12  =  1.80 (same as   A)
 NON-STANDARD atom.| N7 | in residue>  DG I  12 
 ASSUMED vdw of  N7  in  DG I  12  =  1.60 (same as   A)
 NON-STANDARD atom.| C5 | in residue>  DG I  12 
 ASSUMED vdw of  C5  in  DG I  12  =  1.80 (same as   A)
 NON-STANDARD atom.| C6 | in residue>  DG I  12 
 ASSUMED vdw of  C6  in  DG I  12  =  1.80 (same as   A)
 NON-STANDARD atom.| O6 | in residue>  DG I  12 
 ASSUMED vdw of  O6  in  DG I  12  =  1.40 (same as   G)
 NON-STANDARD atom.| N1 | in residue>  DG I  12 
 ASSUMED vdw of  N1  in  DG I  12  =  1.60 (same as   A)
 NON-STANDARD atom.| C2 | in residue>  DG I  12 
 ASSUMED vdw of  C2  in  DG I  12  =  1.80 (same as   A)
 NON-STANDARD atom.| N2 | in residue>  DG I  12 
 ASSUMED vdw of  N2  in  DG I  12  =  1.60 (same as   G)
 NON-STANDARD atom.| N3 | in residue>  DG I  12 
 ASSUMED vdw of  N3  in  DG I  12  =  1.60 (same as   A)
 NON-STANDARD atom.| C4 | in residue>  DG I  12 
 ASSUMED vdw of  C4  in  DG I  12  =  1.80 (same as   A)
 UNKNOWN residue type.............>  DT I  13 
 NON-STANDARD atom.| P  | in residue>  DT I  13 
 ASSUMED vdw of  P   in  DT I  13  =  1.90 (same as   A)
 NON-STANDARD atom.| OP1| in residue>  DT I  13 
 GUESSED vdw of  OP1 in  DT I  13  =  1.40
 NON-STANDARD atom.| OP2| in residue>  DT I  13 
 GUESSED vdw of  OP2 in  DT I  13  =  1.40
 NON-STANDARD atom.| O5'| in residue>  DT I  13 
 GUESSED vdw of  O5' in  DT I  13  =  1.40
 NON-STANDARD atom.| C5'| in residue>  DT I  13 
 GUESSED vdw of  C5' in  DT I  13  =  1.80
 NON-STANDARD atom.| C4'| in residue>  DT I  13 
 GUESSED vdw of  C4' in  DT I  13  =  1.80
 NON-STANDARD atom.| O4'| in residue>  DT I  13 
 GUESSED vdw of  O4' in  DT I  13  =  1.40
 NON-STANDARD atom.| C3'| in residue>  DT I  13 
 GUESSED vdw of  C3' in  DT I  13  =  1.80
 NON-STANDARD atom.| O3'| in residue>  DT I  13 
 GUESSED vdw of  O3' in  DT I  13  =  1.40
 NON-STANDARD atom.| C2'| in residue>  DT I  13 
 GUESSED vdw of  C2' in  DT I  13  =  1.80
 NON-STANDARD atom.| C1'| in residue>  DT I  13 
 GUESSED vdw of  C1' in  DT I  13  =  1.80
 NON-STANDARD atom.| N1 | in residue>  DT I  13 
 ASSUMED vdw of  N1  in  DT I  13  =  1.60 (same as   A)
 NON-STANDARD atom.| C2 | in residue>  DT I  13 
 ASSUMED vdw of  C2  in  DT I  13  =  1.80 (same as   A)
 NON-STANDARD atom.| O2 | in residue>  DT I  13 
 ASSUMED vdw of  O2  in  DT I  13  =  1.40 (same as   C)
 NON-STANDARD atom.| N3 | in residue>  DT I  13 
 ASSUMED vdw of  N3  in  DT I  13  =  1.60 (same as   A)
 NON-STANDARD atom.| C4 | in residue>  DT I  13 
 ASSUMED vdw of  C4  in  DT I  13  =  1.80 (same as   A)
 NON-STANDARD atom.| O4 | in residue>  DT I  13 
 ASSUMED vdw of  O4  in  DT I  13  =  1.40 (same as   T)
 NON-STANDARD atom.| C5 | in residue>  DT I  13 
 ASSUMED vdw of  C5  in  DT I  13  =  1.80 (same as   A)
 NON-STANDARD atom.| C7 | in residue>  DT I  13 
 GUESSED vdw of  C7  in  DT I  13  =  1.80
 NON-STANDARD atom.| C6 | in residue>  DT I  13 
 ASSUMED vdw of  C6  in  DT I  13  =  1.80 (same as   A)
 UNKNOWN residue type.............>  DT I  14 
 NON-STANDARD atom.| P  | in residue>  DT I  14 
 ASSUMED vdw of  P   in  DT I  14  =  1.90 (same as   A)
 NON-STANDARD atom.| OP1| in residue>  DT I  14 
 GUESSED vdw of  OP1 in  DT I  14  =  1.40
 NON-STANDARD atom.| OP2| in residue>  DT I  14 
 GUESSED vdw of  OP2 in  DT I  14  =  1.40
 NON-STANDARD atom.| O5'| in residue>  DT I  14 
 GUESSED vdw of  O5' in  DT I  14  =  1.40
 NON-STANDARD atom.| C5'| in residue>  DT I  14 
 GUESSED vdw of  C5' in  DT I  14  =  1.80
 NON-STANDARD atom.| C4'| in residue>  DT I  14 
 GUESSED vdw of  C4' in  DT I  14  =  1.80
 NON-STANDARD atom.| O4'| in residue>  DT I  14 
 GUESSED vdw of  O4' in  DT I  14  =  1.40
 NON-STANDARD atom.| C3'| in residue>  DT I  14 
 GUESSED vdw of  C3' in  DT I  14  =  1.80
 NON-STANDARD atom.| O3'| in residue>  DT I  14 
 GUESSED vdw of  O3' in  DT I  14  =  1.40
 NON-STANDARD atom.| C2'| in residue>  DT I  14 
 GUESSED vdw of  C2' in  DT I  14  =  1.80
 NON-STANDARD atom.| C1'| in residue>  DT I  14 
 GUESSED vdw of  C1' in  DT I  14  =  1.80
 NON-STANDARD atom.| N1 | in residue>  DT I  14 
 ASSUMED vdw of  N1  in  DT I  14  =  1.60 (same as   A)
 NON-STANDARD atom.| C2 | in residue>  DT I  14 
 ASSUMED vdw of  C2  in  DT I  14  =  1.80 (same as   A)
 NON-STANDARD atom.| O2 | in residue>  DT I  14 
 ASSUMED vdw of  O2  in  DT I  14  =  1.40 (same as   C)
 NON-STANDARD atom.| N3 | in residue>  DT I  14 
 ASSUMED vdw of  N3  in  DT I  14  =  1.60 (same as   A)
 NON-STANDARD atom.| C4 | in residue>  DT I  14 
 ASSUMED vdw of  C4  in  DT I  14  =  1.80 (same as   A)
 NON-STANDARD atom.| O4 | in residue>  DT I  14 
 ASSUMED vdw of  O4  in  DT I  14  =  1.40 (same as   T)
 NON-STANDARD atom.| C5 | in residue>  DT I  14 
 ASSUMED vdw of  C5  in  DT I  14  =  1.80 (same as   A)
 NON-STANDARD atom.| C7 | in residue>  DT I  14 
 GUESSED vdw of  C7  in  DT I  14  =  1.80
 NON-STANDARD atom.| C6 | in residue>  DT I  14 
 ASSUMED vdw of  C6  in  DT I  14  =  1.80 (same as   A)
 UNKNOWN residue type.............>  DT I  15 
 NON-STANDARD atom.| P  | in residue>  DT I  15 
 ASSUMED vdw of  P   in  DT I  15  =  1.90 (same as   A)
 NON-STANDARD atom.| OP1| in residue>  DT I  15 
 GUESSED vdw of  OP1 in  DT I  15  =  1.40
 NON-STANDARD atom.| OP2| in residue>  DT I  15 
 GUESSED vdw of  OP2 in  DT I  15  =  1.40
 NON-STANDARD atom.| O5'| in residue>  DT I  15 
 GUESSED vdw of  O5' in  DT I  15  =  1.40
 NON-STANDARD atom.| C5'| in residue>  DT I  15 
 GUESSED vdw of  C5' in  DT I  15  =  1.80
 NON-STANDARD atom.| C4'| in residue>  DT I  15 
 GUESSED vdw of  C4' in  DT I  15  =  1.80
 NON-STANDARD atom.| O4'| in residue>  DT I  15 
 GUESSED vdw of  O4' in  DT I  15  =  1.40
 NON-STANDARD atom.| C3'| in residue>  DT I  15 
 GUESSED vdw of  C3' in  DT I  15  =  1.80
 NON-STANDARD atom.| O3'| in residue>  DT I  15 
 GUESSED vdw of  O3' in  DT I  15  =  1.40
 NON-STANDARD atom.| C2'| in residue>  DT I  15 
 GUESSED vdw of  C2' in  DT I  15  =  1.80
 NON-STANDARD atom.| C1'| in residue>  DT I  15 
 GUESSED vdw of  C1' in  DT I  15  =  1.80
 NON-STANDARD atom.| N1 | in residue>  DT I  15 
 ASSUMED vdw of  N1  in  DT I  15  =  1.60 (same as   A)
 NON-STANDARD atom.| C2 | in residue>  DT I  15 
 ASSUMED vdw of  C2  in  DT I  15  =  1.80 (same as   A)
 NON-STANDARD atom.| O2 | in residue>  DT I  15 
 ASSUMED vdw of  O2  in  DT I  15  =  1.40 (same as   C)
 NON-STANDARD atom.| N3 | in residue>  DT I  15 
 ASSUMED vdw of  N3  in  DT I  15  =  1.60 (same as   A)
 NON-STANDARD atom.| C4 | in residue>  DT I  15 
 ASSUMED vdw of  C4  in  DT I  15  =  1.80 (same as   A)
 NON-STANDARD atom.| O4 | in residue>  DT I  15 
 ASSUMED vdw of  O4  in  DT I  15  =  1.40 (same as   T)
 NON-STANDARD atom.| C5 | in residue>  DT I  15 
 ASSUMED vdw of  C5  in  DT I  15  =  1.80 (same as   A)
 NON-STANDARD atom.| C7 | in residue>  DT I  15 
 GUESSED vdw of  C7  in  DT I  15  =  1.80
 NON-STANDARD atom.| C6 | in residue>  DT I  15 
 ASSUMED vdw of  C6  in  DT I  15  =  1.80 (same as   A)
 UNKNOWN residue type.............>  DA I  16 
 NON-STANDARD atom.| P  | in residue>  DA I  16 
 ASSUMED vdw of  P   in  DA I  16  =  1.90 (same as   A)
 NON-STANDARD atom.| OP1| in residue>  DA I  16 
 GUESSED vdw of  OP1 in  DA I  16  =  1.40
 NON-STANDARD atom.| OP2| in residue>  DA I  16 
 GUESSED vdw of  OP2 in  DA I  16  =  1.40
 NON-STANDARD atom.| O5'| in residue>  DA I  16 
 GUESSED vdw of  O5' in  DA I  16  =  1.40
 NON-STANDARD atom.| C5'| in residue>  DA I  16 
 GUESSED vdw of  C5' in  DA I  16  =  1.80
 NON-STANDARD atom.| C4'| in residue>  DA I  16 
 GUESSED vdw of  C4' in  DA I  16  =  1.80
 NON-STANDARD atom.| O4'| in residue>  DA I  16 
 GUESSED vdw of  O4' in  DA I  16  =  1.40
 NON-STANDARD atom.| C3'| in residue>  DA I  16 
 GUESSED vdw of  C3' in  DA I  16  =  1.80
 NON-STANDARD atom.| O3'| in residue>  DA I  16 
 GUESSED vdw of  O3' in  DA I  16  =  1.40
 NON-STANDARD atom.| C2'| in residue>  DA I  16 
 GUESSED vdw of  C2' in  DA I  16  =  1.80
 NON-STANDARD atom.| C1'| in residue>  DA I  16 
 GUESSED vdw of  C1' in  DA I  16  =  1.80
 NON-STANDARD atom.| N9 | in residue>  DA I  16 
 ASSUMED vdw of  N9  in  DA I  16  =  1.60 (same as   A)
 NON-STANDARD atom.| C8 | in residue>  DA I  16 
 ASSUMED vdw of  C8  in  DA I  16  =  1.80 (same as   A)
 NON-STANDARD atom.| N7 | in residue>  DA I  16 
 ASSUMED vdw of  N7  in  DA I  16  =  1.60 (same as   A)
 NON-STANDARD atom.| C5 | in residue>  DA I  16 
 ASSUMED vdw of  C5  in  DA I  16  =  1.80 (same as   A)
 NON-STANDARD atom.| C6 | in residue>  DA I  16 
 ASSUMED vdw of  C6  in  DA I  16  =  1.80 (same as   A)
 NON-STANDARD atom.| N6 | in residue>  DA I  16 
 ASSUMED vdw of  N6  in  DA I  16  =  1.60 (same as   A)
 NON-STANDARD atom.| N1 | in residue>  DA I  16 
 ASSUMED vdw of  N1  in  DA I  16  =  1.60 (same as   A)
 NON-STANDARD atom.| C2 | in residue>  DA I  16 
 ASSUMED vdw of  C2  in  DA I  16  =  1.80 (same as   A)
 NON-STANDARD atom.| N3 | in residue>  DA I  16 
 ASSUMED vdw of  N3  in  DA I  16  =  1.60 (same as   A)
 NON-STANDARD atom.| C4 | in residue>  DA I  16 
 ASSUMED vdw of  C4  in  DA I  16  =  1.80 (same as   A)
 UNKNOWN residue type.............>  DA I  17 
 NON-STANDARD atom.| P  | in residue>  DA I  17 
 ASSUMED vdw of  P   in  DA I  17  =  1.90 (same as   A)
 NON-STANDARD atom.| OP1| in residue>  DA I  17 
 GUESSED vdw of  OP1 in  DA I  17  =  1.40
 NON-STANDARD atom.| OP2| in residue>  DA I  17 
 GUESSED vdw of  OP2 in  DA I  17  =  1.40
 NON-STANDARD atom.| O5'| in residue>  DA I  17 
 GUESSED vdw of  O5' in  DA I  17  =  1.40
 NON-STANDARD atom.| C5'| in residue>  DA I  17 
 GUESSED vdw of  C5' in  DA I  17  =  1.80
 NON-STANDARD atom.| C4'| in residue>  DA I  17 
 GUESSED vdw of  C4' in  DA I  17  =  1.80
 NON-STANDARD atom.| O4'| in residue>  DA I  17 
 GUESSED vdw of  O4' in  DA I  17  =  1.40
 NON-STANDARD atom.| C3'| in residue>  DA I  17 
 GUESSED vdw of  C3' in  DA I  17  =  1.80
 NON-STANDARD atom.| O3'| in residue>  DA I  17 
 GUESSED vdw of  O3' in  DA I  17  =  1.40
 NON-STANDARD atom.| C2'| in residue>  DA I  17 
 GUESSED vdw of  C2' in  DA I  17  =  1.80
 NON-STANDARD atom.| C1'| in residue>  DA I  17 
 GUESSED vdw of  C1' in  DA I  17  =  1.80
 NON-STANDARD atom.| N9 | in residue>  DA I  17 
 ASSUMED vdw of  N9  in  DA I  17  =  1.60 (same as   A)
 NON-STANDARD atom.| C8 | in residue>  DA I  17 
 ASSUMED vdw of  C8  in  DA I  17  =  1.80 (same as   A)
 NON-STANDARD atom.| N7 | in residue>  DA I  17 
 ASSUMED vdw of  N7  in  DA I  17  =  1.60 (same as   A)
 NON-STANDARD atom.| C5 | in residue>  DA I  17 
 ASSUMED vdw of  C5  in  DA I  17  =  1.80 (same as   A)
 NON-STANDARD atom.| C6 | in residue>  DA I  17 
 ASSUMED vdw of  C6  in  DA I  17  =  1.80 (same as   A)
 NON-STANDARD atom.| N6 | in residue>  DA I  17 
 ASSUMED vdw of  N6  in  DA I  17  =  1.60 (same as   A)
 NON-STANDARD atom.| N1 | in residue>  DA I  17 
 ASSUMED vdw of  N1  in  DA I  17  =  1.60 (same as   A)
 NON-STANDARD atom.| C2 | in residue>  DA I  17 
 ASSUMED vdw of  C2  in  DA I  17  =  1.80 (same as   A)
 NON-STANDARD atom.| N3 | in residue>  DA I  17 
 ASSUMED vdw of  N3  in  DA I  17  =  1.60 (same as   A)
 NON-STANDARD atom.| C4 | in residue>  DA I  17 
 ASSUMED vdw of  C4  in  DA I  17  =  1.80 (same as   A)
 UNKNOWN residue type.............>  DG I  18 
 NON-STANDARD atom.| P  | in residue>  DG I  18 
 ASSUMED vdw of  P   in  DG I  18  =  1.90 (same as   A)
 NON-STANDARD atom.| OP1| in residue>  DG I  18 
 GUESSED vdw of  OP1 in  DG I  18  =  1.40
 NON-STANDARD atom.| OP2| in residue>  DG I  18 
 GUESSED vdw of  OP2 in  DG I  18  =  1.40
 NON-STANDARD atom.| O5'| in residue>  DG I  18 
 GUESSED vdw of  O5' in  DG I  18  =  1.40
 NON-STANDARD atom.| C5'| in residue>  DG I  18 
 GUESSED vdw of  C5' in  DG I  18  =  1.80
 NON-STANDARD atom.| C4'| in residue>  DG I  18 
 GUESSED vdw of  C4' in  DG I  18  =  1.80
 NON-STANDARD atom.| O4'| in residue>  DG I  18 
 GUESSED vdw of  O4' in  DG I  18  =  1.40
 NON-STANDARD atom.| C3'| in residue>  DG I  18 
 GUESSED vdw of  C3' in  DG I  18  =  1.80
 NON-STANDARD atom.| O3'| in residue>  DG I  18 
 GUESSED vdw of  O3' in  DG I  18  =  1.40
 NON-STANDARD atom.| C2'| in residue>  DG I  18 
 GUESSED vdw of  C2' in  DG I  18  =  1.80
 NON-STANDARD atom.| C1'| in residue>  DG I  18 
 GUESSED vdw of  C1' in  DG I  18  =  1.80
 NON-STANDARD atom.| N9 | in residue>  DG I  18 
 ASSUMED vdw of  N9  in  DG I  18  =  1.60 (same as   A)
 NON-STANDARD atom.| C8 | in residue>  DG I  18 
 ASSUMED vdw of  C8  in  DG I  18  =  1.80 (same as   A)
 NON-STANDARD atom.| N7 | in residue>  DG I  18 
 ASSUMED vdw of  N7  in  DG I  18  =  1.60 (same as   A)
 NON-STANDARD atom.| C5 | in residue>  DG I  18 
 ASSUMED vdw of  C5  in  DG I  18  =  1.80 (same as   A)
 NON-STANDARD atom.| C6 | in residue>  DG I  18 
 ASSUMED vdw of  C6  in  DG I  18  =  1.80 (same as   A)
 NON-STANDARD atom.| O6 | in residue>  DG I  18 
 ASSUMED vdw of  O6  in  DG I  18  =  1.40 (same as   G)
 NON-STANDARD atom.| N1 | in residue>  DG I  18 
 ASSUMED vdw of  N1  in  DG I  18  =  1.60 (same as   A)
 NON-STANDARD atom.| C2 | in residue>  DG I  18 
 ASSUMED vdw of  C2  in  DG I  18  =  1.80 (same as   A)
 NON-STANDARD atom.| N2 | in residue>  DG I  18 
 ASSUMED vdw of  N2  in  DG I  18  =  1.60 (same as   G)
 NON-STANDARD atom.| N3 | in residue>  DG I  18 
 ASSUMED vdw of  N3  in  DG I  18  =  1.60 (same as   A)
 NON-STANDARD atom.| C4 | in residue>  DG I  18 
 ASSUMED vdw of  C4  in  DG I  18  =  1.80 (same as   A)
 UNKNOWN residue type.............>  DC I  19 
 NON-STANDARD atom.| P  | in residue>  DC I  19 
 ASSUMED vdw of  P   in  DC I  19  =  1.90 (same as   A)
 NON-STANDARD atom.| OP1| in residue>  DC I  19 
 GUESSED vdw of  OP1 in  DC I  19  =  1.40
 NON-STANDARD atom.| OP2| in residue>  DC I  19 
 GUESSED vdw of  OP2 in  DC I  19  =  1.40
 NON-STANDARD atom.| O5'| in residue>  DC I  19 
 GUESSED vdw of  O5' in  DC I  19  =  1.40
 NON-STANDARD atom.| C5'| in residue>  DC I  19 
 GUESSED vdw of  C5' in  DC I  19  =  1.80
 NON-STANDARD atom.| C4'| in residue>  DC I  19 
 GUESSED vdw of  C4' in  DC I  19  =  1.80
 NON-STANDARD atom.| O4'| in residue>  DC I  19 
 GUESSED vdw of  O4' in  DC I  19  =  1.40
 NON-STANDARD atom.| C3'| in residue>  DC I  19 
 GUESSED vdw of  C3' in  DC I  19  =  1.80
 NON-STANDARD atom.| O3'| in residue>  DC I  19 
 GUESSED vdw of  O3' in  DC I  19  =  1.40
 NON-STANDARD atom.| C2'| in residue>  DC I  19 
 GUESSED vdw of  C2' in  DC I  19  =  1.80
 NON-STANDARD atom.| C1'| in residue>  DC I  19 
 GUESSED vdw of  C1' in  DC I  19  =  1.80
 NON-STANDARD atom.| N1 | in residue>  DC I  19 
 ASSUMED vdw of  N1  in  DC I  19  =  1.60 (same as   A)
 NON-STANDARD atom.| C2 | in residue>  DC I  19 
 ASSUMED vdw of  C2  in  DC I  19  =  1.80 (same as   A)
 NON-STANDARD atom.| O2 | in residue>  DC I  19 
 ASSUMED vdw of  O2  in  DC I  19  =  1.40 (same as   C)
 NON-STANDARD atom.| N3 | in residue>  DC I  19 
 ASSUMED vdw of  N3  in  DC I  19  =  1.60 (same as   A)
 NON-STANDARD atom.| C4 | in residue>  DC I  19 
 ASSUMED vdw of  C4  in  DC I  19  =  1.80 (same as   A)
 NON-STANDARD atom.| N4 | in residue>  DC I  19 
 ASSUMED vdw of  N4  in  DC I  19  =  1.60 (same as   C)
 NON-STANDARD atom.| C5 | in residue>  DC I  19 
 ASSUMED vdw of  C5  in  DC I  19  =  1.80 (same as   A)
 NON-STANDARD atom.| C6 | in residue>  DC I  19 
 ASSUMED vdw of  C6  in  DC I  19  =  1.80 (same as   A)
 UNKNOWN residue type.............>  DG I  20 
 NON-STANDARD atom.| P  | in residue>  DG I  20 
 ASSUMED vdw of  P   in  DG I  20  =  1.90 (same as   A)
 NON-STANDARD atom.| OP1| in residue>  DG I  20 
 GUESSED vdw of  OP1 in  DG I  20  =  1.40
 NON-STANDARD atom.| OP2| in residue>  DG I  20 
 GUESSED vdw of  OP2 in  DG I  20  =  1.40
 NON-STANDARD atom.| O5'| in residue>  DG I  20 
 GUESSED vdw of  O5' in  DG I  20  =  1.40
 NON-STANDARD atom.| C5'| in residue>  DG I  20 
 GUESSED vdw of  C5' in  DG I  20  =  1.80
 NON-STANDARD atom.| C4'| in residue>  DG I  20 
 GUESSED vdw of  C4' in  DG I  20  =  1.80
 NON-STANDARD atom.| O4'| in residue>  DG I  20 
 GUESSED vdw of  O4' in  DG I  20  =  1.40
 NON-STANDARD atom.| C3'| in residue>  DG I  20 
 GUESSED vdw of  C3' in  DG I  20  =  1.80
 NON-STANDARD atom.| O3'| in residue>  DG I  20 
 GUESSED vdw of  O3' in  DG I  20  =  1.40
 NON-STANDARD atom.| C2'| in residue>  DG I  20 
 GUESSED vdw of  C2' in  DG I  20  =  1.80
 NON-STANDARD atom.| C1'| in residue>  DG I  20 
 GUESSED vdw of  C1' in  DG I  20  =  1.80
 NON-STANDARD atom.| N9 | in residue>  DG I  20 
 ASSUMED vdw of  N9  in  DG I  20  =  1.60 (same as   A)
 NON-STANDARD atom.| C8 | in residue>  DG I  20 
 ASSUMED vdw of  C8  in  DG I  20  =  1.80 (same as   A)
 NON-STANDARD atom.| N7 | in residue>  DG I  20 
 ASSUMED vdw of  N7  in  DG I  20  =  1.60 (same as   A)
 NON-STANDARD atom.| C5 | in residue>  DG I  20 
 ASSUMED vdw of  C5  in  DG I  20  =  1.80 (same as   A)
 NON-STANDARD atom.| C6 | in residue>  DG I  20 
 ASSUMED vdw of  C6  in  DG I  20  =  1.80 (same as   A)
 NON-STANDARD atom.| O6 | in residue>  DG I  20 
 ASSUMED vdw of  O6  in  DG I  20  =  1.40 (same as   G)
 NON-STANDARD atom.| N1 | in residue>  DG I  20 
 ASSUMED vdw of  N1  in  DG I  20  =  1.60 (same as   A)
 NON-STANDARD atom.| C2 | in residue>  DG I  20 
 ASSUMED vdw of  C2  in  DG I  20  =  1.80 (same as   A)
 NON-STANDARD atom.| N2 | in residue>  DG I  20 
 ASSUMED vdw of  N2  in  DG I  20  =  1.60 (same as   G)
 NON-STANDARD atom.| N3 | in residue>  DG I  20 
 ASSUMED vdw of  N3  in  DG I  20  =  1.60 (same as   A)
 NON-STANDARD atom.| C4 | in residue>  DG I  20 
 ASSUMED vdw of  C4  in  DG I  20  =  1.80 (same as   A)
 UNKNOWN residue type.............>  DG I  21 
 NON-STANDARD atom.| P  | in residue>  DG I  21 
 ASSUMED vdw of  P   in  DG I  21  =  1.90 (same as   A)
 NON-STANDARD atom.| OP1| in residue>  DG I  21 
 GUESSED vdw of  OP1 in  DG I  21  =  1.40
 NON-STANDARD atom.| OP2| in residue>  DG I  21 
 GUESSED vdw of  OP2 in  DG I  21  =  1.40
 NON-STANDARD atom.| O5'| in residue>  DG I  21 
 GUESSED vdw of  O5' in  DG I  21  =  1.40
 NON-STANDARD atom.| C5'| in residue>  DG I  21 
 GUESSED vdw of  C5' in  DG I  21  =  1.80
 NON-STANDARD atom.| C4'| in residue>  DG I  21 
 GUESSED vdw of  C4' in  DG I  21  =  1.80
 NON-STANDARD atom.| O4'| in residue>  DG I  21 
 GUESSED vdw of  O4' in  DG I  21  =  1.40
 NON-STANDARD atom.| C3'| in residue>  DG I  21 
 GUESSED vdw of  C3' in  DG I  21  =  1.80
 NON-STANDARD atom.| O3'| in residue>  DG I  21 
 GUESSED vdw of  O3' in  DG I  21  =  1.40
 NON-STANDARD atom.| C2'| in residue>  DG I  21 
 GUESSED vdw of  C2' in  DG I  21  =  1.80
 NON-STANDARD atom.| C1'| in residue>  DG I  21 
 GUESSED vdw of  C1' in  DG I  21  =  1.80
 NON-STANDARD atom.| N9 | in residue>  DG I  21 
 ASSUMED vdw of  N9  in  DG I  21  =  1.60 (same as   A)
 NON-STANDARD atom.| C8 | in residue>  DG I  21 
 ASSUMED vdw of  C8  in  DG I  21  =  1.80 (same as   A)
 NON-STANDARD atom.| N7 | in residue>  DG I  21 
 ASSUMED vdw of  N7  in  DG I  21  =  1.60 (same as   A)
 NON-STANDARD atom.| C5 | in residue>  DG I  21 
 ASSUMED vdw of  C5  in  DG I  21  =  1.80 (same as   A)
 NON-STANDARD atom.| C6 | in residue>  DG I  21 
 ASSUMED vdw of  C6  in  DG I  21  =  1.80 (same as   A)
 NON-STANDARD atom.| O6 | in residue>  DG I  21 
 ASSUMED vdw of  O6  in  DG I  21  =  1.40 (same as   G)
 NON-STANDARD atom.| N1 | in residue>  DG I  21 
 ASSUMED vdw of  N1  in  DG I  21  =  1.60 (same as   A)
 NON-STANDARD atom.| C2 | in residue>  DG I  21 
 ASSUMED vdw of  C2  in  DG I  21  =  1.80 (same as   A)
 NON-STANDARD atom.| N2 | in residue>  DG I  21 
 ASSUMED vdw of  N2  in  DG I  21  =  1.60 (same as   G)
 NON-STANDARD atom.| N3 | in residue>  DG I  21 
 ASSUMED vdw of  N3  in  DG I  21  =  1.60 (same as   A)
 NON-STANDARD atom.| C4 | in residue>  DG I  21 
 ASSUMED vdw of  C4  in  DG I  21  =  1.80 (same as   A)
 UNKNOWN residue type.............>  DT I  22 
 NON-STANDARD atom.| P  | in residue>  DT I  22 
 ASSUMED vdw of  P   in  DT I  22  =  1.90 (same as   A)
 NON-STANDARD atom.| OP1| in residue>  DT I  22 
 GUESSED vdw of  OP1 in  DT I  22  =  1.40
 NON-STANDARD atom.| OP2| in residue>  DT I  22 
 GUESSED vdw of  OP2 in  DT I  22  =  1.40
 NON-STANDARD atom.| O5'| in residue>  DT I  22 
 GUESSED vdw of  O5' in  DT I  22  =  1.40
 NON-STANDARD atom.| C5'| in residue>  DT I  22 
 GUESSED vdw of  C5' in  DT I  22  =  1.80
 NON-STANDARD atom.| C4'| in residue>  DT I  22 
 GUESSED vdw of  C4' in  DT I  22  =  1.80
 NON-STANDARD atom.| O4'| in residue>  DT I  22 
 GUESSED vdw of  O4' in  DT I  22  =  1.40
 NON-STANDARD atom.| C3'| in residue>  DT I  22 
 GUESSED vdw of  C3' in  DT I  22  =  1.80
 NON-STANDARD atom.| O3'| in residue>  DT I  22 
 GUESSED vdw of  O3' in  DT I  22  =  1.40
 NON-STANDARD atom.| C2'| in residue>  DT I  22 
 GUESSED vdw of  C2' in  DT I  22  =  1.80
 NON-STANDARD atom.| C1'| in residue>  DT I  22 
 GUESSED vdw of  C1' in  DT I  22  =  1.80
 NON-STANDARD atom.| N1 | in residue>  DT I  22 
 ASSUMED vdw of  N1  in  DT I  22  =  1.60 (same as   A)
 NON-STANDARD atom.| C2 | in residue>  DT I  22 
 ASSUMED vdw of  C2  in  DT I  22  =  1.80 (same as   A)
 NON-STANDARD atom.| O2 | in residue>  DT I  22 
 ASSUMED vdw of  O2  in  DT I  22  =  1.40 (same as   C)
 NON-STANDARD atom.| N3 | in residue>  DT I  22 
 ASSUMED vdw of  N3  in  DT I  22  =  1.60 (same as   A)
 NON-STANDARD atom.| C4 | in residue>  DT I  22 
 ASSUMED vdw of  C4  in  DT I  22  =  1.80 (same as   A)
 NON-STANDARD atom.| O4 | in residue>  DT I  22 
 ASSUMED vdw of  O4  in  DT I  22  =  1.40 (same as   T)
 NON-STANDARD atom.| C5 | in residue>  DT I  22 
 ASSUMED vdw of  C5  in  DT I  22  =  1.80 (same as   A)
 NON-STANDARD atom.| C7 | in residue>  DT I  22 
 GUESSED vdw of  C7  in  DT I  22  =  1.80
 NON-STANDARD atom.| C6 | in residue>  DT I  22 
 ASSUMED vdw of  C6  in  DT I  22  =  1.80 (same as   A)
 UNKNOWN residue type.............>  DG I  23 
 NON-STANDARD atom.| P  | in residue>  DG I  23 
 ASSUMED vdw of  P   in  DG I  23  =  1.90 (same as   A)
 NON-STANDARD atom.| OP1| in residue>  DG I  23 
 GUESSED vdw of  OP1 in  DG I  23  =  1.40
 NON-STANDARD atom.| OP2| in residue>  DG I  23 
 GUESSED vdw of  OP2 in  DG I  23  =  1.40
 NON-STANDARD atom.| O5'| in residue>  DG I  23 
 GUESSED vdw of  O5' in  DG I  23  =  1.40
 NON-STANDARD atom.| C5'| in residue>  DG I  23 
 GUESSED vdw of  C5' in  DG I  23  =  1.80
 NON-STANDARD atom.| C4'| in residue>  DG I  23 
 GUESSED vdw of  C4' in  DG I  23  =  1.80
 NON-STANDARD atom.| O4'| in residue>  DG I  23 
 GUESSED vdw of  O4' in  DG I  23  =  1.40
 NON-STANDARD atom.| C3'| in residue>  DG I  23 
 GUESSED vdw of  C3' in  DG I  23  =  1.80
 NON-STANDARD atom.| O3'| in residue>  DG I  23 
 GUESSED vdw of  O3' in  DG I  23  =  1.40
 NON-STANDARD atom.| C2'| in residue>  DG I  23 
 GUESSED vdw of  C2' in  DG I  23  =  1.80
 NON-STANDARD atom.| C1'| in residue>  DG I  23 
 GUESSED vdw of  C1' in  DG I  23  =  1.80
 NON-STANDARD atom.| N9 | in residue>  DG I  23 
 ASSUMED vdw of  N9  in  DG I  23  =  1.60 (same as   A)
 NON-STANDARD atom.| C8 | in residue>  DG I  23 
 ASSUMED vdw of  C8  in  DG I  23  =  1.80 (same as   A)
 NON-STANDARD atom.| N7 | in residue>  DG I  23 
 ASSUMED vdw of  N7  in  DG I  23  =  1.60 (same as   A)
 NON-STANDARD atom.| C5 | in residue>  DG I  23 
 ASSUMED vdw of  C5  in  DG I  23  =  1.80 (same as   A)
 NON-STANDARD atom.| C6 | in residue>  DG I  23 
 ASSUMED vdw of  C6  in  DG I  23  =  1.80 (same as   A)
 NON-STANDARD atom.| O6 | in residue>  DG I  23 
 ASSUMED vdw of  O6  in  DG I  23  =  1.40 (same as   G)
 NON-STANDARD atom.| N1 | in residue>  DG I  23 
 ASSUMED vdw of  N1  in  DG I  23  =  1.60 (same as   A)
 NON-STANDARD atom.| C2 | in residue>  DG I  23 
 ASSUMED vdw of  C2  in  DG I  23  =  1.80 (same as   A)
 NON-STANDARD atom.| N2 | in residue>  DG I  23 
 ASSUMED vdw of  N2  in  DG I  23  =  1.60 (same as   G)
 NON-STANDARD atom.| N3 | in residue>  DG I  23 
 ASSUMED vdw of  N3  in  DG I  23  =  1.60 (same as   A)
 NON-STANDARD atom.| C4 | in residue>  DG I  23 
 ASSUMED vdw of  C4  in  DG I  23  =  1.80 (same as   A)
 UNKNOWN residue type.............>  DC I  24 
 NON-STANDARD atom.| P  | in residue>  DC I  24 
 ASSUMED vdw of  P   in  DC I  24  =  1.90 (same as   A)
 NON-STANDARD atom.| OP1| in residue>  DC I  24 
 GUESSED vdw of  OP1 in  DC I  24  =  1.40
 NON-STANDARD atom.| OP2| in residue>  DC I  24 
 GUESSED vdw of  OP2 in  DC I  24  =  1.40
 NON-STANDARD atom.| O5'| in residue>  DC I  24 
 GUESSED vdw of  O5' in  DC I  24  =  1.40
 NON-STANDARD atom.| C5'| in residue>  DC I  24 
 GUESSED vdw of  C5' in  DC I  24  =  1.80
 NON-STANDARD atom.| C4'| in residue>  DC I  24 
 GUESSED vdw of  C4' in  DC I  24  =  1.80
 NON-STANDARD atom.| O4'| in residue>  DC I  24 
 GUESSED vdw of  O4' in  DC I  24  =  1.40
 NON-STANDARD atom.| C3'| in residue>  DC I  24 
 GUESSED vdw of  C3' in  DC I  24  =  1.80
 NON-STANDARD atom.| O3'| in residue>  DC I  24 
 GUESSED vdw of  O3' in  DC I  24  =  1.40
 NON-STANDARD atom.| C2'| in residue>  DC I  24 
 GUESSED vdw of  C2' in  DC I  24  =  1.80
 NON-STANDARD atom.| C1'| in residue>  DC I  24 
 GUESSED vdw of  C1' in  DC I  24  =  1.80
 NON-STANDARD atom.| N1 | in residue>  DC I  24 
 ASSUMED vdw of  N1  in  DC I  24  =  1.60 (same as   A)
 NON-STANDARD atom.| C2 | in residue>  DC I  24 
 ASSUMED vdw of  C2  in  DC I  24  =  1.80 (same as   A)
 NON-STANDARD atom.| O2 | in residue>  DC I  24 
 ASSUMED vdw of  O2  in  DC I  24  =  1.40 (same as   C)
 NON-STANDARD atom.| N3 | in residue>  DC I  24 
 ASSUMED vdw of  N3  in  DC I  24  =  1.60 (same as   A)
 NON-STANDARD atom.| C4 | in residue>  DC I  24 
 ASSUMED vdw of  C4  in  DC I  24  =  1.80 (same as   A)
 NON-STANDARD atom.| N4 | in residue>  DC I  24 
 ASSUMED vdw of  N4  in  DC I  24  =  1.60 (same as   C)
 NON-STANDARD atom.| C5 | in residue>  DC I  24 
 ASSUMED vdw of  C5  in  DC I  24  =  1.80 (same as   A)
 NON-STANDARD atom.| C6 | in residue>  DC I  24 
 ASSUMED vdw of  C6  in  DC I  24  =  1.80 (same as   A)
 UNKNOWN residue type.............>  DT I  25 
 NON-STANDARD atom.| P  | in residue>  DT I  25 
 ASSUMED vdw of  P   in  DT I  25  =  1.90 (same as   A)
 NON-STANDARD atom.| OP1| in residue>  DT I  25 
 GUESSED vdw of  OP1 in  DT I  25  =  1.40
 NON-STANDARD atom.| OP2| in residue>  DT I  25 
 GUESSED vdw of  OP2 in  DT I  25  =  1.40
 NON-STANDARD atom.| O5'| in residue>  DT I  25 
 GUESSED vdw of  O5' in  DT I  25  =  1.40
 NON-STANDARD atom.| C5'| in residue>  DT I  25 
 GUESSED vdw of  C5' in  DT I  25  =  1.80
 NON-STANDARD atom.| C4'| in residue>  DT I  25 
 GUESSED vdw of  C4' in  DT I  25  =  1.80
 NON-STANDARD atom.| O4'| in residue>  DT I  25 
 GUESSED vdw of  O4' in  DT I  25  =  1.40
 NON-STANDARD atom.| C3'| in residue>  DT I  25 
 GUESSED vdw of  C3' in  DT I  25  =  1.80
 NON-STANDARD atom.| O3'| in residue>  DT I  25 
 GUESSED vdw of  O3' in  DT I  25  =  1.40
 NON-STANDARD atom.| C2'| in residue>  DT I  25 
 GUESSED vdw of  C2' in  DT I  25  =  1.80
 NON-STANDARD atom.| C1'| in residue>  DT I  25 
 GUESSED vdw of  C1' in  DT I  25  =  1.80
 NON-STANDARD atom.| N1 | in residue>  DT I  25 
 ASSUMED vdw of  N1  in  DT I  25  =  1.60 (same as   A)
 NON-STANDARD atom.| C2 | in residue>  DT I  25 
 ASSUMED vdw of  C2  in  DT I  25  =  1.80 (same as   A)
 NON-STANDARD atom.| O2 | in residue>  DT I  25 
 ASSUMED vdw of  O2  in  DT I  25  =  1.40 (same as   C)
 NON-STANDARD atom.| N3 | in residue>  DT I  25 
 ASSUMED vdw of  N3  in  DT I  25  =  1.60 (same as   A)
 NON-STANDARD atom.| C4 | in residue>  DT I  25 
 ASSUMED vdw of  C4  in  DT I  25  =  1.80 (same as   A)
 NON-STANDARD atom.| O4 | in residue>  DT I  25 
 ASSUMED vdw of  O4  in  DT I  25  =  1.40 (same as   T)
 NON-STANDARD atom.| C5 | in residue>  DT I  25 
 ASSUMED vdw of  C5  in  DT I  25  =  1.80 (same as   A)
 NON-STANDARD atom.| C7 | in residue>  DT I  25 
 GUESSED vdw of  C7  in  DT I  25  =  1.80
 NON-STANDARD atom.| C6 | in residue>  DT I  25 
 ASSUMED vdw of  C6  in  DT I  25  =  1.80 (same as   A)
 UNKNOWN residue type.............>  DA I  26 
 NON-STANDARD atom.| P  | in residue>  DA I  26 
 ASSUMED vdw of  P   in  DA I  26  =  1.90 (same as   A)
 NON-STANDARD atom.| OP1| in residue>  DA I  26 
 GUESSED vdw of  OP1 in  DA I  26  =  1.40
 NON-STANDARD atom.| OP2| in residue>  DA I  26 
 GUESSED vdw of  OP2 in  DA I  26  =  1.40
 NON-STANDARD atom.| O5'| in residue>  DA I  26 
 GUESSED vdw of  O5' in  DA I  26  =  1.40
 NON-STANDARD atom.| C5'| in residue>  DA I  26 
 GUESSED vdw of  C5' in  DA I  26  =  1.80
 NON-STANDARD atom.| C4'| in residue>  DA I  26 
 GUESSED vdw of  C4' in  DA I  26  =  1.80
 NON-STANDARD atom.| O4'| in residue>  DA I  26 
 GUESSED vdw of  O4' in  DA I  26  =  1.40
 NON-STANDARD atom.| C3'| in residue>  DA I  26 
 GUESSED vdw of  C3' in  DA I  26  =  1.80
 NON-STANDARD atom.| O3'| in residue>  DA I  26 
 GUESSED vdw of  O3' in  DA I  26  =  1.40
 NON-STANDARD atom.| C2'| in residue>  DA I  26 
 GUESSED vdw of  C2' in  DA I  26  =  1.80
 NON-STANDARD atom.| C1'| in residue>  DA I  26 
 GUESSED vdw of  C1' in  DA I  26  =  1.80
 NON-STANDARD atom.| N9 | in residue>  DA I  26 
 ASSUMED vdw of  N9  in  DA I  26  =  1.60 (same as   A)
 NON-STANDARD atom.| C8 | in residue>  DA I  26 
 ASSUMED vdw of  C8  in  DA I  26  =  1.80 (same as   A)
 NON-STANDARD atom.| N7 | in residue>  DA I  26 
 ASSUMED vdw of  N7  in  DA I  26  =  1.60 (same as   A)
 NON-STANDARD atom.| C5 | in residue>  DA I  26 
 ASSUMED vdw of  C5  in  DA I  26  =  1.80 (same as   A)
 NON-STANDARD atom.| C6 | in residue>  DA I  26 
 ASSUMED vdw of  C6  in  DA I  26  =  1.80 (same as   A)
 NON-STANDARD atom.| N6 | in residue>  DA I  26 
 ASSUMED vdw of  N6  in  DA I  26  =  1.60 (same as   A)
 NON-STANDARD atom.| N1 | in residue>  DA I  26 
 ASSUMED vdw of  N1  in  DA I  26  =  1.60 (same as   A)
 NON-STANDARD atom.| C2 | in residue>  DA I  26 
 ASSUMED vdw of  C2  in  DA I  26  =  1.80 (same as   A)
 NON-STANDARD atom.| N3 | in residue>  DA I  26 
 ASSUMED vdw of  N3  in  DA I  26  =  1.60 (same as   A)
 NON-STANDARD atom.| C4 | in residue>  DA I  26 
 ASSUMED vdw of  C4  in  DA I  26  =  1.80 (same as   A)
 UNKNOWN residue type.............>  DG I  27 
 NON-STANDARD atom.| P  | in residue>  DG I  27 
 ASSUMED vdw of  P   in  DG I  27  =  1.90 (same as   A)
 NON-STANDARD atom.| OP1| in residue>  DG I  27 
 GUESSED vdw of  OP1 in  DG I  27  =  1.40
 NON-STANDARD atom.| OP2| in residue>  DG I  27 
 GUESSED vdw of  OP2 in  DG I  27  =  1.40
 NON-STANDARD atom.| O5'| in residue>  DG I  27 
 GUESSED vdw of  O5' in  DG I  27  =  1.40
 NON-STANDARD atom.| C5'| in residue>  DG I  27 
 GUESSED vdw of  C5' in  DG I  27  =  1.80
 NON-STANDARD atom.| C4'| in residue>  DG I  27 
 GUESSED vdw of  C4' in  DG I  27  =  1.80
 NON-STANDARD atom.| O4'| in residue>  DG I  27 
 GUESSED vdw of  O4' in  DG I  27  =  1.40
 NON-STANDARD atom.| C3'| in residue>  DG I  27 
 GUESSED vdw of  C3' in  DG I  27  =  1.80
 NON-STANDARD atom.| O3'| in residue>  DG I  27 
 GUESSED vdw of  O3' in  DG I  27  =  1.40
 NON-STANDARD atom.| C2'| in residue>  DG I  27 
 GUESSED vdw of  C2' in  DG I  27  =  1.80
 NON-STANDARD atom.| C1'| in residue>  DG I  27 
 GUESSED vdw of  C1' in  DG I  27  =  1.80
 NON-STANDARD atom.| N9 | in residue>  DG I  27 
 ASSUMED vdw of  N9  in  DG I  27  =  1.60 (same as   A)
 NON-STANDARD atom.| C8 | in residue>  DG I  27 
 ASSUMED vdw of  C8  in  DG I  27  =  1.80 (same as   A)
 NON-STANDARD atom.| N7 | in residue>  DG I  27 
 ASSUMED vdw of  N7  in  DG I  27  =  1.60 (same as   A)
 NON-STANDARD atom.| C5 | in residue>  DG I  27 
 ASSUMED vdw of  C5  in  DG I  27  =  1.80 (same as   A)
 NON-STANDARD atom.| C6 | in residue>  DG I  27 
 ASSUMED vdw of  C6  in  DG I  27  =  1.80 (same as   A)
 NON-STANDARD atom.| O6 | in residue>  DG I  27 
 ASSUMED vdw of  O6  in  DG I  27  =  1.40 (same as   G)
 NON-STANDARD atom.| N1 | in residue>  DG I  27 
 ASSUMED vdw of  N1  in  DG I  27  =  1.60 (same as   A)
 NON-STANDARD atom.| C2 | in residue>  DG I  27 
 ASSUMED vdw of  C2  in  DG I  27  =  1.80 (same as   A)
 NON-STANDARD atom.| N2 | in residue>  DG I  27 
 ASSUMED vdw of  N2  in  DG I  27  =  1.60 (same as   G)
 NON-STANDARD atom.| N3 | in residue>  DG I  27 
 ASSUMED vdw of  N3  in  DG I  27  =  1.60 (same as   A)
 NON-STANDARD atom.| C4 | in residue>  DG I  27 
 ASSUMED vdw of  C4  in  DG I  27  =  1.80 (same as   A)
 UNKNOWN residue type.............>  DA I  28 
 NON-STANDARD atom.| P  | in residue>  DA I  28 
 ASSUMED vdw of  P   in  DA I  28  =  1.90 (same as   A)
 NON-STANDARD atom.| OP1| in residue>  DA I  28 
 GUESSED vdw of  OP1 in  DA I  28  =  1.40
 NON-STANDARD atom.| OP2| in residue>  DA I  28 
 GUESSED vdw of  OP2 in  DA I  28  =  1.40
 NON-STANDARD atom.| O5'| in residue>  DA I  28 
 GUESSED vdw of  O5' in  DA I  28  =  1.40
 NON-STANDARD atom.| C5'| in residue>  DA I  28 
 GUESSED vdw of  C5' in  DA I  28  =  1.80
 NON-STANDARD atom.| C4'| in residue>  DA I  28 
 GUESSED vdw of  C4' in  DA I  28  =  1.80
 NON-STANDARD atom.| O4'| in residue>  DA I  28 
 GUESSED vdw of  O4' in  DA I  28  =  1.40
 NON-STANDARD atom.| C3'| in residue>  DA I  28 
 GUESSED vdw of  C3' in  DA I  28  =  1.80
 NON-STANDARD atom.| O3'| in residue>  DA I  28 
 GUESSED vdw of  O3' in  DA I  28  =  1.40
 NON-STANDARD atom.| C2'| in residue>  DA I  28 
 GUESSED vdw of  C2' in  DA I  28  =  1.80
 NON-STANDARD atom.| C1'| in residue>  DA I  28 
 GUESSED vdw of  C1' in  DA I  28  =  1.80
 NON-STANDARD atom.| N9 | in residue>  DA I  28 
 ASSUMED vdw of  N9  in  DA I  28  =  1.60 (same as   A)
 NON-STANDARD atom.| C8 | in residue>  DA I  28 
 ASSUMED vdw of  C8  in  DA I  28  =  1.80 (same as   A)
 NON-STANDARD atom.| N7 | in residue>  DA I  28 
 ASSUMED vdw of  N7  in  DA I  28  =  1.60 (same as   A)
 NON-STANDARD atom.| C5 | in residue>  DA I  28 
 ASSUMED vdw of  C5  in  DA I  28  =  1.80 (same as   A)
 NON-STANDARD atom.| C6 | in residue>  DA I  28 
 ASSUMED vdw of  C6  in  DA I  28  =  1.80 (same as   A)
 NON-STANDARD atom.| N6 | in residue>  DA I  28 
 ASSUMED vdw of  N6  in  DA I  28  =  1.60 (same as   A)
 NON-STANDARD atom.| N1 | in residue>  DA I  28 
 ASSUMED vdw of  N1  in  DA I  28  =  1.60 (same as   A)
 NON-STANDARD atom.| C2 | in residue>  DA I  28 
 ASSUMED vdw of  C2  in  DA I  28  =  1.80 (same as   A)
 NON-STANDARD atom.| N3 | in residue>  DA I  28 
 ASSUMED vdw of  N3  in  DA I  28  =  1.60 (same as   A)
 NON-STANDARD atom.| C4 | in residue>  DA I  28 
 ASSUMED vdw of  C4  in  DA I  28  =  1.80 (same as   A)
 UNKNOWN residue type.............>  DG I  29 
 NON-STANDARD atom.| P  | in residue>  DG I  29 
 ASSUMED vdw of  P   in  DG I  29  =  1.90 (same as   A)
 NON-STANDARD atom.| OP1| in residue>  DG I  29 
 GUESSED vdw of  OP1 in  DG I  29  =  1.40
 NON-STANDARD atom.| OP2| in residue>  DG I  29 
 GUESSED vdw of  OP2 in  DG I  29  =  1.40
 NON-STANDARD atom.| O5'| in residue>  DG I  29 
 GUESSED vdw of  O5' in  DG I  29  =  1.40
 NON-STANDARD atom.| C5'| in residue>  DG I  29 
 GUESSED vdw of  C5' in  DG I  29  =  1.80
 NON-STANDARD atom.| C4'| in residue>  DG I  29 
 GUESSED vdw of  C4' in  DG I  29  =  1.80
 NON-STANDARD atom.| O4'| in residue>  DG I  29 
 GUESSED vdw of  O4' in  DG I  29  =  1.40
 NON-STANDARD atom.| C3'| in residue>  DG I  29 
 GUESSED vdw of  C3' in  DG I  29  =  1.80
 NON-STANDARD atom.| O3'| in residue>  DG I  29 
 GUESSED vdw of  O3' in  DG I  29  =  1.40
 NON-STANDARD atom.| C2'| in residue>  DG I  29 
 GUESSED vdw of  C2' in  DG I  29  =  1.80
 NON-STANDARD atom.| C1'| in residue>  DG I  29 
 GUESSED vdw of  C1' in  DG I  29  =  1.80
 NON-STANDARD atom.| N9 | in residue>  DG I  29 
 ASSUMED vdw of  N9  in  DG I  29  =  1.60 (same as   A)
 NON-STANDARD atom.| C8 | in residue>  DG I  29 
 ASSUMED vdw of  C8  in  DG I  29  =  1.80 (same as   A)
 NON-STANDARD atom.| N7 | in residue>  DG I  29 
 ASSUMED vdw of  N7  in  DG I  29  =  1.60 (same as   A)
 NON-STANDARD atom.| C5 | in residue>  DG I  29 
 ASSUMED vdw of  C5  in  DG I  29  =  1.80 (same as   A)
 NON-STANDARD atom.| C6 | in residue>  DG I  29 
 ASSUMED vdw of  C6  in  DG I  29  =  1.80 (same as   A)
 NON-STANDARD atom.| O6 | in residue>  DG I  29 
 ASSUMED vdw of  O6  in  DG I  29  =  1.40 (same as   G)
 NON-STANDARD atom.| N1 | in residue>  DG I  29 
 ASSUMED vdw of  N1  in  DG I  29  =  1.60 (same as   A)
 NON-STANDARD atom.| C2 | in residue>  DG I  29 
 ASSUMED vdw of  C2  in  DG I  29  =  1.80 (same as   A)
 NON-STANDARD atom.| N2 | in residue>  DG I  29 
 ASSUMED vdw of  N2  in  DG I  29  =  1.60 (same as   G)
 NON-STANDARD atom.| N3 | in residue>  DG I  29 
 ASSUMED vdw of  N3  in  DG I  29  =  1.60 (same as   A)
 NON-STANDARD atom.| C4 | in residue>  DG I  29 
 ASSUMED vdw of  C4  in  DG I  29  =  1.80 (same as   A)
 UNKNOWN residue type.............>  DC I  30 
 NON-STANDARD atom.| P  | in residue>  DC I  30 
 ASSUMED vdw of  P   in  DC I  30  =  1.90 (same as   A)
 NON-STANDARD atom.| OP1| in residue>  DC I  30 
 GUESSED vdw of  OP1 in  DC I  30  =  1.40
 NON-STANDARD atom.| OP2| in residue>  DC I  30 
 GUESSED vdw of  OP2 in  DC I  30  =  1.40
 NON-STANDARD atom.| O5'| in residue>  DC I  30 
 GUESSED vdw of  O5' in  DC I  30  =  1.40
 NON-STANDARD atom.| C5'| in residue>  DC I  30 
 GUESSED vdw of  C5' in  DC I  30  =  1.80
 NON-STANDARD atom.| C4'| in residue>  DC I  30 
 GUESSED vdw of  C4' in  DC I  30  =  1.80
 NON-STANDARD atom.| O4'| in residue>  DC I  30 
 GUESSED vdw of  O4' in  DC I  30  =  1.40
 NON-STANDARD atom.| C3'| in residue>  DC I  30 
 GUESSED vdw of  C3' in  DC I  30  =  1.80
 NON-STANDARD atom.| O3'| in residue>  DC I  30 
 GUESSED vdw of  O3' in  DC I  30  =  1.40
 NON-STANDARD atom.| C2'| in residue>  DC I  30 
 GUESSED vdw of  C2' in  DC I  30  =  1.80
 NON-STANDARD atom.| C1'| in residue>  DC I  30 
 GUESSED vdw of  C1' in  DC I  30  =  1.80
 NON-STANDARD atom.| N1 | in residue>  DC I  30 
 ASSUMED vdw of  N1  in  DC I  30  =  1.60 (same as   A)
 NON-STANDARD atom.| C2 | in residue>  DC I  30 
 ASSUMED vdw of  C2  in  DC I  30  =  1.80 (same as   A)
 NON-STANDARD atom.| O2 | in residue>  DC I  30 
 ASSUMED vdw of  O2  in  DC I  30  =  1.40 (same as   C)
 NON-STANDARD atom.| N3 | in residue>  DC I  30 
 ASSUMED vdw of  N3  in  DC I  30  =  1.60 (same as   A)
 NON-STANDARD atom.| C4 | in residue>  DC I  30 
 ASSUMED vdw of  C4  in  DC I  30  =  1.80 (same as   A)
 NON-STANDARD atom.| N4 | in residue>  DC I  30 
 ASSUMED vdw of  N4  in  DC I  30  =  1.60 (same as   C)
 NON-STANDARD atom.| C5 | in residue>  DC I  30 
 ASSUMED vdw of  C5  in  DC I  30  =  1.80 (same as   A)
 NON-STANDARD atom.| C6 | in residue>  DC I  30 
 ASSUMED vdw of  C6  in  DC I  30  =  1.80 (same as   A)
 UNKNOWN residue type.............>  DT I  31 
 NON-STANDARD atom.| P  | in residue>  DT I  31 
 ASSUMED vdw of  P   in  DT I  31  =  1.90 (same as   A)
 NON-STANDARD atom.| OP1| in residue>  DT I  31 
 GUESSED vdw of  OP1 in  DT I  31  =  1.40
 NON-STANDARD atom.| OP2| in residue>  DT I  31 
 GUESSED vdw of  OP2 in  DT I  31  =  1.40
 NON-STANDARD atom.| O5'| in residue>  DT I  31 
 GUESSED vdw of  O5' in  DT I  31  =  1.40
 NON-STANDARD atom.| C5'| in residue>  DT I  31 
 GUESSED vdw of  C5' in  DT I  31  =  1.80
 NON-STANDARD atom.| C4'| in residue>  DT I  31 
 GUESSED vdw of  C4' in  DT I  31  =  1.80
 NON-STANDARD atom.| O4'| in residue>  DT I  31 
 GUESSED vdw of  O4' in  DT I  31  =  1.40
 NON-STANDARD atom.| C3'| in residue>  DT I  31 
 GUESSED vdw of  C3' in  DT I  31  =  1.80
 NON-STANDARD atom.| O3'| in residue>  DT I  31 
 GUESSED vdw of  O3' in  DT I  31  =  1.40
 NON-STANDARD atom.| C2'| in residue>  DT I  31 
 GUESSED vdw of  C2' in  DT I  31  =  1.80
 NON-STANDARD atom.| C1'| in residue>  DT I  31 
 GUESSED vdw of  C1' in  DT I  31  =  1.80
 NON-STANDARD atom.| N1 | in residue>  DT I  31 
 ASSUMED vdw of  N1  in  DT I  31  =  1.60 (same as   A)
 NON-STANDARD atom.| C2 | in residue>  DT I  31 
 ASSUMED vdw of  C2  in  DT I  31  =  1.80 (same as   A)
 NON-STANDARD atom.| O2 | in residue>  DT I  31 
 ASSUMED vdw of  O2  in  DT I  31  =  1.40 (same as   C)
 NON-STANDARD atom.| N3 | in residue>  DT I  31 
 ASSUMED vdw of  N3  in  DT I  31  =  1.60 (same as   A)
 NON-STANDARD atom.| C4 | in residue>  DT I  31 
 ASSUMED vdw of  C4  in  DT I  31  =  1.80 (same as   A)
 NON-STANDARD atom.| O4 | in residue>  DT I  31 
 ASSUMED vdw of  O4  in  DT I  31  =  1.40 (same as   T)
 NON-STANDARD atom.| C5 | in residue>  DT I  31 
 ASSUMED vdw of  C5  in  DT I  31  =  1.80 (same as   A)
 NON-STANDARD atom.| C7 | in residue>  DT I  31 
 GUESSED vdw of  C7  in  DT I  31  =  1.80
 NON-STANDARD atom.| C6 | in residue>  DT I  31 
 ASSUMED vdw of  C6  in  DT I  31  =  1.80 (same as   A)
 UNKNOWN residue type.............>  DG I  32 
 NON-STANDARD atom.| P  | in residue>  DG I  32 
 ASSUMED vdw of  P   in  DG I  32  =  1.90 (same as   A)
 NON-STANDARD atom.| OP1| in residue>  DG I  32 
 GUESSED vdw of  OP1 in  DG I  32  =  1.40
 NON-STANDARD atom.| OP2| in residue>  DG I  32 
 GUESSED vdw of  OP2 in  DG I  32  =  1.40
 NON-STANDARD atom.| O5'| in residue>  DG I  32 
 GUESSED vdw of  O5' in  DG I  32  =  1.40
 NON-STANDARD atom.| C5'| in residue>  DG I  32 
 GUESSED vdw of  C5' in  DG I  32  =  1.80
 NON-STANDARD atom.| C4'| in residue>  DG I  32 
 GUESSED vdw of  C4' in  DG I  32  =  1.80
 NON-STANDARD atom.| O4'| in residue>  DG I  32 
 GUESSED vdw of  O4' in  DG I  32  =  1.40
 NON-STANDARD atom.| C3'| in residue>  DG I  32 
 GUESSED vdw of  C3' in  DG I  32  =  1.80
 NON-STANDARD atom.| O3'| in residue>  DG I  32 
 GUESSED vdw of  O3' in  DG I  32  =  1.40
 NON-STANDARD atom.| C2'| in residue>  DG I  32 
 GUESSED vdw of  C2' in  DG I  32  =  1.80
 NON-STANDARD atom.| C1'| in residue>  DG I  32 
 GUESSED vdw of  C1' in  DG I  32  =  1.80
 NON-STANDARD atom.| N9 | in residue>  DG I  32 
 ASSUMED vdw of  N9  in  DG I  32  =  1.60 (same as   A)
 NON-STANDARD atom.| C8 | in residue>  DG I  32 
 ASSUMED vdw of  C8  in  DG I  32  =  1.80 (same as   A)
 NON-STANDARD atom.| N7 | in residue>  DG I  32 
 ASSUMED vdw of  N7  in  DG I  32  =  1.60 (same as   A)
 NON-STANDARD atom.| C5 | in residue>  DG I  32 
 ASSUMED vdw of  C5  in  DG I  32  =  1.80 (same as   A)
 NON-STANDARD atom.| C6 | in residue>  DG I  32 
 ASSUMED vdw of  C6  in  DG I  32  =  1.80 (same as   A)
 NON-STANDARD atom.| O6 | in residue>  DG I  32 
 ASSUMED vdw of  O6  in  DG I  32  =  1.40 (same as   G)
 NON-STANDARD atom.| N1 | in residue>  DG I  32 
 ASSUMED vdw of  N1  in  DG I  32  =  1.60 (same as   A)
 NON-STANDARD atom.| C2 | in residue>  DG I  32 
 ASSUMED vdw of  C2  in  DG I  32  =  1.80 (same as   A)
 NON-STANDARD atom.| N2 | in residue>  DG I  32 
 ASSUMED vdw of  N2  in  DG I  32  =  1.60 (same as   G)
 NON-STANDARD atom.| N3 | in residue>  DG I  32 
 ASSUMED vdw of  N3  in  DG I  32  =  1.60 (same as   A)
 NON-STANDARD atom.| C4 | in residue>  DG I  32 
 ASSUMED vdw of  C4  in  DG I  32  =  1.80 (same as   A)
 UNKNOWN residue type.............>  DT I  33 
 NON-STANDARD atom.| P  | in residue>  DT I  33 
 ASSUMED vdw of  P   in  DT I  33  =  1.90 (same as   A)
 NON-STANDARD atom.| OP1| in residue>  DT I  33 
 GUESSED vdw of  OP1 in  DT I  33  =  1.40
 NON-STANDARD atom.| OP2| in residue>  DT I  33 
 GUESSED vdw of  OP2 in  DT I  33  =  1.40
 NON-STANDARD atom.| O5'| in residue>  DT I  33 
 GUESSED vdw of  O5' in  DT I  33  =  1.40
 NON-STANDARD atom.| C5'| in residue>  DT I  33 
 GUESSED vdw of  C5' in  DT I  33  =  1.80
 NON-STANDARD atom.| C4'| in residue>  DT I  33 
 GUESSED vdw of  C4' in  DT I  33  =  1.80
 NON-STANDARD atom.| O4'| in residue>  DT I  33 
 GUESSED vdw of  O4' in  DT I  33  =  1.40
 NON-STANDARD atom.| C3'| in residue>  DT I  33 
 GUESSED vdw of  C3' in  DT I  33  =  1.80
 NON-STANDARD atom.| O3'| in residue>  DT I  33 
 GUESSED vdw of  O3' in  DT I  33  =  1.40
 NON-STANDARD atom.| C2'| in residue>  DT I  33 
 GUESSED vdw of  C2' in  DT I  33  =  1.80
 NON-STANDARD atom.| C1'| in residue>  DT I  33 
 GUESSED vdw of  C1' in  DT I  33  =  1.80
 NON-STANDARD atom.| N1 | in residue>  DT I  33 
 ASSUMED vdw of  N1  in  DT I  33  =  1.60 (same as   A)
 NON-STANDARD atom.| C2 | in residue>  DT I  33 
 ASSUMED vdw of  C2  in  DT I  33  =  1.80 (same as   A)
 NON-STANDARD atom.| O2 | in residue>  DT I  33 
 ASSUMED vdw of  O2  in  DT I  33  =  1.40 (same as   C)
 NON-STANDARD atom.| N3 | in residue>  DT I  33 
 ASSUMED vdw of  N3  in  DT I  33  =  1.60 (same as   A)
 NON-STANDARD atom.| C4 | in residue>  DT I  33 
 ASSUMED vdw of  C4  in  DT I  33  =  1.80 (same as   A)
 NON-STANDARD atom.| O4 | in residue>  DT I  33 
 ASSUMED vdw of  O4  in  DT I  33  =  1.40 (same as   T)
 NON-STANDARD atom.| C5 | in residue>  DT I  33 
 ASSUMED vdw of  C5  in  DT I  33  =  1.80 (same as   A)
 NON-STANDARD atom.| C7 | in residue>  DT I  33 
 GUESSED vdw of  C7  in  DT I  33  =  1.80
 NON-STANDARD atom.| C6 | in residue>  DT I  33 
 ASSUMED vdw of  C6  in  DT I  33  =  1.80 (same as   A)
 UNKNOWN residue type.............>  DC I  34 
 NON-STANDARD atom.| P  | in residue>  DC I  34 
 ASSUMED vdw of  P   in  DC I  34  =  1.90 (same as   A)
 NON-STANDARD atom.| OP1| in residue>  DC I  34 
 GUESSED vdw of  OP1 in  DC I  34  =  1.40
 NON-STANDARD atom.| OP2| in residue>  DC I  34 
 GUESSED vdw of  OP2 in  DC I  34  =  1.40
 NON-STANDARD atom.| O5'| in residue>  DC I  34 
 GUESSED vdw of  O5' in  DC I  34  =  1.40
 NON-STANDARD atom.| C5'| in residue>  DC I  34 
 GUESSED vdw of  C5' in  DC I  34  =  1.80
 NON-STANDARD atom.| C4'| in residue>  DC I  34 
 GUESSED vdw of  C4' in  DC I  34  =  1.80
 NON-STANDARD atom.| O4'| in residue>  DC I  34 
 GUESSED vdw of  O4' in  DC I  34  =  1.40
 NON-STANDARD atom.| C3'| in residue>  DC I  34 
 GUESSED vdw of  C3' in  DC I  34  =  1.80
 NON-STANDARD atom.| O3'| in residue>  DC I  34 
 GUESSED vdw of  O3' in  DC I  34  =  1.40
 NON-STANDARD atom.| C2'| in residue>  DC I  34 
 GUESSED vdw of  C2' in  DC I  34  =  1.80
 NON-STANDARD atom.| C1'| in residue>  DC I  34 
 GUESSED vdw of  C1' in  DC I  34  =  1.80
 NON-STANDARD atom.| N1 | in residue>  DC I  34 
 ASSUMED vdw of  N1  in  DC I  34  =  1.60 (same as   A)
 NON-STANDARD atom.| C2 | in residue>  DC I  34 
 ASSUMED vdw of  C2  in  DC I  34  =  1.80 (same as   A)
 NON-STANDARD atom.| O2 | in residue>  DC I  34 
 ASSUMED vdw of  O2  in  DC I  34  =  1.40 (same as   C)
 NON-STANDARD atom.| N3 | in residue>  DC I  34 
 ASSUMED vdw of  N3  in  DC I  34  =  1.60 (same as   A)
 NON-STANDARD atom.| C4 | in residue>  DC I  34 
 ASSUMED vdw of  C4  in  DC I  34  =  1.80 (same as   A)
 NON-STANDARD atom.| N4 | in residue>  DC I  34 
 ASSUMED vdw of  N4  in  DC I  34  =  1.60 (same as   C)
 NON-STANDARD atom.| C5 | in residue>  DC I  34 
 ASSUMED vdw of  C5  in  DC I  34  =  1.80 (same as   A)
 NON-STANDARD atom.| C6 | in residue>  DC I  34 
 ASSUMED vdw of  C6  in  DC I  34  =  1.80 (same as   A)
 UNKNOWN residue type.............>  DT I  35 
 NON-STANDARD atom.| P  | in residue>  DT I  35 
 ASSUMED vdw of  P   in  DT I  35  =  1.90 (same as   A)
 NON-STANDARD atom.| OP1| in residue>  DT I  35 
 GUESSED vdw of  OP1 in  DT I  35  =  1.40
 NON-STANDARD atom.| OP2| in residue>  DT I  35 
 GUESSED vdw of  OP2 in  DT I  35  =  1.40
 NON-STANDARD atom.| O5'| in residue>  DT I  35 
 GUESSED vdw of  O5' in  DT I  35  =  1.40
 NON-STANDARD atom.| C5'| in residue>  DT I  35 
 GUESSED vdw of  C5' in  DT I  35  =  1.80
 NON-STANDARD atom.| C4'| in residue>  DT I  35 
 GUESSED vdw of  C4' in  DT I  35  =  1.80
 NON-STANDARD atom.| O4'| in residue>  DT I  35 
 GUESSED vdw of  O4' in  DT I  35  =  1.40
 NON-STANDARD atom.| C3'| in residue>  DT I  35 
 GUESSED vdw of  C3' in  DT I  35  =  1.80
 NON-STANDARD atom.| O3'| in residue>  DT I  35 
 GUESSED vdw of  O3' in  DT I  35  =  1.40
 NON-STANDARD atom.| C2'| in residue>  DT I  35 
 GUESSED vdw of  C2' in  DT I  35  =  1.80
 NON-STANDARD atom.| C1'| in residue>  DT I  35 
 GUESSED vdw of  C1' in  DT I  35  =  1.80
 NON-STANDARD atom.| N1 | in residue>  DT I  35 
 ASSUMED vdw of  N1  in  DT I  35  =  1.60 (same as   A)
 NON-STANDARD atom.| C2 | in residue>  DT I  35 
 ASSUMED vdw of  C2  in  DT I  35  =  1.80 (same as   A)
 NON-STANDARD atom.| O2 | in residue>  DT I  35 
 ASSUMED vdw of  O2  in  DT I  35  =  1.40 (same as   C)
 NON-STANDARD atom.| N3 | in residue>  DT I  35 
 ASSUMED vdw of  N3  in  DT I  35  =  1.60 (same as   A)
 NON-STANDARD atom.| C4 | in residue>  DT I  35 
 ASSUMED vdw of  C4  in  DT I  35  =  1.80 (same as   A)
 NON-STANDARD atom.| O4 | in residue>  DT I  35 
 ASSUMED vdw of  O4  in  DT I  35  =  1.40 (same as   T)
 NON-STANDARD atom.| C5 | in residue>  DT I  35 
 ASSUMED vdw of  C5  in  DT I  35  =  1.80 (same as   A)
 NON-STANDARD atom.| C7 | in residue>  DT I  35 
 GUESSED vdw of  C7  in  DT I  35  =  1.80
 NON-STANDARD atom.| C6 | in residue>  DT I  35 
 ASSUMED vdw of  C6  in  DT I  35  =  1.80 (same as   A)
 UNKNOWN residue type.............>  DA I  36 
 NON-STANDARD atom.| P  | in residue>  DA I  36 
 ASSUMED vdw of  P   in  DA I  36  =  1.90 (same as   A)
 NON-STANDARD atom.| OP1| in residue>  DA I  36 
 GUESSED vdw of  OP1 in  DA I  36  =  1.40
 NON-STANDARD atom.| OP2| in residue>  DA I  36 
 GUESSED vdw of  OP2 in  DA I  36  =  1.40
 NON-STANDARD atom.| O5'| in residue>  DA I  36 
 GUESSED vdw of  O5' in  DA I  36  =  1.40
 NON-STANDARD atom.| C5'| in residue>  DA I  36 
 GUESSED vdw of  C5' in  DA I  36  =  1.80
 NON-STANDARD atom.| C4'| in residue>  DA I  36 
 GUESSED vdw of  C4' in  DA I  36  =  1.80
 NON-STANDARD atom.| O4'| in residue>  DA I  36 
 GUESSED vdw of  O4' in  DA I  36  =  1.40
 NON-STANDARD atom.| C3'| in residue>  DA I  36 
 GUESSED vdw of  C3' in  DA I  36  =  1.80
 NON-STANDARD atom.| O3'| in residue>  DA I  36 
 GUESSED vdw of  O3' in  DA I  36  =  1.40
 NON-STANDARD atom.| C2'| in residue>  DA I  36 
 GUESSED vdw of  C2' in  DA I  36  =  1.80
 NON-STANDARD atom.| C1'| in residue>  DA I  36 
 GUESSED vdw of  C1' in  DA I  36  =  1.80
 NON-STANDARD atom.| N9 | in residue>  DA I  36 
 ASSUMED vdw of  N9  in  DA I  36  =  1.60 (same as   A)
 NON-STANDARD atom.| C8 | in residue>  DA I  36 
 ASSUMED vdw of  C8  in  DA I  36  =  1.80 (same as   A)
 NON-STANDARD atom.| N7 | in residue>  DA I  36 
 ASSUMED vdw of  N7  in  DA I  36  =  1.60 (same as   A)
 NON-STANDARD atom.| C5 | in residue>  DA I  36 
 ASSUMED vdw of  C5  in  DA I  36  =  1.80 (same as   A)
 NON-STANDARD atom.| C6 | in residue>  DA I  36 
 ASSUMED vdw of  C6  in  DA I  36  =  1.80 (same as   A)
 NON-STANDARD atom.| N6 | in residue>  DA I  36 
 ASSUMED vdw of  N6  in  DA I  36  =  1.60 (same as   A)
 NON-STANDARD atom.| N1 | in residue>  DA I  36 
 ASSUMED vdw of  N1  in  DA I  36  =  1.60 (same as   A)
 NON-STANDARD atom.| C2 | in residue>  DA I  36 
 ASSUMED vdw of  C2  in  DA I  36  =  1.80 (same as   A)
 NON-STANDARD atom.| N3 | in residue>  DA I  36 
 ASSUMED vdw of  N3  in  DA I  36  =  1.60 (same as   A)
 NON-STANDARD atom.| C4 | in residue>  DA I  36 
 ASSUMED vdw of  C4  in  DA I  36  =  1.80 (same as   A)
 UNKNOWN residue type.............>  DC I  37 
 NON-STANDARD atom.| P  | in residue>  DC I  37 
 ASSUMED vdw of  P   in  DC I  37  =  1.90 (same as   A)
 NON-STANDARD atom.| OP1| in residue>  DC I  37 
 GUESSED vdw of  OP1 in  DC I  37  =  1.40
 NON-STANDARD atom.| OP2| in residue>  DC I  37 
 GUESSED vdw of  OP2 in  DC I  37  =  1.40
 NON-STANDARD atom.| O5'| in residue>  DC I  37 
 GUESSED vdw of  O5' in  DC I  37  =  1.40
 NON-STANDARD atom.| C5'| in residue>  DC I  37 
 GUESSED vdw of  C5' in  DC I  37  =  1.80
 NON-STANDARD atom.| C4'| in residue>  DC I  37 
 GUESSED vdw of  C4' in  DC I  37  =  1.80
 NON-STANDARD atom.| O4'| in residue>  DC I  37 
 GUESSED vdw of  O4' in  DC I  37  =  1.40
 NON-STANDARD atom.| C3'| in residue>  DC I  37 
 GUESSED vdw of  C3' in  DC I  37  =  1.80
 NON-STANDARD atom.| O3'| in residue>  DC I  37 
 GUESSED vdw of  O3' in  DC I  37  =  1.40
 NON-STANDARD atom.| C2'| in residue>  DC I  37 
 GUESSED vdw of  C2' in  DC I  37  =  1.80
 NON-STANDARD atom.| C1'| in residue>  DC I  37 
 GUESSED vdw of  C1' in  DC I  37  =  1.80
 NON-STANDARD atom.| N1 | in residue>  DC I  37 
 ASSUMED vdw of  N1  in  DC I  37  =  1.60 (same as   A)
 NON-STANDARD atom.| C2 | in residue>  DC I  37 
 ASSUMED vdw of  C2  in  DC I  37  =  1.80 (same as   A)
 NON-STANDARD atom.| O2 | in residue>  DC I  37 
 ASSUMED vdw of  O2  in  DC I  37  =  1.40 (same as   C)
 NON-STANDARD atom.| N3 | in residue>  DC I  37 
 ASSUMED vdw of  N3  in  DC I  37  =  1.60 (same as   A)
 NON-STANDARD atom.| C4 | in residue>  DC I  37 
 ASSUMED vdw of  C4  in  DC I  37  =  1.80 (same as   A)
 NON-STANDARD atom.| N4 | in residue>  DC I  37 
 ASSUMED vdw of  N4  in  DC I  37  =  1.60 (same as   C)
 NON-STANDARD atom.| C5 | in residue>  DC I  37 
 ASSUMED vdw of  C5  in  DC I  37  =  1.80 (same as   A)
 NON-STANDARD atom.| C6 | in residue>  DC I  37 
 ASSUMED vdw of  C6  in  DC I  37  =  1.80 (same as   A)
 UNKNOWN residue type.............>  DG I  38 
 NON-STANDARD atom.| P  | in residue>  DG I  38 
 ASSUMED vdw of  P   in  DG I  38  =  1.90 (same as   A)
 NON-STANDARD atom.| OP1| in residue>  DG I  38 
 GUESSED vdw of  OP1 in  DG I  38  =  1.40
 NON-STANDARD atom.| OP2| in residue>  DG I  38 
 GUESSED vdw of  OP2 in  DG I  38  =  1.40
 NON-STANDARD atom.| O5'| in residue>  DG I  38 
 GUESSED vdw of  O5' in  DG I  38  =  1.40
 NON-STANDARD atom.| C5'| in residue>  DG I  38 
 GUESSED vdw of  C5' in  DG I  38  =  1.80
 NON-STANDARD atom.| C4'| in residue>  DG I  38 
 GUESSED vdw of  C4' in  DG I  38  =  1.80
 NON-STANDARD atom.| O4'| in residue>  DG I  38 
 GUESSED vdw of  O4' in  DG I  38  =  1.40
 NON-STANDARD atom.| C3'| in residue>  DG I  38 
 GUESSED vdw of  C3' in  DG I  38  =  1.80
 NON-STANDARD atom.| O3'| in residue>  DG I  38 
 GUESSED vdw of  O3' in  DG I  38  =  1.40
 NON-STANDARD atom.| C2'| in residue>  DG I  38 
 GUESSED vdw of  C2' in  DG I  38  =  1.80
 NON-STANDARD atom.| C1'| in residue>  DG I  38 
 GUESSED vdw of  C1' in  DG I  38  =  1.80
 NON-STANDARD atom.| N9 | in residue>  DG I  38 
 ASSUMED vdw of  N9  in  DG I  38  =  1.60 (same as   A)
 NON-STANDARD atom.| C8 | in residue>  DG I  38 
 ASSUMED vdw of  C8  in  DG I  38  =  1.80 (same as   A)
 NON-STANDARD atom.| N7 | in residue>  DG I  38 
 ASSUMED vdw of  N7  in  DG I  38  =  1.60 (same as   A)
 NON-STANDARD atom.| C5 | in residue>  DG I  38 
 ASSUMED vdw of  C5  in  DG I  38  =  1.80 (same as   A)
 NON-STANDARD atom.| C6 | in residue>  DG I  38 
 ASSUMED vdw of  C6  in  DG I  38  =  1.80 (same as   A)
 NON-STANDARD atom.| O6 | in residue>  DG I  38 
 ASSUMED vdw of  O6  in  DG I  38  =  1.40 (same as   G)
 NON-STANDARD atom.| N1 | in residue>  DG I  38 
 ASSUMED vdw of  N1  in  DG I  38  =  1.60 (same as   A)
 NON-STANDARD atom.| C2 | in residue>  DG I  38 
 ASSUMED vdw of  C2  in  DG I  38  =  1.80 (same as   A)
 NON-STANDARD atom.| N2 | in residue>  DG I  38 
 ASSUMED vdw of  N2  in  DG I  38  =  1.60 (same as   G)
 NON-STANDARD atom.| N3 | in residue>  DG I  38 
 ASSUMED vdw of  N3  in  DG I  38  =  1.60 (same as   A)
 NON-STANDARD atom.| C4 | in residue>  DG I  38 
 ASSUMED vdw of  C4  in  DG I  38  =  1.80 (same as   A)
 UNKNOWN residue type.............>  DA I  39 
 NON-STANDARD atom.| P  | in residue>  DA I  39 
 ASSUMED vdw of  P   in  DA I  39  =  1.90 (same as   A)
 NON-STANDARD atom.| OP1| in residue>  DA I  39 
 GUESSED vdw of  OP1 in  DA I  39  =  1.40
 NON-STANDARD atom.| OP2| in residue>  DA I  39 
 GUESSED vdw of  OP2 in  DA I  39  =  1.40
 NON-STANDARD atom.| O5'| in residue>  DA I  39 
 GUESSED vdw of  O5' in  DA I  39  =  1.40
 NON-STANDARD atom.| C5'| in residue>  DA I  39 
 GUESSED vdw of  C5' in  DA I  39  =  1.80
 NON-STANDARD atom.| C4'| in residue>  DA I  39 
 GUESSED vdw of  C4' in  DA I  39  =  1.80
 NON-STANDARD atom.| O4'| in residue>  DA I  39 
 GUESSED vdw of  O4' in  DA I  39  =  1.40
 NON-STANDARD atom.| C3'| in residue>  DA I  39 
 GUESSED vdw of  C3' in  DA I  39  =  1.80
 NON-STANDARD atom.| O3'| in residue>  DA I  39 
 GUESSED vdw of  O3' in  DA I  39  =  1.40
 NON-STANDARD atom.| C2'| in residue>  DA I  39 
 GUESSED vdw of  C2' in  DA I  39  =  1.80
 NON-STANDARD atom.| C1'| in residue>  DA I  39 
 GUESSED vdw of  C1' in  DA I  39  =  1.80
 NON-STANDARD atom.| N9 | in residue>  DA I  39 
 ASSUMED vdw of  N9  in  DA I  39  =  1.60 (same as   A)
 NON-STANDARD atom.| C8 | in residue>  DA I  39 
 ASSUMED vdw of  C8  in  DA I  39  =  1.80 (same as   A)
 NON-STANDARD atom.| N7 | in residue>  DA I  39 
 ASSUMED vdw of  N7  in  DA I  39  =  1.60 (same as   A)
 NON-STANDARD atom.| C5 | in residue>  DA I  39 
 ASSUMED vdw of  C5  in  DA I  39  =  1.80 (same as   A)
 NON-STANDARD atom.| C6 | in residue>  DA I  39 
 ASSUMED vdw of  C6  in  DA I  39  =  1.80 (same as   A)
 NON-STANDARD atom.| N6 | in residue>  DA I  39 
 ASSUMED vdw of  N6  in  DA I  39  =  1.60 (same as   A)
 NON-STANDARD atom.| N1 | in residue>  DA I  39 
 ASSUMED vdw of  N1  in  DA I  39  =  1.60 (same as   A)
 NON-STANDARD atom.| C2 | in residue>  DA I  39 
 ASSUMED vdw of  C2  in  DA I  39  =  1.80 (same as   A)
 NON-STANDARD atom.| N3 | in residue>  DA I  39 
 ASSUMED vdw of  N3  in  DA I  39  =  1.60 (same as   A)
 NON-STANDARD atom.| C4 | in residue>  DA I  39 
 ASSUMED vdw of  C4  in  DA I  39  =  1.80 (same as   A)
 UNKNOWN residue type.............>  DC I  40 
 NON-STANDARD atom.| P  | in residue>  DC I  40 
 ASSUMED vdw of  P   in  DC I  40  =  1.90 (same as   A)
 NON-STANDARD atom.| OP1| in residue>  DC I  40 
 GUESSED vdw of  OP1 in  DC I  40  =  1.40
 NON-STANDARD atom.| OP2| in residue>  DC I  40 
 GUESSED vdw of  OP2 in  DC I  40  =  1.40
 NON-STANDARD atom.| O5'| in residue>  DC I  40 
 GUESSED vdw of  O5' in  DC I  40  =  1.40
 NON-STANDARD atom.| C5'| in residue>  DC I  40 
 GUESSED vdw of  C5' in  DC I  40  =  1.80
 NON-STANDARD atom.| C4'| in residue>  DC I  40 
 GUESSED vdw of  C4' in  DC I  40  =  1.80
 NON-STANDARD atom.| O4'| in residue>  DC I  40 
 GUESSED vdw of  O4' in  DC I  40  =  1.40
 NON-STANDARD atom.| C3'| in residue>  DC I  40 
 GUESSED vdw of  C3' in  DC I  40  =  1.80
 NON-STANDARD atom.| O3'| in residue>  DC I  40 
 GUESSED vdw of  O3' in  DC I  40  =  1.40
 NON-STANDARD atom.| C2'| in residue>  DC I  40 
 GUESSED vdw of  C2' in  DC I  40  =  1.80
 NON-STANDARD atom.| C1'| in residue>  DC I  40 
 GUESSED vdw of  C1' in  DC I  40  =  1.80
 NON-STANDARD atom.| N1 | in residue>  DC I  40 
 ASSUMED vdw of  N1  in  DC I  40  =  1.60 (same as   A)
 NON-STANDARD atom.| C2 | in residue>  DC I  40 
 ASSUMED vdw of  C2  in  DC I  40  =  1.80 (same as   A)
 NON-STANDARD atom.| O2 | in residue>  DC I  40 
 ASSUMED vdw of  O2  in  DC I  40  =  1.40 (same as   C)
 NON-STANDARD atom.| N3 | in residue>  DC I  40 
 ASSUMED vdw of  N3  in  DC I  40  =  1.60 (same as   A)
 NON-STANDARD atom.| C4 | in residue>  DC I  40 
 ASSUMED vdw of  C4  in  DC I  40  =  1.80 (same as   A)
 NON-STANDARD atom.| N4 | in residue>  DC I  40 
 ASSUMED vdw of  N4  in  DC I  40  =  1.60 (same as   C)
 NON-STANDARD atom.| C5 | in residue>  DC I  40 
 ASSUMED vdw of  C5  in  DC I  40  =  1.80 (same as   A)
 NON-STANDARD atom.| C6 | in residue>  DC I  40 
 ASSUMED vdw of  C6  in  DC I  40  =  1.80 (same as   A)
 UNKNOWN residue type.............>  DC I  41 
 NON-STANDARD atom.| P  | in residue>  DC I  41 
 ASSUMED vdw of  P   in  DC I  41  =  1.90 (same as   A)
 NON-STANDARD atom.| OP1| in residue>  DC I  41 
 GUESSED vdw of  OP1 in  DC I  41  =  1.40
 NON-STANDARD atom.| OP2| in residue>  DC I  41 
 GUESSED vdw of  OP2 in  DC I  41  =  1.40
 NON-STANDARD atom.| O5'| in residue>  DC I  41 
 GUESSED vdw of  O5' in  DC I  41  =  1.40
 NON-STANDARD atom.| C5'| in residue>  DC I  41 
 GUESSED vdw of  C5' in  DC I  41  =  1.80
 NON-STANDARD atom.| C4'| in residue>  DC I  41 
 GUESSED vdw of  C4' in  DC I  41  =  1.80
 NON-STANDARD atom.| O4'| in residue>  DC I  41 
 GUESSED vdw of  O4' in  DC I  41  =  1.40
 NON-STANDARD atom.| C3'| in residue>  DC I  41 
 GUESSED vdw of  C3' in  DC I  41  =  1.80
 NON-STANDARD atom.| O3'| in residue>  DC I  41 
 GUESSED vdw of  O3' in  DC I  41  =  1.40
 NON-STANDARD atom.| C2'| in residue>  DC I  41 
 GUESSED vdw of  C2' in  DC I  41  =  1.80
 NON-STANDARD atom.| C1'| in residue>  DC I  41 
 GUESSED vdw of  C1' in  DC I  41  =  1.80
 NON-STANDARD atom.| N1 | in residue>  DC I  41 
 ASSUMED vdw of  N1  in  DC I  41  =  1.60 (same as   A)
 NON-STANDARD atom.| C2 | in residue>  DC I  41 
 ASSUMED vdw of  C2  in  DC I  41  =  1.80 (same as   A)
 NON-STANDARD atom.| O2 | in residue>  DC I  41 
 ASSUMED vdw of  O2  in  DC I  41  =  1.40 (same as   C)
 NON-STANDARD atom.| N3 | in residue>  DC I  41 
 ASSUMED vdw of  N3  in  DC I  41  =  1.60 (same as   A)
 NON-STANDARD atom.| C4 | in residue>  DC I  41 
 ASSUMED vdw of  C4  in  DC I  41  =  1.80 (same as   A)
 NON-STANDARD atom.| N4 | in residue>  DC I  41 
 ASSUMED vdw of  N4  in  DC I  41  =  1.60 (same as   C)
 NON-STANDARD atom.| C5 | in residue>  DC I  41 
 ASSUMED vdw of  C5  in  DC I  41  =  1.80 (same as   A)
 NON-STANDARD atom.| C6 | in residue>  DC I  41 
 ASSUMED vdw of  C6  in  DC I  41  =  1.80 (same as   A)
 UNKNOWN residue type.............>  DA I  42 
 NON-STANDARD atom.| P  | in residue>  DA I  42 
 ASSUMED vdw of  P   in  DA I  42  =  1.90 (same as   A)
 NON-STANDARD atom.| OP1| in residue>  DA I  42 
 GUESSED vdw of  OP1 in  DA I  42  =  1.40
 NON-STANDARD atom.| OP2| in residue>  DA I  42 
 GUESSED vdw of  OP2 in  DA I  42  =  1.40
 NON-STANDARD atom.| O5'| in residue>  DA I  42 
 GUESSED vdw of  O5' in  DA I  42  =  1.40
 NON-STANDARD atom.| C5'| in residue>  DA I  42 
 GUESSED vdw of  C5' in  DA I  42  =  1.80
 NON-STANDARD atom.| C4'| in residue>  DA I  42 
 GUESSED vdw of  C4' in  DA I  42  =  1.80
 NON-STANDARD atom.| O4'| in residue>  DA I  42 
 GUESSED vdw of  O4' in  DA I  42  =  1.40
 NON-STANDARD atom.| C3'| in residue>  DA I  42 
 GUESSED vdw of  C3' in  DA I  42  =  1.80
 NON-STANDARD atom.| O3'| in residue>  DA I  42 
 GUESSED vdw of  O3' in  DA I  42  =  1.40
 NON-STANDARD atom.| C2'| in residue>  DA I  42 
 GUESSED vdw of  C2' in  DA I  42  =  1.80
 NON-STANDARD atom.| C1'| in residue>  DA I  42 
 GUESSED vdw of  C1' in  DA I  42  =  1.80
 NON-STANDARD atom.| N9 | in residue>  DA I  42 
 ASSUMED vdw of  N9  in  DA I  42  =  1.60 (same as   A)
 NON-STANDARD atom.| C8 | in residue>  DA I  42 
 ASSUMED vdw of  C8  in  DA I  42  =  1.80 (same as   A)
 NON-STANDARD atom.| N7 | in residue>  DA I  42 
 ASSUMED vdw of  N7  in  DA I  42  =  1.60 (same as   A)
 NON-STANDARD atom.| C5 | in residue>  DA I  42 
 ASSUMED vdw of  C5  in  DA I  42  =  1.80 (same as   A)
 NON-STANDARD atom.| C6 | in residue>  DA I  42 
 ASSUMED vdw of  C6  in  DA I  42  =  1.80 (same as   A)
 NON-STANDARD atom.| N6 | in residue>  DA I  42 
 ASSUMED vdw of  N6  in  DA I  42  =  1.60 (same as   A)
 NON-STANDARD atom.| N1 | in residue>  DA I  42 
 ASSUMED vdw of  N1  in  DA I  42  =  1.60 (same as   A)
 NON-STANDARD atom.| C2 | in residue>  DA I  42 
 ASSUMED vdw of  C2  in  DA I  42  =  1.80 (same as   A)
 NON-STANDARD atom.| N3 | in residue>  DA I  42 
 ASSUMED vdw of  N3  in  DA I  42  =  1.60 (same as   A)
 NON-STANDARD atom.| C4 | in residue>  DA I  42 
 ASSUMED vdw of  C4  in  DA I  42  =  1.80 (same as   A)
 UNKNOWN residue type.............>  DA I  43 
 NON-STANDARD atom.| P  | in residue>  DA I  43 
 ASSUMED vdw of  P   in  DA I  43  =  1.90 (same as   A)
 NON-STANDARD atom.| OP1| in residue>  DA I  43 
 GUESSED vdw of  OP1 in  DA I  43  =  1.40
 NON-STANDARD atom.| OP2| in residue>  DA I  43 
 GUESSED vdw of  OP2 in  DA I  43  =  1.40
 NON-STANDARD atom.| O5'| in residue>  DA I  43 
 GUESSED vdw of  O5' in  DA I  43  =  1.40
 NON-STANDARD atom.| C5'| in residue>  DA I  43 
 GUESSED vdw of  C5' in  DA I  43  =  1.80
 NON-STANDARD atom.| C4'| in residue>  DA I  43 
 GUESSED vdw of  C4' in  DA I  43  =  1.80
 NON-STANDARD atom.| O4'| in residue>  DA I  43 
 GUESSED vdw of  O4' in  DA I  43  =  1.40
 NON-STANDARD atom.| C3'| in residue>  DA I  43 
 GUESSED vdw of  C3' in  DA I  43  =  1.80
 NON-STANDARD atom.| O3'| in residue>  DA I  43 
 GUESSED vdw of  O3' in  DA I  43  =  1.40
 NON-STANDARD atom.| C2'| in residue>  DA I  43 
 GUESSED vdw of  C2' in  DA I  43  =  1.80
 NON-STANDARD atom.| C1'| in residue>  DA I  43 
 GUESSED vdw of  C1' in  DA I  43  =  1.80
 NON-STANDARD atom.| N9 | in residue>  DA I  43 
 ASSUMED vdw of  N9  in  DA I  43  =  1.60 (same as   A)
 NON-STANDARD atom.| C8 | in residue>  DA I  43 
 ASSUMED vdw of  C8  in  DA I  43  =  1.80 (same as   A)
 NON-STANDARD atom.| N7 | in residue>  DA I  43 
 ASSUMED vdw of  N7  in  DA I  43  =  1.60 (same as   A)
 NON-STANDARD atom.| C5 | in residue>  DA I  43 
 ASSUMED vdw of  C5  in  DA I  43  =  1.80 (same as   A)
 NON-STANDARD atom.| C6 | in residue>  DA I  43 
 ASSUMED vdw of  C6  in  DA I  43  =  1.80 (same as   A)
 NON-STANDARD atom.| N6 | in residue>  DA I  43 
 ASSUMED vdw of  N6  in  DA I  43  =  1.60 (same as   A)
 NON-STANDARD atom.| N1 | in residue>  DA I  43 
 ASSUMED vdw of  N1  in  DA I  43  =  1.60 (same as   A)
 NON-STANDARD atom.| C2 | in residue>  DA I  43 
 ASSUMED vdw of  C2  in  DA I  43  =  1.80 (same as   A)
 NON-STANDARD atom.| N3 | in residue>  DA I  43 
 ASSUMED vdw of  N3  in  DA I  43  =  1.60 (same as   A)
 NON-STANDARD atom.| C4 | in residue>  DA I  43 
 ASSUMED vdw of  C4  in  DA I  43  =  1.80 (same as   A)
 UNKNOWN residue type.............>  DT I  44 
 NON-STANDARD atom.| P  | in residue>  DT I  44 
 ASSUMED vdw of  P   in  DT I  44  =  1.90 (same as   A)
 NON-STANDARD atom.| OP1| in residue>  DT I  44 
 GUESSED vdw of  OP1 in  DT I  44  =  1.40
 NON-STANDARD atom.| OP2| in residue>  DT I  44 
 GUESSED vdw of  OP2 in  DT I  44  =  1.40
 NON-STANDARD atom.| O5'| in residue>  DT I  44 
 GUESSED vdw of  O5' in  DT I  44  =  1.40
 NON-STANDARD atom.| C5'| in residue>  DT I  44 
 GUESSED vdw of  C5' in  DT I  44  =  1.80
 NON-STANDARD atom.| C4'| in residue>  DT I  44 
 GUESSED vdw of  C4' in  DT I  44  =  1.80
 NON-STANDARD atom.| O4'| in residue>  DT I  44 
 GUESSED vdw of  O4' in  DT I  44  =  1.40
 NON-STANDARD atom.| C3'| in residue>  DT I  44 
 GUESSED vdw of  C3' in  DT I  44  =  1.80
 NON-STANDARD atom.| O3'| in residue>  DT I  44 
 GUESSED vdw of  O3' in  DT I  44  =  1.40
 NON-STANDARD atom.| C2'| in residue>  DT I  44 
 GUESSED vdw of  C2' in  DT I  44  =  1.80
 NON-STANDARD atom.| C1'| in residue>  DT I  44 
 GUESSED vdw of  C1' in  DT I  44  =  1.80
 NON-STANDARD atom.| N1 | in residue>  DT I  44 
 ASSUMED vdw of  N1  in  DT I  44  =  1.60 (same as   A)
 NON-STANDARD atom.| C2 | in residue>  DT I  44 
 ASSUMED vdw of  C2  in  DT I  44  =  1.80 (same as   A)
 NON-STANDARD atom.| O2 | in residue>  DT I  44 
 ASSUMED vdw of  O2  in  DT I  44  =  1.40 (same as   C)
 NON-STANDARD atom.| N3 | in residue>  DT I  44 
 ASSUMED vdw of  N3  in  DT I  44  =  1.60 (same as   A)
 NON-STANDARD atom.| C4 | in residue>  DT I  44 
 ASSUMED vdw of  C4  in  DT I  44  =  1.80 (same as   A)
 NON-STANDARD atom.| O4 | in residue>  DT I  44 
 ASSUMED vdw of  O4  in  DT I  44  =  1.40 (same as   T)
 NON-STANDARD atom.| C5 | in residue>  DT I  44 
 ASSUMED vdw of  C5  in  DT I  44  =  1.80 (same as   A)
 NON-STANDARD atom.| C7 | in residue>  DT I  44 
 GUESSED vdw of  C7  in  DT I  44  =  1.80
 NON-STANDARD atom.| C6 | in residue>  DT I  44 
 ASSUMED vdw of  C6  in  DT I  44  =  1.80 (same as   A)
 UNKNOWN residue type.............>  DT I  45 
 NON-STANDARD atom.| P  | in residue>  DT I  45 
 ASSUMED vdw of  P   in  DT I  45  =  1.90 (same as   A)
 NON-STANDARD atom.| OP1| in residue>  DT I  45 
 GUESSED vdw of  OP1 in  DT I  45  =  1.40
 NON-STANDARD atom.| OP2| in residue>  DT I  45 
 GUESSED vdw of  OP2 in  DT I  45  =  1.40
 NON-STANDARD atom.| O5'| in residue>  DT I  45 
 GUESSED vdw of  O5' in  DT I  45  =  1.40
 NON-STANDARD atom.| C5'| in residue>  DT I  45 
 GUESSED vdw of  C5' in  DT I  45  =  1.80
 NON-STANDARD atom.| C4'| in residue>  DT I  45 
 GUESSED vdw of  C4' in  DT I  45  =  1.80
 NON-STANDARD atom.| O4'| in residue>  DT I  45 
 GUESSED vdw of  O4' in  DT I  45  =  1.40
 NON-STANDARD atom.| C3'| in residue>  DT I  45 
 GUESSED vdw of  C3' in  DT I  45  =  1.80
 NON-STANDARD atom.| O3'| in residue>  DT I  45 
 GUESSED vdw of  O3' in  DT I  45  =  1.40
 NON-STANDARD atom.| C2'| in residue>  DT I  45 
 GUESSED vdw of  C2' in  DT I  45  =  1.80
 NON-STANDARD atom.| C1'| in residue>  DT I  45 
 GUESSED vdw of  C1' in  DT I  45  =  1.80
 NON-STANDARD atom.| N1 | in residue>  DT I  45 
 ASSUMED vdw of  N1  in  DT I  45  =  1.60 (same as   A)
 NON-STANDARD atom.| C2 | in residue>  DT I  45 
 ASSUMED vdw of  C2  in  DT I  45  =  1.80 (same as   A)
 NON-STANDARD atom.| O2 | in residue>  DT I  45 
 ASSUMED vdw of  O2  in  DT I  45  =  1.40 (same as   C)
 NON-STANDARD atom.| N3 | in residue>  DT I  45 
 ASSUMED vdw of  N3  in  DT I  45  =  1.60 (same as   A)
 NON-STANDARD atom.| C4 | in residue>  DT I  45 
 ASSUMED vdw of  C4  in  DT I  45  =  1.80 (same as   A)
 NON-STANDARD atom.| O4 | in residue>  DT I  45 
 ASSUMED vdw of  O4  in  DT I  45  =  1.40 (same as   T)
 NON-STANDARD atom.| C5 | in residue>  DT I  45 
 ASSUMED vdw of  C5  in  DT I  45  =  1.80 (same as   A)
 NON-STANDARD atom.| C7 | in residue>  DT I  45 
 GUESSED vdw of  C7  in  DT I  45  =  1.80
 NON-STANDARD atom.| C6 | in residue>  DT I  45 
 ASSUMED vdw of  C6  in  DT I  45  =  1.80 (same as   A)
 UNKNOWN residue type.............>  DG I  46 
 NON-STANDARD atom.| P  | in residue>  DG I  46 
 ASSUMED vdw of  P   in  DG I  46  =  1.90 (same as   A)
 NON-STANDARD atom.| OP1| in residue>  DG I  46 
 GUESSED vdw of  OP1 in  DG I  46  =  1.40
 NON-STANDARD atom.| OP2| in residue>  DG I  46 
 GUESSED vdw of  OP2 in  DG I  46  =  1.40
 NON-STANDARD atom.| O5'| in residue>  DG I  46 
 GUESSED vdw of  O5' in  DG I  46  =  1.40
 NON-STANDARD atom.| C5'| in residue>  DG I  46 
 GUESSED vdw of  C5' in  DG I  46  =  1.80
 NON-STANDARD atom.| C4'| in residue>  DG I  46 
 GUESSED vdw of  C4' in  DG I  46  =  1.80
 NON-STANDARD atom.| O4'| in residue>  DG I  46 
 GUESSED vdw of  O4' in  DG I  46  =  1.40
 NON-STANDARD atom.| C3'| in residue>  DG I  46 
 GUESSED vdw of  C3' in  DG I  46  =  1.80
 NON-STANDARD atom.| O3'| in residue>  DG I  46 
 GUESSED vdw of  O3' in  DG I  46  =  1.40
 NON-STANDARD atom.| C2'| in residue>  DG I  46 
 GUESSED vdw of  C2' in  DG I  46  =  1.80
 NON-STANDARD atom.| C1'| in residue>  DG I  46 
 GUESSED vdw of  C1' in  DG I  46  =  1.80
 NON-STANDARD atom.| N9 | in residue>  DG I  46 
 ASSUMED vdw of  N9  in  DG I  46  =  1.60 (same as   A)
 NON-STANDARD atom.| C8 | in residue>  DG I  46 
 ASSUMED vdw of  C8  in  DG I  46  =  1.80 (same as   A)
 NON-STANDARD atom.| N7 | in residue>  DG I  46 
 ASSUMED vdw of  N7  in  DG I  46  =  1.60 (same as   A)
 NON-STANDARD atom.| C5 | in residue>  DG I  46 
 ASSUMED vdw of  C5  in  DG I  46  =  1.80 (same as   A)
 NON-STANDARD atom.| C6 | in residue>  DG I  46 
 ASSUMED vdw of  C6  in  DG I  46  =  1.80 (same as   A)
 NON-STANDARD atom.| O6 | in residue>  DG I  46 
 ASSUMED vdw of  O6  in  DG I  46  =  1.40 (same as   G)
 NON-STANDARD atom.| N1 | in residue>  DG I  46 
 ASSUMED vdw of  N1  in  DG I  46  =  1.60 (same as   A)
 NON-STANDARD atom.| C2 | in residue>  DG I  46 
 ASSUMED vdw of  C2  in  DG I  46  =  1.80 (same as   A)
 NON-STANDARD atom.| N2 | in residue>  DG I  46 
 ASSUMED vdw of  N2  in  DG I  46  =  1.60 (same as   G)
 NON-STANDARD atom.| N3 | in residue>  DG I  46 
 ASSUMED vdw of  N3  in  DG I  46  =  1.60 (same as   A)
 NON-STANDARD atom.| C4 | in residue>  DG I  46 
 ASSUMED vdw of  C4  in  DG I  46  =  1.80 (same as   A)
 UNKNOWN residue type.............>  DA I  47 
 NON-STANDARD atom.| P  | in residue>  DA I  47 
 ASSUMED vdw of  P   in  DA I  47  =  1.90 (same as   A)
 NON-STANDARD atom.| OP1| in residue>  DA I  47 
 GUESSED vdw of  OP1 in  DA I  47  =  1.40
 NON-STANDARD atom.| OP2| in residue>  DA I  47 
 GUESSED vdw of  OP2 in  DA I  47  =  1.40
 NON-STANDARD atom.| O5'| in residue>  DA I  47 
 GUESSED vdw of  O5' in  DA I  47  =  1.40
 NON-STANDARD atom.| C5'| in residue>  DA I  47 
 GUESSED vdw of  C5' in  DA I  47  =  1.80
 NON-STANDARD atom.| C4'| in residue>  DA I  47 
 GUESSED vdw of  C4' in  DA I  47  =  1.80
 NON-STANDARD atom.| O4'| in residue>  DA I  47 
 GUESSED vdw of  O4' in  DA I  47  =  1.40
 NON-STANDARD atom.| C3'| in residue>  DA I  47 
 GUESSED vdw of  C3' in  DA I  47  =  1.80
 NON-STANDARD atom.| O3'| in residue>  DA I  47 
 GUESSED vdw of  O3' in  DA I  47  =  1.40
 NON-STANDARD atom.| C2'| in residue>  DA I  47 
 GUESSED vdw of  C2' in  DA I  47  =  1.80
 NON-STANDARD atom.| C1'| in residue>  DA I  47 
 GUESSED vdw of  C1' in  DA I  47  =  1.80
 NON-STANDARD atom.| N9 | in residue>  DA I  47 
 ASSUMED vdw of  N9  in  DA I  47  =  1.60 (same as   A)
 NON-STANDARD atom.| C8 | in residue>  DA I  47 
 ASSUMED vdw of  C8  in  DA I  47  =  1.80 (same as   A)
 NON-STANDARD atom.| N7 | in residue>  DA I  47 
 ASSUMED vdw of  N7  in  DA I  47  =  1.60 (same as   A)
 NON-STANDARD atom.| C5 | in residue>  DA I  47 
 ASSUMED vdw of  C5  in  DA I  47  =  1.80 (same as   A)
 NON-STANDARD atom.| C6 | in residue>  DA I  47 
 ASSUMED vdw of  C6  in  DA I  47  =  1.80 (same as   A)
 NON-STANDARD atom.| N6 | in residue>  DA I  47 
 ASSUMED vdw of  N6  in  DA I  47  =  1.60 (same as   A)
 NON-STANDARD atom.| N1 | in residue>  DA I  47 
 ASSUMED vdw of  N1  in  DA I  47  =  1.60 (same as   A)
 NON-STANDARD atom.| C2 | in residue>  DA I  47 
 ASSUMED vdw of  C2  in  DA I  47  =  1.80 (same as   A)
 NON-STANDARD atom.| N3 | in residue>  DA I  47 
 ASSUMED vdw of  N3  in  DA I  47  =  1.60 (same as   A)
 NON-STANDARD atom.| C4 | in residue>  DA I  47 
 ASSUMED vdw of  C4  in  DA I  47  =  1.80 (same as   A)
 UNKNOWN residue type.............>  DG I  48 
 NON-STANDARD atom.| P  | in residue>  DG I  48 
 ASSUMED vdw of  P   in  DG I  48  =  1.90 (same as   A)
 NON-STANDARD atom.| OP1| in residue>  DG I  48 
 GUESSED vdw of  OP1 in  DG I  48  =  1.40
 NON-STANDARD atom.| OP2| in residue>  DG I  48 
 GUESSED vdw of  OP2 in  DG I  48  =  1.40
 NON-STANDARD atom.| O5'| in residue>  DG I  48 
 GUESSED vdw of  O5' in  DG I  48  =  1.40
 NON-STANDARD atom.| C5'| in residue>  DG I  48 
 GUESSED vdw of  C5' in  DG I  48  =  1.80
 NON-STANDARD atom.| C4'| in residue>  DG I  48 
 GUESSED vdw of  C4' in  DG I  48  =  1.80
 NON-STANDARD atom.| O4'| in residue>  DG I  48 
 GUESSED vdw of  O4' in  DG I  48  =  1.40
 NON-STANDARD atom.| C3'| in residue>  DG I  48 
 GUESSED vdw of  C3' in  DG I  48  =  1.80
 NON-STANDARD atom.| O3'| in residue>  DG I  48 
 GUESSED vdw of  O3' in  DG I  48  =  1.40
 NON-STANDARD atom.| C2'| in residue>  DG I  48 
 GUESSED vdw of  C2' in  DG I  48  =  1.80
 NON-STANDARD atom.| C1'| in residue>  DG I  48 
 GUESSED vdw of  C1' in  DG I  48  =  1.80
 NON-STANDARD atom.| N9 | in residue>  DG I  48 
 ASSUMED vdw of  N9  in  DG I  48  =  1.60 (same as   A)
 NON-STANDARD atom.| C8 | in residue>  DG I  48 
 ASSUMED vdw of  C8  in  DG I  48  =  1.80 (same as   A)
 NON-STANDARD atom.| N7 | in residue>  DG I  48 
 ASSUMED vdw of  N7  in  DG I  48  =  1.60 (same as   A)
 NON-STANDARD atom.| C5 | in residue>  DG I  48 
 ASSUMED vdw of  C5  in  DG I  48  =  1.80 (same as   A)
 NON-STANDARD atom.| C6 | in residue>  DG I  48 
 ASSUMED vdw of  C6  in  DG I  48  =  1.80 (same as   A)
 NON-STANDARD atom.| O6 | in residue>  DG I  48 
 ASSUMED vdw of  O6  in  DG I  48  =  1.40 (same as   G)
 NON-STANDARD atom.| N1 | in residue>  DG I  48 
 ASSUMED vdw of  N1  in  DG I  48  =  1.60 (same as   A)
 NON-STANDARD atom.| C2 | in residue>  DG I  48 
 ASSUMED vdw of  C2  in  DG I  48  =  1.80 (same as   A)
 NON-STANDARD atom.| N2 | in residue>  DG I  48 
 ASSUMED vdw of  N2  in  DG I  48  =  1.60 (same as   G)
 NON-STANDARD atom.| N3 | in residue>  DG I  48 
 ASSUMED vdw of  N3  in  DG I  48  =  1.60 (same as   A)
 NON-STANDARD atom.| C4 | in residue>  DG I  48 
 ASSUMED vdw of  C4  in  DG I  48  =  1.80 (same as   A)
 UNKNOWN residue type.............>  DC I  49 
 NON-STANDARD atom.| P  | in residue>  DC I  49 
 ASSUMED vdw of  P   in  DC I  49  =  1.90 (same as   A)
 NON-STANDARD atom.| OP1| in residue>  DC I  49 
 GUESSED vdw of  OP1 in  DC I  49  =  1.40
 NON-STANDARD atom.| OP2| in residue>  DC I  49 
 GUESSED vdw of  OP2 in  DC I  49  =  1.40
 NON-STANDARD atom.| O5'| in residue>  DC I  49 
 GUESSED vdw of  O5' in  DC I  49  =  1.40
 NON-STANDARD atom.| C5'| in residue>  DC I  49 
 GUESSED vdw of  C5' in  DC I  49  =  1.80
 NON-STANDARD atom.| C4'| in residue>  DC I  49 
 GUESSED vdw of  C4' in  DC I  49  =  1.80
 NON-STANDARD atom.| O4'| in residue>  DC I  49 
 GUESSED vdw of  O4' in  DC I  49  =  1.40
 NON-STANDARD atom.| C3'| in residue>  DC I  49 
 GUESSED vdw of  C3' in  DC I  49  =  1.80
 NON-STANDARD atom.| O3'| in residue>  DC I  49 
 GUESSED vdw of  O3' in  DC I  49  =  1.40
 NON-STANDARD atom.| C2'| in residue>  DC I  49 
 GUESSED vdw of  C2' in  DC I  49  =  1.80
 NON-STANDARD atom.| C1'| in residue>  DC I  49 
 GUESSED vdw of  C1' in  DC I  49  =  1.80
 NON-STANDARD atom.| N1 | in residue>  DC I  49 
 ASSUMED vdw of  N1  in  DC I  49  =  1.60 (same as   A)
 NON-STANDARD atom.| C2 | in residue>  DC I  49 
 ASSUMED vdw of  C2  in  DC I  49  =  1.80 (same as   A)
 NON-STANDARD atom.| O2 | in residue>  DC I  49 
 ASSUMED vdw of  O2  in  DC I  49  =  1.40 (same as   C)
 NON-STANDARD atom.| N3 | in residue>  DC I  49 
 ASSUMED vdw of  N3  in  DC I  49  =  1.60 (same as   A)
 NON-STANDARD atom.| C4 | in residue>  DC I  49 
 ASSUMED vdw of  C4  in  DC I  49  =  1.80 (same as   A)
 NON-STANDARD atom.| N4 | in residue>  DC I  49 
 ASSUMED vdw of  N4  in  DC I  49  =  1.60 (same as   C)
 NON-STANDARD atom.| C5 | in residue>  DC I  49 
 ASSUMED vdw of  C5  in  DC I  49  =  1.80 (same as   A)
 NON-STANDARD atom.| C6 | in residue>  DC I  49 
 ASSUMED vdw of  C6  in  DC I  49  =  1.80 (same as   A)
 UNKNOWN residue type.............>  DG I  50 
 NON-STANDARD atom.| P  | in residue>  DG I  50 
 ASSUMED vdw of  P   in  DG I  50  =  1.90 (same as   A)
 NON-STANDARD atom.| OP1| in residue>  DG I  50 
 GUESSED vdw of  OP1 in  DG I  50  =  1.40
 NON-STANDARD atom.| OP2| in residue>  DG I  50 
 GUESSED vdw of  OP2 in  DG I  50  =  1.40
 NON-STANDARD atom.| O5'| in residue>  DG I  50 
 GUESSED vdw of  O5' in  DG I  50  =  1.40
 NON-STANDARD atom.| C5'| in residue>  DG I  50 
 GUESSED vdw of  C5' in  DG I  50  =  1.80
 NON-STANDARD atom.| C4'| in residue>  DG I  50 
 GUESSED vdw of  C4' in  DG I  50  =  1.80
 NON-STANDARD atom.| O4'| in residue>  DG I  50 
 GUESSED vdw of  O4' in  DG I  50  =  1.40
 NON-STANDARD atom.| C3'| in residue>  DG I  50 
 GUESSED vdw of  C3' in  DG I  50  =  1.80
 NON-STANDARD atom.| O3'| in residue>  DG I  50 
 GUESSED vdw of  O3' in  DG I  50  =  1.40
 NON-STANDARD atom.| C2'| in residue>  DG I  50 
 GUESSED vdw of  C2' in  DG I  50  =  1.80
 NON-STANDARD atom.| C1'| in residue>  DG I  50 
 GUESSED vdw of  C1' in  DG I  50  =  1.80
 NON-STANDARD atom.| N9 | in residue>  DG I  50 
 ASSUMED vdw of  N9  in  DG I  50  =  1.60 (same as   A)
 NON-STANDARD atom.| C8 | in residue>  DG I  50 
 ASSUMED vdw of  C8  in  DG I  50  =  1.80 (same as   A)
 NON-STANDARD atom.| N7 | in residue>  DG I  50 
 ASSUMED vdw of  N7  in  DG I  50  =  1.60 (same as   A)
 NON-STANDARD atom.| C5 | in residue>  DG I  50 
 ASSUMED vdw of  C5  in  DG I  50  =  1.80 (same as   A)
 NON-STANDARD atom.| C6 | in residue>  DG I  50 
 ASSUMED vdw of  C6  in  DG I  50  =  1.80 (same as   A)
 NON-STANDARD atom.| O6 | in residue>  DG I  50 
 ASSUMED vdw of  O6  in  DG I  50  =  1.40 (same as   G)
 NON-STANDARD atom.| N1 | in residue>  DG I  50 
 ASSUMED vdw of  N1  in  DG I  50  =  1.60 (same as   A)
 NON-STANDARD atom.| C2 | in residue>  DG I  50 
 ASSUMED vdw of  C2  in  DG I  50  =  1.80 (same as   A)
 NON-STANDARD atom.| N2 | in residue>  DG I  50 
 ASSUMED vdw of  N2  in  DG I  50  =  1.60 (same as   G)
 NON-STANDARD atom.| N3 | in residue>  DG I  50 
 ASSUMED vdw of  N3  in  DG I  50  =  1.60 (same as   A)
 NON-STANDARD atom.| C4 | in residue>  DG I  50 
 ASSUMED vdw of  C4  in  DG I  50  =  1.80 (same as   A)
 UNKNOWN residue type.............>  DG I  51 
 NON-STANDARD atom.| P  | in residue>  DG I  51 
 ASSUMED vdw of  P   in  DG I  51  =  1.90 (same as   A)
 NON-STANDARD atom.| OP1| in residue>  DG I  51 
 GUESSED vdw of  OP1 in  DG I  51  =  1.40
 NON-STANDARD atom.| OP2| in residue>  DG I  51 
 GUESSED vdw of  OP2 in  DG I  51  =  1.40
 NON-STANDARD atom.| O5'| in residue>  DG I  51 
 GUESSED vdw of  O5' in  DG I  51  =  1.40
 NON-STANDARD atom.| C5'| in residue>  DG I  51 
 GUESSED vdw of  C5' in  DG I  51  =  1.80
 NON-STANDARD atom.| C4'| in residue>  DG I  51 
 GUESSED vdw of  C4' in  DG I  51  =  1.80
 NON-STANDARD atom.| O4'| in residue>  DG I  51 
 GUESSED vdw of  O4' in  DG I  51  =  1.40
 NON-STANDARD atom.| C3'| in residue>  DG I  51 
 GUESSED vdw of  C3' in  DG I  51  =  1.80
 NON-STANDARD atom.| O3'| in residue>  DG I  51 
 GUESSED vdw of  O3' in  DG I  51  =  1.40
 NON-STANDARD atom.| C2'| in residue>  DG I  51 
 GUESSED vdw of  C2' in  DG I  51  =  1.80
 NON-STANDARD atom.| C1'| in residue>  DG I  51 
 GUESSED vdw of  C1' in  DG I  51  =  1.80
 NON-STANDARD atom.| N9 | in residue>  DG I  51 
 ASSUMED vdw of  N9  in  DG I  51  =  1.60 (same as   A)
 NON-STANDARD atom.| C8 | in residue>  DG I  51 
 ASSUMED vdw of  C8  in  DG I  51  =  1.80 (same as   A)
 NON-STANDARD atom.| N7 | in residue>  DG I  51 
 ASSUMED vdw of  N7  in  DG I  51  =  1.60 (same as   A)
 NON-STANDARD atom.| C5 | in residue>  DG I  51 
 ASSUMED vdw of  C5  in  DG I  51  =  1.80 (same as   A)
 NON-STANDARD atom.| C6 | in residue>  DG I  51 
 ASSUMED vdw of  C6  in  DG I  51  =  1.80 (same as   A)
 NON-STANDARD atom.| O6 | in residue>  DG I  51 
 ASSUMED vdw of  O6  in  DG I  51  =  1.40 (same as   G)
 NON-STANDARD atom.| N1 | in residue>  DG I  51 
 ASSUMED vdw of  N1  in  DG I  51  =  1.60 (same as   A)
 NON-STANDARD atom.| C2 | in residue>  DG I  51 
 ASSUMED vdw of  C2  in  DG I  51  =  1.80 (same as   A)
 NON-STANDARD atom.| N2 | in residue>  DG I  51 
 ASSUMED vdw of  N2  in  DG I  51  =  1.60 (same as   G)
 NON-STANDARD atom.| N3 | in residue>  DG I  51 
 ASSUMED vdw of  N3  in  DG I  51  =  1.60 (same as   A)
 NON-STANDARD atom.| C4 | in residue>  DG I  51 
 ASSUMED vdw of  C4  in  DG I  51  =  1.80 (same as   A)
 UNKNOWN residue type.............>  DC I  52 
 NON-STANDARD atom.| P  | in residue>  DC I  52 
 ASSUMED vdw of  P   in  DC I  52  =  1.90 (same as   A)
 NON-STANDARD atom.| OP1| in residue>  DC I  52 
 GUESSED vdw of  OP1 in  DC I  52  =  1.40
 NON-STANDARD atom.| OP2| in residue>  DC I  52 
 GUESSED vdw of  OP2 in  DC I  52  =  1.40
 NON-STANDARD atom.| O5'| in residue>  DC I  52 
 GUESSED vdw of  O5' in  DC I  52  =  1.40
 NON-STANDARD atom.| C5'| in residue>  DC I  52 
 GUESSED vdw of  C5' in  DC I  52  =  1.80
 NON-STANDARD atom.| C4'| in residue>  DC I  52 
 GUESSED vdw of  C4' in  DC I  52  =  1.80
 NON-STANDARD atom.| O4'| in residue>  DC I  52 
 GUESSED vdw of  O4' in  DC I  52  =  1.40
 NON-STANDARD atom.| C3'| in residue>  DC I  52 
 GUESSED vdw of  C3' in  DC I  52  =  1.80
 NON-STANDARD atom.| O3'| in residue>  DC I  52 
 GUESSED vdw of  O3' in  DC I  52  =  1.40
 NON-STANDARD atom.| C2'| in residue>  DC I  52 
 GUESSED vdw of  C2' in  DC I  52  =  1.80
 NON-STANDARD atom.| C1'| in residue>  DC I  52 
 GUESSED vdw of  C1' in  DC I  52  =  1.80
 NON-STANDARD atom.| N1 | in residue>  DC I  52 
 ASSUMED vdw of  N1  in  DC I  52  =  1.60 (same as   A)
 NON-STANDARD atom.| C2 | in residue>  DC I  52 
 ASSUMED vdw of  C2  in  DC I  52  =  1.80 (same as   A)
 NON-STANDARD atom.| O2 | in residue>  DC I  52 
 ASSUMED vdw of  O2  in  DC I  52  =  1.40 (same as   C)
 NON-STANDARD atom.| N3 | in residue>  DC I  52 
 ASSUMED vdw of  N3  in  DC I  52  =  1.60 (same as   A)
 NON-STANDARD atom.| C4 | in residue>  DC I  52 
 ASSUMED vdw of  C4  in  DC I  52  =  1.80 (same as   A)
 NON-STANDARD atom.| N4 | in residue>  DC I  52 
 ASSUMED vdw of  N4  in  DC I  52  =  1.60 (same as   C)
 NON-STANDARD atom.| C5 | in residue>  DC I  52 
 ASSUMED vdw of  C5  in  DC I  52  =  1.80 (same as   A)
 NON-STANDARD atom.| C6 | in residue>  DC I  52 
 ASSUMED vdw of  C6  in  DC I  52  =  1.80 (same as   A)
 UNKNOWN residue type.............>  DC I  53 
 NON-STANDARD atom.| P  | in residue>  DC I  53 
 ASSUMED vdw of  P   in  DC I  53  =  1.90 (same as   A)
 NON-STANDARD atom.| OP1| in residue>  DC I  53 
 GUESSED vdw of  OP1 in  DC I  53  =  1.40
 NON-STANDARD atom.| OP2| in residue>  DC I  53 
 GUESSED vdw of  OP2 in  DC I  53  =  1.40
 NON-STANDARD atom.| O5'| in residue>  DC I  53 
 GUESSED vdw of  O5' in  DC I  53  =  1.40
 NON-STANDARD atom.| C5'| in residue>  DC I  53 
 GUESSED vdw of  C5' in  DC I  53  =  1.80
 NON-STANDARD atom.| C4'| in residue>  DC I  53 
 GUESSED vdw of  C4' in  DC I  53  =  1.80
 NON-STANDARD atom.| O4'| in residue>  DC I  53 
 GUESSED vdw of  O4' in  DC I  53  =  1.40
 NON-STANDARD atom.| C3'| in residue>  DC I  53 
 GUESSED vdw of  C3' in  DC I  53  =  1.80
 NON-STANDARD atom.| O3'| in residue>  DC I  53 
 GUESSED vdw of  O3' in  DC I  53  =  1.40
 NON-STANDARD atom.| C2'| in residue>  DC I  53 
 GUESSED vdw of  C2' in  DC I  53  =  1.80
 NON-STANDARD atom.| C1'| in residue>  DC I  53 
 GUESSED vdw of  C1' in  DC I  53  =  1.80
 NON-STANDARD atom.| N1 | in residue>  DC I  53 
 ASSUMED vdw of  N1  in  DC I  53  =  1.60 (same as   A)
 NON-STANDARD atom.| C2 | in residue>  DC I  53 
 ASSUMED vdw of  C2  in  DC I  53  =  1.80 (same as   A)
 NON-STANDARD atom.| O2 | in residue>  DC I  53 
 ASSUMED vdw of  O2  in  DC I  53  =  1.40 (same as   C)
 NON-STANDARD atom.| N3 | in residue>  DC I  53 
 ASSUMED vdw of  N3  in  DC I  53  =  1.60 (same as   A)
 NON-STANDARD atom.| C4 | in residue>  DC I  53 
 ASSUMED vdw of  C4  in  DC I  53  =  1.80 (same as   A)
 NON-STANDARD atom.| N4 | in residue>  DC I  53 
 ASSUMED vdw of  N4  in  DC I  53  =  1.60 (same as   C)
 NON-STANDARD atom.| C5 | in residue>  DC I  53 
 ASSUMED vdw of  C5  in  DC I  53  =  1.80 (same as   A)
 NON-STANDARD atom.| C6 | in residue>  DC I  53 
 ASSUMED vdw of  C6  in  DC I  53  =  1.80 (same as   A)
 UNKNOWN residue type.............>  DT I  54 
 NON-STANDARD atom.| P  | in residue>  DT I  54 
 ASSUMED vdw of  P   in  DT I  54  =  1.90 (same as   A)
 NON-STANDARD atom.| OP1| in residue>  DT I  54 
 GUESSED vdw of  OP1 in  DT I  54  =  1.40
 NON-STANDARD atom.| OP2| in residue>  DT I  54 
 GUESSED vdw of  OP2 in  DT I  54  =  1.40
 NON-STANDARD atom.| O5'| in residue>  DT I  54 
 GUESSED vdw of  O5' in  DT I  54  =  1.40
 NON-STANDARD atom.| C5'| in residue>  DT I  54 
 GUESSED vdw of  C5' in  DT I  54  =  1.80
 NON-STANDARD atom.| C4'| in residue>  DT I  54 
 GUESSED vdw of  C4' in  DT I  54  =  1.80
 NON-STANDARD atom.| O4'| in residue>  DT I  54 
 GUESSED vdw of  O4' in  DT I  54  =  1.40
 NON-STANDARD atom.| C3'| in residue>  DT I  54 
 GUESSED vdw of  C3' in  DT I  54  =  1.80
 NON-STANDARD atom.| O3'| in residue>  DT I  54 
 GUESSED vdw of  O3' in  DT I  54  =  1.40
 NON-STANDARD atom.| C2'| in residue>  DT I  54 
 GUESSED vdw of  C2' in  DT I  54  =  1.80
 NON-STANDARD atom.| C1'| in residue>  DT I  54 
 GUESSED vdw of  C1' in  DT I  54  =  1.80
 NON-STANDARD atom.| N1 | in residue>  DT I  54 
 ASSUMED vdw of  N1  in  DT I  54  =  1.60 (same as   A)
 NON-STANDARD atom.| C2 | in residue>  DT I  54 
 ASSUMED vdw of  C2  in  DT I  54  =  1.80 (same as   A)
 NON-STANDARD atom.| O2 | in residue>  DT I  54 
 ASSUMED vdw of  O2  in  DT I  54  =  1.40 (same as   C)
 NON-STANDARD atom.| N3 | in residue>  DT I  54 
 ASSUMED vdw of  N3  in  DT I  54  =  1.60 (same as   A)
 NON-STANDARD atom.| C4 | in residue>  DT I  54 
 ASSUMED vdw of  C4  in  DT I  54  =  1.80 (same as   A)
 NON-STANDARD atom.| O4 | in residue>  DT I  54 
 ASSUMED vdw of  O4  in  DT I  54  =  1.40 (same as   T)
 NON-STANDARD atom.| C5 | in residue>  DT I  54 
 ASSUMED vdw of  C5  in  DT I  54  =  1.80 (same as   A)
 NON-STANDARD atom.| C7 | in residue>  DT I  54 
 GUESSED vdw of  C7  in  DT I  54  =  1.80
 NON-STANDARD atom.| C6 | in residue>  DT I  54 
 ASSUMED vdw of  C6  in  DT I  54  =  1.80 (same as   A)
 UNKNOWN residue type.............>  DC I  55 
 NON-STANDARD atom.| P  | in residue>  DC I  55 
 ASSUMED vdw of  P   in  DC I  55  =  1.90 (same as   A)
 NON-STANDARD atom.| OP1| in residue>  DC I  55 
 GUESSED vdw of  OP1 in  DC I  55  =  1.40
 NON-STANDARD atom.| OP2| in residue>  DC I  55 
 GUESSED vdw of  OP2 in  DC I  55  =  1.40
 NON-STANDARD atom.| O5'| in residue>  DC I  55 
 GUESSED vdw of  O5' in  DC I  55  =  1.40
 NON-STANDARD atom.| C5'| in residue>  DC I  55 
 GUESSED vdw of  C5' in  DC I  55  =  1.80
 NON-STANDARD atom.| C4'| in residue>  DC I  55 
 GUESSED vdw of  C4' in  DC I  55  =  1.80
 NON-STANDARD atom.| O4'| in residue>  DC I  55 
 GUESSED vdw of  O4' in  DC I  55  =  1.40
 NON-STANDARD atom.| C3'| in residue>  DC I  55 
 GUESSED vdw of  C3' in  DC I  55  =  1.80
 NON-STANDARD atom.| O3'| in residue>  DC I  55 
 GUESSED vdw of  O3' in  DC I  55  =  1.40
 NON-STANDARD atom.| C2'| in residue>  DC I  55 
 GUESSED vdw of  C2' in  DC I  55  =  1.80
 NON-STANDARD atom.| C1'| in residue>  DC I  55 
 GUESSED vdw of  C1' in  DC I  55  =  1.80
 NON-STANDARD atom.| N1 | in residue>  DC I  55 
 ASSUMED vdw of  N1  in  DC I  55  =  1.60 (same as   A)
 NON-STANDARD atom.| C2 | in residue>  DC I  55 
 ASSUMED vdw of  C2  in  DC I  55  =  1.80 (same as   A)
 NON-STANDARD atom.| O2 | in residue>  DC I  55 
 ASSUMED vdw of  O2  in  DC I  55  =  1.40 (same as   C)
 NON-STANDARD atom.| N3 | in residue>  DC I  55 
 ASSUMED vdw of  N3  in  DC I  55  =  1.60 (same as   A)
 NON-STANDARD atom.| C4 | in residue>  DC I  55 
 ASSUMED vdw of  C4  in  DC I  55  =  1.80 (same as   A)
 NON-STANDARD atom.| N4 | in residue>  DC I  55 
 ASSUMED vdw of  N4  in  DC I  55  =  1.60 (same as   C)
 NON-STANDARD atom.| C5 | in residue>  DC I  55 
 ASSUMED vdw of  C5  in  DC I  55  =  1.80 (same as   A)
 NON-STANDARD atom.| C6 | in residue>  DC I  55 
 ASSUMED vdw of  C6  in  DC I  55  =  1.80 (same as   A)
 UNKNOWN residue type.............>  DG I  56 
 NON-STANDARD atom.| P  | in residue>  DG I  56 
 ASSUMED vdw of  P   in  DG I  56  =  1.90 (same as   A)
 NON-STANDARD atom.| OP1| in residue>  DG I  56 
 GUESSED vdw of  OP1 in  DG I  56  =  1.40
 NON-STANDARD atom.| OP2| in residue>  DG I  56 
 GUESSED vdw of  OP2 in  DG I  56  =  1.40
 NON-STANDARD atom.| O5'| in residue>  DG I  56 
 GUESSED vdw of  O5' in  DG I  56  =  1.40
 NON-STANDARD atom.| C5'| in residue>  DG I  56 
 GUESSED vdw of  C5' in  DG I  56  =  1.80
 NON-STANDARD atom.| C4'| in residue>  DG I  56 
 GUESSED vdw of  C4' in  DG I  56  =  1.80
 NON-STANDARD atom.| O4'| in residue>  DG I  56 
 GUESSED vdw of  O4' in  DG I  56  =  1.40
 NON-STANDARD atom.| C3'| in residue>  DG I  56 
 GUESSED vdw of  C3' in  DG I  56  =  1.80
 NON-STANDARD atom.| O3'| in residue>  DG I  56 
 GUESSED vdw of  O3' in  DG I  56  =  1.40
 NON-STANDARD atom.| C2'| in residue>  DG I  56 
 GUESSED vdw of  C2' in  DG I  56  =  1.80
 NON-STANDARD atom.| C1'| in residue>  DG I  56 
 GUESSED vdw of  C1' in  DG I  56  =  1.80
 NON-STANDARD atom.| N9 | in residue>  DG I  56 
 ASSUMED vdw of  N9  in  DG I  56  =  1.60 (same as   A)
 NON-STANDARD atom.| C8 | in residue>  DG I  56 
 ASSUMED vdw of  C8  in  DG I  56  =  1.80 (same as   A)
 NON-STANDARD atom.| N7 | in residue>  DG I  56 
 ASSUMED vdw of  N7  in  DG I  56  =  1.60 (same as   A)
 NON-STANDARD atom.| C5 | in residue>  DG I  56 
 ASSUMED vdw of  C5  in  DG I  56  =  1.80 (same as   A)
 NON-STANDARD atom.| C6 | in residue>  DG I  56 
 ASSUMED vdw of  C6  in  DG I  56  =  1.80 (same as   A)
 NON-STANDARD atom.| O6 | in residue>  DG I  56 
 ASSUMED vdw of  O6  in  DG I  56  =  1.40 (same as   G)
 NON-STANDARD atom.| N1 | in residue>  DG I  56 
 ASSUMED vdw of  N1  in  DG I  56  =  1.60 (same as   A)
 NON-STANDARD atom.| C2 | in residue>  DG I  56 
 ASSUMED vdw of  C2  in  DG I  56  =  1.80 (same as   A)
 NON-STANDARD atom.| N2 | in residue>  DG I  56 
 ASSUMED vdw of  N2  in  DG I  56  =  1.60 (same as   G)
 NON-STANDARD atom.| N3 | in residue>  DG I  56 
 ASSUMED vdw of  N3  in  DG I  56  =  1.60 (same as   A)
 NON-STANDARD atom.| C4 | in residue>  DG I  56 
 ASSUMED vdw of  C4  in  DG I  56  =  1.80 (same as   A)
 UNKNOWN residue type.............>  DG I  57 
 NON-STANDARD atom.| P  | in residue>  DG I  57 
 ASSUMED vdw of  P   in  DG I  57  =  1.90 (same as   A)
 NON-STANDARD atom.| OP1| in residue>  DG I  57 
 GUESSED vdw of  OP1 in  DG I  57  =  1.40
 NON-STANDARD atom.| OP2| in residue>  DG I  57 
 GUESSED vdw of  OP2 in  DG I  57  =  1.40
 NON-STANDARD atom.| O5'| in residue>  DG I  57 
 GUESSED vdw of  O5' in  DG I  57  =  1.40
 NON-STANDARD atom.| C5'| in residue>  DG I  57 
 GUESSED vdw of  C5' in  DG I  57  =  1.80
 NON-STANDARD atom.| C4'| in residue>  DG I  57 
 GUESSED vdw of  C4' in  DG I  57  =  1.80
 NON-STANDARD atom.| O4'| in residue>  DG I  57 
 GUESSED vdw of  O4' in  DG I  57  =  1.40
 NON-STANDARD atom.| C3'| in residue>  DG I  57 
 GUESSED vdw of  C3' in  DG I  57  =  1.80
 NON-STANDARD atom.| O3'| in residue>  DG I  57 
 GUESSED vdw of  O3' in  DG I  57  =  1.40
 NON-STANDARD atom.| C2'| in residue>  DG I  57 
 GUESSED vdw of  C2' in  DG I  57  =  1.80
 NON-STANDARD atom.| C1'| in residue>  DG I  57 
 GUESSED vdw of  C1' in  DG I  57  =  1.80
 NON-STANDARD atom.| N9 | in residue>  DG I  57 
 ASSUMED vdw of  N9  in  DG I  57  =  1.60 (same as   A)
 NON-STANDARD atom.| C8 | in residue>  DG I  57 
 ASSUMED vdw of  C8  in  DG I  57  =  1.80 (same as   A)
 NON-STANDARD atom.| N7 | in residue>  DG I  57 
 ASSUMED vdw of  N7  in  DG I  57  =  1.60 (same as   A)
 NON-STANDARD atom.| C5 | in residue>  DG I  57 
 ASSUMED vdw of  C5  in  DG I  57  =  1.80 (same as   A)
 NON-STANDARD atom.| C6 | in residue>  DG I  57 
 ASSUMED vdw of  C6  in  DG I  57  =  1.80 (same as   A)
 NON-STANDARD atom.| O6 | in residue>  DG I  57 
 ASSUMED vdw of  O6  in  DG I  57  =  1.40 (same as   G)
 NON-STANDARD atom.| N1 | in residue>  DG I  57 
 ASSUMED vdw of  N1  in  DG I  57  =  1.60 (same as   A)
 NON-STANDARD atom.| C2 | in residue>  DG I  57 
 ASSUMED vdw of  C2  in  DG I  57  =  1.80 (same as   A)
 NON-STANDARD atom.| N2 | in residue>  DG I  57 
 ASSUMED vdw of  N2  in  DG I  57  =  1.60 (same as   G)
 NON-STANDARD atom.| N3 | in residue>  DG I  57 
 ASSUMED vdw of  N3  in  DG I  57  =  1.60 (same as   A)
 NON-STANDARD atom.| C4 | in residue>  DG I  57 
 ASSUMED vdw of  C4  in  DG I  57  =  1.80 (same as   A)
 UNKNOWN residue type.............>  DC I  58 
 NON-STANDARD atom.| P  | in residue>  DC I  58 
 ASSUMED vdw of  P   in  DC I  58  =  1.90 (same as   A)
 NON-STANDARD atom.| OP1| in residue>  DC I  58 
 GUESSED vdw of  OP1 in  DC I  58  =  1.40
 NON-STANDARD atom.| OP2| in residue>  DC I  58 
 GUESSED vdw of  OP2 in  DC I  58  =  1.40
 NON-STANDARD atom.| O5'| in residue>  DC I  58 
 GUESSED vdw of  O5' in  DC I  58  =  1.40
 NON-STANDARD atom.| C5'| in residue>  DC I  58 
 GUESSED vdw of  C5' in  DC I  58  =  1.80
 NON-STANDARD atom.| C4'| in residue>  DC I  58 
 GUESSED vdw of  C4' in  DC I  58  =  1.80
 NON-STANDARD atom.| O4'| in residue>  DC I  58 
 GUESSED vdw of  O4' in  DC I  58  =  1.40
 NON-STANDARD atom.| C3'| in residue>  DC I  58 
 GUESSED vdw of  C3' in  DC I  58  =  1.80
 NON-STANDARD atom.| O3'| in residue>  DC I  58 
 GUESSED vdw of  O3' in  DC I  58  =  1.40
 NON-STANDARD atom.| C2'| in residue>  DC I  58 
 GUESSED vdw of  C2' in  DC I  58  =  1.80
 NON-STANDARD atom.| C1'| in residue>  DC I  58 
 GUESSED vdw of  C1' in  DC I  58  =  1.80
 NON-STANDARD atom.| N1 | in residue>  DC I  58 
 ASSUMED vdw of  N1  in  DC I  58  =  1.60 (same as   A)
 NON-STANDARD atom.| C2 | in residue>  DC I  58 
 ASSUMED vdw of  C2  in  DC I  58  =  1.80 (same as   A)
 NON-STANDARD atom.| O2 | in residue>  DC I  58 
 ASSUMED vdw of  O2  in  DC I  58  =  1.40 (same as   C)
 NON-STANDARD atom.| N3 | in residue>  DC I  58 
 ASSUMED vdw of  N3  in  DC I  58  =  1.60 (same as   A)
 NON-STANDARD atom.| C4 | in residue>  DC I  58 
 ASSUMED vdw of  C4  in  DC I  58  =  1.80 (same as   A)
 NON-STANDARD atom.| N4 | in residue>  DC I  58 
 ASSUMED vdw of  N4  in  DC I  58  =  1.60 (same as   C)
 NON-STANDARD atom.| C5 | in residue>  DC I  58 
 ASSUMED vdw of  C5  in  DC I  58  =  1.80 (same as   A)
 NON-STANDARD atom.| C6 | in residue>  DC I  58 
 ASSUMED vdw of  C6  in  DC I  58  =  1.80 (same as   A)
 UNKNOWN residue type.............>  DA I  59 
 NON-STANDARD atom.| P  | in residue>  DA I  59 
 ASSUMED vdw of  P   in  DA I  59  =  1.90 (same as   A)
 NON-STANDARD atom.| OP1| in residue>  DA I  59 
 GUESSED vdw of  OP1 in  DA I  59  =  1.40
 NON-STANDARD atom.| OP2| in residue>  DA I  59 
 GUESSED vdw of  OP2 in  DA I  59  =  1.40
 NON-STANDARD atom.| O5'| in residue>  DA I  59 
 GUESSED vdw of  O5' in  DA I  59  =  1.40
 NON-STANDARD atom.| C5'| in residue>  DA I  59 
 GUESSED vdw of  C5' in  DA I  59  =  1.80
 NON-STANDARD atom.| C4'| in residue>  DA I  59 
 GUESSED vdw of  C4' in  DA I  59  =  1.80
 NON-STANDARD atom.| O4'| in residue>  DA I  59 
 GUESSED vdw of  O4' in  DA I  59  =  1.40
 NON-STANDARD atom.| C3'| in residue>  DA I  59 
 GUESSED vdw of  C3' in  DA I  59  =  1.80
 NON-STANDARD atom.| O3'| in residue>  DA I  59 
 GUESSED vdw of  O3' in  DA I  59  =  1.40
 NON-STANDARD atom.| C2'| in residue>  DA I  59 
 GUESSED vdw of  C2' in  DA I  59  =  1.80
 NON-STANDARD atom.| C1'| in residue>  DA I  59 
 GUESSED vdw of  C1' in  DA I  59  =  1.80
 NON-STANDARD atom.| N9 | in residue>  DA I  59 
 ASSUMED vdw of  N9  in  DA I  59  =  1.60 (same as   A)
 NON-STANDARD atom.| C8 | in residue>  DA I  59 
 ASSUMED vdw of  C8  in  DA I  59  =  1.80 (same as   A)
 NON-STANDARD atom.| N7 | in residue>  DA I  59 
 ASSUMED vdw of  N7  in  DA I  59  =  1.60 (same as   A)
 NON-STANDARD atom.| C5 | in residue>  DA I  59 
 ASSUMED vdw of  C5  in  DA I  59  =  1.80 (same as   A)
 NON-STANDARD atom.| C6 | in residue>  DA I  59 
 ASSUMED vdw of  C6  in  DA I  59  =  1.80 (same as   A)
 NON-STANDARD atom.| N6 | in residue>  DA I  59 
 ASSUMED vdw of  N6  in  DA I  59  =  1.60 (same as   A)
 NON-STANDARD atom.| N1 | in residue>  DA I  59 
 ASSUMED vdw of  N1  in  DA I  59  =  1.60 (same as   A)
 NON-STANDARD atom.| C2 | in residue>  DA I  59 
 ASSUMED vdw of  C2  in  DA I  59  =  1.80 (same as   A)
 NON-STANDARD atom.| N3 | in residue>  DA I  59 
 ASSUMED vdw of  N3  in  DA I  59  =  1.60 (same as   A)
 NON-STANDARD atom.| C4 | in residue>  DA I  59 
 ASSUMED vdw of  C4  in  DA I  59  =  1.80 (same as   A)
 UNKNOWN residue type.............>  DC I  60 
 NON-STANDARD atom.| P  | in residue>  DC I  60 
 ASSUMED vdw of  P   in  DC I  60  =  1.90 (same as   A)
 NON-STANDARD atom.| OP1| in residue>  DC I  60 
 GUESSED vdw of  OP1 in  DC I  60  =  1.40
 NON-STANDARD atom.| OP2| in residue>  DC I  60 
 GUESSED vdw of  OP2 in  DC I  60  =  1.40
 NON-STANDARD atom.| O5'| in residue>  DC I  60 
 GUESSED vdw of  O5' in  DC I  60  =  1.40
 NON-STANDARD atom.| C5'| in residue>  DC I  60 
 GUESSED vdw of  C5' in  DC I  60  =  1.80
 NON-STANDARD atom.| C4'| in residue>  DC I  60 
 GUESSED vdw of  C4' in  DC I  60  =  1.80
 NON-STANDARD atom.| O4'| in residue>  DC I  60 
 GUESSED vdw of  O4' in  DC I  60  =  1.40
 NON-STANDARD atom.| C3'| in residue>  DC I  60 
 GUESSED vdw of  C3' in  DC I  60  =  1.80
 NON-STANDARD atom.| O3'| in residue>  DC I  60 
 GUESSED vdw of  O3' in  DC I  60  =  1.40
 NON-STANDARD atom.| C2'| in residue>  DC I  60 
 GUESSED vdw of  C2' in  DC I  60  =  1.80
 NON-STANDARD atom.| C1'| in residue>  DC I  60 
 GUESSED vdw of  C1' in  DC I  60  =  1.80
 NON-STANDARD atom.| N1 | in residue>  DC I  60 
 ASSUMED vdw of  N1  in  DC I  60  =  1.60 (same as   A)
 NON-STANDARD atom.| C2 | in residue>  DC I  60 
 ASSUMED vdw of  C2  in  DC I  60  =  1.80 (same as   A)
 NON-STANDARD atom.| O2 | in residue>  DC I  60 
 ASSUMED vdw of  O2  in  DC I  60  =  1.40 (same as   C)
 NON-STANDARD atom.| N3 | in residue>  DC I  60 
 ASSUMED vdw of  N3  in  DC I  60  =  1.60 (same as   A)
 NON-STANDARD atom.| C4 | in residue>  DC I  60 
 ASSUMED vdw of  C4  in  DC I  60  =  1.80 (same as   A)
 NON-STANDARD atom.| N4 | in residue>  DC I  60 
 ASSUMED vdw of  N4  in  DC I  60  =  1.60 (same as   C)
 NON-STANDARD atom.| C5 | in residue>  DC I  60 
 ASSUMED vdw of  C5  in  DC I  60  =  1.80 (same as   A)
 NON-STANDARD atom.| C6 | in residue>  DC I  60 
 ASSUMED vdw of  C6  in  DC I  60  =  1.80 (same as   A)
 UNKNOWN residue type.............>  DC I  61 
 NON-STANDARD atom.| P  | in residue>  DC I  61 
 ASSUMED vdw of  P   in  DC I  61  =  1.90 (same as   A)
 NON-STANDARD atom.| OP1| in residue>  DC I  61 
 GUESSED vdw of  OP1 in  DC I  61  =  1.40
 NON-STANDARD atom.| OP2| in residue>  DC I  61 
 GUESSED vdw of  OP2 in  DC I  61  =  1.40
 NON-STANDARD atom.| O5'| in residue>  DC I  61 
 GUESSED vdw of  O5' in  DC I  61  =  1.40
 NON-STANDARD atom.| C5'| in residue>  DC I  61 
 GUESSED vdw of  C5' in  DC I  61  =  1.80
 NON-STANDARD atom.| C4'| in residue>  DC I  61 
 GUESSED vdw of  C4' in  DC I  61  =  1.80
 NON-STANDARD atom.| O4'| in residue>  DC I  61 
 GUESSED vdw of  O4' in  DC I  61  =  1.40
 NON-STANDARD atom.| C3'| in residue>  DC I  61 
 GUESSED vdw of  C3' in  DC I  61  =  1.80
 NON-STANDARD atom.| O3'| in residue>  DC I  61 
 GUESSED vdw of  O3' in  DC I  61  =  1.40
 NON-STANDARD atom.| C2'| in residue>  DC I  61 
 GUESSED vdw of  C2' in  DC I  61  =  1.80
 NON-STANDARD atom.| C1'| in residue>  DC I  61 
 GUESSED vdw of  C1' in  DC I  61  =  1.80
 NON-STANDARD atom.| N1 | in residue>  DC I  61 
 ASSUMED vdw of  N1  in  DC I  61  =  1.60 (same as   A)
 NON-STANDARD atom.| C2 | in residue>  DC I  61 
 ASSUMED vdw of  C2  in  DC I  61  =  1.80 (same as   A)
 NON-STANDARD atom.| O2 | in residue>  DC I  61 
 ASSUMED vdw of  O2  in  DC I  61  =  1.40 (same as   C)
 NON-STANDARD atom.| N3 | in residue>  DC I  61 
 ASSUMED vdw of  N3  in  DC I  61  =  1.60 (same as   A)
 NON-STANDARD atom.| C4 | in residue>  DC I  61 
 ASSUMED vdw of  C4  in  DC I  61  =  1.80 (same as   A)
 NON-STANDARD atom.| N4 | in residue>  DC I  61 
 ASSUMED vdw of  N4  in  DC I  61  =  1.60 (same as   C)
 NON-STANDARD atom.| C5 | in residue>  DC I  61 
 ASSUMED vdw of  C5  in  DC I  61  =  1.80 (same as   A)
 NON-STANDARD atom.| C6 | in residue>  DC I  61 
 ASSUMED vdw of  C6  in  DC I  61  =  1.80 (same as   A)
 UNKNOWN residue type.............>  DG I  62 
 NON-STANDARD atom.| P  | in residue>  DG I  62 
 ASSUMED vdw of  P   in  DG I  62  =  1.90 (same as   A)
 NON-STANDARD atom.| OP1| in residue>  DG I  62 
 GUESSED vdw of  OP1 in  DG I  62  =  1.40
 NON-STANDARD atom.| OP2| in residue>  DG I  62 
 GUESSED vdw of  OP2 in  DG I  62  =  1.40
 NON-STANDARD atom.| O5'| in residue>  DG I  62 
 GUESSED vdw of  O5' in  DG I  62  =  1.40
 NON-STANDARD atom.| C5'| in residue>  DG I  62 
 GUESSED vdw of  C5' in  DG I  62  =  1.80
 NON-STANDARD atom.| C4'| in residue>  DG I  62 
 GUESSED vdw of  C4' in  DG I  62  =  1.80
 NON-STANDARD atom.| O4'| in residue>  DG I  62 
 GUESSED vdw of  O4' in  DG I  62  =  1.40
 NON-STANDARD atom.| C3'| in residue>  DG I  62 
 GUESSED vdw of  C3' in  DG I  62  =  1.80
 NON-STANDARD atom.| O3'| in residue>  DG I  62 
 GUESSED vdw of  O3' in  DG I  62  =  1.40
 NON-STANDARD atom.| C2'| in residue>  DG I  62 
 GUESSED vdw of  C2' in  DG I  62  =  1.80
 NON-STANDARD atom.| C1'| in residue>  DG I  62 
 GUESSED vdw of  C1' in  DG I  62  =  1.80
 NON-STANDARD atom.| N9 | in residue>  DG I  62 
 ASSUMED vdw of  N9  in  DG I  62  =  1.60 (same as   A)
 NON-STANDARD atom.| C8 | in residue>  DG I  62 
 ASSUMED vdw of  C8  in  DG I  62  =  1.80 (same as   A)
 NON-STANDARD atom.| N7 | in residue>  DG I  62 
 ASSUMED vdw of  N7  in  DG I  62  =  1.60 (same as   A)
 NON-STANDARD atom.| C5 | in residue>  DG I  62 
 ASSUMED vdw of  C5  in  DG I  62  =  1.80 (same as   A)
 NON-STANDARD atom.| C6 | in residue>  DG I  62 
 ASSUMED vdw of  C6  in  DG I  62  =  1.80 (same as   A)
 NON-STANDARD atom.| O6 | in residue>  DG I  62 
 ASSUMED vdw of  O6  in  DG I  62  =  1.40 (same as   G)
 NON-STANDARD atom.| N1 | in residue>  DG I  62 
 ASSUMED vdw of  N1  in  DG I  62  =  1.60 (same as   A)
 NON-STANDARD atom.| C2 | in residue>  DG I  62 
 ASSUMED vdw of  C2  in  DG I  62  =  1.80 (same as   A)
 NON-STANDARD atom.| N2 | in residue>  DG I  62 
 ASSUMED vdw of  N2  in  DG I  62  =  1.60 (same as   G)
 NON-STANDARD atom.| N3 | in residue>  DG I  62 
 ASSUMED vdw of  N3  in  DG I  62  =  1.60 (same as   A)
 NON-STANDARD atom.| C4 | in residue>  DG I  62 
 ASSUMED vdw of  C4  in  DG I  62  =  1.80 (same as   A)
 UNKNOWN residue type.............>  DG I  63 
 NON-STANDARD atom.| P  | in residue>  DG I  63 
 ASSUMED vdw of  P   in  DG I  63  =  1.90 (same as   A)
 NON-STANDARD atom.| OP1| in residue>  DG I  63 
 GUESSED vdw of  OP1 in  DG I  63  =  1.40
 NON-STANDARD atom.| OP2| in residue>  DG I  63 
 GUESSED vdw of  OP2 in  DG I  63  =  1.40
 NON-STANDARD atom.| O5'| in residue>  DG I  63 
 GUESSED vdw of  O5' in  DG I  63  =  1.40
 NON-STANDARD atom.| C5'| in residue>  DG I  63 
 GUESSED vdw of  C5' in  DG I  63  =  1.80
 NON-STANDARD atom.| C4'| in residue>  DG I  63 
 GUESSED vdw of  C4' in  DG I  63  =  1.80
 NON-STANDARD atom.| O4'| in residue>  DG I  63 
 GUESSED vdw of  O4' in  DG I  63  =  1.40
 NON-STANDARD atom.| C3'| in residue>  DG I  63 
 GUESSED vdw of  C3' in  DG I  63  =  1.80
 NON-STANDARD atom.| O3'| in residue>  DG I  63 
 GUESSED vdw of  O3' in  DG I  63  =  1.40
 NON-STANDARD atom.| C2'| in residue>  DG I  63 
 GUESSED vdw of  C2' in  DG I  63  =  1.80
 NON-STANDARD atom.| C1'| in residue>  DG I  63 
 GUESSED vdw of  C1' in  DG I  63  =  1.80
 NON-STANDARD atom.| N9 | in residue>  DG I  63 
 ASSUMED vdw of  N9  in  DG I  63  =  1.60 (same as   A)
 NON-STANDARD atom.| C8 | in residue>  DG I  63 
 ASSUMED vdw of  C8  in  DG I  63  =  1.80 (same as   A)
 NON-STANDARD atom.| N7 | in residue>  DG I  63 
 ASSUMED vdw of  N7  in  DG I  63  =  1.60 (same as   A)
 NON-STANDARD atom.| C5 | in residue>  DG I  63 
 ASSUMED vdw of  C5  in  DG I  63  =  1.80 (same as   A)
 NON-STANDARD atom.| C6 | in residue>  DG I  63 
 ASSUMED vdw of  C6  in  DG I  63  =  1.80 (same as   A)
 NON-STANDARD atom.| O6 | in residue>  DG I  63 
 ASSUMED vdw of  O6  in  DG I  63  =  1.40 (same as   G)
 NON-STANDARD atom.| N1 | in residue>  DG I  63 
 ASSUMED vdw of  N1  in  DG I  63  =  1.60 (same as   A)
 NON-STANDARD atom.| C2 | in residue>  DG I  63 
 ASSUMED vdw of  C2  in  DG I  63  =  1.80 (same as   A)
 NON-STANDARD atom.| N2 | in residue>  DG I  63 
 ASSUMED vdw of  N2  in  DG I  63  =  1.60 (same as   G)
 NON-STANDARD atom.| N3 | in residue>  DG I  63 
 ASSUMED vdw of  N3  in  DG I  63  =  1.60 (same as   A)
 NON-STANDARD atom.| C4 | in residue>  DG I  63 
 ASSUMED vdw of  C4  in  DG I  63  =  1.80 (same as   A)
 UNKNOWN residue type.............>  DG I  64 
 NON-STANDARD atom.| P  | in residue>  DG I  64 
 ASSUMED vdw of  P   in  DG I  64  =  1.90 (same as   A)
 NON-STANDARD atom.| OP1| in residue>  DG I  64 
 GUESSED vdw of  OP1 in  DG I  64  =  1.40
 NON-STANDARD atom.| OP2| in residue>  DG I  64 
 GUESSED vdw of  OP2 in  DG I  64  =  1.40
 NON-STANDARD atom.| O5'| in residue>  DG I  64 
 GUESSED vdw of  O5' in  DG I  64  =  1.40
 NON-STANDARD atom.| C5'| in residue>  DG I  64 
 GUESSED vdw of  C5' in  DG I  64  =  1.80
 NON-STANDARD atom.| C4'| in residue>  DG I  64 
 GUESSED vdw of  C4' in  DG I  64  =  1.80
 NON-STANDARD atom.| O4'| in residue>  DG I  64 
 GUESSED vdw of  O4' in  DG I  64  =  1.40
 NON-STANDARD atom.| C3'| in residue>  DG I  64 
 GUESSED vdw of  C3' in  DG I  64  =  1.80
 NON-STANDARD atom.| O3'| in residue>  DG I  64 
 GUESSED vdw of  O3' in  DG I  64  =  1.40
 NON-STANDARD atom.| C2'| in residue>  DG I  64 
 GUESSED vdw of  C2' in  DG I  64  =  1.80
 NON-STANDARD atom.| C1'| in residue>  DG I  64 
 GUESSED vdw of  C1' in  DG I  64  =  1.80
 NON-STANDARD atom.| N9 | in residue>  DG I  64 
 ASSUMED vdw of  N9  in  DG I  64  =  1.60 (same as   A)
 NON-STANDARD atom.| C8 | in residue>  DG I  64 
 ASSUMED vdw of  C8  in  DG I  64  =  1.80 (same as   A)
 NON-STANDARD atom.| N7 | in residue>  DG I  64 
 ASSUMED vdw of  N7  in  DG I  64  =  1.60 (same as   A)
 NON-STANDARD atom.| C5 | in residue>  DG I  64 
 ASSUMED vdw of  C5  in  DG I  64  =  1.80 (same as   A)
 NON-STANDARD atom.| C6 | in residue>  DG I  64 
 ASSUMED vdw of  C6  in  DG I  64  =  1.80 (same as   A)
 NON-STANDARD atom.| O6 | in residue>  DG I  64 
 ASSUMED vdw of  O6  in  DG I  64  =  1.40 (same as   G)
 NON-STANDARD atom.| N1 | in residue>  DG I  64 
 ASSUMED vdw of  N1  in  DG I  64  =  1.60 (same as   A)
 NON-STANDARD atom.| C2 | in residue>  DG I  64 
 ASSUMED vdw of  C2  in  DG I  64  =  1.80 (same as   A)
 NON-STANDARD atom.| N2 | in residue>  DG I  64 
 ASSUMED vdw of  N2  in  DG I  64  =  1.60 (same as   G)
 NON-STANDARD atom.| N3 | in residue>  DG I  64 
 ASSUMED vdw of  N3  in  DG I  64  =  1.60 (same as   A)
 NON-STANDARD atom.| C4 | in residue>  DG I  64 
 ASSUMED vdw of  C4  in  DG I  64  =  1.80 (same as   A)
 UNKNOWN residue type.............>  DA I  65 
 NON-STANDARD atom.| P  | in residue>  DA I  65 
 ASSUMED vdw of  P   in  DA I  65  =  1.90 (same as   A)
 NON-STANDARD atom.| OP1| in residue>  DA I  65 
 GUESSED vdw of  OP1 in  DA I  65  =  1.40
 NON-STANDARD atom.| OP2| in residue>  DA I  65 
 GUESSED vdw of  OP2 in  DA I  65  =  1.40
 NON-STANDARD atom.| O5'| in residue>  DA I  65 
 GUESSED vdw of  O5' in  DA I  65  =  1.40
 NON-STANDARD atom.| C5'| in residue>  DA I  65 
 GUESSED vdw of  C5' in  DA I  65  =  1.80
 NON-STANDARD atom.| C4'| in residue>  DA I  65 
 GUESSED vdw of  C4' in  DA I  65  =  1.80
 NON-STANDARD atom.| O4'| in residue>  DA I  65 
 GUESSED vdw of  O4' in  DA I  65  =  1.40
 NON-STANDARD atom.| C3'| in residue>  DA I  65 
 GUESSED vdw of  C3' in  DA I  65  =  1.80
 NON-STANDARD atom.| O3'| in residue>  DA I  65 
 GUESSED vdw of  O3' in  DA I  65  =  1.40
 NON-STANDARD atom.| C2'| in residue>  DA I  65 
 GUESSED vdw of  C2' in  DA I  65  =  1.80
 NON-STANDARD atom.| C1'| in residue>  DA I  65 
 GUESSED vdw of  C1' in  DA I  65  =  1.80
 NON-STANDARD atom.| N9 | in residue>  DA I  65 
 ASSUMED vdw of  N9  in  DA I  65  =  1.60 (same as   A)
 NON-STANDARD atom.| C8 | in residue>  DA I  65 
 ASSUMED vdw of  C8  in  DA I  65  =  1.80 (same as   A)
 NON-STANDARD atom.| N7 | in residue>  DA I  65 
 ASSUMED vdw of  N7  in  DA I  65  =  1.60 (same as   A)
 NON-STANDARD atom.| C5 | in residue>  DA I  65 
 ASSUMED vdw of  C5  in  DA I  65  =  1.80 (same as   A)
 NON-STANDARD atom.| C6 | in residue>  DA I  65 
 ASSUMED vdw of  C6  in  DA I  65  =  1.80 (same as   A)
 NON-STANDARD atom.| N6 | in residue>  DA I  65 
 ASSUMED vdw of  N6  in  DA I  65  =  1.60 (same as   A)
 NON-STANDARD atom.| N1 | in residue>  DA I  65 
 ASSUMED vdw of  N1  in  DA I  65  =  1.60 (same as   A)
 NON-STANDARD atom.| C2 | in residue>  DA I  65 
 ASSUMED vdw of  C2  in  DA I  65  =  1.80 (same as   A)
 NON-STANDARD atom.| N3 | in residue>  DA I  65 
 ASSUMED vdw of  N3  in  DA I  65  =  1.60 (same as   A)
 NON-STANDARD atom.| C4 | in residue>  DA I  65 
 ASSUMED vdw of  C4  in  DA I  65  =  1.80 (same as   A)
 UNKNOWN residue type.............>  DT I  66 
 NON-STANDARD atom.| P  | in residue>  DT I  66 
 ASSUMED vdw of  P   in  DT I  66  =  1.90 (same as   A)
 NON-STANDARD atom.| OP1| in residue>  DT I  66 
 GUESSED vdw of  OP1 in  DT I  66  =  1.40
 NON-STANDARD atom.| OP2| in residue>  DT I  66 
 GUESSED vdw of  OP2 in  DT I  66  =  1.40
 NON-STANDARD atom.| O5'| in residue>  DT I  66 
 GUESSED vdw of  O5' in  DT I  66  =  1.40
 NON-STANDARD atom.| C5'| in residue>  DT I  66 
 GUESSED vdw of  C5' in  DT I  66  =  1.80
 NON-STANDARD atom.| C4'| in residue>  DT I  66 
 GUESSED vdw of  C4' in  DT I  66  =  1.80
 NON-STANDARD atom.| O4'| in residue>  DT I  66 
 GUESSED vdw of  O4' in  DT I  66  =  1.40
 NON-STANDARD atom.| C3'| in residue>  DT I  66 
 GUESSED vdw of  C3' in  DT I  66  =  1.80
 NON-STANDARD atom.| O3'| in residue>  DT I  66 
 GUESSED vdw of  O3' in  DT I  66  =  1.40
 NON-STANDARD atom.| C2'| in residue>  DT I  66 
 GUESSED vdw of  C2' in  DT I  66  =  1.80
 NON-STANDARD atom.| C1'| in residue>  DT I  66 
 GUESSED vdw of  C1' in  DT I  66  =  1.80
 NON-STANDARD atom.| N1 | in residue>  DT I  66 
 ASSUMED vdw of  N1  in  DT I  66  =  1.60 (same as   A)
 NON-STANDARD atom.| C2 | in residue>  DT I  66 
 ASSUMED vdw of  C2  in  DT I  66  =  1.80 (same as   A)
 NON-STANDARD atom.| O2 | in residue>  DT I  66 
 ASSUMED vdw of  O2  in  DT I  66  =  1.40 (same as   C)
 NON-STANDARD atom.| N3 | in residue>  DT I  66 
 ASSUMED vdw of  N3  in  DT I  66  =  1.60 (same as   A)
 NON-STANDARD atom.| C4 | in residue>  DT I  66 
 ASSUMED vdw of  C4  in  DT I  66  =  1.80 (same as   A)
 NON-STANDARD atom.| O4 | in residue>  DT I  66 
 ASSUMED vdw of  O4  in  DT I  66  =  1.40 (same as   T)
 NON-STANDARD atom.| C5 | in residue>  DT I  66 
 ASSUMED vdw of  C5  in  DT I  66  =  1.80 (same as   A)
 NON-STANDARD atom.| C7 | in residue>  DT I  66 
 GUESSED vdw of  C7  in  DT I  66  =  1.80
 NON-STANDARD atom.| C6 | in residue>  DT I  66 
 ASSUMED vdw of  C6  in  DT I  66  =  1.80 (same as   A)
 UNKNOWN residue type.............>  DT I  67 
 NON-STANDARD atom.| P  | in residue>  DT I  67 
 ASSUMED vdw of  P   in  DT I  67  =  1.90 (same as   A)
 NON-STANDARD atom.| OP1| in residue>  DT I  67 
 GUESSED vdw of  OP1 in  DT I  67  =  1.40
 NON-STANDARD atom.| OP2| in residue>  DT I  67 
 GUESSED vdw of  OP2 in  DT I  67  =  1.40
 NON-STANDARD atom.| O5'| in residue>  DT I  67 
 GUESSED vdw of  O5' in  DT I  67  =  1.40
 NON-STANDARD atom.| C5'| in residue>  DT I  67 
 GUESSED vdw of  C5' in  DT I  67  =  1.80
 NON-STANDARD atom.| C4'| in residue>  DT I  67 
 GUESSED vdw of  C4' in  DT I  67  =  1.80
 NON-STANDARD atom.| O4'| in residue>  DT I  67 
 GUESSED vdw of  O4' in  DT I  67  =  1.40
 NON-STANDARD atom.| C3'| in residue>  DT I  67 
 GUESSED vdw of  C3' in  DT I  67  =  1.80
 NON-STANDARD atom.| O3'| in residue>  DT I  67 
 GUESSED vdw of  O3' in  DT I  67  =  1.40
 NON-STANDARD atom.| C2'| in residue>  DT I  67 
 GUESSED vdw of  C2' in  DT I  67  =  1.80
 NON-STANDARD atom.| C1'| in residue>  DT I  67 
 GUESSED vdw of  C1' in  DT I  67  =  1.80
 NON-STANDARD atom.| N1 | in residue>  DT I  67 
 ASSUMED vdw of  N1  in  DT I  67  =  1.60 (same as   A)
 NON-STANDARD atom.| C2 | in residue>  DT I  67 
 ASSUMED vdw of  C2  in  DT I  67  =  1.80 (same as   A)
 NON-STANDARD atom.| O2 | in residue>  DT I  67 
 ASSUMED vdw of  O2  in  DT I  67  =  1.40 (same as   C)
 NON-STANDARD atom.| N3 | in residue>  DT I  67 
 ASSUMED vdw of  N3  in  DT I  67  =  1.60 (same as   A)
 NON-STANDARD atom.| C4 | in residue>  DT I  67 
 ASSUMED vdw of  C4  in  DT I  67  =  1.80 (same as   A)
 NON-STANDARD atom.| O4 | in residue>  DT I  67 
 ASSUMED vdw of  O4  in  DT I  67  =  1.40 (same as   T)
 NON-STANDARD atom.| C5 | in residue>  DT I  67 
 ASSUMED vdw of  C5  in  DT I  67  =  1.80 (same as   A)
 NON-STANDARD atom.| C7 | in residue>  DT I  67 
 GUESSED vdw of  C7  in  DT I  67  =  1.80
 NON-STANDARD atom.| C6 | in residue>  DT I  67 
 ASSUMED vdw of  C6  in  DT I  67  =  1.80 (same as   A)
 UNKNOWN residue type.............>  DC I  68 
 NON-STANDARD atom.| P  | in residue>  DC I  68 
 ASSUMED vdw of  P   in  DC I  68  =  1.90 (same as   A)
 NON-STANDARD atom.| OP1| in residue>  DC I  68 
 GUESSED vdw of  OP1 in  DC I  68  =  1.40
 NON-STANDARD atom.| OP2| in residue>  DC I  68 
 GUESSED vdw of  OP2 in  DC I  68  =  1.40
 NON-STANDARD atom.| O5'| in residue>  DC I  68 
 GUESSED vdw of  O5' in  DC I  68  =  1.40
 NON-STANDARD atom.| C5'| in residue>  DC I  68 
 GUESSED vdw of  C5' in  DC I  68  =  1.80
 NON-STANDARD atom.| C4'| in residue>  DC I  68 
 GUESSED vdw of  C4' in  DC I  68  =  1.80
 NON-STANDARD atom.| O4'| in residue>  DC I  68 
 GUESSED vdw of  O4' in  DC I  68  =  1.40
 NON-STANDARD atom.| C3'| in residue>  DC I  68 
 GUESSED vdw of  C3' in  DC I  68  =  1.80
 NON-STANDARD atom.| O3'| in residue>  DC I  68 
 GUESSED vdw of  O3' in  DC I  68  =  1.40
 NON-STANDARD atom.| C2'| in residue>  DC I  68 
 GUESSED vdw of  C2' in  DC I  68  =  1.80
 NON-STANDARD atom.| C1'| in residue>  DC I  68 
 GUESSED vdw of  C1' in  DC I  68  =  1.80
 NON-STANDARD atom.| N1 | in residue>  DC I  68 
 ASSUMED vdw of  N1  in  DC I  68  =  1.60 (same as   A)
 NON-STANDARD atom.| C2 | in residue>  DC I  68 
 ASSUMED vdw of  C2  in  DC I  68  =  1.80 (same as   A)
 NON-STANDARD atom.| O2 | in residue>  DC I  68 
 ASSUMED vdw of  O2  in  DC I  68  =  1.40 (same as   C)
 NON-STANDARD atom.| N3 | in residue>  DC I  68 
 ASSUMED vdw of  N3  in  DC I  68  =  1.60 (same as   A)
 NON-STANDARD atom.| C4 | in residue>  DC I  68 
 ASSUMED vdw of  C4  in  DC I  68  =  1.80 (same as   A)
 NON-STANDARD atom.| N4 | in residue>  DC I  68 
 ASSUMED vdw of  N4  in  DC I  68  =  1.60 (same as   C)
 NON-STANDARD atom.| C5 | in residue>  DC I  68 
 ASSUMED vdw of  C5  in  DC I  68  =  1.80 (same as   A)
 NON-STANDARD atom.| C6 | in residue>  DC I  68 
 ASSUMED vdw of  C6  in  DC I  68  =  1.80 (same as   A)
 UNKNOWN residue type.............>  DT I  69 
 NON-STANDARD atom.| P  | in residue>  DT I  69 
 ASSUMED vdw of  P   in  DT I  69  =  1.90 (same as   A)
 NON-STANDARD atom.| OP1| in residue>  DT I  69 
 GUESSED vdw of  OP1 in  DT I  69  =  1.40
 NON-STANDARD atom.| OP2| in residue>  DT I  69 
 GUESSED vdw of  OP2 in  DT I  69  =  1.40
 NON-STANDARD atom.| O5'| in residue>  DT I  69 
 GUESSED vdw of  O5' in  DT I  69  =  1.40
 NON-STANDARD atom.| C5'| in residue>  DT I  69 
 GUESSED vdw of  C5' in  DT I  69  =  1.80
 NON-STANDARD atom.| C4'| in residue>  DT I  69 
 GUESSED vdw of  C4' in  DT I  69  =  1.80
 NON-STANDARD atom.| O4'| in residue>  DT I  69 
 GUESSED vdw of  O4' in  DT I  69  =  1.40
 NON-STANDARD atom.| C3'| in residue>  DT I  69 
 GUESSED vdw of  C3' in  DT I  69  =  1.80
 NON-STANDARD atom.| O3'| in residue>  DT I  69 
 GUESSED vdw of  O3' in  DT I  69  =  1.40
 NON-STANDARD atom.| C2'| in residue>  DT I  69 
 GUESSED vdw of  C2' in  DT I  69  =  1.80
 NON-STANDARD atom.| C1'| in residue>  DT I  69 
 GUESSED vdw of  C1' in  DT I  69  =  1.80
 NON-STANDARD atom.| N1 | in residue>  DT I  69 
 ASSUMED vdw of  N1  in  DT I  69  =  1.60 (same as   A)
 NON-STANDARD atom.| C2 | in residue>  DT I  69 
 ASSUMED vdw of  C2  in  DT I  69  =  1.80 (same as   A)
 NON-STANDARD atom.| O2 | in residue>  DT I  69 
 ASSUMED vdw of  O2  in  DT I  69  =  1.40 (same as   C)
 NON-STANDARD atom.| N3 | in residue>  DT I  69 
 ASSUMED vdw of  N3  in  DT I  69  =  1.60 (same as   A)
 NON-STANDARD atom.| C4 | in residue>  DT I  69 
 ASSUMED vdw of  C4  in  DT I  69  =  1.80 (same as   A)
 NON-STANDARD atom.| O4 | in residue>  DT I  69 
 ASSUMED vdw of  O4  in  DT I  69  =  1.40 (same as   T)
 NON-STANDARD atom.| C5 | in residue>  DT I  69 
 ASSUMED vdw of  C5  in  DT I  69  =  1.80 (same as   A)
 NON-STANDARD atom.| C7 | in residue>  DT I  69 
 GUESSED vdw of  C7  in  DT I  69  =  1.80
 NON-STANDARD atom.| C6 | in residue>  DT I  69 
 ASSUMED vdw of  C6  in  DT I  69  =  1.80 (same as   A)
 UNKNOWN residue type.............>  DC I  70 
 NON-STANDARD atom.| P  | in residue>  DC I  70 
 ASSUMED vdw of  P   in  DC I  70  =  1.90 (same as   A)
 NON-STANDARD atom.| OP1| in residue>  DC I  70 
 GUESSED vdw of  OP1 in  DC I  70  =  1.40
 NON-STANDARD atom.| OP2| in residue>  DC I  70 
 GUESSED vdw of  OP2 in  DC I  70  =  1.40
 NON-STANDARD atom.| O5'| in residue>  DC I  70 
 GUESSED vdw of  O5' in  DC I  70  =  1.40
 NON-STANDARD atom.| C5'| in residue>  DC I  70 
 GUESSED vdw of  C5' in  DC I  70  =  1.80
 NON-STANDARD atom.| C4'| in residue>  DC I  70 
 GUESSED vdw of  C4' in  DC I  70  =  1.80
 NON-STANDARD atom.| O4'| in residue>  DC I  70 
 GUESSED vdw of  O4' in  DC I  70  =  1.40
 NON-STANDARD atom.| C3'| in residue>  DC I  70 
 GUESSED vdw of  C3' in  DC I  70  =  1.80
 NON-STANDARD atom.| O3'| in residue>  DC I  70 
 GUESSED vdw of  O3' in  DC I  70  =  1.40
 NON-STANDARD atom.| C2'| in residue>  DC I  70 
 GUESSED vdw of  C2' in  DC I  70  =  1.80
 NON-STANDARD atom.| C1'| in residue>  DC I  70 
 GUESSED vdw of  C1' in  DC I  70  =  1.80
 NON-STANDARD atom.| N1 | in residue>  DC I  70 
 ASSUMED vdw of  N1  in  DC I  70  =  1.60 (same as   A)
 NON-STANDARD atom.| C2 | in residue>  DC I  70 
 ASSUMED vdw of  C2  in  DC I  70  =  1.80 (same as   A)
 NON-STANDARD atom.| O2 | in residue>  DC I  70 
 ASSUMED vdw of  O2  in  DC I  70  =  1.40 (same as   C)
 NON-STANDARD atom.| N3 | in residue>  DC I  70 
 ASSUMED vdw of  N3  in  DC I  70  =  1.60 (same as   A)
 NON-STANDARD atom.| C4 | in residue>  DC I  70 
 ASSUMED vdw of  C4  in  DC I  70  =  1.80 (same as   A)
 NON-STANDARD atom.| N4 | in residue>  DC I  70 
 ASSUMED vdw of  N4  in  DC I  70  =  1.60 (same as   C)
 NON-STANDARD atom.| C5 | in residue>  DC I  70 
 ASSUMED vdw of  C5  in  DC I  70  =  1.80 (same as   A)
 NON-STANDARD atom.| C6 | in residue>  DC I  70 
 ASSUMED vdw of  C6  in  DC I  70  =  1.80 (same as   A)
 UNKNOWN residue type.............>  DG I  71 
 NON-STANDARD atom.| P  | in residue>  DG I  71 
 ASSUMED vdw of  P   in  DG I  71  =  1.90 (same as   A)
 NON-STANDARD atom.| OP1| in residue>  DG I  71 
 GUESSED vdw of  OP1 in  DG I  71  =  1.40
 NON-STANDARD atom.| OP2| in residue>  DG I  71 
 GUESSED vdw of  OP2 in  DG I  71  =  1.40
 NON-STANDARD atom.| O5'| in residue>  DG I  71 
 GUESSED vdw of  O5' in  DG I  71  =  1.40
 NON-STANDARD atom.| C5'| in residue>  DG I  71 
 GUESSED vdw of  C5' in  DG I  71  =  1.80
 NON-STANDARD atom.| C4'| in residue>  DG I  71 
 GUESSED vdw of  C4' in  DG I  71  =  1.80
 NON-STANDARD atom.| O4'| in residue>  DG I  71 
 GUESSED vdw of  O4' in  DG I  71  =  1.40
 NON-STANDARD atom.| C3'| in residue>  DG I  71 
 GUESSED vdw of  C3' in  DG I  71  =  1.80
 NON-STANDARD atom.| O3'| in residue>  DG I  71 
 GUESSED vdw of  O3' in  DG I  71  =  1.40
 NON-STANDARD atom.| C2'| in residue>  DG I  71 
 GUESSED vdw of  C2' in  DG I  71  =  1.80
 NON-STANDARD atom.| C1'| in residue>  DG I  71 
 GUESSED vdw of  C1' in  DG I  71  =  1.80
 NON-STANDARD atom.| N9 | in residue>  DG I  71 
 ASSUMED vdw of  N9  in  DG I  71  =  1.60 (same as   A)
 NON-STANDARD atom.| C8 | in residue>  DG I  71 
 ASSUMED vdw of  C8  in  DG I  71  =  1.80 (same as   A)
 NON-STANDARD atom.| N7 | in residue>  DG I  71 
 ASSUMED vdw of  N7  in  DG I  71  =  1.60 (same as   A)
 NON-STANDARD atom.| C5 | in residue>  DG I  71 
 ASSUMED vdw of  C5  in  DG I  71  =  1.80 (same as   A)
 NON-STANDARD atom.| C6 | in residue>  DG I  71 
 ASSUMED vdw of  C6  in  DG I  71  =  1.80 (same as   A)
 NON-STANDARD atom.| O6 | in residue>  DG I  71 
 ASSUMED vdw of  O6  in  DG I  71  =  1.40 (same as   G)
 NON-STANDARD atom.| N1 | in residue>  DG I  71 
 ASSUMED vdw of  N1  in  DG I  71  =  1.60 (same as   A)
 NON-STANDARD atom.| C2 | in residue>  DG I  71 
 ASSUMED vdw of  C2  in  DG I  71  =  1.80 (same as   A)
 NON-STANDARD atom.| N2 | in residue>  DG I  71 
 ASSUMED vdw of  N2  in  DG I  71  =  1.60 (same as   G)
 NON-STANDARD atom.| N3 | in residue>  DG I  71 
 ASSUMED vdw of  N3  in  DG I  71  =  1.60 (same as   A)
 NON-STANDARD atom.| C4 | in residue>  DG I  71 
 ASSUMED vdw of  C4  in  DG I  71  =  1.80 (same as   A)
 UNKNOWN residue type.............>  DA I  72 
 NON-STANDARD atom.| P  | in residue>  DA I  72 
 ASSUMED vdw of  P   in  DA I  72  =  1.90 (same as   A)
 NON-STANDARD atom.| OP1| in residue>  DA I  72 
 GUESSED vdw of  OP1 in  DA I  72  =  1.40
 NON-STANDARD atom.| OP2| in residue>  DA I  72 
 GUESSED vdw of  OP2 in  DA I  72  =  1.40
 NON-STANDARD atom.| O5'| in residue>  DA I  72 
 GUESSED vdw of  O5' in  DA I  72  =  1.40
 NON-STANDARD atom.| C5'| in residue>  DA I  72 
 GUESSED vdw of  C5' in  DA I  72  =  1.80
 NON-STANDARD atom.| C4'| in residue>  DA I  72 
 GUESSED vdw of  C4' in  DA I  72  =  1.80
 NON-STANDARD atom.| O4'| in residue>  DA I  72 
 GUESSED vdw of  O4' in  DA I  72  =  1.40
 NON-STANDARD atom.| C3'| in residue>  DA I  72 
 GUESSED vdw of  C3' in  DA I  72  =  1.80
 NON-STANDARD atom.| O3'| in residue>  DA I  72 
 GUESSED vdw of  O3' in  DA I  72  =  1.40
 NON-STANDARD atom.| C2'| in residue>  DA I  72 
 GUESSED vdw of  C2' in  DA I  72  =  1.80
 NON-STANDARD atom.| C1'| in residue>  DA I  72 
 GUESSED vdw of  C1' in  DA I  72  =  1.80
 NON-STANDARD atom.| N9 | in residue>  DA I  72 
 ASSUMED vdw of  N9  in  DA I  72  =  1.60 (same as   A)
 NON-STANDARD atom.| C8 | in residue>  DA I  72 
 ASSUMED vdw of  C8  in  DA I  72  =  1.80 (same as   A)
 NON-STANDARD atom.| N7 | in residue>  DA I  72 
 ASSUMED vdw of  N7  in  DA I  72  =  1.60 (same as   A)
 NON-STANDARD atom.| C5 | in residue>  DA I  72 
 ASSUMED vdw of  C5  in  DA I  72  =  1.80 (same as   A)
 NON-STANDARD atom.| C6 | in residue>  DA I  72 
 ASSUMED vdw of  C6  in  DA I  72  =  1.80 (same as   A)
 NON-STANDARD atom.| N6 | in residue>  DA I  72 
 ASSUMED vdw of  N6  in  DA I  72  =  1.60 (same as   A)
 NON-STANDARD atom.| N1 | in residue>  DA I  72 
 ASSUMED vdw of  N1  in  DA I  72  =  1.60 (same as   A)
 NON-STANDARD atom.| C2 | in residue>  DA I  72 
 ASSUMED vdw of  C2  in  DA I  72  =  1.80 (same as   A)
 NON-STANDARD atom.| N3 | in residue>  DA I  72 
 ASSUMED vdw of  N3  in  DA I  72  =  1.60 (same as   A)
 NON-STANDARD atom.| C4 | in residue>  DA I  72 
 ASSUMED vdw of  C4  in  DA I  72  =  1.80 (same as   A)
 UNKNOWN residue type.............>  DT J -72 
 NON-STANDARD atom.| P  | in residue>  DT J -72 
 ASSUMED vdw of  P   in  DT J -72  =  1.90 (same as   A)
 NON-STANDARD atom.| OP1| in residue>  DT J -72 
 GUESSED vdw of  OP1 in  DT J -72  =  1.40
 NON-STANDARD atom.| OP2| in residue>  DT J -72 
 GUESSED vdw of  OP2 in  DT J -72  =  1.40
 NON-STANDARD atom.| O5'| in residue>  DT J -72 
 GUESSED vdw of  O5' in  DT J -72  =  1.40
 NON-STANDARD atom.| C5'| in residue>  DT J -72 
 GUESSED vdw of  C5' in  DT J -72  =  1.80
 NON-STANDARD atom.| C4'| in residue>  DT J -72 
 GUESSED vdw of  C4' in  DT J -72  =  1.80
 NON-STANDARD atom.| O4'| in residue>  DT J -72 
 GUESSED vdw of  O4' in  DT J -72  =  1.40
 NON-STANDARD atom.| C3'| in residue>  DT J -72 
 GUESSED vdw of  C3' in  DT J -72  =  1.80
 NON-STANDARD atom.| O3'| in residue>  DT J -72 
 GUESSED vdw of  O3' in  DT J -72  =  1.40
 NON-STANDARD atom.| C2'| in residue>  DT J -72 
 GUESSED vdw of  C2' in  DT J -72  =  1.80
 NON-STANDARD atom.| C1'| in residue>  DT J -72 
 GUESSED vdw of  C1' in  DT J -72  =  1.80
 NON-STANDARD atom.| N1 | in residue>  DT J -72 
 ASSUMED vdw of  N1  in  DT J -72  =  1.60 (same as   A)
 NON-STANDARD atom.| C2 | in residue>  DT J -72 
 ASSUMED vdw of  C2  in  DT J -72  =  1.80 (same as   A)
 NON-STANDARD atom.| O2 | in residue>  DT J -72 
 ASSUMED vdw of  O2  in  DT J -72  =  1.40 (same as   C)
 NON-STANDARD atom.| N3 | in residue>  DT J -72 
 ASSUMED vdw of  N3  in  DT J -72  =  1.60 (same as   A)
 NON-STANDARD atom.| C4 | in residue>  DT J -72 
 ASSUMED vdw of  C4  in  DT J -72  =  1.80 (same as   A)
 NON-STANDARD atom.| O4 | in residue>  DT J -72 
 ASSUMED vdw of  O4  in  DT J -72  =  1.40 (same as   T)
 NON-STANDARD atom.| C5 | in residue>  DT J -72 
 ASSUMED vdw of  C5  in  DT J -72  =  1.80 (same as   A)
 NON-STANDARD atom.| C7 | in residue>  DT J -72 
 GUESSED vdw of  C7  in  DT J -72  =  1.80
 NON-STANDARD atom.| C6 | in residue>  DT J -72 
 ASSUMED vdw of  C6  in  DT J -72  =  1.80 (same as   A)
 UNKNOWN residue type.............>  DC J -71 
 NON-STANDARD atom.| P  | in residue>  DC J -71 
 ASSUMED vdw of  P   in  DC J -71  =  1.90 (same as   A)
 NON-STANDARD atom.| OP1| in residue>  DC J -71 
 GUESSED vdw of  OP1 in  DC J -71  =  1.40
 NON-STANDARD atom.| OP2| in residue>  DC J -71 
 GUESSED vdw of  OP2 in  DC J -71  =  1.40
 NON-STANDARD atom.| O5'| in residue>  DC J -71 
 GUESSED vdw of  O5' in  DC J -71  =  1.40
 NON-STANDARD atom.| C5'| in residue>  DC J -71 
 GUESSED vdw of  C5' in  DC J -71  =  1.80
 NON-STANDARD atom.| C4'| in residue>  DC J -71 
 GUESSED vdw of  C4' in  DC J -71  =  1.80
 NON-STANDARD atom.| O4'| in residue>  DC J -71 
 GUESSED vdw of  O4' in  DC J -71  =  1.40
 NON-STANDARD atom.| C3'| in residue>  DC J -71 
 GUESSED vdw of  C3' in  DC J -71  =  1.80
 NON-STANDARD atom.| O3'| in residue>  DC J -71 
 GUESSED vdw of  O3' in  DC J -71  =  1.40
 NON-STANDARD atom.| C2'| in residue>  DC J -71 
 GUESSED vdw of  C2' in  DC J -71  =  1.80
 NON-STANDARD atom.| C1'| in residue>  DC J -71 
 GUESSED vdw of  C1' in  DC J -71  =  1.80
 NON-STANDARD atom.| N1 | in residue>  DC J -71 
 ASSUMED vdw of  N1  in  DC J -71  =  1.60 (same as   A)
 NON-STANDARD atom.| C2 | in residue>  DC J -71 
 ASSUMED vdw of  C2  in  DC J -71  =  1.80 (same as   A)
 NON-STANDARD atom.| O2 | in residue>  DC J -71 
 ASSUMED vdw of  O2  in  DC J -71  =  1.40 (same as   C)
 NON-STANDARD atom.| N3 | in residue>  DC J -71 
 ASSUMED vdw of  N3  in  DC J -71  =  1.60 (same as   A)
 NON-STANDARD atom.| C4 | in residue>  DC J -71 
 ASSUMED vdw of  C4  in  DC J -71  =  1.80 (same as   A)
 NON-STANDARD atom.| N4 | in residue>  DC J -71 
 ASSUMED vdw of  N4  in  DC J -71  =  1.60 (same as   C)
 NON-STANDARD atom.| C5 | in residue>  DC J -71 
 ASSUMED vdw of  C5  in  DC J -71  =  1.80 (same as   A)
 NON-STANDARD atom.| C6 | in residue>  DC J -71 
 ASSUMED vdw of  C6  in  DC J -71  =  1.80 (same as   A)
 UNKNOWN residue type.............>  DG J -70 
 NON-STANDARD atom.| P  | in residue>  DG J -70 
 ASSUMED vdw of  P   in  DG J -70  =  1.90 (same as   A)
 NON-STANDARD atom.| OP1| in residue>  DG J -70 
 GUESSED vdw of  OP1 in  DG J -70  =  1.40
 NON-STANDARD atom.| OP2| in residue>  DG J -70 
 GUESSED vdw of  OP2 in  DG J -70  =  1.40
 NON-STANDARD atom.| O5'| in residue>  DG J -70 
 GUESSED vdw of  O5' in  DG J -70  =  1.40
 NON-STANDARD atom.| C5'| in residue>  DG J -70 
 GUESSED vdw of  C5' in  DG J -70  =  1.80
 NON-STANDARD atom.| C4'| in residue>  DG J -70 
 GUESSED vdw of  C4' in  DG J -70  =  1.80
 NON-STANDARD atom.| O4'| in residue>  DG J -70 
 GUESSED vdw of  O4' in  DG J -70  =  1.40
 NON-STANDARD atom.| C3'| in residue>  DG J -70 
 GUESSED vdw of  C3' in  DG J -70  =  1.80
 NON-STANDARD atom.| O3'| in residue>  DG J -70 
 GUESSED vdw of  O3' in  DG J -70  =  1.40
 NON-STANDARD atom.| C2'| in residue>  DG J -70 
 GUESSED vdw of  C2' in  DG J -70  =  1.80
 NON-STANDARD atom.| C1'| in residue>  DG J -70 
 GUESSED vdw of  C1' in  DG J -70  =  1.80
 NON-STANDARD atom.| N9 | in residue>  DG J -70 
 ASSUMED vdw of  N9  in  DG J -70  =  1.60 (same as   A)
 NON-STANDARD atom.| C8 | in residue>  DG J -70 
 ASSUMED vdw of  C8  in  DG J -70  =  1.80 (same as   A)
 NON-STANDARD atom.| N7 | in residue>  DG J -70 
 ASSUMED vdw of  N7  in  DG J -70  =  1.60 (same as   A)
 NON-STANDARD atom.| C5 | in residue>  DG J -70 
 ASSUMED vdw of  C5  in  DG J -70  =  1.80 (same as   A)
 NON-STANDARD atom.| C6 | in residue>  DG J -70 
 ASSUMED vdw of  C6  in  DG J -70  =  1.80 (same as   A)
 NON-STANDARD atom.| O6 | in residue>  DG J -70 
 ASSUMED vdw of  O6  in  DG J -70  =  1.40 (same as   G)
 NON-STANDARD atom.| N1 | in residue>  DG J -70 
 ASSUMED vdw of  N1  in  DG J -70  =  1.60 (same as   A)
 NON-STANDARD atom.| C2 | in residue>  DG J -70 
 ASSUMED vdw of  C2  in  DG J -70  =  1.80 (same as   A)
 NON-STANDARD atom.| N2 | in residue>  DG J -70 
 ASSUMED vdw of  N2  in  DG J -70  =  1.60 (same as   G)
 NON-STANDARD atom.| N3 | in residue>  DG J -70 
 ASSUMED vdw of  N3  in  DG J -70  =  1.60 (same as   A)
 NON-STANDARD atom.| C4 | in residue>  DG J -70 
 ASSUMED vdw of  C4  in  DG J -70  =  1.80 (same as   A)
 UNKNOWN residue type.............>  DA J -69 
 NON-STANDARD atom.| P  | in residue>  DA J -69 
 ASSUMED vdw of  P   in  DA J -69  =  1.90 (same as   A)
 NON-STANDARD atom.| OP1| in residue>  DA J -69 
 GUESSED vdw of  OP1 in  DA J -69  =  1.40
 NON-STANDARD atom.| OP2| in residue>  DA J -69 
 GUESSED vdw of  OP2 in  DA J -69  =  1.40
 NON-STANDARD atom.| O5'| in residue>  DA J -69 
 GUESSED vdw of  O5' in  DA J -69  =  1.40
 NON-STANDARD atom.| C5'| in residue>  DA J -69 
 GUESSED vdw of  C5' in  DA J -69  =  1.80
 NON-STANDARD atom.| C4'| in residue>  DA J -69 
 GUESSED vdw of  C4' in  DA J -69  =  1.80
 NON-STANDARD atom.| O4'| in residue>  DA J -69 
 GUESSED vdw of  O4' in  DA J -69  =  1.40
 NON-STANDARD atom.| C3'| in residue>  DA J -69 
 GUESSED vdw of  C3' in  DA J -69  =  1.80
 NON-STANDARD atom.| O3'| in residue>  DA J -69 
 GUESSED vdw of  O3' in  DA J -69  =  1.40
 NON-STANDARD atom.| C2'| in residue>  DA J -69 
 GUESSED vdw of  C2' in  DA J -69  =  1.80
 NON-STANDARD atom.| C1'| in residue>  DA J -69 
 GUESSED vdw of  C1' in  DA J -69  =  1.80
 NON-STANDARD atom.| N9 | in residue>  DA J -69 
 ASSUMED vdw of  N9  in  DA J -69  =  1.60 (same as   A)
 NON-STANDARD atom.| C8 | in residue>  DA J -69 
 ASSUMED vdw of  C8  in  DA J -69  =  1.80 (same as   A)
 NON-STANDARD atom.| N7 | in residue>  DA J -69 
 ASSUMED vdw of  N7  in  DA J -69  =  1.60 (same as   A)
 NON-STANDARD atom.| C5 | in residue>  DA J -69 
 ASSUMED vdw of  C5  in  DA J -69  =  1.80 (same as   A)
 NON-STANDARD atom.| C6 | in residue>  DA J -69 
 ASSUMED vdw of  C6  in  DA J -69  =  1.80 (same as   A)
 NON-STANDARD atom.| N6 | in residue>  DA J -69 
 ASSUMED vdw of  N6  in  DA J -69  =  1.60 (same as   A)
 NON-STANDARD atom.| N1 | in residue>  DA J -69 
 ASSUMED vdw of  N1  in  DA J -69  =  1.60 (same as   A)
 NON-STANDARD atom.| C2 | in residue>  DA J -69 
 ASSUMED vdw of  C2  in  DA J -69  =  1.80 (same as   A)
 NON-STANDARD atom.| N3 | in residue>  DA J -69 
 ASSUMED vdw of  N3  in  DA J -69  =  1.60 (same as   A)
 NON-STANDARD atom.| C4 | in residue>  DA J -69 
 ASSUMED vdw of  C4  in  DA J -69  =  1.80 (same as   A)
 UNKNOWN residue type.............>  DG J -68 
 NON-STANDARD atom.| P  | in residue>  DG J -68 
 ASSUMED vdw of  P   in  DG J -68  =  1.90 (same as   A)
 NON-STANDARD atom.| OP1| in residue>  DG J -68 
 GUESSED vdw of  OP1 in  DG J -68  =  1.40
 NON-STANDARD atom.| OP2| in residue>  DG J -68 
 GUESSED vdw of  OP2 in  DG J -68  =  1.40
 NON-STANDARD atom.| O5'| in residue>  DG J -68 
 GUESSED vdw of  O5' in  DG J -68  =  1.40
 NON-STANDARD atom.| C5'| in residue>  DG J -68 
 GUESSED vdw of  C5' in  DG J -68  =  1.80
 NON-STANDARD atom.| C4'| in residue>  DG J -68 
 GUESSED vdw of  C4' in  DG J -68  =  1.80
 NON-STANDARD atom.| O4'| in residue>  DG J -68 
 GUESSED vdw of  O4' in  DG J -68  =  1.40
 NON-STANDARD atom.| C3'| in residue>  DG J -68 
 GUESSED vdw of  C3' in  DG J -68  =  1.80
 NON-STANDARD atom.| O3'| in residue>  DG J -68 
 GUESSED vdw of  O3' in  DG J -68  =  1.40
 NON-STANDARD atom.| C2'| in residue>  DG J -68 
 GUESSED vdw of  C2' in  DG J -68  =  1.80
 NON-STANDARD atom.| C1'| in residue>  DG J -68 
 GUESSED vdw of  C1' in  DG J -68  =  1.80
 NON-STANDARD atom.| N9 | in residue>  DG J -68 
 ASSUMED vdw of  N9  in  DG J -68  =  1.60 (same as   A)
 NON-STANDARD atom.| C8 | in residue>  DG J -68 
 ASSUMED vdw of  C8  in  DG J -68  =  1.80 (same as   A)
 NON-STANDARD atom.| N7 | in residue>  DG J -68 
 ASSUMED vdw of  N7  in  DG J -68  =  1.60 (same as   A)
 NON-STANDARD atom.| C5 | in residue>  DG J -68 
 ASSUMED vdw of  C5  in  DG J -68  =  1.80 (same as   A)
 NON-STANDARD atom.| C6 | in residue>  DG J -68 
 ASSUMED vdw of  C6  in  DG J -68  =  1.80 (same as   A)
 NON-STANDARD atom.| O6 | in residue>  DG J -68 
 ASSUMED vdw of  O6  in  DG J -68  =  1.40 (same as   G)
 NON-STANDARD atom.| N1 | in residue>  DG J -68 
 ASSUMED vdw of  N1  in  DG J -68  =  1.60 (same as   A)
 NON-STANDARD atom.| C2 | in residue>  DG J -68 
 ASSUMED vdw of  C2  in  DG J -68  =  1.80 (same as   A)
 NON-STANDARD atom.| N2 | in residue>  DG J -68 
 ASSUMED vdw of  N2  in  DG J -68  =  1.60 (same as   G)
 NON-STANDARD atom.| N3 | in residue>  DG J -68 
 ASSUMED vdw of  N3  in  DG J -68  =  1.60 (same as   A)
 NON-STANDARD atom.| C4 | in residue>  DG J -68 
 ASSUMED vdw of  C4  in  DG J -68  =  1.80 (same as   A)
 UNKNOWN residue type.............>  DA J -67 
 NON-STANDARD atom.| P  | in residue>  DA J -67 
 ASSUMED vdw of  P   in  DA J -67  =  1.90 (same as   A)
 NON-STANDARD atom.| OP1| in residue>  DA J -67 
 GUESSED vdw of  OP1 in  DA J -67  =  1.40
 NON-STANDARD atom.| OP2| in residue>  DA J -67 
 GUESSED vdw of  OP2 in  DA J -67  =  1.40
 NON-STANDARD atom.| O5'| in residue>  DA J -67 
 GUESSED vdw of  O5' in  DA J -67  =  1.40
 NON-STANDARD atom.| C5'| in residue>  DA J -67 
 GUESSED vdw of  C5' in  DA J -67  =  1.80
 NON-STANDARD atom.| C4'| in residue>  DA J -67 
 GUESSED vdw of  C4' in  DA J -67  =  1.80
 NON-STANDARD atom.| O4'| in residue>  DA J -67 
 GUESSED vdw of  O4' in  DA J -67  =  1.40
 NON-STANDARD atom.| C3'| in residue>  DA J -67 
 GUESSED vdw of  C3' in  DA J -67  =  1.80
 NON-STANDARD atom.| O3'| in residue>  DA J -67 
 GUESSED vdw of  O3' in  DA J -67  =  1.40
 NON-STANDARD atom.| C2'| in residue>  DA J -67 
 GUESSED vdw of  C2' in  DA J -67  =  1.80
 NON-STANDARD atom.| C1'| in residue>  DA J -67 
 GUESSED vdw of  C1' in  DA J -67  =  1.80
 NON-STANDARD atom.| N9 | in residue>  DA J -67 
 ASSUMED vdw of  N9  in  DA J -67  =  1.60 (same as   A)
 NON-STANDARD atom.| C8 | in residue>  DA J -67 
 ASSUMED vdw of  C8  in  DA J -67  =  1.80 (same as   A)
 NON-STANDARD atom.| N7 | in residue>  DA J -67 
 ASSUMED vdw of  N7  in  DA J -67  =  1.60 (same as   A)
 NON-STANDARD atom.| C5 | in residue>  DA J -67 
 ASSUMED vdw of  C5  in  DA J -67  =  1.80 (same as   A)
 NON-STANDARD atom.| C6 | in residue>  DA J -67 
 ASSUMED vdw of  C6  in  DA J -67  =  1.80 (same as   A)
 NON-STANDARD atom.| N6 | in residue>  DA J -67 
 ASSUMED vdw of  N6  in  DA J -67  =  1.60 (same as   A)
 NON-STANDARD atom.| N1 | in residue>  DA J -67 
 ASSUMED vdw of  N1  in  DA J -67  =  1.60 (same as   A)
 NON-STANDARD atom.| C2 | in residue>  DA J -67 
 ASSUMED vdw of  C2  in  DA J -67  =  1.80 (same as   A)
 NON-STANDARD atom.| N3 | in residue>  DA J -67 
 ASSUMED vdw of  N3  in  DA J -67  =  1.60 (same as   A)
 NON-STANDARD atom.| C4 | in residue>  DA J -67 
 ASSUMED vdw of  C4  in  DA J -67  =  1.80 (same as   A)
 UNKNOWN residue type.............>  DA J -66 
 NON-STANDARD atom.| P  | in residue>  DA J -66 
 ASSUMED vdw of  P   in  DA J -66  =  1.90 (same as   A)
 NON-STANDARD atom.| OP1| in residue>  DA J -66 
 GUESSED vdw of  OP1 in  DA J -66  =  1.40
 NON-STANDARD atom.| OP2| in residue>  DA J -66 
 GUESSED vdw of  OP2 in  DA J -66  =  1.40
 NON-STANDARD atom.| O5'| in residue>  DA J -66 
 GUESSED vdw of  O5' in  DA J -66  =  1.40
 NON-STANDARD atom.| C5'| in residue>  DA J -66 
 GUESSED vdw of  C5' in  DA J -66  =  1.80
 NON-STANDARD atom.| C4'| in residue>  DA J -66 
 GUESSED vdw of  C4' in  DA J -66  =  1.80
 NON-STANDARD atom.| O4'| in residue>  DA J -66 
 GUESSED vdw of  O4' in  DA J -66  =  1.40
 NON-STANDARD atom.| C3'| in residue>  DA J -66 
 GUESSED vdw of  C3' in  DA J -66  =  1.80
 NON-STANDARD atom.| O3'| in residue>  DA J -66 
 GUESSED vdw of  O3' in  DA J -66  =  1.40
 NON-STANDARD atom.| C2'| in residue>  DA J -66 
 GUESSED vdw of  C2' in  DA J -66  =  1.80
 NON-STANDARD atom.| C1'| in residue>  DA J -66 
 GUESSED vdw of  C1' in  DA J -66  =  1.80
 NON-STANDARD atom.| N9 | in residue>  DA J -66 
 ASSUMED vdw of  N9  in  DA J -66  =  1.60 (same as   A)
 NON-STANDARD atom.| C8 | in residue>  DA J -66 
 ASSUMED vdw of  C8  in  DA J -66  =  1.80 (same as   A)
 NON-STANDARD atom.| N7 | in residue>  DA J -66 
 ASSUMED vdw of  N7  in  DA J -66  =  1.60 (same as   A)
 NON-STANDARD atom.| C5 | in residue>  DA J -66 
 ASSUMED vdw of  C5  in  DA J -66  =  1.80 (same as   A)
 NON-STANDARD atom.| C6 | in residue>  DA J -66 
 ASSUMED vdw of  C6  in  DA J -66  =  1.80 (same as   A)
 NON-STANDARD atom.| N6 | in residue>  DA J -66 
 ASSUMED vdw of  N6  in  DA J -66  =  1.60 (same as   A)
 NON-STANDARD atom.| N1 | in residue>  DA J -66 
 ASSUMED vdw of  N1  in  DA J -66  =  1.60 (same as   A)
 NON-STANDARD atom.| C2 | in residue>  DA J -66 
 ASSUMED vdw of  C2  in  DA J -66  =  1.80 (same as   A)
 NON-STANDARD atom.| N3 | in residue>  DA J -66 
 ASSUMED vdw of  N3  in  DA J -66  =  1.60 (same as   A)
 NON-STANDARD atom.| C4 | in residue>  DA J -66 
 ASSUMED vdw of  C4  in  DA J -66  =  1.80 (same as   A)
 UNKNOWN residue type.............>  DT J -65 
 NON-STANDARD atom.| P  | in residue>  DT J -65 
 ASSUMED vdw of  P   in  DT J -65  =  1.90 (same as   A)
 NON-STANDARD atom.| OP1| in residue>  DT J -65 
 GUESSED vdw of  OP1 in  DT J -65  =  1.40
 NON-STANDARD atom.| OP2| in residue>  DT J -65 
 GUESSED vdw of  OP2 in  DT J -65  =  1.40
 NON-STANDARD atom.| O5'| in residue>  DT J -65 
 GUESSED vdw of  O5' in  DT J -65  =  1.40
 NON-STANDARD atom.| C5'| in residue>  DT J -65 
 GUESSED vdw of  C5' in  DT J -65  =  1.80
 NON-STANDARD atom.| C4'| in residue>  DT J -65 
 GUESSED vdw of  C4' in  DT J -65  =  1.80
 NON-STANDARD atom.| O4'| in residue>  DT J -65 
 GUESSED vdw of  O4' in  DT J -65  =  1.40
 NON-STANDARD atom.| C3'| in residue>  DT J -65 
 GUESSED vdw of  C3' in  DT J -65  =  1.80
 NON-STANDARD atom.| O3'| in residue>  DT J -65 
 GUESSED vdw of  O3' in  DT J -65  =  1.40
 NON-STANDARD atom.| C2'| in residue>  DT J -65 
 GUESSED vdw of  C2' in  DT J -65  =  1.80
 NON-STANDARD atom.| C1'| in residue>  DT J -65 
 GUESSED vdw of  C1' in  DT J -65  =  1.80
 NON-STANDARD atom.| N1 | in residue>  DT J -65 
 ASSUMED vdw of  N1  in  DT J -65  =  1.60 (same as   A)
 NON-STANDARD atom.| C2 | in residue>  DT J -65 
 ASSUMED vdw of  C2  in  DT J -65  =  1.80 (same as   A)
 NON-STANDARD atom.| O2 | in residue>  DT J -65 
 ASSUMED vdw of  O2  in  DT J -65  =  1.40 (same as   C)
 NON-STANDARD atom.| N3 | in residue>  DT J -65 
 ASSUMED vdw of  N3  in  DT J -65  =  1.60 (same as   A)
 NON-STANDARD atom.| C4 | in residue>  DT J -65 
 ASSUMED vdw of  C4  in  DT J -65  =  1.80 (same as   A)
 NON-STANDARD atom.| O4 | in residue>  DT J -65 
 ASSUMED vdw of  O4  in  DT J -65  =  1.40 (same as   T)
 NON-STANDARD atom.| C5 | in residue>  DT J -65 
 ASSUMED vdw of  C5  in  DT J -65  =  1.80 (same as   A)
 NON-STANDARD atom.| C7 | in residue>  DT J -65 
 GUESSED vdw of  C7  in  DT J -65  =  1.80
 NON-STANDARD atom.| C6 | in residue>  DT J -65 
 ASSUMED vdw of  C6  in  DT J -65  =  1.80 (same as   A)
 UNKNOWN residue type.............>  DC J -64 
 NON-STANDARD atom.| P  | in residue>  DC J -64 
 ASSUMED vdw of  P   in  DC J -64  =  1.90 (same as   A)
 NON-STANDARD atom.| OP1| in residue>  DC J -64 
 GUESSED vdw of  OP1 in  DC J -64  =  1.40
 NON-STANDARD atom.| OP2| in residue>  DC J -64 
 GUESSED vdw of  OP2 in  DC J -64  =  1.40
 NON-STANDARD atom.| O5'| in residue>  DC J -64 
 GUESSED vdw of  O5' in  DC J -64  =  1.40
 NON-STANDARD atom.| C5'| in residue>  DC J -64 
 GUESSED vdw of  C5' in  DC J -64  =  1.80
 NON-STANDARD atom.| C4'| in residue>  DC J -64 
 GUESSED vdw of  C4' in  DC J -64  =  1.80
 NON-STANDARD atom.| O4'| in residue>  DC J -64 
 GUESSED vdw of  O4' in  DC J -64  =  1.40
 NON-STANDARD atom.| C3'| in residue>  DC J -64 
 GUESSED vdw of  C3' in  DC J -64  =  1.80
 NON-STANDARD atom.| O3'| in residue>  DC J -64 
 GUESSED vdw of  O3' in  DC J -64  =  1.40
 NON-STANDARD atom.| C2'| in residue>  DC J -64 
 GUESSED vdw of  C2' in  DC J -64  =  1.80
 NON-STANDARD atom.| C1'| in residue>  DC J -64 
 GUESSED vdw of  C1' in  DC J -64  =  1.80
 NON-STANDARD atom.| N1 | in residue>  DC J -64 
 ASSUMED vdw of  N1  in  DC J -64  =  1.60 (same as   A)
 NON-STANDARD atom.| C2 | in residue>  DC J -64 
 ASSUMED vdw of  C2  in  DC J -64  =  1.80 (same as   A)
 NON-STANDARD atom.| O2 | in residue>  DC J -64 
 ASSUMED vdw of  O2  in  DC J -64  =  1.40 (same as   C)
 NON-STANDARD atom.| N3 | in residue>  DC J -64 
 ASSUMED vdw of  N3  in  DC J -64  =  1.60 (same as   A)
 NON-STANDARD atom.| C4 | in residue>  DC J -64 
 ASSUMED vdw of  C4  in  DC J -64  =  1.80 (same as   A)
 NON-STANDARD atom.| N4 | in residue>  DC J -64 
 ASSUMED vdw of  N4  in  DC J -64  =  1.60 (same as   C)
 NON-STANDARD atom.| C5 | in residue>  DC J -64 
 ASSUMED vdw of  C5  in  DC J -64  =  1.80 (same as   A)
 NON-STANDARD atom.| C6 | in residue>  DC J -64 
 ASSUMED vdw of  C6  in  DC J -64  =  1.80 (same as   A)
 UNKNOWN residue type.............>  DC J -63 
 NON-STANDARD atom.| P  | in residue>  DC J -63 
 ASSUMED vdw of  P   in  DC J -63  =  1.90 (same as   A)
 NON-STANDARD atom.| OP1| in residue>  DC J -63 
 GUESSED vdw of  OP1 in  DC J -63  =  1.40
 NON-STANDARD atom.| OP2| in residue>  DC J -63 
 GUESSED vdw of  OP2 in  DC J -63  =  1.40
 NON-STANDARD atom.| O5'| in residue>  DC J -63 
 GUESSED vdw of  O5' in  DC J -63  =  1.40
 NON-STANDARD atom.| C5'| in residue>  DC J -63 
 GUESSED vdw of  C5' in  DC J -63  =  1.80
 NON-STANDARD atom.| C4'| in residue>  DC J -63 
 GUESSED vdw of  C4' in  DC J -63  =  1.80
 NON-STANDARD atom.| O4'| in residue>  DC J -63 
 GUESSED vdw of  O4' in  DC J -63  =  1.40
 NON-STANDARD atom.| C3'| in residue>  DC J -63 
 GUESSED vdw of  C3' in  DC J -63  =  1.80
 NON-STANDARD atom.| O3'| in residue>  DC J -63 
 GUESSED vdw of  O3' in  DC J -63  =  1.40
 NON-STANDARD atom.| C2'| in residue>  DC J -63 
 GUESSED vdw of  C2' in  DC J -63  =  1.80
 NON-STANDARD atom.| C1'| in residue>  DC J -63 
 GUESSED vdw of  C1' in  DC J -63  =  1.80
 NON-STANDARD atom.| N1 | in residue>  DC J -63 
 ASSUMED vdw of  N1  in  DC J -63  =  1.60 (same as   A)
 NON-STANDARD atom.| C2 | in residue>  DC J -63 
 ASSUMED vdw of  C2  in  DC J -63  =  1.80 (same as   A)
 NON-STANDARD atom.| O2 | in residue>  DC J -63 
 ASSUMED vdw of  O2  in  DC J -63  =  1.40 (same as   C)
 NON-STANDARD atom.| N3 | in residue>  DC J -63 
 ASSUMED vdw of  N3  in  DC J -63  =  1.60 (same as   A)
 NON-STANDARD atom.| C4 | in residue>  DC J -63 
 ASSUMED vdw of  C4  in  DC J -63  =  1.80 (same as   A)
 NON-STANDARD atom.| N4 | in residue>  DC J -63 
 ASSUMED vdw of  N4  in  DC J -63  =  1.60 (same as   C)
 NON-STANDARD atom.| C5 | in residue>  DC J -63 
 ASSUMED vdw of  C5  in  DC J -63  =  1.80 (same as   A)
 NON-STANDARD atom.| C6 | in residue>  DC J -63 
 ASSUMED vdw of  C6  in  DC J -63  =  1.80 (same as   A)
 UNKNOWN residue type.............>  DC J -62 
 NON-STANDARD atom.| P  | in residue>  DC J -62 
 ASSUMED vdw of  P   in  DC J -62  =  1.90 (same as   A)
 NON-STANDARD atom.| OP1| in residue>  DC J -62 
 GUESSED vdw of  OP1 in  DC J -62  =  1.40
 NON-STANDARD atom.| OP2| in residue>  DC J -62 
 GUESSED vdw of  OP2 in  DC J -62  =  1.40
 NON-STANDARD atom.| O5'| in residue>  DC J -62 
 GUESSED vdw of  O5' in  DC J -62  =  1.40
 NON-STANDARD atom.| C5'| in residue>  DC J -62 
 GUESSED vdw of  C5' in  DC J -62  =  1.80
 NON-STANDARD atom.| C4'| in residue>  DC J -62 
 GUESSED vdw of  C4' in  DC J -62  =  1.80
 NON-STANDARD atom.| O4'| in residue>  DC J -62 
 GUESSED vdw of  O4' in  DC J -62  =  1.40
 NON-STANDARD atom.| C3'| in residue>  DC J -62 
 GUESSED vdw of  C3' in  DC J -62  =  1.80
 NON-STANDARD atom.| O3'| in residue>  DC J -62 
 GUESSED vdw of  O3' in  DC J -62  =  1.40
 NON-STANDARD atom.| C2'| in residue>  DC J -62 
 GUESSED vdw of  C2' in  DC J -62  =  1.80
 NON-STANDARD atom.| C1'| in residue>  DC J -62 
 GUESSED vdw of  C1' in  DC J -62  =  1.80
 NON-STANDARD atom.| N1 | in residue>  DC J -62 
 ASSUMED vdw of  N1  in  DC J -62  =  1.60 (same as   A)
 NON-STANDARD atom.| C2 | in residue>  DC J -62 
 ASSUMED vdw of  C2  in  DC J -62  =  1.80 (same as   A)
 NON-STANDARD atom.| O2 | in residue>  DC J -62 
 ASSUMED vdw of  O2  in  DC J -62  =  1.40 (same as   C)
 NON-STANDARD atom.| N3 | in residue>  DC J -62 
 ASSUMED vdw of  N3  in  DC J -62  =  1.60 (same as   A)
 NON-STANDARD atom.| C4 | in residue>  DC J -62 
 ASSUMED vdw of  C4  in  DC J -62  =  1.80 (same as   A)
 NON-STANDARD atom.| N4 | in residue>  DC J -62 
 ASSUMED vdw of  N4  in  DC J -62  =  1.60 (same as   C)
 NON-STANDARD atom.| C5 | in residue>  DC J -62 
 ASSUMED vdw of  C5  in  DC J -62  =  1.80 (same as   A)
 NON-STANDARD atom.| C6 | in residue>  DC J -62 
 ASSUMED vdw of  C6  in  DC J -62  =  1.80 (same as   A)
 UNKNOWN residue type.............>  DG J -61 
 NON-STANDARD atom.| P  | in residue>  DG J -61 
 ASSUMED vdw of  P   in  DG J -61  =  1.90 (same as   A)
 NON-STANDARD atom.| OP1| in residue>  DG J -61 
 GUESSED vdw of  OP1 in  DG J -61  =  1.40
 NON-STANDARD atom.| OP2| in residue>  DG J -61 
 GUESSED vdw of  OP2 in  DG J -61  =  1.40
 NON-STANDARD atom.| O5'| in residue>  DG J -61 
 GUESSED vdw of  O5' in  DG J -61  =  1.40
 NON-STANDARD atom.| C5'| in residue>  DG J -61 
 GUESSED vdw of  C5' in  DG J -61  =  1.80
 NON-STANDARD atom.| C4'| in residue>  DG J -61 
 GUESSED vdw of  C4' in  DG J -61  =  1.80
 NON-STANDARD atom.| O4'| in residue>  DG J -61 
 GUESSED vdw of  O4' in  DG J -61  =  1.40
 NON-STANDARD atom.| C3'| in residue>  DG J -61 
 GUESSED vdw of  C3' in  DG J -61  =  1.80
 NON-STANDARD atom.| O3'| in residue>  DG J -61 
 GUESSED vdw of  O3' in  DG J -61  =  1.40
 NON-STANDARD atom.| C2'| in residue>  DG J -61 
 GUESSED vdw of  C2' in  DG J -61  =  1.80
 NON-STANDARD atom.| C1'| in residue>  DG J -61 
 GUESSED vdw of  C1' in  DG J -61  =  1.80
 NON-STANDARD atom.| N9 | in residue>  DG J -61 
 ASSUMED vdw of  N9  in  DG J -61  =  1.60 (same as   A)
 NON-STANDARD atom.| C8 | in residue>  DG J -61 
 ASSUMED vdw of  C8  in  DG J -61  =  1.80 (same as   A)
 NON-STANDARD atom.| N7 | in residue>  DG J -61 
 ASSUMED vdw of  N7  in  DG J -61  =  1.60 (same as   A)
 NON-STANDARD atom.| C5 | in residue>  DG J -61 
 ASSUMED vdw of  C5  in  DG J -61  =  1.80 (same as   A)
 NON-STANDARD atom.| C6 | in residue>  DG J -61 
 ASSUMED vdw of  C6  in  DG J -61  =  1.80 (same as   A)
 NON-STANDARD atom.| O6 | in residue>  DG J -61 
 ASSUMED vdw of  O6  in  DG J -61  =  1.40 (same as   G)
 NON-STANDARD atom.| N1 | in residue>  DG J -61 
 ASSUMED vdw of  N1  in  DG J -61  =  1.60 (same as   A)
 NON-STANDARD atom.| C2 | in residue>  DG J -61 
 ASSUMED vdw of  C2  in  DG J -61  =  1.80 (same as   A)
 NON-STANDARD atom.| N2 | in residue>  DG J -61 
 ASSUMED vdw of  N2  in  DG J -61  =  1.60 (same as   G)
 NON-STANDARD atom.| N3 | in residue>  DG J -61 
 ASSUMED vdw of  N3  in  DG J -61  =  1.60 (same as   A)
 NON-STANDARD atom.| C4 | in residue>  DG J -61 
 ASSUMED vdw of  C4  in  DG J -61  =  1.80 (same as   A)
 UNKNOWN residue type.............>  DG J -60 
 NON-STANDARD atom.| P  | in residue>  DG J -60 
 ASSUMED vdw of  P   in  DG J -60  =  1.90 (same as   A)
 NON-STANDARD atom.| OP1| in residue>  DG J -60 
 GUESSED vdw of  OP1 in  DG J -60  =  1.40
 NON-STANDARD atom.| OP2| in residue>  DG J -60 
 GUESSED vdw of  OP2 in  DG J -60  =  1.40
 NON-STANDARD atom.| O5'| in residue>  DG J -60 
 GUESSED vdw of  O5' in  DG J -60  =  1.40
 NON-STANDARD atom.| C5'| in residue>  DG J -60 
 GUESSED vdw of  C5' in  DG J -60  =  1.80
 NON-STANDARD atom.| C4'| in residue>  DG J -60 
 GUESSED vdw of  C4' in  DG J -60  =  1.80
 NON-STANDARD atom.| O4'| in residue>  DG J -60 
 GUESSED vdw of  O4' in  DG J -60  =  1.40
 NON-STANDARD atom.| C3'| in residue>  DG J -60 
 GUESSED vdw of  C3' in  DG J -60  =  1.80
 NON-STANDARD atom.| O3'| in residue>  DG J -60 
 GUESSED vdw of  O3' in  DG J -60  =  1.40
 NON-STANDARD atom.| C2'| in residue>  DG J -60 
 GUESSED vdw of  C2' in  DG J -60  =  1.80
 NON-STANDARD atom.| C1'| in residue>  DG J -60 
 GUESSED vdw of  C1' in  DG J -60  =  1.80
 NON-STANDARD atom.| N9 | in residue>  DG J -60 
 ASSUMED vdw of  N9  in  DG J -60  =  1.60 (same as   A)
 NON-STANDARD atom.| C8 | in residue>  DG J -60 
 ASSUMED vdw of  C8  in  DG J -60  =  1.80 (same as   A)
 NON-STANDARD atom.| N7 | in residue>  DG J -60 
 ASSUMED vdw of  N7  in  DG J -60  =  1.60 (same as   A)
 NON-STANDARD atom.| C5 | in residue>  DG J -60 
 ASSUMED vdw of  C5  in  DG J -60  =  1.80 (same as   A)
 NON-STANDARD atom.| C6 | in residue>  DG J -60 
 ASSUMED vdw of  C6  in  DG J -60  =  1.80 (same as   A)
 NON-STANDARD atom.| O6 | in residue>  DG J -60 
 ASSUMED vdw of  O6  in  DG J -60  =  1.40 (same as   G)
 NON-STANDARD atom.| N1 | in residue>  DG J -60 
 ASSUMED vdw of  N1  in  DG J -60  =  1.60 (same as   A)
 NON-STANDARD atom.| C2 | in residue>  DG J -60 
 ASSUMED vdw of  C2  in  DG J -60  =  1.80 (same as   A)
 NON-STANDARD atom.| N2 | in residue>  DG J -60 
 ASSUMED vdw of  N2  in  DG J -60  =  1.60 (same as   G)
 NON-STANDARD atom.| N3 | in residue>  DG J -60 
 ASSUMED vdw of  N3  in  DG J -60  =  1.60 (same as   A)
 NON-STANDARD atom.| C4 | in residue>  DG J -60 
 ASSUMED vdw of  C4  in  DG J -60  =  1.80 (same as   A)
 UNKNOWN residue type.............>  DT J -59 
 NON-STANDARD atom.| P  | in residue>  DT J -59 
 ASSUMED vdw of  P   in  DT J -59  =  1.90 (same as   A)
 NON-STANDARD atom.| OP1| in residue>  DT J -59 
 GUESSED vdw of  OP1 in  DT J -59  =  1.40
 NON-STANDARD atom.| OP2| in residue>  DT J -59 
 GUESSED vdw of  OP2 in  DT J -59  =  1.40
 NON-STANDARD atom.| O5'| in residue>  DT J -59 
 GUESSED vdw of  O5' in  DT J -59  =  1.40
 NON-STANDARD atom.| C5'| in residue>  DT J -59 
 GUESSED vdw of  C5' in  DT J -59  =  1.80
 NON-STANDARD atom.| C4'| in residue>  DT J -59 
 GUESSED vdw of  C4' in  DT J -59  =  1.80
 NON-STANDARD atom.| O4'| in residue>  DT J -59 
 GUESSED vdw of  O4' in  DT J -59  =  1.40
 NON-STANDARD atom.| C3'| in residue>  DT J -59 
 GUESSED vdw of  C3' in  DT J -59  =  1.80
 NON-STANDARD atom.| O3'| in residue>  DT J -59 
 GUESSED vdw of  O3' in  DT J -59  =  1.40
 NON-STANDARD atom.| C2'| in residue>  DT J -59 
 GUESSED vdw of  C2' in  DT J -59  =  1.80
 NON-STANDARD atom.| C1'| in residue>  DT J -59 
 GUESSED vdw of  C1' in  DT J -59  =  1.80
 NON-STANDARD atom.| N1 | in residue>  DT J -59 
 ASSUMED vdw of  N1  in  DT J -59  =  1.60 (same as   A)
 NON-STANDARD atom.| C2 | in residue>  DT J -59 
 ASSUMED vdw of  C2  in  DT J -59  =  1.80 (same as   A)
 NON-STANDARD atom.| O2 | in residue>  DT J -59 
 ASSUMED vdw of  O2  in  DT J -59  =  1.40 (same as   C)
 NON-STANDARD atom.| N3 | in residue>  DT J -59 
 ASSUMED vdw of  N3  in  DT J -59  =  1.60 (same as   A)
 NON-STANDARD atom.| C4 | in residue>  DT J -59 
 ASSUMED vdw of  C4  in  DT J -59  =  1.80 (same as   A)
 NON-STANDARD atom.| O4 | in residue>  DT J -59 
 ASSUMED vdw of  O4  in  DT J -59  =  1.40 (same as   T)
 NON-STANDARD atom.| C5 | in residue>  DT J -59 
 ASSUMED vdw of  C5  in  DT J -59  =  1.80 (same as   A)
 NON-STANDARD atom.| C7 | in residue>  DT J -59 
 GUESSED vdw of  C7  in  DT J -59  =  1.80
 NON-STANDARD atom.| C6 | in residue>  DT J -59 
 ASSUMED vdw of  C6  in  DT J -59  =  1.80 (same as   A)
 UNKNOWN residue type.............>  DG J -58 
 NON-STANDARD atom.| P  | in residue>  DG J -58 
 ASSUMED vdw of  P   in  DG J -58  =  1.90 (same as   A)
 NON-STANDARD atom.| OP1| in residue>  DG J -58 
 GUESSED vdw of  OP1 in  DG J -58  =  1.40
 NON-STANDARD atom.| OP2| in residue>  DG J -58 
 GUESSED vdw of  OP2 in  DG J -58  =  1.40
 NON-STANDARD atom.| O5'| in residue>  DG J -58 
 GUESSED vdw of  O5' in  DG J -58  =  1.40
 NON-STANDARD atom.| C5'| in residue>  DG J -58 
 GUESSED vdw of  C5' in  DG J -58  =  1.80
 NON-STANDARD atom.| C4'| in residue>  DG J -58 
 GUESSED vdw of  C4' in  DG J -58  =  1.80
 NON-STANDARD atom.| O4'| in residue>  DG J -58 
 GUESSED vdw of  O4' in  DG J -58  =  1.40
 NON-STANDARD atom.| C3'| in residue>  DG J -58 
 GUESSED vdw of  C3' in  DG J -58  =  1.80
 NON-STANDARD atom.| O3'| in residue>  DG J -58 
 GUESSED vdw of  O3' in  DG J -58  =  1.40
 NON-STANDARD atom.| C2'| in residue>  DG J -58 
 GUESSED vdw of  C2' in  DG J -58  =  1.80
 NON-STANDARD atom.| C1'| in residue>  DG J -58 
 GUESSED vdw of  C1' in  DG J -58  =  1.80
 NON-STANDARD atom.| N9 | in residue>  DG J -58 
 ASSUMED vdw of  N9  in  DG J -58  =  1.60 (same as   A)
 NON-STANDARD atom.| C8 | in residue>  DG J -58 
 ASSUMED vdw of  C8  in  DG J -58  =  1.80 (same as   A)
 NON-STANDARD atom.| N7 | in residue>  DG J -58 
 ASSUMED vdw of  N7  in  DG J -58  =  1.60 (same as   A)
 NON-STANDARD atom.| C5 | in residue>  DG J -58 
 ASSUMED vdw of  C5  in  DG J -58  =  1.80 (same as   A)
 NON-STANDARD atom.| C6 | in residue>  DG J -58 
 ASSUMED vdw of  C6  in  DG J -58  =  1.80 (same as   A)
 NON-STANDARD atom.| O6 | in residue>  DG J -58 
 ASSUMED vdw of  O6  in  DG J -58  =  1.40 (same as   G)
 NON-STANDARD atom.| N1 | in residue>  DG J -58 
 ASSUMED vdw of  N1  in  DG J -58  =  1.60 (same as   A)
 NON-STANDARD atom.| C2 | in residue>  DG J -58 
 ASSUMED vdw of  C2  in  DG J -58  =  1.80 (same as   A)
 NON-STANDARD atom.| N2 | in residue>  DG J -58 
 ASSUMED vdw of  N2  in  DG J -58  =  1.60 (same as   G)
 NON-STANDARD atom.| N3 | in residue>  DG J -58 
 ASSUMED vdw of  N3  in  DG J -58  =  1.60 (same as   A)
 NON-STANDARD atom.| C4 | in residue>  DG J -58 
 ASSUMED vdw of  C4  in  DG J -58  =  1.80 (same as   A)
 UNKNOWN residue type.............>  DC J -57 
 NON-STANDARD atom.| P  | in residue>  DC J -57 
 ASSUMED vdw of  P   in  DC J -57  =  1.90 (same as   A)
 NON-STANDARD atom.| OP1| in residue>  DC J -57 
 GUESSED vdw of  OP1 in  DC J -57  =  1.40
 NON-STANDARD atom.| OP2| in residue>  DC J -57 
 GUESSED vdw of  OP2 in  DC J -57  =  1.40
 NON-STANDARD atom.| O5'| in residue>  DC J -57 
 GUESSED vdw of  O5' in  DC J -57  =  1.40
 NON-STANDARD atom.| C5'| in residue>  DC J -57 
 GUESSED vdw of  C5' in  DC J -57  =  1.80
 NON-STANDARD atom.| C4'| in residue>  DC J -57 
 GUESSED vdw of  C4' in  DC J -57  =  1.80
 NON-STANDARD atom.| O4'| in residue>  DC J -57 
 GUESSED vdw of  O4' in  DC J -57  =  1.40
 NON-STANDARD atom.| C3'| in residue>  DC J -57 
 GUESSED vdw of  C3' in  DC J -57  =  1.80
 NON-STANDARD atom.| O3'| in residue>  DC J -57 
 GUESSED vdw of  O3' in  DC J -57  =  1.40
 NON-STANDARD atom.| C2'| in residue>  DC J -57 
 GUESSED vdw of  C2' in  DC J -57  =  1.80
 NON-STANDARD atom.| C1'| in residue>  DC J -57 
 GUESSED vdw of  C1' in  DC J -57  =  1.80
 NON-STANDARD atom.| N1 | in residue>  DC J -57 
 ASSUMED vdw of  N1  in  DC J -57  =  1.60 (same as   A)
 NON-STANDARD atom.| C2 | in residue>  DC J -57 
 ASSUMED vdw of  C2  in  DC J -57  =  1.80 (same as   A)
 NON-STANDARD atom.| O2 | in residue>  DC J -57 
 ASSUMED vdw of  O2  in  DC J -57  =  1.40 (same as   C)
 NON-STANDARD atom.| N3 | in residue>  DC J -57 
 ASSUMED vdw of  N3  in  DC J -57  =  1.60 (same as   A)
 NON-STANDARD atom.| C4 | in residue>  DC J -57 
 ASSUMED vdw of  C4  in  DC J -57  =  1.80 (same as   A)
 NON-STANDARD atom.| N4 | in residue>  DC J -57 
 ASSUMED vdw of  N4  in  DC J -57  =  1.60 (same as   C)
 NON-STANDARD atom.| C5 | in residue>  DC J -57 
 ASSUMED vdw of  C5  in  DC J -57  =  1.80 (same as   A)
 NON-STANDARD atom.| C6 | in residue>  DC J -57 
 ASSUMED vdw of  C6  in  DC J -57  =  1.80 (same as   A)
 UNKNOWN residue type.............>  DC J -56 
 NON-STANDARD atom.| P  | in residue>  DC J -56 
 ASSUMED vdw of  P   in  DC J -56  =  1.90 (same as   A)
 NON-STANDARD atom.| OP1| in residue>  DC J -56 
 GUESSED vdw of  OP1 in  DC J -56  =  1.40
 NON-STANDARD atom.| OP2| in residue>  DC J -56 
 GUESSED vdw of  OP2 in  DC J -56  =  1.40
 NON-STANDARD atom.| O5'| in residue>  DC J -56 
 GUESSED vdw of  O5' in  DC J -56  =  1.40
 NON-STANDARD atom.| C5'| in residue>  DC J -56 
 GUESSED vdw of  C5' in  DC J -56  =  1.80
 NON-STANDARD atom.| C4'| in residue>  DC J -56 
 GUESSED vdw of  C4' in  DC J -56  =  1.80
 NON-STANDARD atom.| O4'| in residue>  DC J -56 
 GUESSED vdw of  O4' in  DC J -56  =  1.40
 NON-STANDARD atom.| C3'| in residue>  DC J -56 
 GUESSED vdw of  C3' in  DC J -56  =  1.80
 NON-STANDARD atom.| O3'| in residue>  DC J -56 
 GUESSED vdw of  O3' in  DC J -56  =  1.40
 NON-STANDARD atom.| C2'| in residue>  DC J -56 
 GUESSED vdw of  C2' in  DC J -56  =  1.80
 NON-STANDARD atom.| C1'| in residue>  DC J -56 
 GUESSED vdw of  C1' in  DC J -56  =  1.80
 NON-STANDARD atom.| N1 | in residue>  DC J -56 
 ASSUMED vdw of  N1  in  DC J -56  =  1.60 (same as   A)
 NON-STANDARD atom.| C2 | in residue>  DC J -56 
 ASSUMED vdw of  C2  in  DC J -56  =  1.80 (same as   A)
 NON-STANDARD atom.| O2 | in residue>  DC J -56 
 ASSUMED vdw of  O2  in  DC J -56  =  1.40 (same as   C)
 NON-STANDARD atom.| N3 | in residue>  DC J -56 
 ASSUMED vdw of  N3  in  DC J -56  =  1.60 (same as   A)
 NON-STANDARD atom.| C4 | in residue>  DC J -56 
 ASSUMED vdw of  C4  in  DC J -56  =  1.80 (same as   A)
 NON-STANDARD atom.| N4 | in residue>  DC J -56 
 ASSUMED vdw of  N4  in  DC J -56  =  1.60 (same as   C)
 NON-STANDARD atom.| C5 | in residue>  DC J -56 
 ASSUMED vdw of  C5  in  DC J -56  =  1.80 (same as   A)
 NON-STANDARD atom.| C6 | in residue>  DC J -56 
 ASSUMED vdw of  C6  in  DC J -56  =  1.80 (same as   A)
 UNKNOWN residue type.............>  DG J -55 
 NON-STANDARD atom.| P  | in residue>  DG J -55 
 ASSUMED vdw of  P   in  DG J -55  =  1.90 (same as   A)
 NON-STANDARD atom.| OP1| in residue>  DG J -55 
 GUESSED vdw of  OP1 in  DG J -55  =  1.40
 NON-STANDARD atom.| OP2| in residue>  DG J -55 
 GUESSED vdw of  OP2 in  DG J -55  =  1.40
 NON-STANDARD atom.| O5'| in residue>  DG J -55 
 GUESSED vdw of  O5' in  DG J -55  =  1.40
 NON-STANDARD atom.| C5'| in residue>  DG J -55 
 GUESSED vdw of  C5' in  DG J -55  =  1.80
 NON-STANDARD atom.| C4'| in residue>  DG J -55 
 GUESSED vdw of  C4' in  DG J -55  =  1.80
 NON-STANDARD atom.| O4'| in residue>  DG J -55 
 GUESSED vdw of  O4' in  DG J -55  =  1.40
 NON-STANDARD atom.| C3'| in residue>  DG J -55 
 GUESSED vdw of  C3' in  DG J -55  =  1.80
 NON-STANDARD atom.| O3'| in residue>  DG J -55 
 GUESSED vdw of  O3' in  DG J -55  =  1.40
 NON-STANDARD atom.| C2'| in residue>  DG J -55 
 GUESSED vdw of  C2' in  DG J -55  =  1.80
 NON-STANDARD atom.| C1'| in residue>  DG J -55 
 GUESSED vdw of  C1' in  DG J -55  =  1.80
 NON-STANDARD atom.| N9 | in residue>  DG J -55 
 ASSUMED vdw of  N9  in  DG J -55  =  1.60 (same as   A)
 NON-STANDARD atom.| C8 | in residue>  DG J -55 
 ASSUMED vdw of  C8  in  DG J -55  =  1.80 (same as   A)
 NON-STANDARD atom.| N7 | in residue>  DG J -55 
 ASSUMED vdw of  N7  in  DG J -55  =  1.60 (same as   A)
 NON-STANDARD atom.| C5 | in residue>  DG J -55 
 ASSUMED vdw of  C5  in  DG J -55  =  1.80 (same as   A)
 NON-STANDARD atom.| C6 | in residue>  DG J -55 
 ASSUMED vdw of  C6  in  DG J -55  =  1.80 (same as   A)
 NON-STANDARD atom.| O6 | in residue>  DG J -55 
 ASSUMED vdw of  O6  in  DG J -55  =  1.40 (same as   G)
 NON-STANDARD atom.| N1 | in residue>  DG J -55 
 ASSUMED vdw of  N1  in  DG J -55  =  1.60 (same as   A)
 NON-STANDARD atom.| C2 | in residue>  DG J -55 
 ASSUMED vdw of  C2  in  DG J -55  =  1.80 (same as   A)
 NON-STANDARD atom.| N2 | in residue>  DG J -55 
 ASSUMED vdw of  N2  in  DG J -55  =  1.60 (same as   G)
 NON-STANDARD atom.| N3 | in residue>  DG J -55 
 ASSUMED vdw of  N3  in  DG J -55  =  1.60 (same as   A)
 NON-STANDARD atom.| C4 | in residue>  DG J -55 
 ASSUMED vdw of  C4  in  DG J -55  =  1.80 (same as   A)
 UNKNOWN residue type.............>  DA J -54 
 NON-STANDARD atom.| P  | in residue>  DA J -54 
 ASSUMED vdw of  P   in  DA J -54  =  1.90 (same as   A)
 NON-STANDARD atom.| OP1| in residue>  DA J -54 
 GUESSED vdw of  OP1 in  DA J -54  =  1.40
 NON-STANDARD atom.| OP2| in residue>  DA J -54 
 GUESSED vdw of  OP2 in  DA J -54  =  1.40
 NON-STANDARD atom.| O5'| in residue>  DA J -54 
 GUESSED vdw of  O5' in  DA J -54  =  1.40
 NON-STANDARD atom.| C5'| in residue>  DA J -54 
 GUESSED vdw of  C5' in  DA J -54  =  1.80
 NON-STANDARD atom.| C4'| in residue>  DA J -54 
 GUESSED vdw of  C4' in  DA J -54  =  1.80
 NON-STANDARD atom.| O4'| in residue>  DA J -54 
 GUESSED vdw of  O4' in  DA J -54  =  1.40
 NON-STANDARD atom.| C3'| in residue>  DA J -54 
 GUESSED vdw of  C3' in  DA J -54  =  1.80
 NON-STANDARD atom.| O3'| in residue>  DA J -54 
 GUESSED vdw of  O3' in  DA J -54  =  1.40
 NON-STANDARD atom.| C2'| in residue>  DA J -54 
 GUESSED vdw of  C2' in  DA J -54  =  1.80
 NON-STANDARD atom.| C1'| in residue>  DA J -54 
 GUESSED vdw of  C1' in  DA J -54  =  1.80
 NON-STANDARD atom.| N9 | in residue>  DA J -54 
 ASSUMED vdw of  N9  in  DA J -54  =  1.60 (same as   A)
 NON-STANDARD atom.| C8 | in residue>  DA J -54 
 ASSUMED vdw of  C8  in  DA J -54  =  1.80 (same as   A)
 NON-STANDARD atom.| N7 | in residue>  DA J -54 
 ASSUMED vdw of  N7  in  DA J -54  =  1.60 (same as   A)
 NON-STANDARD atom.| C5 | in residue>  DA J -54 
 ASSUMED vdw of  C5  in  DA J -54  =  1.80 (same as   A)
 NON-STANDARD atom.| C6 | in residue>  DA J -54 
 ASSUMED vdw of  C6  in  DA J -54  =  1.80 (same as   A)
 NON-STANDARD atom.| N6 | in residue>  DA J -54 
 ASSUMED vdw of  N6  in  DA J -54  =  1.60 (same as   A)
 NON-STANDARD atom.| N1 | in residue>  DA J -54 
 ASSUMED vdw of  N1  in  DA J -54  =  1.60 (same as   A)
 NON-STANDARD atom.| C2 | in residue>  DA J -54 
 ASSUMED vdw of  C2  in  DA J -54  =  1.80 (same as   A)
 NON-STANDARD atom.| N3 | in residue>  DA J -54 
 ASSUMED vdw of  N3  in  DA J -54  =  1.60 (same as   A)
 NON-STANDARD atom.| C4 | in residue>  DA J -54 
 ASSUMED vdw of  C4  in  DA J -54  =  1.80 (same as   A)
 UNKNOWN residue type.............>  DG J -53 
 NON-STANDARD atom.| P  | in residue>  DG J -53 
 ASSUMED vdw of  P   in  DG J -53  =  1.90 (same as   A)
 NON-STANDARD atom.| OP1| in residue>  DG J -53 
 GUESSED vdw of  OP1 in  DG J -53  =  1.40
 NON-STANDARD atom.| OP2| in residue>  DG J -53 
 GUESSED vdw of  OP2 in  DG J -53  =  1.40
 NON-STANDARD atom.| O5'| in residue>  DG J -53 
 GUESSED vdw of  O5' in  DG J -53  =  1.40
 NON-STANDARD atom.| C5'| in residue>  DG J -53 
 GUESSED vdw of  C5' in  DG J -53  =  1.80
 NON-STANDARD atom.| C4'| in residue>  DG J -53 
 GUESSED vdw of  C4' in  DG J -53  =  1.80
 NON-STANDARD atom.| O4'| in residue>  DG J -53 
 GUESSED vdw of  O4' in  DG J -53  =  1.40
 NON-STANDARD atom.| C3'| in residue>  DG J -53 
 GUESSED vdw of  C3' in  DG J -53  =  1.80
 NON-STANDARD atom.| O3'| in residue>  DG J -53 
 GUESSED vdw of  O3' in  DG J -53  =  1.40
 NON-STANDARD atom.| C2'| in residue>  DG J -53 
 GUESSED vdw of  C2' in  DG J -53  =  1.80
 NON-STANDARD atom.| C1'| in residue>  DG J -53 
 GUESSED vdw of  C1' in  DG J -53  =  1.80
 NON-STANDARD atom.| N9 | in residue>  DG J -53 
 ASSUMED vdw of  N9  in  DG J -53  =  1.60 (same as   A)
 NON-STANDARD atom.| C8 | in residue>  DG J -53 
 ASSUMED vdw of  C8  in  DG J -53  =  1.80 (same as   A)
 NON-STANDARD atom.| N7 | in residue>  DG J -53 
 ASSUMED vdw of  N7  in  DG J -53  =  1.60 (same as   A)
 NON-STANDARD atom.| C5 | in residue>  DG J -53 
 ASSUMED vdw of  C5  in  DG J -53  =  1.80 (same as   A)
 NON-STANDARD atom.| C6 | in residue>  DG J -53 
 ASSUMED vdw of  C6  in  DG J -53  =  1.80 (same as   A)
 NON-STANDARD atom.| O6 | in residue>  DG J -53 
 ASSUMED vdw of  O6  in  DG J -53  =  1.40 (same as   G)
 NON-STANDARD atom.| N1 | in residue>  DG J -53 
 ASSUMED vdw of  N1  in  DG J -53  =  1.60 (same as   A)
 NON-STANDARD atom.| C2 | in residue>  DG J -53 
 ASSUMED vdw of  C2  in  DG J -53  =  1.80 (same as   A)
 NON-STANDARD atom.| N2 | in residue>  DG J -53 
 ASSUMED vdw of  N2  in  DG J -53  =  1.60 (same as   G)
 NON-STANDARD atom.| N3 | in residue>  DG J -53 
 ASSUMED vdw of  N3  in  DG J -53  =  1.60 (same as   A)
 NON-STANDARD atom.| C4 | in residue>  DG J -53 
 ASSUMED vdw of  C4  in  DG J -53  =  1.80 (same as   A)
 UNKNOWN residue type.............>  DG J -52 
 NON-STANDARD atom.| P  | in residue>  DG J -52 
 ASSUMED vdw of  P   in  DG J -52  =  1.90 (same as   A)
 NON-STANDARD atom.| OP1| in residue>  DG J -52 
 GUESSED vdw of  OP1 in  DG J -52  =  1.40
 NON-STANDARD atom.| OP2| in residue>  DG J -52 
 GUESSED vdw of  OP2 in  DG J -52  =  1.40
 NON-STANDARD atom.| O5'| in residue>  DG J -52 
 GUESSED vdw of  O5' in  DG J -52  =  1.40
 NON-STANDARD atom.| C5'| in residue>  DG J -52 
 GUESSED vdw of  C5' in  DG J -52  =  1.80
 NON-STANDARD atom.| C4'| in residue>  DG J -52 
 GUESSED vdw of  C4' in  DG J -52  =  1.80
 NON-STANDARD atom.| O4'| in residue>  DG J -52 
 GUESSED vdw of  O4' in  DG J -52  =  1.40
 NON-STANDARD atom.| C3'| in residue>  DG J -52 
 GUESSED vdw of  C3' in  DG J -52  =  1.80
 NON-STANDARD atom.| O3'| in residue>  DG J -52 
 GUESSED vdw of  O3' in  DG J -52  =  1.40
 NON-STANDARD atom.| C2'| in residue>  DG J -52 
 GUESSED vdw of  C2' in  DG J -52  =  1.80
 NON-STANDARD atom.| C1'| in residue>  DG J -52 
 GUESSED vdw of  C1' in  DG J -52  =  1.80
 NON-STANDARD atom.| N9 | in residue>  DG J -52 
 ASSUMED vdw of  N9  in  DG J -52  =  1.60 (same as   A)
 NON-STANDARD atom.| C8 | in residue>  DG J -52 
 ASSUMED vdw of  C8  in  DG J -52  =  1.80 (same as   A)
 NON-STANDARD atom.| N7 | in residue>  DG J -52 
 ASSUMED vdw of  N7  in  DG J -52  =  1.60 (same as   A)
 NON-STANDARD atom.| C5 | in residue>  DG J -52 
 ASSUMED vdw of  C5  in  DG J -52  =  1.80 (same as   A)
 NON-STANDARD atom.| C6 | in residue>  DG J -52 
 ASSUMED vdw of  C6  in  DG J -52  =  1.80 (same as   A)
 NON-STANDARD atom.| O6 | in residue>  DG J -52 
 ASSUMED vdw of  O6  in  DG J -52  =  1.40 (same as   G)
 NON-STANDARD atom.| N1 | in residue>  DG J -52 
 ASSUMED vdw of  N1  in  DG J -52  =  1.60 (same as   A)
 NON-STANDARD atom.| C2 | in residue>  DG J -52 
 ASSUMED vdw of  C2  in  DG J -52  =  1.80 (same as   A)
 NON-STANDARD atom.| N2 | in residue>  DG J -52 
 ASSUMED vdw of  N2  in  DG J -52  =  1.60 (same as   G)
 NON-STANDARD atom.| N3 | in residue>  DG J -52 
 ASSUMED vdw of  N3  in  DG J -52  =  1.60 (same as   A)
 NON-STANDARD atom.| C4 | in residue>  DG J -52 
 ASSUMED vdw of  C4  in  DG J -52  =  1.80 (same as   A)
 UNKNOWN residue type.............>  DC J -51 
 NON-STANDARD atom.| P  | in residue>  DC J -51 
 ASSUMED vdw of  P   in  DC J -51  =  1.90 (same as   A)
 NON-STANDARD atom.| OP1| in residue>  DC J -51 
 GUESSED vdw of  OP1 in  DC J -51  =  1.40
 NON-STANDARD atom.| OP2| in residue>  DC J -51 
 GUESSED vdw of  OP2 in  DC J -51  =  1.40
 NON-STANDARD atom.| O5'| in residue>  DC J -51 
 GUESSED vdw of  O5' in  DC J -51  =  1.40
 NON-STANDARD atom.| C5'| in residue>  DC J -51 
 GUESSED vdw of  C5' in  DC J -51  =  1.80
 NON-STANDARD atom.| C4'| in residue>  DC J -51 
 GUESSED vdw of  C4' in  DC J -51  =  1.80
 NON-STANDARD atom.| O4'| in residue>  DC J -51 
 GUESSED vdw of  O4' in  DC J -51  =  1.40
 NON-STANDARD atom.| C3'| in residue>  DC J -51 
 GUESSED vdw of  C3' in  DC J -51  =  1.80
 NON-STANDARD atom.| O3'| in residue>  DC J -51 
 GUESSED vdw of  O3' in  DC J -51  =  1.40
 NON-STANDARD atom.| C2'| in residue>  DC J -51 
 GUESSED vdw of  C2' in  DC J -51  =  1.80
 NON-STANDARD atom.| C1'| in residue>  DC J -51 
 GUESSED vdw of  C1' in  DC J -51  =  1.80
 NON-STANDARD atom.| N1 | in residue>  DC J -51 
 ASSUMED vdw of  N1  in  DC J -51  =  1.60 (same as   A)
 NON-STANDARD atom.| C2 | in residue>  DC J -51 
 ASSUMED vdw of  C2  in  DC J -51  =  1.80 (same as   A)
 NON-STANDARD atom.| O2 | in residue>  DC J -51 
 ASSUMED vdw of  O2  in  DC J -51  =  1.40 (same as   C)
 NON-STANDARD atom.| N3 | in residue>  DC J -51 
 ASSUMED vdw of  N3  in  DC J -51  =  1.60 (same as   A)
 NON-STANDARD atom.| C4 | in residue>  DC J -51 
 ASSUMED vdw of  C4  in  DC J -51  =  1.80 (same as   A)
 NON-STANDARD atom.| N4 | in residue>  DC J -51 
 ASSUMED vdw of  N4  in  DC J -51  =  1.60 (same as   C)
 NON-STANDARD atom.| C5 | in residue>  DC J -51 
 ASSUMED vdw of  C5  in  DC J -51  =  1.80 (same as   A)
 NON-STANDARD atom.| C6 | in residue>  DC J -51 
 ASSUMED vdw of  C6  in  DC J -51  =  1.80 (same as   A)
 UNKNOWN residue type.............>  DC J -50 
 NON-STANDARD atom.| P  | in residue>  DC J -50 
 ASSUMED vdw of  P   in  DC J -50  =  1.90 (same as   A)
 NON-STANDARD atom.| OP1| in residue>  DC J -50 
 GUESSED vdw of  OP1 in  DC J -50  =  1.40
 NON-STANDARD atom.| OP2| in residue>  DC J -50 
 GUESSED vdw of  OP2 in  DC J -50  =  1.40
 NON-STANDARD atom.| O5'| in residue>  DC J -50 
 GUESSED vdw of  O5' in  DC J -50  =  1.40
 NON-STANDARD atom.| C5'| in residue>  DC J -50 
 GUESSED vdw of  C5' in  DC J -50  =  1.80
 NON-STANDARD atom.| C4'| in residue>  DC J -50 
 GUESSED vdw of  C4' in  DC J -50  =  1.80
 NON-STANDARD atom.| O4'| in residue>  DC J -50 
 GUESSED vdw of  O4' in  DC J -50  =  1.40
 NON-STANDARD atom.| C3'| in residue>  DC J -50 
 GUESSED vdw of  C3' in  DC J -50  =  1.80
 NON-STANDARD atom.| O3'| in residue>  DC J -50 
 GUESSED vdw of  O3' in  DC J -50  =  1.40
 NON-STANDARD atom.| C2'| in residue>  DC J -50 
 GUESSED vdw of  C2' in  DC J -50  =  1.80
 NON-STANDARD atom.| C1'| in residue>  DC J -50 
 GUESSED vdw of  C1' in  DC J -50  =  1.80
 NON-STANDARD atom.| N1 | in residue>  DC J -50 
 ASSUMED vdw of  N1  in  DC J -50  =  1.60 (same as   A)
 NON-STANDARD atom.| C2 | in residue>  DC J -50 
 ASSUMED vdw of  C2  in  DC J -50  =  1.80 (same as   A)
 NON-STANDARD atom.| O2 | in residue>  DC J -50 
 ASSUMED vdw of  O2  in  DC J -50  =  1.40 (same as   C)
 NON-STANDARD atom.| N3 | in residue>  DC J -50 
 ASSUMED vdw of  N3  in  DC J -50  =  1.60 (same as   A)
 NON-STANDARD atom.| C4 | in residue>  DC J -50 
 ASSUMED vdw of  C4  in  DC J -50  =  1.80 (same as   A)
 NON-STANDARD atom.| N4 | in residue>  DC J -50 
 ASSUMED vdw of  N4  in  DC J -50  =  1.60 (same as   C)
 NON-STANDARD atom.| C5 | in residue>  DC J -50 
 ASSUMED vdw of  C5  in  DC J -50  =  1.80 (same as   A)
 NON-STANDARD atom.| C6 | in residue>  DC J -50 
 ASSUMED vdw of  C6  in  DC J -50  =  1.80 (same as   A)
 UNKNOWN residue type.............>  DG J -49 
 NON-STANDARD atom.| P  | in residue>  DG J -49 
 ASSUMED vdw of  P   in  DG J -49  =  1.90 (same as   A)
 NON-STANDARD atom.| OP1| in residue>  DG J -49 
 GUESSED vdw of  OP1 in  DG J -49  =  1.40
 NON-STANDARD atom.| OP2| in residue>  DG J -49 
 GUESSED vdw of  OP2 in  DG J -49  =  1.40
 NON-STANDARD atom.| O5'| in residue>  DG J -49 
 GUESSED vdw of  O5' in  DG J -49  =  1.40
 NON-STANDARD atom.| C5'| in residue>  DG J -49 
 GUESSED vdw of  C5' in  DG J -49  =  1.80
 NON-STANDARD atom.| C4'| in residue>  DG J -49 
 GUESSED vdw of  C4' in  DG J -49  =  1.80
 NON-STANDARD atom.| O4'| in residue>  DG J -49 
 GUESSED vdw of  O4' in  DG J -49  =  1.40
 NON-STANDARD atom.| C3'| in residue>  DG J -49 
 GUESSED vdw of  C3' in  DG J -49  =  1.80
 NON-STANDARD atom.| O3'| in residue>  DG J -49 
 GUESSED vdw of  O3' in  DG J -49  =  1.40
 NON-STANDARD atom.| C2'| in residue>  DG J -49 
 GUESSED vdw of  C2' in  DG J -49  =  1.80
 NON-STANDARD atom.| C1'| in residue>  DG J -49 
 GUESSED vdw of  C1' in  DG J -49  =  1.80
 NON-STANDARD atom.| N9 | in residue>  DG J -49 
 ASSUMED vdw of  N9  in  DG J -49  =  1.60 (same as   A)
 NON-STANDARD atom.| C8 | in residue>  DG J -49 
 ASSUMED vdw of  C8  in  DG J -49  =  1.80 (same as   A)
 NON-STANDARD atom.| N7 | in residue>  DG J -49 
 ASSUMED vdw of  N7  in  DG J -49  =  1.60 (same as   A)
 NON-STANDARD atom.| C5 | in residue>  DG J -49 
 ASSUMED vdw of  C5  in  DG J -49  =  1.80 (same as   A)
 NON-STANDARD atom.| C6 | in residue>  DG J -49 
 ASSUMED vdw of  C6  in  DG J -49  =  1.80 (same as   A)
 NON-STANDARD atom.| O6 | in residue>  DG J -49 
 ASSUMED vdw of  O6  in  DG J -49  =  1.40 (same as   G)
 NON-STANDARD atom.| N1 | in residue>  DG J -49 
 ASSUMED vdw of  N1  in  DG J -49  =  1.60 (same as   A)
 NON-STANDARD atom.| C2 | in residue>  DG J -49 
 ASSUMED vdw of  C2  in  DG J -49  =  1.80 (same as   A)
 NON-STANDARD atom.| N2 | in residue>  DG J -49 
 ASSUMED vdw of  N2  in  DG J -49  =  1.60 (same as   G)
 NON-STANDARD atom.| N3 | in residue>  DG J -49 
 ASSUMED vdw of  N3  in  DG J -49  =  1.60 (same as   A)
 NON-STANDARD atom.| C4 | in residue>  DG J -49 
 ASSUMED vdw of  C4  in  DG J -49  =  1.80 (same as   A)
 UNKNOWN residue type.............>  DC J -48 
 NON-STANDARD atom.| P  | in residue>  DC J -48 
 ASSUMED vdw of  P   in  DC J -48  =  1.90 (same as   A)
 NON-STANDARD atom.| OP1| in residue>  DC J -48 
 GUESSED vdw of  OP1 in  DC J -48  =  1.40
 NON-STANDARD atom.| OP2| in residue>  DC J -48 
 GUESSED vdw of  OP2 in  DC J -48  =  1.40
 NON-STANDARD atom.| O5'| in residue>  DC J -48 
 GUESSED vdw of  O5' in  DC J -48  =  1.40
 NON-STANDARD atom.| C5'| in residue>  DC J -48 
 GUESSED vdw of  C5' in  DC J -48  =  1.80
 NON-STANDARD atom.| C4'| in residue>  DC J -48 
 GUESSED vdw of  C4' in  DC J -48  =  1.80
 NON-STANDARD atom.| O4'| in residue>  DC J -48 
 GUESSED vdw of  O4' in  DC J -48  =  1.40
 NON-STANDARD atom.| C3'| in residue>  DC J -48 
 GUESSED vdw of  C3' in  DC J -48  =  1.80
 NON-STANDARD atom.| O3'| in residue>  DC J -48 
 GUESSED vdw of  O3' in  DC J -48  =  1.40
 NON-STANDARD atom.| C2'| in residue>  DC J -48 
 GUESSED vdw of  C2' in  DC J -48  =  1.80
 NON-STANDARD atom.| C1'| in residue>  DC J -48 
 GUESSED vdw of  C1' in  DC J -48  =  1.80
 NON-STANDARD atom.| N1 | in residue>  DC J -48 
 ASSUMED vdw of  N1  in  DC J -48  =  1.60 (same as   A)
 NON-STANDARD atom.| C2 | in residue>  DC J -48 
 ASSUMED vdw of  C2  in  DC J -48  =  1.80 (same as   A)
 NON-STANDARD atom.| O2 | in residue>  DC J -48 
 ASSUMED vdw of  O2  in  DC J -48  =  1.40 (same as   C)
 NON-STANDARD atom.| N3 | in residue>  DC J -48 
 ASSUMED vdw of  N3  in  DC J -48  =  1.60 (same as   A)
 NON-STANDARD atom.| C4 | in residue>  DC J -48 
 ASSUMED vdw of  C4  in  DC J -48  =  1.80 (same as   A)
 NON-STANDARD atom.| N4 | in residue>  DC J -48 
 ASSUMED vdw of  N4  in  DC J -48  =  1.60 (same as   C)
 NON-STANDARD atom.| C5 | in residue>  DC J -48 
 ASSUMED vdw of  C5  in  DC J -48  =  1.80 (same as   A)
 NON-STANDARD atom.| C6 | in residue>  DC J -48 
 ASSUMED vdw of  C6  in  DC J -48  =  1.80 (same as   A)
 UNKNOWN residue type.............>  DT J -47 
 NON-STANDARD atom.| P  | in residue>  DT J -47 
 ASSUMED vdw of  P   in  DT J -47  =  1.90 (same as   A)
 NON-STANDARD atom.| OP1| in residue>  DT J -47 
 GUESSED vdw of  OP1 in  DT J -47  =  1.40
 NON-STANDARD atom.| OP2| in residue>  DT J -47 
 GUESSED vdw of  OP2 in  DT J -47  =  1.40
 NON-STANDARD atom.| O5'| in residue>  DT J -47 
 GUESSED vdw of  O5' in  DT J -47  =  1.40
 NON-STANDARD atom.| C5'| in residue>  DT J -47 
 GUESSED vdw of  C5' in  DT J -47  =  1.80
 NON-STANDARD atom.| C4'| in residue>  DT J -47 
 GUESSED vdw of  C4' in  DT J -47  =  1.80
 NON-STANDARD atom.| O4'| in residue>  DT J -47 
 GUESSED vdw of  O4' in  DT J -47  =  1.40
 NON-STANDARD atom.| C3'| in residue>  DT J -47 
 GUESSED vdw of  C3' in  DT J -47  =  1.80
 NON-STANDARD atom.| O3'| in residue>  DT J -47 
 GUESSED vdw of  O3' in  DT J -47  =  1.40
 NON-STANDARD atom.| C2'| in residue>  DT J -47 
 GUESSED vdw of  C2' in  DT J -47  =  1.80
 NON-STANDARD atom.| C1'| in residue>  DT J -47 
 GUESSED vdw of  C1' in  DT J -47  =  1.80
 NON-STANDARD atom.| N1 | in residue>  DT J -47 
 ASSUMED vdw of  N1  in  DT J -47  =  1.60 (same as   A)
 NON-STANDARD atom.| C2 | in residue>  DT J -47 
 ASSUMED vdw of  C2  in  DT J -47  =  1.80 (same as   A)
 NON-STANDARD atom.| O2 | in residue>  DT J -47 
 ASSUMED vdw of  O2  in  DT J -47  =  1.40 (same as   C)
 NON-STANDARD atom.| N3 | in residue>  DT J -47 
 ASSUMED vdw of  N3  in  DT J -47  =  1.60 (same as   A)
 NON-STANDARD atom.| C4 | in residue>  DT J -47 
 ASSUMED vdw of  C4  in  DT J -47  =  1.80 (same as   A)
 NON-STANDARD atom.| O4 | in residue>  DT J -47 
 ASSUMED vdw of  O4  in  DT J -47  =  1.40 (same as   T)
 NON-STANDARD atom.| C5 | in residue>  DT J -47 
 ASSUMED vdw of  C5  in  DT J -47  =  1.80 (same as   A)
 NON-STANDARD atom.| C7 | in residue>  DT J -47 
 GUESSED vdw of  C7  in  DT J -47  =  1.80
 NON-STANDARD atom.| C6 | in residue>  DT J -47 
 ASSUMED vdw of  C6  in  DT J -47  =  1.80 (same as   A)
 UNKNOWN residue type.............>  DC J -46 
 NON-STANDARD atom.| P  | in residue>  DC J -46 
 ASSUMED vdw of  P   in  DC J -46  =  1.90 (same as   A)
 NON-STANDARD atom.| OP1| in residue>  DC J -46 
 GUESSED vdw of  OP1 in  DC J -46  =  1.40
 NON-STANDARD atom.| OP2| in residue>  DC J -46 
 GUESSED vdw of  OP2 in  DC J -46  =  1.40
 NON-STANDARD atom.| O5'| in residue>  DC J -46 
 GUESSED vdw of  O5' in  DC J -46  =  1.40
 NON-STANDARD atom.| C5'| in residue>  DC J -46 
 GUESSED vdw of  C5' in  DC J -46  =  1.80
 NON-STANDARD atom.| C4'| in residue>  DC J -46 
 GUESSED vdw of  C4' in  DC J -46  =  1.80
 NON-STANDARD atom.| O4'| in residue>  DC J -46 
 GUESSED vdw of  O4' in  DC J -46  =  1.40
 NON-STANDARD atom.| C3'| in residue>  DC J -46 
 GUESSED vdw of  C3' in  DC J -46  =  1.80
 NON-STANDARD atom.| O3'| in residue>  DC J -46 
 GUESSED vdw of  O3' in  DC J -46  =  1.40
 NON-STANDARD atom.| C2'| in residue>  DC J -46 
 GUESSED vdw of  C2' in  DC J -46  =  1.80
 NON-STANDARD atom.| C1'| in residue>  DC J -46 
 GUESSED vdw of  C1' in  DC J -46  =  1.80
 NON-STANDARD atom.| N1 | in residue>  DC J -46 
 ASSUMED vdw of  N1  in  DC J -46  =  1.60 (same as   A)
 NON-STANDARD atom.| C2 | in residue>  DC J -46 
 ASSUMED vdw of  C2  in  DC J -46  =  1.80 (same as   A)
 NON-STANDARD atom.| O2 | in residue>  DC J -46 
 ASSUMED vdw of  O2  in  DC J -46  =  1.40 (same as   C)
 NON-STANDARD atom.| N3 | in residue>  DC J -46 
 ASSUMED vdw of  N3  in  DC J -46  =  1.60 (same as   A)
 NON-STANDARD atom.| C4 | in residue>  DC J -46 
 ASSUMED vdw of  C4  in  DC J -46  =  1.80 (same as   A)
 NON-STANDARD atom.| N4 | in residue>  DC J -46 
 ASSUMED vdw of  N4  in  DC J -46  =  1.60 (same as   C)
 NON-STANDARD atom.| C5 | in residue>  DC J -46 
 ASSUMED vdw of  C5  in  DC J -46  =  1.80 (same as   A)
 NON-STANDARD atom.| C6 | in residue>  DC J -46 
 ASSUMED vdw of  C6  in  DC J -46  =  1.80 (same as   A)
 UNKNOWN residue type.............>  DA J -45 
 NON-STANDARD atom.| P  | in residue>  DA J -45 
 ASSUMED vdw of  P   in  DA J -45  =  1.90 (same as   A)
 NON-STANDARD atom.| OP1| in residue>  DA J -45 
 GUESSED vdw of  OP1 in  DA J -45  =  1.40
 NON-STANDARD atom.| OP2| in residue>  DA J -45 
 GUESSED vdw of  OP2 in  DA J -45  =  1.40
 NON-STANDARD atom.| O5'| in residue>  DA J -45 
 GUESSED vdw of  O5' in  DA J -45  =  1.40
 NON-STANDARD atom.| C5'| in residue>  DA J -45 
 GUESSED vdw of  C5' in  DA J -45  =  1.80
 NON-STANDARD atom.| C4'| in residue>  DA J -45 
 GUESSED vdw of  C4' in  DA J -45  =  1.80
 NON-STANDARD atom.| O4'| in residue>  DA J -45 
 GUESSED vdw of  O4' in  DA J -45  =  1.40
 NON-STANDARD atom.| C3'| in residue>  DA J -45 
 GUESSED vdw of  C3' in  DA J -45  =  1.80
 NON-STANDARD atom.| O3'| in residue>  DA J -45 
 GUESSED vdw of  O3' in  DA J -45  =  1.40
 NON-STANDARD atom.| C2'| in residue>  DA J -45 
 GUESSED vdw of  C2' in  DA J -45  =  1.80
 NON-STANDARD atom.| C1'| in residue>  DA J -45 
 GUESSED vdw of  C1' in  DA J -45  =  1.80
 NON-STANDARD atom.| N9 | in residue>  DA J -45 
 ASSUMED vdw of  N9  in  DA J -45  =  1.60 (same as   A)
 NON-STANDARD atom.| C8 | in residue>  DA J -45 
 ASSUMED vdw of  C8  in  DA J -45  =  1.80 (same as   A)
 NON-STANDARD atom.| N7 | in residue>  DA J -45 
 ASSUMED vdw of  N7  in  DA J -45  =  1.60 (same as   A)
 NON-STANDARD atom.| C5 | in residue>  DA J -45 
 ASSUMED vdw of  C5  in  DA J -45  =  1.80 (same as   A)
 NON-STANDARD atom.| C6 | in residue>  DA J -45 
 ASSUMED vdw of  C6  in  DA J -45  =  1.80 (same as   A)
 NON-STANDARD atom.| N6 | in residue>  DA J -45 
 ASSUMED vdw of  N6  in  DA J -45  =  1.60 (same as   A)
 NON-STANDARD atom.| N1 | in residue>  DA J -45 
 ASSUMED vdw of  N1  in  DA J -45  =  1.60 (same as   A)
 NON-STANDARD atom.| C2 | in residue>  DA J -45 
 ASSUMED vdw of  C2  in  DA J -45  =  1.80 (same as   A)
 NON-STANDARD atom.| N3 | in residue>  DA J -45 
 ASSUMED vdw of  N3  in  DA J -45  =  1.60 (same as   A)
 NON-STANDARD atom.| C4 | in residue>  DA J -45 
 ASSUMED vdw of  C4  in  DA J -45  =  1.80 (same as   A)
 UNKNOWN residue type.............>  DA J -44 
 NON-STANDARD atom.| P  | in residue>  DA J -44 
 ASSUMED vdw of  P   in  DA J -44  =  1.90 (same as   A)
 NON-STANDARD atom.| OP1| in residue>  DA J -44 
 GUESSED vdw of  OP1 in  DA J -44  =  1.40
 NON-STANDARD atom.| OP2| in residue>  DA J -44 
 GUESSED vdw of  OP2 in  DA J -44  =  1.40
 NON-STANDARD atom.| O5'| in residue>  DA J -44 
 GUESSED vdw of  O5' in  DA J -44  =  1.40
 NON-STANDARD atom.| C5'| in residue>  DA J -44 
 GUESSED vdw of  C5' in  DA J -44  =  1.80
 NON-STANDARD atom.| C4'| in residue>  DA J -44 
 GUESSED vdw of  C4' in  DA J -44  =  1.80
 NON-STANDARD atom.| O4'| in residue>  DA J -44 
 GUESSED vdw of  O4' in  DA J -44  =  1.40
 NON-STANDARD atom.| C3'| in residue>  DA J -44 
 GUESSED vdw of  C3' in  DA J -44  =  1.80
 NON-STANDARD atom.| O3'| in residue>  DA J -44 
 GUESSED vdw of  O3' in  DA J -44  =  1.40
 NON-STANDARD atom.| C2'| in residue>  DA J -44 
 GUESSED vdw of  C2' in  DA J -44  =  1.80
 NON-STANDARD atom.| C1'| in residue>  DA J -44 
 GUESSED vdw of  C1' in  DA J -44  =  1.80
 NON-STANDARD atom.| N9 | in residue>  DA J -44 
 ASSUMED vdw of  N9  in  DA J -44  =  1.60 (same as   A)
 NON-STANDARD atom.| C8 | in residue>  DA J -44 
 ASSUMED vdw of  C8  in  DA J -44  =  1.80 (same as   A)
 NON-STANDARD atom.| N7 | in residue>  DA J -44 
 ASSUMED vdw of  N7  in  DA J -44  =  1.60 (same as   A)
 NON-STANDARD atom.| C5 | in residue>  DA J -44 
 ASSUMED vdw of  C5  in  DA J -44  =  1.80 (same as   A)
 NON-STANDARD atom.| C6 | in residue>  DA J -44 
 ASSUMED vdw of  C6  in  DA J -44  =  1.80 (same as   A)
 NON-STANDARD atom.| N6 | in residue>  DA J -44 
 ASSUMED vdw of  N6  in  DA J -44  =  1.60 (same as   A)
 NON-STANDARD atom.| N1 | in residue>  DA J -44 
 ASSUMED vdw of  N1  in  DA J -44  =  1.60 (same as   A)
 NON-STANDARD atom.| C2 | in residue>  DA J -44 
 ASSUMED vdw of  C2  in  DA J -44  =  1.80 (same as   A)
 NON-STANDARD atom.| N3 | in residue>  DA J -44 
 ASSUMED vdw of  N3  in  DA J -44  =  1.60 (same as   A)
 NON-STANDARD atom.| C4 | in residue>  DA J -44 
 ASSUMED vdw of  C4  in  DA J -44  =  1.80 (same as   A)
 UNKNOWN residue type.............>  DT J -43 
 NON-STANDARD atom.| P  | in residue>  DT J -43 
 ASSUMED vdw of  P   in  DT J -43  =  1.90 (same as   A)
 NON-STANDARD atom.| OP1| in residue>  DT J -43 
 GUESSED vdw of  OP1 in  DT J -43  =  1.40
 NON-STANDARD atom.| OP2| in residue>  DT J -43 
 GUESSED vdw of  OP2 in  DT J -43  =  1.40
 NON-STANDARD atom.| O5'| in residue>  DT J -43 
 GUESSED vdw of  O5' in  DT J -43  =  1.40
 NON-STANDARD atom.| C5'| in residue>  DT J -43 
 GUESSED vdw of  C5' in  DT J -43  =  1.80
 NON-STANDARD atom.| C4'| in residue>  DT J -43 
 GUESSED vdw of  C4' in  DT J -43  =  1.80
 NON-STANDARD atom.| O4'| in residue>  DT J -43 
 GUESSED vdw of  O4' in  DT J -43  =  1.40
 NON-STANDARD atom.| C3'| in residue>  DT J -43 
 GUESSED vdw of  C3' in  DT J -43  =  1.80
 NON-STANDARD atom.| O3'| in residue>  DT J -43 
 GUESSED vdw of  O3' in  DT J -43  =  1.40
 NON-STANDARD atom.| C2'| in residue>  DT J -43 
 GUESSED vdw of  C2' in  DT J -43  =  1.80
 NON-STANDARD atom.| C1'| in residue>  DT J -43 
 GUESSED vdw of  C1' in  DT J -43  =  1.80
 NON-STANDARD atom.| N1 | in residue>  DT J -43 
 ASSUMED vdw of  N1  in  DT J -43  =  1.60 (same as   A)
 NON-STANDARD atom.| C2 | in residue>  DT J -43 
 ASSUMED vdw of  C2  in  DT J -43  =  1.80 (same as   A)
 NON-STANDARD atom.| O2 | in residue>  DT J -43 
 ASSUMED vdw of  O2  in  DT J -43  =  1.40 (same as   C)
 NON-STANDARD atom.| N3 | in residue>  DT J -43 
 ASSUMED vdw of  N3  in  DT J -43  =  1.60 (same as   A)
 NON-STANDARD atom.| C4 | in residue>  DT J -43 
 ASSUMED vdw of  C4  in  DT J -43  =  1.80 (same as   A)
 NON-STANDARD atom.| O4 | in residue>  DT J -43 
 ASSUMED vdw of  O4  in  DT J -43  =  1.40 (same as   T)
 NON-STANDARD atom.| C5 | in residue>  DT J -43 
 ASSUMED vdw of  C5  in  DT J -43  =  1.80 (same as   A)
 NON-STANDARD atom.| C7 | in residue>  DT J -43 
 GUESSED vdw of  C7  in  DT J -43  =  1.80
 NON-STANDARD atom.| C6 | in residue>  DT J -43 
 ASSUMED vdw of  C6  in  DT J -43  =  1.80 (same as   A)
 UNKNOWN residue type.............>  DT J -42 
 NON-STANDARD atom.| P  | in residue>  DT J -42 
 ASSUMED vdw of  P   in  DT J -42  =  1.90 (same as   A)
 NON-STANDARD atom.| OP1| in residue>  DT J -42 
 GUESSED vdw of  OP1 in  DT J -42  =  1.40
 NON-STANDARD atom.| OP2| in residue>  DT J -42 
 GUESSED vdw of  OP2 in  DT J -42  =  1.40
 NON-STANDARD atom.| O5'| in residue>  DT J -42 
 GUESSED vdw of  O5' in  DT J -42  =  1.40
 NON-STANDARD atom.| C5'| in residue>  DT J -42 
 GUESSED vdw of  C5' in  DT J -42  =  1.80
 NON-STANDARD atom.| C4'| in residue>  DT J -42 
 GUESSED vdw of  C4' in  DT J -42  =  1.80
 NON-STANDARD atom.| O4'| in residue>  DT J -42 
 GUESSED vdw of  O4' in  DT J -42  =  1.40
 NON-STANDARD atom.| C3'| in residue>  DT J -42 
 GUESSED vdw of  C3' in  DT J -42  =  1.80
 NON-STANDARD atom.| O3'| in residue>  DT J -42 
 GUESSED vdw of  O3' in  DT J -42  =  1.40
 NON-STANDARD atom.| C2'| in residue>  DT J -42 
 GUESSED vdw of  C2' in  DT J -42  =  1.80
 NON-STANDARD atom.| C1'| in residue>  DT J -42 
 GUESSED vdw of  C1' in  DT J -42  =  1.80
 NON-STANDARD atom.| N1 | in residue>  DT J -42 
 ASSUMED vdw of  N1  in  DT J -42  =  1.60 (same as   A)
 NON-STANDARD atom.| C2 | in residue>  DT J -42 
 ASSUMED vdw of  C2  in  DT J -42  =  1.80 (same as   A)
 NON-STANDARD atom.| O2 | in residue>  DT J -42 
 ASSUMED vdw of  O2  in  DT J -42  =  1.40 (same as   C)
 NON-STANDARD atom.| N3 | in residue>  DT J -42 
 ASSUMED vdw of  N3  in  DT J -42  =  1.60 (same as   A)
 NON-STANDARD atom.| C4 | in residue>  DT J -42 
 ASSUMED vdw of  C4  in  DT J -42  =  1.80 (same as   A)
 NON-STANDARD atom.| O4 | in residue>  DT J -42 
 ASSUMED vdw of  O4  in  DT J -42  =  1.40 (same as   T)
 NON-STANDARD atom.| C5 | in residue>  DT J -42 
 ASSUMED vdw of  C5  in  DT J -42  =  1.80 (same as   A)
 NON-STANDARD atom.| C7 | in residue>  DT J -42 
 GUESSED vdw of  C7  in  DT J -42  =  1.80
 NON-STANDARD atom.| C6 | in residue>  DT J -42 
 ASSUMED vdw of  C6  in  DT J -42  =  1.80 (same as   A)
 UNKNOWN residue type.............>  DG J -41 
 NON-STANDARD atom.| P  | in residue>  DG J -41 
 ASSUMED vdw of  P   in  DG J -41  =  1.90 (same as   A)
 NON-STANDARD atom.| OP1| in residue>  DG J -41 
 GUESSED vdw of  OP1 in  DG J -41  =  1.40
 NON-STANDARD atom.| OP2| in residue>  DG J -41 
 GUESSED vdw of  OP2 in  DG J -41  =  1.40
 NON-STANDARD atom.| O5'| in residue>  DG J -41 
 GUESSED vdw of  O5' in  DG J -41  =  1.40
 NON-STANDARD atom.| C5'| in residue>  DG J -41 
 GUESSED vdw of  C5' in  DG J -41  =  1.80
 NON-STANDARD atom.| C4'| in residue>  DG J -41 
 GUESSED vdw of  C4' in  DG J -41  =  1.80
 NON-STANDARD atom.| O4'| in residue>  DG J -41 
 GUESSED vdw of  O4' in  DG J -41  =  1.40
 NON-STANDARD atom.| C3'| in residue>  DG J -41 
 GUESSED vdw of  C3' in  DG J -41  =  1.80
 NON-STANDARD atom.| O3'| in residue>  DG J -41 
 GUESSED vdw of  O3' in  DG J -41  =  1.40
 NON-STANDARD atom.| C2'| in residue>  DG J -41 
 GUESSED vdw of  C2' in  DG J -41  =  1.80
 NON-STANDARD atom.| C1'| in residue>  DG J -41 
 GUESSED vdw of  C1' in  DG J -41  =  1.80
 NON-STANDARD atom.| N9 | in residue>  DG J -41 
 ASSUMED vdw of  N9  in  DG J -41  =  1.60 (same as   A)
 NON-STANDARD atom.| C8 | in residue>  DG J -41 
 ASSUMED vdw of  C8  in  DG J -41  =  1.80 (same as   A)
 NON-STANDARD atom.| N7 | in residue>  DG J -41 
 ASSUMED vdw of  N7  in  DG J -41  =  1.60 (same as   A)
 NON-STANDARD atom.| C5 | in residue>  DG J -41 
 ASSUMED vdw of  C5  in  DG J -41  =  1.80 (same as   A)
 NON-STANDARD atom.| C6 | in residue>  DG J -41 
 ASSUMED vdw of  C6  in  DG J -41  =  1.80 (same as   A)
 NON-STANDARD atom.| O6 | in residue>  DG J -41 
 ASSUMED vdw of  O6  in  DG J -41  =  1.40 (same as   G)
 NON-STANDARD atom.| N1 | in residue>  DG J -41 
 ASSUMED vdw of  N1  in  DG J -41  =  1.60 (same as   A)
 NON-STANDARD atom.| C2 | in residue>  DG J -41 
 ASSUMED vdw of  C2  in  DG J -41  =  1.80 (same as   A)
 NON-STANDARD atom.| N2 | in residue>  DG J -41 
 ASSUMED vdw of  N2  in  DG J -41  =  1.60 (same as   G)
 NON-STANDARD atom.| N3 | in residue>  DG J -41 
 ASSUMED vdw of  N3  in  DG J -41  =  1.60 (same as   A)
 NON-STANDARD atom.| C4 | in residue>  DG J -41 
 ASSUMED vdw of  C4  in  DG J -41  =  1.80 (same as   A)
 UNKNOWN residue type.............>  DG J -40 
 NON-STANDARD atom.| P  | in residue>  DG J -40 
 ASSUMED vdw of  P   in  DG J -40  =  1.90 (same as   A)
 NON-STANDARD atom.| OP1| in residue>  DG J -40 
 GUESSED vdw of  OP1 in  DG J -40  =  1.40
 NON-STANDARD atom.| OP2| in residue>  DG J -40 
 GUESSED vdw of  OP2 in  DG J -40  =  1.40
 NON-STANDARD atom.| O5'| in residue>  DG J -40 
 GUESSED vdw of  O5' in  DG J -40  =  1.40
 NON-STANDARD atom.| C5'| in residue>  DG J -40 
 GUESSED vdw of  C5' in  DG J -40  =  1.80
 NON-STANDARD atom.| C4'| in residue>  DG J -40 
 GUESSED vdw of  C4' in  DG J -40  =  1.80
 NON-STANDARD atom.| O4'| in residue>  DG J -40 
 GUESSED vdw of  O4' in  DG J -40  =  1.40
 NON-STANDARD atom.| C3'| in residue>  DG J -40 
 GUESSED vdw of  C3' in  DG J -40  =  1.80
 NON-STANDARD atom.| O3'| in residue>  DG J -40 
 GUESSED vdw of  O3' in  DG J -40  =  1.40
 NON-STANDARD atom.| C2'| in residue>  DG J -40 
 GUESSED vdw of  C2' in  DG J -40  =  1.80
 NON-STANDARD atom.| C1'| in residue>  DG J -40 
 GUESSED vdw of  C1' in  DG J -40  =  1.80
 NON-STANDARD atom.| N9 | in residue>  DG J -40 
 ASSUMED vdw of  N9  in  DG J -40  =  1.60 (same as   A)
 NON-STANDARD atom.| C8 | in residue>  DG J -40 
 ASSUMED vdw of  C8  in  DG J -40  =  1.80 (same as   A)
 NON-STANDARD atom.| N7 | in residue>  DG J -40 
 ASSUMED vdw of  N7  in  DG J -40  =  1.60 (same as   A)
 NON-STANDARD atom.| C5 | in residue>  DG J -40 
 ASSUMED vdw of  C5  in  DG J -40  =  1.80 (same as   A)
 NON-STANDARD atom.| C6 | in residue>  DG J -40 
 ASSUMED vdw of  C6  in  DG J -40  =  1.80 (same as   A)
 NON-STANDARD atom.| O6 | in residue>  DG J -40 
 ASSUMED vdw of  O6  in  DG J -40  =  1.40 (same as   G)
 NON-STANDARD atom.| N1 | in residue>  DG J -40 
 ASSUMED vdw of  N1  in  DG J -40  =  1.60 (same as   A)
 NON-STANDARD atom.| C2 | in residue>  DG J -40 
 ASSUMED vdw of  C2  in  DG J -40  =  1.80 (same as   A)
 NON-STANDARD atom.| N2 | in residue>  DG J -40 
 ASSUMED vdw of  N2  in  DG J -40  =  1.60 (same as   G)
 NON-STANDARD atom.| N3 | in residue>  DG J -40 
 ASSUMED vdw of  N3  in  DG J -40  =  1.60 (same as   A)
 NON-STANDARD atom.| C4 | in residue>  DG J -40 
 ASSUMED vdw of  C4  in  DG J -40  =  1.80 (same as   A)
 UNKNOWN residue type.............>  DT J -39 
 NON-STANDARD atom.| P  | in residue>  DT J -39 
 ASSUMED vdw of  P   in  DT J -39  =  1.90 (same as   A)
 NON-STANDARD atom.| OP1| in residue>  DT J -39 
 GUESSED vdw of  OP1 in  DT J -39  =  1.40
 NON-STANDARD atom.| OP2| in residue>  DT J -39 
 GUESSED vdw of  OP2 in  DT J -39  =  1.40
 NON-STANDARD atom.| O5'| in residue>  DT J -39 
 GUESSED vdw of  O5' in  DT J -39  =  1.40
 NON-STANDARD atom.| C5'| in residue>  DT J -39 
 GUESSED vdw of  C5' in  DT J -39  =  1.80
 NON-STANDARD atom.| C4'| in residue>  DT J -39 
 GUESSED vdw of  C4' in  DT J -39  =  1.80
 NON-STANDARD atom.| O4'| in residue>  DT J -39 
 GUESSED vdw of  O4' in  DT J -39  =  1.40
 NON-STANDARD atom.| C3'| in residue>  DT J -39 
 GUESSED vdw of  C3' in  DT J -39  =  1.80
 NON-STANDARD atom.| O3'| in residue>  DT J -39 
 GUESSED vdw of  O3' in  DT J -39  =  1.40
 NON-STANDARD atom.| C2'| in residue>  DT J -39 
 GUESSED vdw of  C2' in  DT J -39  =  1.80
 NON-STANDARD atom.| C1'| in residue>  DT J -39 
 GUESSED vdw of  C1' in  DT J -39  =  1.80
 NON-STANDARD atom.| N1 | in residue>  DT J -39 
 ASSUMED vdw of  N1  in  DT J -39  =  1.60 (same as   A)
 NON-STANDARD atom.| C2 | in residue>  DT J -39 
 ASSUMED vdw of  C2  in  DT J -39  =  1.80 (same as   A)
 NON-STANDARD atom.| O2 | in residue>  DT J -39 
 ASSUMED vdw of  O2  in  DT J -39  =  1.40 (same as   C)
 NON-STANDARD atom.| N3 | in residue>  DT J -39 
 ASSUMED vdw of  N3  in  DT J -39  =  1.60 (same as   A)
 NON-STANDARD atom.| C4 | in residue>  DT J -39 
 ASSUMED vdw of  C4  in  DT J -39  =  1.80 (same as   A)
 NON-STANDARD atom.| O4 | in residue>  DT J -39 
 ASSUMED vdw of  O4  in  DT J -39  =  1.40 (same as   T)
 NON-STANDARD atom.| C5 | in residue>  DT J -39 
 ASSUMED vdw of  C5  in  DT J -39  =  1.80 (same as   A)
 NON-STANDARD atom.| C7 | in residue>  DT J -39 
 GUESSED vdw of  C7  in  DT J -39  =  1.80
 NON-STANDARD atom.| C6 | in residue>  DT J -39 
 ASSUMED vdw of  C6  in  DT J -39  =  1.80 (same as   A)
 UNKNOWN residue type.............>  DC J -38 
 NON-STANDARD atom.| P  | in residue>  DC J -38 
 ASSUMED vdw of  P   in  DC J -38  =  1.90 (same as   A)
 NON-STANDARD atom.| OP1| in residue>  DC J -38 
 GUESSED vdw of  OP1 in  DC J -38  =  1.40
 NON-STANDARD atom.| OP2| in residue>  DC J -38 
 GUESSED vdw of  OP2 in  DC J -38  =  1.40
 NON-STANDARD atom.| O5'| in residue>  DC J -38 
 GUESSED vdw of  O5' in  DC J -38  =  1.40
 NON-STANDARD atom.| C5'| in residue>  DC J -38 
 GUESSED vdw of  C5' in  DC J -38  =  1.80
 NON-STANDARD atom.| C4'| in residue>  DC J -38 
 GUESSED vdw of  C4' in  DC J -38  =  1.80
 NON-STANDARD atom.| O4'| in residue>  DC J -38 
 GUESSED vdw of  O4' in  DC J -38  =  1.40
 NON-STANDARD atom.| C3'| in residue>  DC J -38 
 GUESSED vdw of  C3' in  DC J -38  =  1.80
 NON-STANDARD atom.| O3'| in residue>  DC J -38 
 GUESSED vdw of  O3' in  DC J -38  =  1.40
 NON-STANDARD atom.| C2'| in residue>  DC J -38 
 GUESSED vdw of  C2' in  DC J -38  =  1.80
 NON-STANDARD atom.| C1'| in residue>  DC J -38 
 GUESSED vdw of  C1' in  DC J -38  =  1.80
 NON-STANDARD atom.| N1 | in residue>  DC J -38 
 ASSUMED vdw of  N1  in  DC J -38  =  1.60 (same as   A)
 NON-STANDARD atom.| C2 | in residue>  DC J -38 
 ASSUMED vdw of  C2  in  DC J -38  =  1.80 (same as   A)
 NON-STANDARD atom.| O2 | in residue>  DC J -38 
 ASSUMED vdw of  O2  in  DC J -38  =  1.40 (same as   C)
 NON-STANDARD atom.| N3 | in residue>  DC J -38 
 ASSUMED vdw of  N3  in  DC J -38  =  1.60 (same as   A)
 NON-STANDARD atom.| C4 | in residue>  DC J -38 
 ASSUMED vdw of  C4  in  DC J -38  =  1.80 (same as   A)
 NON-STANDARD atom.| N4 | in residue>  DC J -38 
 ASSUMED vdw of  N4  in  DC J -38  =  1.60 (same as   C)
 NON-STANDARD atom.| C5 | in residue>  DC J -38 
 ASSUMED vdw of  C5  in  DC J -38  =  1.80 (same as   A)
 NON-STANDARD atom.| C6 | in residue>  DC J -38 
 ASSUMED vdw of  C6  in  DC J -38  =  1.80 (same as   A)
 UNKNOWN residue type.............>  DG J -37 
 NON-STANDARD atom.| P  | in residue>  DG J -37 
 ASSUMED vdw of  P   in  DG J -37  =  1.90 (same as   A)
 NON-STANDARD atom.| OP1| in residue>  DG J -37 
 GUESSED vdw of  OP1 in  DG J -37  =  1.40
 NON-STANDARD atom.| OP2| in residue>  DG J -37 
 GUESSED vdw of  OP2 in  DG J -37  =  1.40
 NON-STANDARD atom.| O5'| in residue>  DG J -37 
 GUESSED vdw of  O5' in  DG J -37  =  1.40
 NON-STANDARD atom.| C5'| in residue>  DG J -37 
 GUESSED vdw of  C5' in  DG J -37  =  1.80
 NON-STANDARD atom.| C4'| in residue>  DG J -37 
 GUESSED vdw of  C4' in  DG J -37  =  1.80
 NON-STANDARD atom.| O4'| in residue>  DG J -37 
 GUESSED vdw of  O4' in  DG J -37  =  1.40
 NON-STANDARD atom.| C3'| in residue>  DG J -37 
 GUESSED vdw of  C3' in  DG J -37  =  1.80
 NON-STANDARD atom.| O3'| in residue>  DG J -37 
 GUESSED vdw of  O3' in  DG J -37  =  1.40
 NON-STANDARD atom.| C2'| in residue>  DG J -37 
 GUESSED vdw of  C2' in  DG J -37  =  1.80
 NON-STANDARD atom.| C1'| in residue>  DG J -37 
 GUESSED vdw of  C1' in  DG J -37  =  1.80
 NON-STANDARD atom.| N9 | in residue>  DG J -37 
 ASSUMED vdw of  N9  in  DG J -37  =  1.60 (same as   A)
 NON-STANDARD atom.| C8 | in residue>  DG J -37 
 ASSUMED vdw of  C8  in  DG J -37  =  1.80 (same as   A)
 NON-STANDARD atom.| N7 | in residue>  DG J -37 
 ASSUMED vdw of  N7  in  DG J -37  =  1.60 (same as   A)
 NON-STANDARD atom.| C5 | in residue>  DG J -37 
 ASSUMED vdw of  C5  in  DG J -37  =  1.80 (same as   A)
 NON-STANDARD atom.| C6 | in residue>  DG J -37 
 ASSUMED vdw of  C6  in  DG J -37  =  1.80 (same as   A)
 NON-STANDARD atom.| O6 | in residue>  DG J -37 
 ASSUMED vdw of  O6  in  DG J -37  =  1.40 (same as   G)
 NON-STANDARD atom.| N1 | in residue>  DG J -37 
 ASSUMED vdw of  N1  in  DG J -37  =  1.60 (same as   A)
 NON-STANDARD atom.| C2 | in residue>  DG J -37 
 ASSUMED vdw of  C2  in  DG J -37  =  1.80 (same as   A)
 NON-STANDARD atom.| N2 | in residue>  DG J -37 
 ASSUMED vdw of  N2  in  DG J -37  =  1.60 (same as   G)
 NON-STANDARD atom.| N3 | in residue>  DG J -37 
 ASSUMED vdw of  N3  in  DG J -37  =  1.60 (same as   A)
 NON-STANDARD atom.| C4 | in residue>  DG J -37 
 ASSUMED vdw of  C4  in  DG J -37  =  1.80 (same as   A)
 UNKNOWN residue type.............>  DT J -36 
 NON-STANDARD atom.| P  | in residue>  DT J -36 
 ASSUMED vdw of  P   in  DT J -36  =  1.90 (same as   A)
 NON-STANDARD atom.| OP1| in residue>  DT J -36 
 GUESSED vdw of  OP1 in  DT J -36  =  1.40
 NON-STANDARD atom.| OP2| in residue>  DT J -36 
 GUESSED vdw of  OP2 in  DT J -36  =  1.40
 NON-STANDARD atom.| O5'| in residue>  DT J -36 
 GUESSED vdw of  O5' in  DT J -36  =  1.40
 NON-STANDARD atom.| C5'| in residue>  DT J -36 
 GUESSED vdw of  C5' in  DT J -36  =  1.80
 NON-STANDARD atom.| C4'| in residue>  DT J -36 
 GUESSED vdw of  C4' in  DT J -36  =  1.80
 NON-STANDARD atom.| O4'| in residue>  DT J -36 
 GUESSED vdw of  O4' in  DT J -36  =  1.40
 NON-STANDARD atom.| C3'| in residue>  DT J -36 
 GUESSED vdw of  C3' in  DT J -36  =  1.80
 NON-STANDARD atom.| O3'| in residue>  DT J -36 
 GUESSED vdw of  O3' in  DT J -36  =  1.40
 NON-STANDARD atom.| C2'| in residue>  DT J -36 
 GUESSED vdw of  C2' in  DT J -36  =  1.80
 NON-STANDARD atom.| C1'| in residue>  DT J -36 
 GUESSED vdw of  C1' in  DT J -36  =  1.80
 NON-STANDARD atom.| N1 | in residue>  DT J -36 
 ASSUMED vdw of  N1  in  DT J -36  =  1.60 (same as   A)
 NON-STANDARD atom.| C2 | in residue>  DT J -36 
 ASSUMED vdw of  C2  in  DT J -36  =  1.80 (same as   A)
 NON-STANDARD atom.| O2 | in residue>  DT J -36 
 ASSUMED vdw of  O2  in  DT J -36  =  1.40 (same as   C)
 NON-STANDARD atom.| N3 | in residue>  DT J -36 
 ASSUMED vdw of  N3  in  DT J -36  =  1.60 (same as   A)
 NON-STANDARD atom.| C4 | in residue>  DT J -36 
 ASSUMED vdw of  C4  in  DT J -36  =  1.80 (same as   A)
 NON-STANDARD atom.| O4 | in residue>  DT J -36 
 ASSUMED vdw of  O4  in  DT J -36  =  1.40 (same as   T)
 NON-STANDARD atom.| C5 | in residue>  DT J -36 
 ASSUMED vdw of  C5  in  DT J -36  =  1.80 (same as   A)
 NON-STANDARD atom.| C7 | in residue>  DT J -36 
 GUESSED vdw of  C7  in  DT J -36  =  1.80
 NON-STANDARD atom.| C6 | in residue>  DT J -36 
 ASSUMED vdw of  C6  in  DT J -36  =  1.80 (same as   A)
 UNKNOWN residue type.............>  DA J -35 
 NON-STANDARD atom.| P  | in residue>  DA J -35 
 ASSUMED vdw of  P   in  DA J -35  =  1.90 (same as   A)
 NON-STANDARD atom.| OP1| in residue>  DA J -35 
 GUESSED vdw of  OP1 in  DA J -35  =  1.40
 NON-STANDARD atom.| OP2| in residue>  DA J -35 
 GUESSED vdw of  OP2 in  DA J -35  =  1.40
 NON-STANDARD atom.| O5'| in residue>  DA J -35 
 GUESSED vdw of  O5' in  DA J -35  =  1.40
 NON-STANDARD atom.| C5'| in residue>  DA J -35 
 GUESSED vdw of  C5' in  DA J -35  =  1.80
 NON-STANDARD atom.| C4'| in residue>  DA J -35 
 GUESSED vdw of  C4' in  DA J -35  =  1.80
 NON-STANDARD atom.| O4'| in residue>  DA J -35 
 GUESSED vdw of  O4' in  DA J -35  =  1.40
 NON-STANDARD atom.| C3'| in residue>  DA J -35 
 GUESSED vdw of  C3' in  DA J -35  =  1.80
 NON-STANDARD atom.| O3'| in residue>  DA J -35 
 GUESSED vdw of  O3' in  DA J -35  =  1.40
 NON-STANDARD atom.| C2'| in residue>  DA J -35 
 GUESSED vdw of  C2' in  DA J -35  =  1.80
 NON-STANDARD atom.| C1'| in residue>  DA J -35 
 GUESSED vdw of  C1' in  DA J -35  =  1.80
 NON-STANDARD atom.| N9 | in residue>  DA J -35 
 ASSUMED vdw of  N9  in  DA J -35  =  1.60 (same as   A)
 NON-STANDARD atom.| C8 | in residue>  DA J -35 
 ASSUMED vdw of  C8  in  DA J -35  =  1.80 (same as   A)
 NON-STANDARD atom.| N7 | in residue>  DA J -35 
 ASSUMED vdw of  N7  in  DA J -35  =  1.60 (same as   A)
 NON-STANDARD atom.| C5 | in residue>  DA J -35 
 ASSUMED vdw of  C5  in  DA J -35  =  1.80 (same as   A)
 NON-STANDARD atom.| C6 | in residue>  DA J -35 
 ASSUMED vdw of  C6  in  DA J -35  =  1.80 (same as   A)
 NON-STANDARD atom.| N6 | in residue>  DA J -35 
 ASSUMED vdw of  N6  in  DA J -35  =  1.60 (same as   A)
 NON-STANDARD atom.| N1 | in residue>  DA J -35 
 ASSUMED vdw of  N1  in  DA J -35  =  1.60 (same as   A)
 NON-STANDARD atom.| C2 | in residue>  DA J -35 
 ASSUMED vdw of  C2  in  DA J -35  =  1.80 (same as   A)
 NON-STANDARD atom.| N3 | in residue>  DA J -35 
 ASSUMED vdw of  N3  in  DA J -35  =  1.60 (same as   A)
 NON-STANDARD atom.| C4 | in residue>  DA J -35 
 ASSUMED vdw of  C4  in  DA J -35  =  1.80 (same as   A)
 UNKNOWN residue type.............>  DG J -34 
 NON-STANDARD atom.| P  | in residue>  DG J -34 
 ASSUMED vdw of  P   in  DG J -34  =  1.90 (same as   A)
 NON-STANDARD atom.| OP1| in residue>  DG J -34 
 GUESSED vdw of  OP1 in  DG J -34  =  1.40
 NON-STANDARD atom.| OP2| in residue>  DG J -34 
 GUESSED vdw of  OP2 in  DG J -34  =  1.40
 NON-STANDARD atom.| O5'| in residue>  DG J -34 
 GUESSED vdw of  O5' in  DG J -34  =  1.40
 NON-STANDARD atom.| C5'| in residue>  DG J -34 
 GUESSED vdw of  C5' in  DG J -34  =  1.80
 NON-STANDARD atom.| C4'| in residue>  DG J -34 
 GUESSED vdw of  C4' in  DG J -34  =  1.80
 NON-STANDARD atom.| O4'| in residue>  DG J -34 
 GUESSED vdw of  O4' in  DG J -34  =  1.40
 NON-STANDARD atom.| C3'| in residue>  DG J -34 
 GUESSED vdw of  C3' in  DG J -34  =  1.80
 NON-STANDARD atom.| O3'| in residue>  DG J -34 
 GUESSED vdw of  O3' in  DG J -34  =  1.40
 NON-STANDARD atom.| C2'| in residue>  DG J -34 
 GUESSED vdw of  C2' in  DG J -34  =  1.80
 NON-STANDARD atom.| C1'| in residue>  DG J -34 
 GUESSED vdw of  C1' in  DG J -34  =  1.80
 NON-STANDARD atom.| N9 | in residue>  DG J -34 
 ASSUMED vdw of  N9  in  DG J -34  =  1.60 (same as   A)
 NON-STANDARD atom.| C8 | in residue>  DG J -34 
 ASSUMED vdw of  C8  in  DG J -34  =  1.80 (same as   A)
 NON-STANDARD atom.| N7 | in residue>  DG J -34 
 ASSUMED vdw of  N7  in  DG J -34  =  1.60 (same as   A)
 NON-STANDARD atom.| C5 | in residue>  DG J -34 
 ASSUMED vdw of  C5  in  DG J -34  =  1.80 (same as   A)
 NON-STANDARD atom.| C6 | in residue>  DG J -34 
 ASSUMED vdw of  C6  in  DG J -34  =  1.80 (same as   A)
 NON-STANDARD atom.| O6 | in residue>  DG J -34 
 ASSUMED vdw of  O6  in  DG J -34  =  1.40 (same as   G)
 NON-STANDARD atom.| N1 | in residue>  DG J -34 
 ASSUMED vdw of  N1  in  DG J -34  =  1.60 (same as   A)
 NON-STANDARD atom.| C2 | in residue>  DG J -34 
 ASSUMED vdw of  C2  in  DG J -34  =  1.80 (same as   A)
 NON-STANDARD atom.| N2 | in residue>  DG J -34 
 ASSUMED vdw of  N2  in  DG J -34  =  1.60 (same as   G)
 NON-STANDARD atom.| N3 | in residue>  DG J -34 
 ASSUMED vdw of  N3  in  DG J -34  =  1.60 (same as   A)
 NON-STANDARD atom.| C4 | in residue>  DG J -34 
 ASSUMED vdw of  C4  in  DG J -34  =  1.80 (same as   A)
 UNKNOWN residue type.............>  DA J -33 
 NON-STANDARD atom.| P  | in residue>  DA J -33 
 ASSUMED vdw of  P   in  DA J -33  =  1.90 (same as   A)
 NON-STANDARD atom.| OP1| in residue>  DA J -33 
 GUESSED vdw of  OP1 in  DA J -33  =  1.40
 NON-STANDARD atom.| OP2| in residue>  DA J -33 
 GUESSED vdw of  OP2 in  DA J -33  =  1.40
 NON-STANDARD atom.| O5'| in residue>  DA J -33 
 GUESSED vdw of  O5' in  DA J -33  =  1.40
 NON-STANDARD atom.| C5'| in residue>  DA J -33 
 GUESSED vdw of  C5' in  DA J -33  =  1.80
 NON-STANDARD atom.| C4'| in residue>  DA J -33 
 GUESSED vdw of  C4' in  DA J -33  =  1.80
 NON-STANDARD atom.| O4'| in residue>  DA J -33 
 GUESSED vdw of  O4' in  DA J -33  =  1.40
 NON-STANDARD atom.| C3'| in residue>  DA J -33 
 GUESSED vdw of  C3' in  DA J -33  =  1.80
 NON-STANDARD atom.| O3'| in residue>  DA J -33 
 GUESSED vdw of  O3' in  DA J -33  =  1.40
 NON-STANDARD atom.| C2'| in residue>  DA J -33 
 GUESSED vdw of  C2' in  DA J -33  =  1.80
 NON-STANDARD atom.| C1'| in residue>  DA J -33 
 GUESSED vdw of  C1' in  DA J -33  =  1.80
 NON-STANDARD atom.| N9 | in residue>  DA J -33 
 ASSUMED vdw of  N9  in  DA J -33  =  1.60 (same as   A)
 NON-STANDARD atom.| C8 | in residue>  DA J -33 
 ASSUMED vdw of  C8  in  DA J -33  =  1.80 (same as   A)
 NON-STANDARD atom.| N7 | in residue>  DA J -33 
 ASSUMED vdw of  N7  in  DA J -33  =  1.60 (same as   A)
 NON-STANDARD atom.| C5 | in residue>  DA J -33 
 ASSUMED vdw of  C5  in  DA J -33  =  1.80 (same as   A)
 NON-STANDARD atom.| C6 | in residue>  DA J -33 
 ASSUMED vdw of  C6  in  DA J -33  =  1.80 (same as   A)
 NON-STANDARD atom.| N6 | in residue>  DA J -33 
 ASSUMED vdw of  N6  in  DA J -33  =  1.60 (same as   A)
 NON-STANDARD atom.| N1 | in residue>  DA J -33 
 ASSUMED vdw of  N1  in  DA J -33  =  1.60 (same as   A)
 NON-STANDARD atom.| C2 | in residue>  DA J -33 
 ASSUMED vdw of  C2  in  DA J -33  =  1.80 (same as   A)
 NON-STANDARD atom.| N3 | in residue>  DA J -33 
 ASSUMED vdw of  N3  in  DA J -33  =  1.60 (same as   A)
 NON-STANDARD atom.| C4 | in residue>  DA J -33 
 ASSUMED vdw of  C4  in  DA J -33  =  1.80 (same as   A)
 UNKNOWN residue type.............>  DC J -32 
 NON-STANDARD atom.| P  | in residue>  DC J -32 
 ASSUMED vdw of  P   in  DC J -32  =  1.90 (same as   A)
 NON-STANDARD atom.| OP1| in residue>  DC J -32 
 GUESSED vdw of  OP1 in  DC J -32  =  1.40
 NON-STANDARD atom.| OP2| in residue>  DC J -32 
 GUESSED vdw of  OP2 in  DC J -32  =  1.40
 NON-STANDARD atom.| O5'| in residue>  DC J -32 
 GUESSED vdw of  O5' in  DC J -32  =  1.40
 NON-STANDARD atom.| C5'| in residue>  DC J -32 
 GUESSED vdw of  C5' in  DC J -32  =  1.80
 NON-STANDARD atom.| C4'| in residue>  DC J -32 
 GUESSED vdw of  C4' in  DC J -32  =  1.80
 NON-STANDARD atom.| O4'| in residue>  DC J -32 
 GUESSED vdw of  O4' in  DC J -32  =  1.40
 NON-STANDARD atom.| C3'| in residue>  DC J -32 
 GUESSED vdw of  C3' in  DC J -32  =  1.80
 NON-STANDARD atom.| O3'| in residue>  DC J -32 
 GUESSED vdw of  O3' in  DC J -32  =  1.40
 NON-STANDARD atom.| C2'| in residue>  DC J -32 
 GUESSED vdw of  C2' in  DC J -32  =  1.80
 NON-STANDARD atom.| C1'| in residue>  DC J -32 
 GUESSED vdw of  C1' in  DC J -32  =  1.80
 NON-STANDARD atom.| N1 | in residue>  DC J -32 
 ASSUMED vdw of  N1  in  DC J -32  =  1.60 (same as   A)
 NON-STANDARD atom.| C2 | in residue>  DC J -32 
 ASSUMED vdw of  C2  in  DC J -32  =  1.80 (same as   A)
 NON-STANDARD atom.| O2 | in residue>  DC J -32 
 ASSUMED vdw of  O2  in  DC J -32  =  1.40 (same as   C)
 NON-STANDARD atom.| N3 | in residue>  DC J -32 
 ASSUMED vdw of  N3  in  DC J -32  =  1.60 (same as   A)
 NON-STANDARD atom.| C4 | in residue>  DC J -32 
 ASSUMED vdw of  C4  in  DC J -32  =  1.80 (same as   A)
 NON-STANDARD atom.| N4 | in residue>  DC J -32 
 ASSUMED vdw of  N4  in  DC J -32  =  1.60 (same as   C)
 NON-STANDARD atom.| C5 | in residue>  DC J -32 
 ASSUMED vdw of  C5  in  DC J -32  =  1.80 (same as   A)
 NON-STANDARD atom.| C6 | in residue>  DC J -32 
 ASSUMED vdw of  C6  in  DC J -32  =  1.80 (same as   A)
 UNKNOWN residue type.............>  DA J -31 
 NON-STANDARD atom.| P  | in residue>  DA J -31 
 ASSUMED vdw of  P   in  DA J -31  =  1.90 (same as   A)
 NON-STANDARD atom.| OP1| in residue>  DA J -31 
 GUESSED vdw of  OP1 in  DA J -31  =  1.40
 NON-STANDARD atom.| OP2| in residue>  DA J -31 
 GUESSED vdw of  OP2 in  DA J -31  =  1.40
 NON-STANDARD atom.| O5'| in residue>  DA J -31 
 GUESSED vdw of  O5' in  DA J -31  =  1.40
 NON-STANDARD atom.| C5'| in residue>  DA J -31 
 GUESSED vdw of  C5' in  DA J -31  =  1.80
 NON-STANDARD atom.| C4'| in residue>  DA J -31 
 GUESSED vdw of  C4' in  DA J -31  =  1.80
 NON-STANDARD atom.| O4'| in residue>  DA J -31 
 GUESSED vdw of  O4' in  DA J -31  =  1.40
 NON-STANDARD atom.| C3'| in residue>  DA J -31 
 GUESSED vdw of  C3' in  DA J -31  =  1.80
 NON-STANDARD atom.| O3'| in residue>  DA J -31 
 GUESSED vdw of  O3' in  DA J -31  =  1.40
 NON-STANDARD atom.| C2'| in residue>  DA J -31 
 GUESSED vdw of  C2' in  DA J -31  =  1.80
 NON-STANDARD atom.| C1'| in residue>  DA J -31 
 GUESSED vdw of  C1' in  DA J -31  =  1.80
 NON-STANDARD atom.| N9 | in residue>  DA J -31 
 ASSUMED vdw of  N9  in  DA J -31  =  1.60 (same as   A)
 NON-STANDARD atom.| C8 | in residue>  DA J -31 
 ASSUMED vdw of  C8  in  DA J -31  =  1.80 (same as   A)
 NON-STANDARD atom.| N7 | in residue>  DA J -31 
 ASSUMED vdw of  N7  in  DA J -31  =  1.60 (same as   A)
 NON-STANDARD atom.| C5 | in residue>  DA J -31 
 ASSUMED vdw of  C5  in  DA J -31  =  1.80 (same as   A)
 NON-STANDARD atom.| C6 | in residue>  DA J -31 
 ASSUMED vdw of  C6  in  DA J -31  =  1.80 (same as   A)
 NON-STANDARD atom.| N6 | in residue>  DA J -31 
 ASSUMED vdw of  N6  in  DA J -31  =  1.60 (same as   A)
 NON-STANDARD atom.| N1 | in residue>  DA J -31 
 ASSUMED vdw of  N1  in  DA J -31  =  1.60 (same as   A)
 NON-STANDARD atom.| C2 | in residue>  DA J -31 
 ASSUMED vdw of  C2  in  DA J -31  =  1.80 (same as   A)
 NON-STANDARD atom.| N3 | in residue>  DA J -31 
 ASSUMED vdw of  N3  in  DA J -31  =  1.60 (same as   A)
 NON-STANDARD atom.| C4 | in residue>  DA J -31 
 ASSUMED vdw of  C4  in  DA J -31  =  1.80 (same as   A)
 UNKNOWN residue type.............>  DG J -30 
 NON-STANDARD atom.| P  | in residue>  DG J -30 
 ASSUMED vdw of  P   in  DG J -30  =  1.90 (same as   A)
 NON-STANDARD atom.| OP1| in residue>  DG J -30 
 GUESSED vdw of  OP1 in  DG J -30  =  1.40
 NON-STANDARD atom.| OP2| in residue>  DG J -30 
 GUESSED vdw of  OP2 in  DG J -30  =  1.40
 NON-STANDARD atom.| O5'| in residue>  DG J -30 
 GUESSED vdw of  O5' in  DG J -30  =  1.40
 NON-STANDARD atom.| C5'| in residue>  DG J -30 
 GUESSED vdw of  C5' in  DG J -30  =  1.80
 NON-STANDARD atom.| C4'| in residue>  DG J -30 
 GUESSED vdw of  C4' in  DG J -30  =  1.80
 NON-STANDARD atom.| O4'| in residue>  DG J -30 
 GUESSED vdw of  O4' in  DG J -30  =  1.40
 NON-STANDARD atom.| C3'| in residue>  DG J -30 
 GUESSED vdw of  C3' in  DG J -30  =  1.80
 NON-STANDARD atom.| O3'| in residue>  DG J -30 
 GUESSED vdw of  O3' in  DG J -30  =  1.40
 NON-STANDARD atom.| C2'| in residue>  DG J -30 
 GUESSED vdw of  C2' in  DG J -30  =  1.80
 NON-STANDARD atom.| C1'| in residue>  DG J -30 
 GUESSED vdw of  C1' in  DG J -30  =  1.80
 NON-STANDARD atom.| N9 | in residue>  DG J -30 
 ASSUMED vdw of  N9  in  DG J -30  =  1.60 (same as   A)
 NON-STANDARD atom.| C8 | in residue>  DG J -30 
 ASSUMED vdw of  C8  in  DG J -30  =  1.80 (same as   A)
 NON-STANDARD atom.| N7 | in residue>  DG J -30 
 ASSUMED vdw of  N7  in  DG J -30  =  1.60 (same as   A)
 NON-STANDARD atom.| C5 | in residue>  DG J -30 
 ASSUMED vdw of  C5  in  DG J -30  =  1.80 (same as   A)
 NON-STANDARD atom.| C6 | in residue>  DG J -30 
 ASSUMED vdw of  C6  in  DG J -30  =  1.80 (same as   A)
 NON-STANDARD atom.| O6 | in residue>  DG J -30 
 ASSUMED vdw of  O6  in  DG J -30  =  1.40 (same as   G)
 NON-STANDARD atom.| N1 | in residue>  DG J -30 
 ASSUMED vdw of  N1  in  DG J -30  =  1.60 (same as   A)
 NON-STANDARD atom.| C2 | in residue>  DG J -30 
 ASSUMED vdw of  C2  in  DG J -30  =  1.80 (same as   A)
 NON-STANDARD atom.| N2 | in residue>  DG J -30 
 ASSUMED vdw of  N2  in  DG J -30  =  1.60 (same as   G)
 NON-STANDARD atom.| N3 | in residue>  DG J -30 
 ASSUMED vdw of  N3  in  DG J -30  =  1.60 (same as   A)
 NON-STANDARD atom.| C4 | in residue>  DG J -30 
 ASSUMED vdw of  C4  in  DG J -30  =  1.80 (same as   A)
 UNKNOWN residue type.............>  DC J -29 
 NON-STANDARD atom.| P  | in residue>  DC J -29 
 ASSUMED vdw of  P   in  DC J -29  =  1.90 (same as   A)
 NON-STANDARD atom.| OP1| in residue>  DC J -29 
 GUESSED vdw of  OP1 in  DC J -29  =  1.40
 NON-STANDARD atom.| OP2| in residue>  DC J -29 
 GUESSED vdw of  OP2 in  DC J -29  =  1.40
 NON-STANDARD atom.| O5'| in residue>  DC J -29 
 GUESSED vdw of  O5' in  DC J -29  =  1.40
 NON-STANDARD atom.| C5'| in residue>  DC J -29 
 GUESSED vdw of  C5' in  DC J -29  =  1.80
 NON-STANDARD atom.| C4'| in residue>  DC J -29 
 GUESSED vdw of  C4' in  DC J -29  =  1.80
 NON-STANDARD atom.| O4'| in residue>  DC J -29 
 GUESSED vdw of  O4' in  DC J -29  =  1.40
 NON-STANDARD atom.| C3'| in residue>  DC J -29 
 GUESSED vdw of  C3' in  DC J -29  =  1.80
 NON-STANDARD atom.| O3'| in residue>  DC J -29 
 GUESSED vdw of  O3' in  DC J -29  =  1.40
 NON-STANDARD atom.| C2'| in residue>  DC J -29 
 GUESSED vdw of  C2' in  DC J -29  =  1.80
 NON-STANDARD atom.| C1'| in residue>  DC J -29 
 GUESSED vdw of  C1' in  DC J -29  =  1.80
 NON-STANDARD atom.| N1 | in residue>  DC J -29 
 ASSUMED vdw of  N1  in  DC J -29  =  1.60 (same as   A)
 NON-STANDARD atom.| C2 | in residue>  DC J -29 
 ASSUMED vdw of  C2  in  DC J -29  =  1.80 (same as   A)
 NON-STANDARD atom.| O2 | in residue>  DC J -29 
 ASSUMED vdw of  O2  in  DC J -29  =  1.40 (same as   C)
 NON-STANDARD atom.| N3 | in residue>  DC J -29 
 ASSUMED vdw of  N3  in  DC J -29  =  1.60 (same as   A)
 NON-STANDARD atom.| C4 | in residue>  DC J -29 
 ASSUMED vdw of  C4  in  DC J -29  =  1.80 (same as   A)
 NON-STANDARD atom.| N4 | in residue>  DC J -29 
 ASSUMED vdw of  N4  in  DC J -29  =  1.60 (same as   C)
 NON-STANDARD atom.| C5 | in residue>  DC J -29 
 ASSUMED vdw of  C5  in  DC J -29  =  1.80 (same as   A)
 NON-STANDARD atom.| C6 | in residue>  DC J -29 
 ASSUMED vdw of  C6  in  DC J -29  =  1.80 (same as   A)
 UNKNOWN residue type.............>  DT J -28 
 NON-STANDARD atom.| P  | in residue>  DT J -28 
 ASSUMED vdw of  P   in  DT J -28  =  1.90 (same as   A)
 NON-STANDARD atom.| OP1| in residue>  DT J -28 
 GUESSED vdw of  OP1 in  DT J -28  =  1.40
 NON-STANDARD atom.| OP2| in residue>  DT J -28 
 GUESSED vdw of  OP2 in  DT J -28  =  1.40
 NON-STANDARD atom.| O5'| in residue>  DT J -28 
 GUESSED vdw of  O5' in  DT J -28  =  1.40
 NON-STANDARD atom.| C5'| in residue>  DT J -28 
 GUESSED vdw of  C5' in  DT J -28  =  1.80
 NON-STANDARD atom.| C4'| in residue>  DT J -28 
 GUESSED vdw of  C4' in  DT J -28  =  1.80
 NON-STANDARD atom.| O4'| in residue>  DT J -28 
 GUESSED vdw of  O4' in  DT J -28  =  1.40
 NON-STANDARD atom.| C3'| in residue>  DT J -28 
 GUESSED vdw of  C3' in  DT J -28  =  1.80
 NON-STANDARD atom.| O3'| in residue>  DT J -28 
 GUESSED vdw of  O3' in  DT J -28  =  1.40
 NON-STANDARD atom.| C2'| in residue>  DT J -28 
 GUESSED vdw of  C2' in  DT J -28  =  1.80
 NON-STANDARD atom.| C1'| in residue>  DT J -28 
 GUESSED vdw of  C1' in  DT J -28  =  1.80
 NON-STANDARD atom.| N1 | in residue>  DT J -28 
 ASSUMED vdw of  N1  in  DT J -28  =  1.60 (same as   A)
 NON-STANDARD atom.| C2 | in residue>  DT J -28 
 ASSUMED vdw of  C2  in  DT J -28  =  1.80 (same as   A)
 NON-STANDARD atom.| O2 | in residue>  DT J -28 
 ASSUMED vdw of  O2  in  DT J -28  =  1.40 (same as   C)
 NON-STANDARD atom.| N3 | in residue>  DT J -28 
 ASSUMED vdw of  N3  in  DT J -28  =  1.60 (same as   A)
 NON-STANDARD atom.| C4 | in residue>  DT J -28 
 ASSUMED vdw of  C4  in  DT J -28  =  1.80 (same as   A)
 NON-STANDARD atom.| O4 | in residue>  DT J -28 
 ASSUMED vdw of  O4  in  DT J -28  =  1.40 (same as   T)
 NON-STANDARD atom.| C5 | in residue>  DT J -28 
 ASSUMED vdw of  C5  in  DT J -28  =  1.80 (same as   A)
 NON-STANDARD atom.| C7 | in residue>  DT J -28 
 GUESSED vdw of  C7  in  DT J -28  =  1.80
 NON-STANDARD atom.| C6 | in residue>  DT J -28 
 ASSUMED vdw of  C6  in  DT J -28  =  1.80 (same as   A)
 UNKNOWN residue type.............>  DC J -27 
 NON-STANDARD atom.| P  | in residue>  DC J -27 
 ASSUMED vdw of  P   in  DC J -27  =  1.90 (same as   A)
 NON-STANDARD atom.| OP1| in residue>  DC J -27 
 GUESSED vdw of  OP1 in  DC J -27  =  1.40
 NON-STANDARD atom.| OP2| in residue>  DC J -27 
 GUESSED vdw of  OP2 in  DC J -27  =  1.40
 NON-STANDARD atom.| O5'| in residue>  DC J -27 
 GUESSED vdw of  O5' in  DC J -27  =  1.40
 NON-STANDARD atom.| C5'| in residue>  DC J -27 
 GUESSED vdw of  C5' in  DC J -27  =  1.80
 NON-STANDARD atom.| C4'| in residue>  DC J -27 
 GUESSED vdw of  C4' in  DC J -27  =  1.80
 NON-STANDARD atom.| O4'| in residue>  DC J -27 
 GUESSED vdw of  O4' in  DC J -27  =  1.40
 NON-STANDARD atom.| C3'| in residue>  DC J -27 
 GUESSED vdw of  C3' in  DC J -27  =  1.80
 NON-STANDARD atom.| O3'| in residue>  DC J -27 
 GUESSED vdw of  O3' in  DC J -27  =  1.40
 NON-STANDARD atom.| C2'| in residue>  DC J -27 
 GUESSED vdw of  C2' in  DC J -27  =  1.80
 NON-STANDARD atom.| C1'| in residue>  DC J -27 
 GUESSED vdw of  C1' in  DC J -27  =  1.80
 NON-STANDARD atom.| N1 | in residue>  DC J -27 
 ASSUMED vdw of  N1  in  DC J -27  =  1.60 (same as   A)
 NON-STANDARD atom.| C2 | in residue>  DC J -27 
 ASSUMED vdw of  C2  in  DC J -27  =  1.80 (same as   A)
 NON-STANDARD atom.| O2 | in residue>  DC J -27 
 ASSUMED vdw of  O2  in  DC J -27  =  1.40 (same as   C)
 NON-STANDARD atom.| N3 | in residue>  DC J -27 
 ASSUMED vdw of  N3  in  DC J -27  =  1.60 (same as   A)
 NON-STANDARD atom.| C4 | in residue>  DC J -27 
 ASSUMED vdw of  C4  in  DC J -27  =  1.80 (same as   A)
 NON-STANDARD atom.| N4 | in residue>  DC J -27 
 ASSUMED vdw of  N4  in  DC J -27  =  1.60 (same as   C)
 NON-STANDARD atom.| C5 | in residue>  DC J -27 
 ASSUMED vdw of  C5  in  DC J -27  =  1.80 (same as   A)
 NON-STANDARD atom.| C6 | in residue>  DC J -27 
 ASSUMED vdw of  C6  in  DC J -27  =  1.80 (same as   A)
 UNKNOWN residue type.............>  DT J -26 
 NON-STANDARD atom.| P  | in residue>  DT J -26 
 ASSUMED vdw of  P   in  DT J -26  =  1.90 (same as   A)
 NON-STANDARD atom.| OP1| in residue>  DT J -26 
 GUESSED vdw of  OP1 in  DT J -26  =  1.40
 NON-STANDARD atom.| OP2| in residue>  DT J -26 
 GUESSED vdw of  OP2 in  DT J -26  =  1.40
 NON-STANDARD atom.| O5'| in residue>  DT J -26 
 GUESSED vdw of  O5' in  DT J -26  =  1.40
 NON-STANDARD atom.| C5'| in residue>  DT J -26 
 GUESSED vdw of  C5' in  DT J -26  =  1.80
 NON-STANDARD atom.| C4'| in residue>  DT J -26 
 GUESSED vdw of  C4' in  DT J -26  =  1.80
 NON-STANDARD atom.| O4'| in residue>  DT J -26 
 GUESSED vdw of  O4' in  DT J -26  =  1.40
 NON-STANDARD atom.| C3'| in residue>  DT J -26 
 GUESSED vdw of  C3' in  DT J -26  =  1.80
 NON-STANDARD atom.| O3'| in residue>  DT J -26 
 GUESSED vdw of  O3' in  DT J -26  =  1.40
 NON-STANDARD atom.| C2'| in residue>  DT J -26 
 GUESSED vdw of  C2' in  DT J -26  =  1.80
 NON-STANDARD atom.| C1'| in residue>  DT J -26 
 GUESSED vdw of  C1' in  DT J -26  =  1.80
 NON-STANDARD atom.| N1 | in residue>  DT J -26 
 ASSUMED vdw of  N1  in  DT J -26  =  1.60 (same as   A)
 NON-STANDARD atom.| C2 | in residue>  DT J -26 
 ASSUMED vdw of  C2  in  DT J -26  =  1.80 (same as   A)
 NON-STANDARD atom.| O2 | in residue>  DT J -26 
 ASSUMED vdw of  O2  in  DT J -26  =  1.40 (same as   C)
 NON-STANDARD atom.| N3 | in residue>  DT J -26 
 ASSUMED vdw of  N3  in  DT J -26  =  1.60 (same as   A)
 NON-STANDARD atom.| C4 | in residue>  DT J -26 
 ASSUMED vdw of  C4  in  DT J -26  =  1.80 (same as   A)
 NON-STANDARD atom.| O4 | in residue>  DT J -26 
 ASSUMED vdw of  O4  in  DT J -26  =  1.40 (same as   T)
 NON-STANDARD atom.| C5 | in residue>  DT J -26 
 ASSUMED vdw of  C5  in  DT J -26  =  1.80 (same as   A)
 NON-STANDARD atom.| C7 | in residue>  DT J -26 
 GUESSED vdw of  C7  in  DT J -26  =  1.80
 NON-STANDARD atom.| C6 | in residue>  DT J -26 
 ASSUMED vdw of  C6  in  DT J -26  =  1.80 (same as   A)
 UNKNOWN residue type.............>  DA J -25 
 NON-STANDARD atom.| P  | in residue>  DA J -25 
 ASSUMED vdw of  P   in  DA J -25  =  1.90 (same as   A)
 NON-STANDARD atom.| OP1| in residue>  DA J -25 
 GUESSED vdw of  OP1 in  DA J -25  =  1.40
 NON-STANDARD atom.| OP2| in residue>  DA J -25 
 GUESSED vdw of  OP2 in  DA J -25  =  1.40
 NON-STANDARD atom.| O5'| in residue>  DA J -25 
 GUESSED vdw of  O5' in  DA J -25  =  1.40
 NON-STANDARD atom.| C5'| in residue>  DA J -25 
 GUESSED vdw of  C5' in  DA J -25  =  1.80
 NON-STANDARD atom.| C4'| in residue>  DA J -25 
 GUESSED vdw of  C4' in  DA J -25  =  1.80
 NON-STANDARD atom.| O4'| in residue>  DA J -25 
 GUESSED vdw of  O4' in  DA J -25  =  1.40
 NON-STANDARD atom.| C3'| in residue>  DA J -25 
 GUESSED vdw of  C3' in  DA J -25  =  1.80
 NON-STANDARD atom.| O3'| in residue>  DA J -25 
 GUESSED vdw of  O3' in  DA J -25  =  1.40
 NON-STANDARD atom.| C2'| in residue>  DA J -25 
 GUESSED vdw of  C2' in  DA J -25  =  1.80
 NON-STANDARD atom.| C1'| in residue>  DA J -25 
 GUESSED vdw of  C1' in  DA J -25  =  1.80
 NON-STANDARD atom.| N9 | in residue>  DA J -25 
 ASSUMED vdw of  N9  in  DA J -25  =  1.60 (same as   A)
 NON-STANDARD atom.| C8 | in residue>  DA J -25 
 ASSUMED vdw of  C8  in  DA J -25  =  1.80 (same as   A)
 NON-STANDARD atom.| N7 | in residue>  DA J -25 
 ASSUMED vdw of  N7  in  DA J -25  =  1.60 (same as   A)
 NON-STANDARD atom.| C5 | in residue>  DA J -25 
 ASSUMED vdw of  C5  in  DA J -25  =  1.80 (same as   A)
 NON-STANDARD atom.| C6 | in residue>  DA J -25 
 ASSUMED vdw of  C6  in  DA J -25  =  1.80 (same as   A)
 NON-STANDARD atom.| N6 | in residue>  DA J -25 
 ASSUMED vdw of  N6  in  DA J -25  =  1.60 (same as   A)
 NON-STANDARD atom.| N1 | in residue>  DA J -25 
 ASSUMED vdw of  N1  in  DA J -25  =  1.60 (same as   A)
 NON-STANDARD atom.| C2 | in residue>  DA J -25 
 ASSUMED vdw of  C2  in  DA J -25  =  1.80 (same as   A)
 NON-STANDARD atom.| N3 | in residue>  DA J -25 
 ASSUMED vdw of  N3  in  DA J -25  =  1.60 (same as   A)
 NON-STANDARD atom.| C4 | in residue>  DA J -25 
 ASSUMED vdw of  C4  in  DA J -25  =  1.80 (same as   A)
 UNKNOWN residue type.............>  DG J -24 
 NON-STANDARD atom.| P  | in residue>  DG J -24 
 ASSUMED vdw of  P   in  DG J -24  =  1.90 (same as   A)
 NON-STANDARD atom.| OP1| in residue>  DG J -24 
 GUESSED vdw of  OP1 in  DG J -24  =  1.40
 NON-STANDARD atom.| OP2| in residue>  DG J -24 
 GUESSED vdw of  OP2 in  DG J -24  =  1.40
 NON-STANDARD atom.| O5'| in residue>  DG J -24 
 GUESSED vdw of  O5' in  DG J -24  =  1.40
 NON-STANDARD atom.| C5'| in residue>  DG J -24 
 GUESSED vdw of  C5' in  DG J -24  =  1.80
 NON-STANDARD atom.| C4'| in residue>  DG J -24 
 GUESSED vdw of  C4' in  DG J -24  =  1.80
 NON-STANDARD atom.| O4'| in residue>  DG J -24 
 GUESSED vdw of  O4' in  DG J -24  =  1.40
 NON-STANDARD atom.| C3'| in residue>  DG J -24 
 GUESSED vdw of  C3' in  DG J -24  =  1.80
 NON-STANDARD atom.| O3'| in residue>  DG J -24 
 GUESSED vdw of  O3' in  DG J -24  =  1.40
 NON-STANDARD atom.| C2'| in residue>  DG J -24 
 GUESSED vdw of  C2' in  DG J -24  =  1.80
 NON-STANDARD atom.| C1'| in residue>  DG J -24 
 GUESSED vdw of  C1' in  DG J -24  =  1.80
 NON-STANDARD atom.| N9 | in residue>  DG J -24 
 ASSUMED vdw of  N9  in  DG J -24  =  1.60 (same as   A)
 NON-STANDARD atom.| C8 | in residue>  DG J -24 
 ASSUMED vdw of  C8  in  DG J -24  =  1.80 (same as   A)
 NON-STANDARD atom.| N7 | in residue>  DG J -24 
 ASSUMED vdw of  N7  in  DG J -24  =  1.60 (same as   A)
 NON-STANDARD atom.| C5 | in residue>  DG J -24 
 ASSUMED vdw of  C5  in  DG J -24  =  1.80 (same as   A)
 NON-STANDARD atom.| C6 | in residue>  DG J -24 
 ASSUMED vdw of  C6  in  DG J -24  =  1.80 (same as   A)
 NON-STANDARD atom.| O6 | in residue>  DG J -24 
 ASSUMED vdw of  O6  in  DG J -24  =  1.40 (same as   G)
 NON-STANDARD atom.| N1 | in residue>  DG J -24 
 ASSUMED vdw of  N1  in  DG J -24  =  1.60 (same as   A)
 NON-STANDARD atom.| C2 | in residue>  DG J -24 
 ASSUMED vdw of  C2  in  DG J -24  =  1.80 (same as   A)
 NON-STANDARD atom.| N2 | in residue>  DG J -24 
 ASSUMED vdw of  N2  in  DG J -24  =  1.60 (same as   G)
 NON-STANDARD atom.| N3 | in residue>  DG J -24 
 ASSUMED vdw of  N3  in  DG J -24  =  1.60 (same as   A)
 NON-STANDARD atom.| C4 | in residue>  DG J -24 
 ASSUMED vdw of  C4  in  DG J -24  =  1.80 (same as   A)
 UNKNOWN residue type.............>  DC J -23 
 NON-STANDARD atom.| P  | in residue>  DC J -23 
 ASSUMED vdw of  P   in  DC J -23  =  1.90 (same as   A)
 NON-STANDARD atom.| OP1| in residue>  DC J -23 
 GUESSED vdw of  OP1 in  DC J -23  =  1.40
 NON-STANDARD atom.| OP2| in residue>  DC J -23 
 GUESSED vdw of  OP2 in  DC J -23  =  1.40
 NON-STANDARD atom.| O5'| in residue>  DC J -23 
 GUESSED vdw of  O5' in  DC J -23  =  1.40
 NON-STANDARD atom.| C5'| in residue>  DC J -23 
 GUESSED vdw of  C5' in  DC J -23  =  1.80
 NON-STANDARD atom.| C4'| in residue>  DC J -23 
 GUESSED vdw of  C4' in  DC J -23  =  1.80
 NON-STANDARD atom.| O4'| in residue>  DC J -23 
 GUESSED vdw of  O4' in  DC J -23  =  1.40
 NON-STANDARD atom.| C3'| in residue>  DC J -23 
 GUESSED vdw of  C3' in  DC J -23  =  1.80
 NON-STANDARD atom.| O3'| in residue>  DC J -23 
 GUESSED vdw of  O3' in  DC J -23  =  1.40
 NON-STANDARD atom.| C2'| in residue>  DC J -23 
 GUESSED vdw of  C2' in  DC J -23  =  1.80
 NON-STANDARD atom.| C1'| in residue>  DC J -23 
 GUESSED vdw of  C1' in  DC J -23  =  1.80
 NON-STANDARD atom.| N1 | in residue>  DC J -23 
 ASSUMED vdw of  N1  in  DC J -23  =  1.60 (same as   A)
 NON-STANDARD atom.| C2 | in residue>  DC J -23 
 ASSUMED vdw of  C2  in  DC J -23  =  1.80 (same as   A)
 NON-STANDARD atom.| O2 | in residue>  DC J -23 
 ASSUMED vdw of  O2  in  DC J -23  =  1.40 (same as   C)
 NON-STANDARD atom.| N3 | in residue>  DC J -23 
 ASSUMED vdw of  N3  in  DC J -23  =  1.60 (same as   A)
 NON-STANDARD atom.| C4 | in residue>  DC J -23 
 ASSUMED vdw of  C4  in  DC J -23  =  1.80 (same as   A)
 NON-STANDARD atom.| N4 | in residue>  DC J -23 
 ASSUMED vdw of  N4  in  DC J -23  =  1.60 (same as   C)
 NON-STANDARD atom.| C5 | in residue>  DC J -23 
 ASSUMED vdw of  C5  in  DC J -23  =  1.80 (same as   A)
 NON-STANDARD atom.| C6 | in residue>  DC J -23 
 ASSUMED vdw of  C6  in  DC J -23  =  1.80 (same as   A)
 UNKNOWN residue type.............>  DA J -22 
 NON-STANDARD atom.| P  | in residue>  DA J -22 
 ASSUMED vdw of  P   in  DA J -22  =  1.90 (same as   A)
 NON-STANDARD atom.| OP1| in residue>  DA J -22 
 GUESSED vdw of  OP1 in  DA J -22  =  1.40
 NON-STANDARD atom.| OP2| in residue>  DA J -22 
 GUESSED vdw of  OP2 in  DA J -22  =  1.40
 NON-STANDARD atom.| O5'| in residue>  DA J -22 
 GUESSED vdw of  O5' in  DA J -22  =  1.40
 NON-STANDARD atom.| C5'| in residue>  DA J -22 
 GUESSED vdw of  C5' in  DA J -22  =  1.80
 NON-STANDARD atom.| C4'| in residue>  DA J -22 
 GUESSED vdw of  C4' in  DA J -22  =  1.80
 NON-STANDARD atom.| O4'| in residue>  DA J -22 
 GUESSED vdw of  O4' in  DA J -22  =  1.40
 NON-STANDARD atom.| C3'| in residue>  DA J -22 
 GUESSED vdw of  C3' in  DA J -22  =  1.80
 NON-STANDARD atom.| O3'| in residue>  DA J -22 
 GUESSED vdw of  O3' in  DA J -22  =  1.40
 NON-STANDARD atom.| C2'| in residue>  DA J -22 
 GUESSED vdw of  C2' in  DA J -22  =  1.80
 NON-STANDARD atom.| C1'| in residue>  DA J -22 
 GUESSED vdw of  C1' in  DA J -22  =  1.80
 NON-STANDARD atom.| N9 | in residue>  DA J -22 
 ASSUMED vdw of  N9  in  DA J -22  =  1.60 (same as   A)
 NON-STANDARD atom.| C8 | in residue>  DA J -22 
 ASSUMED vdw of  C8  in  DA J -22  =  1.80 (same as   A)
 NON-STANDARD atom.| N7 | in residue>  DA J -22 
 ASSUMED vdw of  N7  in  DA J -22  =  1.60 (same as   A)
 NON-STANDARD atom.| C5 | in residue>  DA J -22 
 ASSUMED vdw of  C5  in  DA J -22  =  1.80 (same as   A)
 NON-STANDARD atom.| C6 | in residue>  DA J -22 
 ASSUMED vdw of  C6  in  DA J -22  =  1.80 (same as   A)
 NON-STANDARD atom.| N6 | in residue>  DA J -22 
 ASSUMED vdw of  N6  in  DA J -22  =  1.60 (same as   A)
 NON-STANDARD atom.| N1 | in residue>  DA J -22 
 ASSUMED vdw of  N1  in  DA J -22  =  1.60 (same as   A)
 NON-STANDARD atom.| C2 | in residue>  DA J -22 
 ASSUMED vdw of  C2  in  DA J -22  =  1.80 (same as   A)
 NON-STANDARD atom.| N3 | in residue>  DA J -22 
 ASSUMED vdw of  N3  in  DA J -22  =  1.60 (same as   A)
 NON-STANDARD atom.| C4 | in residue>  DA J -22 
 ASSUMED vdw of  C4  in  DA J -22  =  1.80 (same as   A)
 UNKNOWN residue type.............>  DC J -21 
 NON-STANDARD atom.| P  | in residue>  DC J -21 
 ASSUMED vdw of  P   in  DC J -21  =  1.90 (same as   A)
 NON-STANDARD atom.| OP1| in residue>  DC J -21 
 GUESSED vdw of  OP1 in  DC J -21  =  1.40
 NON-STANDARD atom.| OP2| in residue>  DC J -21 
 GUESSED vdw of  OP2 in  DC J -21  =  1.40
 NON-STANDARD atom.| O5'| in residue>  DC J -21 
 GUESSED vdw of  O5' in  DC J -21  =  1.40
 NON-STANDARD atom.| C5'| in residue>  DC J -21 
 GUESSED vdw of  C5' in  DC J -21  =  1.80
 NON-STANDARD atom.| C4'| in residue>  DC J -21 
 GUESSED vdw of  C4' in  DC J -21  =  1.80
 NON-STANDARD atom.| O4'| in residue>  DC J -21 
 GUESSED vdw of  O4' in  DC J -21  =  1.40
 NON-STANDARD atom.| C3'| in residue>  DC J -21 
 GUESSED vdw of  C3' in  DC J -21  =  1.80
 NON-STANDARD atom.| O3'| in residue>  DC J -21 
 GUESSED vdw of  O3' in  DC J -21  =  1.40
 NON-STANDARD atom.| C2'| in residue>  DC J -21 
 GUESSED vdw of  C2' in  DC J -21  =  1.80
 NON-STANDARD atom.| C1'| in residue>  DC J -21 
 GUESSED vdw of  C1' in  DC J -21  =  1.80
 NON-STANDARD atom.| N1 | in residue>  DC J -21 
 ASSUMED vdw of  N1  in  DC J -21  =  1.60 (same as   A)
 NON-STANDARD atom.| C2 | in residue>  DC J -21 
 ASSUMED vdw of  C2  in  DC J -21  =  1.80 (same as   A)
 NON-STANDARD atom.| O2 | in residue>  DC J -21 
 ASSUMED vdw of  O2  in  DC J -21  =  1.40 (same as   C)
 NON-STANDARD atom.| N3 | in residue>  DC J -21 
 ASSUMED vdw of  N3  in  DC J -21  =  1.60 (same as   A)
 NON-STANDARD atom.| C4 | in residue>  DC J -21 
 ASSUMED vdw of  C4  in  DC J -21  =  1.80 (same as   A)
 NON-STANDARD atom.| N4 | in residue>  DC J -21 
 ASSUMED vdw of  N4  in  DC J -21  =  1.60 (same as   C)
 NON-STANDARD atom.| C5 | in residue>  DC J -21 
 ASSUMED vdw of  C5  in  DC J -21  =  1.80 (same as   A)
 NON-STANDARD atom.| C6 | in residue>  DC J -21 
 ASSUMED vdw of  C6  in  DC J -21  =  1.80 (same as   A)
 UNKNOWN residue type.............>  DC J -20 
 NON-STANDARD atom.| P  | in residue>  DC J -20 
 ASSUMED vdw of  P   in  DC J -20  =  1.90 (same as   A)
 NON-STANDARD atom.| OP1| in residue>  DC J -20 
 GUESSED vdw of  OP1 in  DC J -20  =  1.40
 NON-STANDARD atom.| OP2| in residue>  DC J -20 
 GUESSED vdw of  OP2 in  DC J -20  =  1.40
 NON-STANDARD atom.| O5'| in residue>  DC J -20 
 GUESSED vdw of  O5' in  DC J -20  =  1.40
 NON-STANDARD atom.| C5'| in residue>  DC J -20 
 GUESSED vdw of  C5' in  DC J -20  =  1.80
 NON-STANDARD atom.| C4'| in residue>  DC J -20 
 GUESSED vdw of  C4' in  DC J -20  =  1.80
 NON-STANDARD atom.| O4'| in residue>  DC J -20 
 GUESSED vdw of  O4' in  DC J -20  =  1.40
 NON-STANDARD atom.| C3'| in residue>  DC J -20 
 GUESSED vdw of  C3' in  DC J -20  =  1.80
 NON-STANDARD atom.| O3'| in residue>  DC J -20 
 GUESSED vdw of  O3' in  DC J -20  =  1.40
 NON-STANDARD atom.| C2'| in residue>  DC J -20 
 GUESSED vdw of  C2' in  DC J -20  =  1.80
 NON-STANDARD atom.| C1'| in residue>  DC J -20 
 GUESSED vdw of  C1' in  DC J -20  =  1.80
 NON-STANDARD atom.| N1 | in residue>  DC J -20 
 ASSUMED vdw of  N1  in  DC J -20  =  1.60 (same as   A)
 NON-STANDARD atom.| C2 | in residue>  DC J -20 
 ASSUMED vdw of  C2  in  DC J -20  =  1.80 (same as   A)
 NON-STANDARD atom.| O2 | in residue>  DC J -20 
 ASSUMED vdw of  O2  in  DC J -20  =  1.40 (same as   C)
 NON-STANDARD atom.| N3 | in residue>  DC J -20 
 ASSUMED vdw of  N3  in  DC J -20  =  1.60 (same as   A)
 NON-STANDARD atom.| C4 | in residue>  DC J -20 
 ASSUMED vdw of  C4  in  DC J -20  =  1.80 (same as   A)
 NON-STANDARD atom.| N4 | in residue>  DC J -20 
 ASSUMED vdw of  N4  in  DC J -20  =  1.60 (same as   C)
 NON-STANDARD atom.| C5 | in residue>  DC J -20 
 ASSUMED vdw of  C5  in  DC J -20  =  1.80 (same as   A)
 NON-STANDARD atom.| C6 | in residue>  DC J -20 
 ASSUMED vdw of  C6  in  DC J -20  =  1.80 (same as   A)
 UNKNOWN residue type.............>  DG J -19 
 NON-STANDARD atom.| P  | in residue>  DG J -19 
 ASSUMED vdw of  P   in  DG J -19  =  1.90 (same as   A)
 NON-STANDARD atom.| OP1| in residue>  DG J -19 
 GUESSED vdw of  OP1 in  DG J -19  =  1.40
 NON-STANDARD atom.| OP2| in residue>  DG J -19 
 GUESSED vdw of  OP2 in  DG J -19  =  1.40
 NON-STANDARD atom.| O5'| in residue>  DG J -19 
 GUESSED vdw of  O5' in  DG J -19  =  1.40
 NON-STANDARD atom.| C5'| in residue>  DG J -19 
 GUESSED vdw of  C5' in  DG J -19  =  1.80
 NON-STANDARD atom.| C4'| in residue>  DG J -19 
 GUESSED vdw of  C4' in  DG J -19  =  1.80
 NON-STANDARD atom.| O4'| in residue>  DG J -19 
 GUESSED vdw of  O4' in  DG J -19  =  1.40
 NON-STANDARD atom.| C3'| in residue>  DG J -19 
 GUESSED vdw of  C3' in  DG J -19  =  1.80
 NON-STANDARD atom.| O3'| in residue>  DG J -19 
 GUESSED vdw of  O3' in  DG J -19  =  1.40
 NON-STANDARD atom.| C2'| in residue>  DG J -19 
 GUESSED vdw of  C2' in  DG J -19  =  1.80
 NON-STANDARD atom.| C1'| in residue>  DG J -19 
 GUESSED vdw of  C1' in  DG J -19  =  1.80
 NON-STANDARD atom.| N9 | in residue>  DG J -19 
 ASSUMED vdw of  N9  in  DG J -19  =  1.60 (same as   A)
 NON-STANDARD atom.| C8 | in residue>  DG J -19 
 ASSUMED vdw of  C8  in  DG J -19  =  1.80 (same as   A)
 NON-STANDARD atom.| N7 | in residue>  DG J -19 
 ASSUMED vdw of  N7  in  DG J -19  =  1.60 (same as   A)
 NON-STANDARD atom.| C5 | in residue>  DG J -19 
 ASSUMED vdw of  C5  in  DG J -19  =  1.80 (same as   A)
 NON-STANDARD atom.| C6 | in residue>  DG J -19 
 ASSUMED vdw of  C6  in  DG J -19  =  1.80 (same as   A)
 NON-STANDARD atom.| O6 | in residue>  DG J -19 
 ASSUMED vdw of  O6  in  DG J -19  =  1.40 (same as   G)
 NON-STANDARD atom.| N1 | in residue>  DG J -19 
 ASSUMED vdw of  N1  in  DG J -19  =  1.60 (same as   A)
 NON-STANDARD atom.| C2 | in residue>  DG J -19 
 ASSUMED vdw of  C2  in  DG J -19  =  1.80 (same as   A)
 NON-STANDARD atom.| N2 | in residue>  DG J -19 
 ASSUMED vdw of  N2  in  DG J -19  =  1.60 (same as   G)
 NON-STANDARD atom.| N3 | in residue>  DG J -19 
 ASSUMED vdw of  N3  in  DG J -19  =  1.60 (same as   A)
 NON-STANDARD atom.| C4 | in residue>  DG J -19 
 ASSUMED vdw of  C4  in  DG J -19  =  1.80 (same as   A)
 UNKNOWN residue type.............>  DC J -18 
 NON-STANDARD atom.| P  | in residue>  DC J -18 
 ASSUMED vdw of  P   in  DC J -18  =  1.90 (same as   A)
 NON-STANDARD atom.| OP1| in residue>  DC J -18 
 GUESSED vdw of  OP1 in  DC J -18  =  1.40
 NON-STANDARD atom.| OP2| in residue>  DC J -18 
 GUESSED vdw of  OP2 in  DC J -18  =  1.40
 NON-STANDARD atom.| O5'| in residue>  DC J -18 
 GUESSED vdw of  O5' in  DC J -18  =  1.40
 NON-STANDARD atom.| C5'| in residue>  DC J -18 
 GUESSED vdw of  C5' in  DC J -18  =  1.80
 NON-STANDARD atom.| C4'| in residue>  DC J -18 
 GUESSED vdw of  C4' in  DC J -18  =  1.80
 NON-STANDARD atom.| O4'| in residue>  DC J -18 
 GUESSED vdw of  O4' in  DC J -18  =  1.40
 NON-STANDARD atom.| C3'| in residue>  DC J -18 
 GUESSED vdw of  C3' in  DC J -18  =  1.80
 NON-STANDARD atom.| O3'| in residue>  DC J -18 
 GUESSED vdw of  O3' in  DC J -18  =  1.40
 NON-STANDARD atom.| C2'| in residue>  DC J -18 
 GUESSED vdw of  C2' in  DC J -18  =  1.80
 NON-STANDARD atom.| C1'| in residue>  DC J -18 
 GUESSED vdw of  C1' in  DC J -18  =  1.80
 NON-STANDARD atom.| N1 | in residue>  DC J -18 
 ASSUMED vdw of  N1  in  DC J -18  =  1.60 (same as   A)
 NON-STANDARD atom.| C2 | in residue>  DC J -18 
 ASSUMED vdw of  C2  in  DC J -18  =  1.80 (same as   A)
 NON-STANDARD atom.| O2 | in residue>  DC J -18 
 ASSUMED vdw of  O2  in  DC J -18  =  1.40 (same as   C)
 NON-STANDARD atom.| N3 | in residue>  DC J -18 
 ASSUMED vdw of  N3  in  DC J -18  =  1.60 (same as   A)
 NON-STANDARD atom.| C4 | in residue>  DC J -18 
 ASSUMED vdw of  C4  in  DC J -18  =  1.80 (same as   A)
 NON-STANDARD atom.| N4 | in residue>  DC J -18 
 ASSUMED vdw of  N4  in  DC J -18  =  1.60 (same as   C)
 NON-STANDARD atom.| C5 | in residue>  DC J -18 
 ASSUMED vdw of  C5  in  DC J -18  =  1.80 (same as   A)
 NON-STANDARD atom.| C6 | in residue>  DC J -18 
 ASSUMED vdw of  C6  in  DC J -18  =  1.80 (same as   A)
 UNKNOWN residue type.............>  DT J -17 
 NON-STANDARD atom.| P  | in residue>  DT J -17 
 ASSUMED vdw of  P   in  DT J -17  =  1.90 (same as   A)
 NON-STANDARD atom.| OP1| in residue>  DT J -17 
 GUESSED vdw of  OP1 in  DT J -17  =  1.40
 NON-STANDARD atom.| OP2| in residue>  DT J -17 
 GUESSED vdw of  OP2 in  DT J -17  =  1.40
 NON-STANDARD atom.| O5'| in residue>  DT J -17 
 GUESSED vdw of  O5' in  DT J -17  =  1.40
 NON-STANDARD atom.| C5'| in residue>  DT J -17 
 GUESSED vdw of  C5' in  DT J -17  =  1.80
 NON-STANDARD atom.| C4'| in residue>  DT J -17 
 GUESSED vdw of  C4' in  DT J -17  =  1.80
 NON-STANDARD atom.| O4'| in residue>  DT J -17 
 GUESSED vdw of  O4' in  DT J -17  =  1.40
 NON-STANDARD atom.| C3'| in residue>  DT J -17 
 GUESSED vdw of  C3' in  DT J -17  =  1.80
 NON-STANDARD atom.| O3'| in residue>  DT J -17 
 GUESSED vdw of  O3' in  DT J -17  =  1.40
 NON-STANDARD atom.| C2'| in residue>  DT J -17 
 GUESSED vdw of  C2' in  DT J -17  =  1.80
 NON-STANDARD atom.| C1'| in residue>  DT J -17 
 GUESSED vdw of  C1' in  DT J -17  =  1.80
 NON-STANDARD atom.| N1 | in residue>  DT J -17 
 ASSUMED vdw of  N1  in  DT J -17  =  1.60 (same as   A)
 NON-STANDARD atom.| C2 | in residue>  DT J -17 
 ASSUMED vdw of  C2  in  DT J -17  =  1.80 (same as   A)
 NON-STANDARD atom.| O2 | in residue>  DT J -17 
 ASSUMED vdw of  O2  in  DT J -17  =  1.40 (same as   C)
 NON-STANDARD atom.| N3 | in residue>  DT J -17 
 ASSUMED vdw of  N3  in  DT J -17  =  1.60 (same as   A)
 NON-STANDARD atom.| C4 | in residue>  DT J -17 
 ASSUMED vdw of  C4  in  DT J -17  =  1.80 (same as   A)
 NON-STANDARD atom.| O4 | in residue>  DT J -17 
 ASSUMED vdw of  O4  in  DT J -17  =  1.40 (same as   T)
 NON-STANDARD atom.| C5 | in residue>  DT J -17 
 ASSUMED vdw of  C5  in  DT J -17  =  1.80 (same as   A)
 NON-STANDARD atom.| C7 | in residue>  DT J -17 
 GUESSED vdw of  C7  in  DT J -17  =  1.80
 NON-STANDARD atom.| C6 | in residue>  DT J -17 
 ASSUMED vdw of  C6  in  DT J -17  =  1.80 (same as   A)
 UNKNOWN residue type.............>  DT J -16 
 NON-STANDARD atom.| P  | in residue>  DT J -16 
 ASSUMED vdw of  P   in  DT J -16  =  1.90 (same as   A)
 NON-STANDARD atom.| OP1| in residue>  DT J -16 
 GUESSED vdw of  OP1 in  DT J -16  =  1.40
 NON-STANDARD atom.| OP2| in residue>  DT J -16 
 GUESSED vdw of  OP2 in  DT J -16  =  1.40
 NON-STANDARD atom.| O5'| in residue>  DT J -16 
 GUESSED vdw of  O5' in  DT J -16  =  1.40
 NON-STANDARD atom.| C5'| in residue>  DT J -16 
 GUESSED vdw of  C5' in  DT J -16  =  1.80
 NON-STANDARD atom.| C4'| in residue>  DT J -16 
 GUESSED vdw of  C4' in  DT J -16  =  1.80
 NON-STANDARD atom.| O4'| in residue>  DT J -16 
 GUESSED vdw of  O4' in  DT J -16  =  1.40
 NON-STANDARD atom.| C3'| in residue>  DT J -16 
 GUESSED vdw of  C3' in  DT J -16  =  1.80
 NON-STANDARD atom.| O3'| in residue>  DT J -16 
 GUESSED vdw of  O3' in  DT J -16  =  1.40
 NON-STANDARD atom.| C2'| in residue>  DT J -16 
 GUESSED vdw of  C2' in  DT J -16  =  1.80
 NON-STANDARD atom.| C1'| in residue>  DT J -16 
 GUESSED vdw of  C1' in  DT J -16  =  1.80
 NON-STANDARD atom.| N1 | in residue>  DT J -16 
 ASSUMED vdw of  N1  in  DT J -16  =  1.60 (same as   A)
 NON-STANDARD atom.| C2 | in residue>  DT J -16 
 ASSUMED vdw of  C2  in  DT J -16  =  1.80 (same as   A)
 NON-STANDARD atom.| O2 | in residue>  DT J -16 
 ASSUMED vdw of  O2  in  DT J -16  =  1.40 (same as   C)
 NON-STANDARD atom.| N3 | in residue>  DT J -16 
 ASSUMED vdw of  N3  in  DT J -16  =  1.60 (same as   A)
 NON-STANDARD atom.| C4 | in residue>  DT J -16 
 ASSUMED vdw of  C4  in  DT J -16  =  1.80 (same as   A)
 NON-STANDARD atom.| O4 | in residue>  DT J -16 
 ASSUMED vdw of  O4  in  DT J -16  =  1.40 (same as   T)
 NON-STANDARD atom.| C5 | in residue>  DT J -16 
 ASSUMED vdw of  C5  in  DT J -16  =  1.80 (same as   A)
 NON-STANDARD atom.| C7 | in residue>  DT J -16 
 GUESSED vdw of  C7  in  DT J -16  =  1.80
 NON-STANDARD atom.| C6 | in residue>  DT J -16 
 ASSUMED vdw of  C6  in  DT J -16  =  1.80 (same as   A)
 UNKNOWN residue type.............>  DA J -15 
 NON-STANDARD atom.| P  | in residue>  DA J -15 
 ASSUMED vdw of  P   in  DA J -15  =  1.90 (same as   A)
 NON-STANDARD atom.| OP1| in residue>  DA J -15 
 GUESSED vdw of  OP1 in  DA J -15  =  1.40
 NON-STANDARD atom.| OP2| in residue>  DA J -15 
 GUESSED vdw of  OP2 in  DA J -15  =  1.40
 NON-STANDARD atom.| O5'| in residue>  DA J -15 
 GUESSED vdw of  O5' in  DA J -15  =  1.40
 NON-STANDARD atom.| C5'| in residue>  DA J -15 
 GUESSED vdw of  C5' in  DA J -15  =  1.80
 NON-STANDARD atom.| C4'| in residue>  DA J -15 
 GUESSED vdw of  C4' in  DA J -15  =  1.80
 NON-STANDARD atom.| O4'| in residue>  DA J -15 
 GUESSED vdw of  O4' in  DA J -15  =  1.40
 NON-STANDARD atom.| C3'| in residue>  DA J -15 
 GUESSED vdw of  C3' in  DA J -15  =  1.80
 NON-STANDARD atom.| O3'| in residue>  DA J -15 
 GUESSED vdw of  O3' in  DA J -15  =  1.40
 NON-STANDARD atom.| C2'| in residue>  DA J -15 
 GUESSED vdw of  C2' in  DA J -15  =  1.80
 NON-STANDARD atom.| C1'| in residue>  DA J -15 
 GUESSED vdw of  C1' in  DA J -15  =  1.80
 NON-STANDARD atom.| N9 | in residue>  DA J -15 
 ASSUMED vdw of  N9  in  DA J -15  =  1.60 (same as   A)
 NON-STANDARD atom.| C8 | in residue>  DA J -15 
 ASSUMED vdw of  C8  in  DA J -15  =  1.80 (same as   A)
 NON-STANDARD atom.| N7 | in residue>  DA J -15 
 ASSUMED vdw of  N7  in  DA J -15  =  1.60 (same as   A)
 NON-STANDARD atom.| C5 | in residue>  DA J -15 
 ASSUMED vdw of  C5  in  DA J -15  =  1.80 (same as   A)
 NON-STANDARD atom.| C6 | in residue>  DA J -15 
 ASSUMED vdw of  C6  in  DA J -15  =  1.80 (same as   A)
 NON-STANDARD atom.| N6 | in residue>  DA J -15 
 ASSUMED vdw of  N6  in  DA J -15  =  1.60 (same as   A)
 NON-STANDARD atom.| N1 | in residue>  DA J -15 
 ASSUMED vdw of  N1  in  DA J -15  =  1.60 (same as   A)
 NON-STANDARD atom.| C2 | in residue>  DA J -15 
 ASSUMED vdw of  C2  in  DA J -15  =  1.80 (same as   A)
 NON-STANDARD atom.| N3 | in residue>  DA J -15 
 ASSUMED vdw of  N3  in  DA J -15  =  1.60 (same as   A)
 NON-STANDARD atom.| C4 | in residue>  DA J -15 
 ASSUMED vdw of  C4  in  DA J -15  =  1.80 (same as   A)
 UNKNOWN residue type.............>  DA J -14 
 NON-STANDARD atom.| P  | in residue>  DA J -14 
 ASSUMED vdw of  P   in  DA J -14  =  1.90 (same as   A)
 NON-STANDARD atom.| OP1| in residue>  DA J -14 
 GUESSED vdw of  OP1 in  DA J -14  =  1.40
 NON-STANDARD atom.| OP2| in residue>  DA J -14 
 GUESSED vdw of  OP2 in  DA J -14  =  1.40
 NON-STANDARD atom.| O5'| in residue>  DA J -14 
 GUESSED vdw of  O5' in  DA J -14  =  1.40
 NON-STANDARD atom.| C5'| in residue>  DA J -14 
 GUESSED vdw of  C5' in  DA J -14  =  1.80
 NON-STANDARD atom.| C4'| in residue>  DA J -14 
 GUESSED vdw of  C4' in  DA J -14  =  1.80
 NON-STANDARD atom.| O4'| in residue>  DA J -14 
 GUESSED vdw of  O4' in  DA J -14  =  1.40
 NON-STANDARD atom.| C3'| in residue>  DA J -14 
 GUESSED vdw of  C3' in  DA J -14  =  1.80
 NON-STANDARD atom.| O3'| in residue>  DA J -14 
 GUESSED vdw of  O3' in  DA J -14  =  1.40
 NON-STANDARD atom.| C2'| in residue>  DA J -14 
 GUESSED vdw of  C2' in  DA J -14  =  1.80
 NON-STANDARD atom.| C1'| in residue>  DA J -14 
 GUESSED vdw of  C1' in  DA J -14  =  1.80
 NON-STANDARD atom.| N9 | in residue>  DA J -14 
 ASSUMED vdw of  N9  in  DA J -14  =  1.60 (same as   A)
 NON-STANDARD atom.| C8 | in residue>  DA J -14 
 ASSUMED vdw of  C8  in  DA J -14  =  1.80 (same as   A)
 NON-STANDARD atom.| N7 | in residue>  DA J -14 
 ASSUMED vdw of  N7  in  DA J -14  =  1.60 (same as   A)
 NON-STANDARD atom.| C5 | in residue>  DA J -14 
 ASSUMED vdw of  C5  in  DA J -14  =  1.80 (same as   A)
 NON-STANDARD atom.| C6 | in residue>  DA J -14 
 ASSUMED vdw of  C6  in  DA J -14  =  1.80 (same as   A)
 NON-STANDARD atom.| N6 | in residue>  DA J -14 
 ASSUMED vdw of  N6  in  DA J -14  =  1.60 (same as   A)
 NON-STANDARD atom.| N1 | in residue>  DA J -14 
 ASSUMED vdw of  N1  in  DA J -14  =  1.60 (same as   A)
 NON-STANDARD atom.| C2 | in residue>  DA J -14 
 ASSUMED vdw of  C2  in  DA J -14  =  1.80 (same as   A)
 NON-STANDARD atom.| N3 | in residue>  DA J -14 
 ASSUMED vdw of  N3  in  DA J -14  =  1.60 (same as   A)
 NON-STANDARD atom.| C4 | in residue>  DA J -14 
 ASSUMED vdw of  C4  in  DA J -14  =  1.80 (same as   A)
 UNKNOWN residue type.............>  DA J -13 
 NON-STANDARD atom.| P  | in residue>  DA J -13 
 ASSUMED vdw of  P   in  DA J -13  =  1.90 (same as   A)
 NON-STANDARD atom.| OP1| in residue>  DA J -13 
 GUESSED vdw of  OP1 in  DA J -13  =  1.40
 NON-STANDARD atom.| OP2| in residue>  DA J -13 
 GUESSED vdw of  OP2 in  DA J -13  =  1.40
 NON-STANDARD atom.| O5'| in residue>  DA J -13 
 GUESSED vdw of  O5' in  DA J -13  =  1.40
 NON-STANDARD atom.| C5'| in residue>  DA J -13 
 GUESSED vdw of  C5' in  DA J -13  =  1.80
 NON-STANDARD atom.| C4'| in residue>  DA J -13 
 GUESSED vdw of  C4' in  DA J -13  =  1.80
 NON-STANDARD atom.| O4'| in residue>  DA J -13 
 GUESSED vdw of  O4' in  DA J -13  =  1.40
 NON-STANDARD atom.| C3'| in residue>  DA J -13 
 GUESSED vdw of  C3' in  DA J -13  =  1.80
 NON-STANDARD atom.| O3'| in residue>  DA J -13 
 GUESSED vdw of  O3' in  DA J -13  =  1.40
 NON-STANDARD atom.| C2'| in residue>  DA J -13 
 GUESSED vdw of  C2' in  DA J -13  =  1.80
 NON-STANDARD atom.| C1'| in residue>  DA J -13 
 GUESSED vdw of  C1' in  DA J -13  =  1.80
 NON-STANDARD atom.| N9 | in residue>  DA J -13 
 ASSUMED vdw of  N9  in  DA J -13  =  1.60 (same as   A)
 NON-STANDARD atom.| C8 | in residue>  DA J -13 
 ASSUMED vdw of  C8  in  DA J -13  =  1.80 (same as   A)
 NON-STANDARD atom.| N7 | in residue>  DA J -13 
 ASSUMED vdw of  N7  in  DA J -13  =  1.60 (same as   A)
 NON-STANDARD atom.| C5 | in residue>  DA J -13 
 ASSUMED vdw of  C5  in  DA J -13  =  1.80 (same as   A)
 NON-STANDARD atom.| C6 | in residue>  DA J -13 
 ASSUMED vdw of  C6  in  DA J -13  =  1.80 (same as   A)
 NON-STANDARD atom.| N6 | in residue>  DA J -13 
 ASSUMED vdw of  N6  in  DA J -13  =  1.60 (same as   A)
 NON-STANDARD atom.| N1 | in residue>  DA J -13 
 ASSUMED vdw of  N1  in  DA J -13  =  1.60 (same as   A)
 NON-STANDARD atom.| C2 | in residue>  DA J -13 
 ASSUMED vdw of  C2  in  DA J -13  =  1.80 (same as   A)
 NON-STANDARD atom.| N3 | in residue>  DA J -13 
 ASSUMED vdw of  N3  in  DA J -13  =  1.60 (same as   A)
 NON-STANDARD atom.| C4 | in residue>  DA J -13 
 ASSUMED vdw of  C4  in  DA J -13  =  1.80 (same as   A)
 UNKNOWN residue type.............>  DC J -12 
 NON-STANDARD atom.| P  | in residue>  DC J -12 
 ASSUMED vdw of  P   in  DC J -12  =  1.90 (same as   A)
 NON-STANDARD atom.| OP1| in residue>  DC J -12 
 GUESSED vdw of  OP1 in  DC J -12  =  1.40
 NON-STANDARD atom.| OP2| in residue>  DC J -12 
 GUESSED vdw of  OP2 in  DC J -12  =  1.40
 NON-STANDARD atom.| O5'| in residue>  DC J -12 
 GUESSED vdw of  O5' in  DC J -12  =  1.40
 NON-STANDARD atom.| C5'| in residue>  DC J -12 
 GUESSED vdw of  C5' in  DC J -12  =  1.80
 NON-STANDARD atom.| C4'| in residue>  DC J -12 
 GUESSED vdw of  C4' in  DC J -12  =  1.80
 NON-STANDARD atom.| O4'| in residue>  DC J -12 
 GUESSED vdw of  O4' in  DC J -12  =  1.40
 NON-STANDARD atom.| C3'| in residue>  DC J -12 
 GUESSED vdw of  C3' in  DC J -12  =  1.80
 NON-STANDARD atom.| O3'| in residue>  DC J -12 
 GUESSED vdw of  O3' in  DC J -12  =  1.40
 NON-STANDARD atom.| C2'| in residue>  DC J -12 
 GUESSED vdw of  C2' in  DC J -12  =  1.80
 NON-STANDARD atom.| C1'| in residue>  DC J -12 
 GUESSED vdw of  C1' in  DC J -12  =  1.80
 NON-STANDARD atom.| N1 | in residue>  DC J -12 
 ASSUMED vdw of  N1  in  DC J -12  =  1.60 (same as   A)
 NON-STANDARD atom.| C2 | in residue>  DC J -12 
 ASSUMED vdw of  C2  in  DC J -12  =  1.80 (same as   A)
 NON-STANDARD atom.| O2 | in residue>  DC J -12 
 ASSUMED vdw of  O2  in  DC J -12  =  1.40 (same as   C)
 NON-STANDARD atom.| N3 | in residue>  DC J -12 
 ASSUMED vdw of  N3  in  DC J -12  =  1.60 (same as   A)
 NON-STANDARD atom.| C4 | in residue>  DC J -12 
 ASSUMED vdw of  C4  in  DC J -12  =  1.80 (same as   A)
 NON-STANDARD atom.| N4 | in residue>  DC J -12 
 ASSUMED vdw of  N4  in  DC J -12  =  1.60 (same as   C)
 NON-STANDARD atom.| C5 | in residue>  DC J -12 
 ASSUMED vdw of  C5  in  DC J -12  =  1.80 (same as   A)
 NON-STANDARD atom.| C6 | in residue>  DC J -12 
 ASSUMED vdw of  C6  in  DC J -12  =  1.80 (same as   A)
 UNKNOWN residue type.............>  DG J -11 
 NON-STANDARD atom.| P  | in residue>  DG J -11 
 ASSUMED vdw of  P   in  DG J -11  =  1.90 (same as   A)
 NON-STANDARD atom.| OP1| in residue>  DG J -11 
 GUESSED vdw of  OP1 in  DG J -11  =  1.40
 NON-STANDARD atom.| OP2| in residue>  DG J -11 
 GUESSED vdw of  OP2 in  DG J -11  =  1.40
 NON-STANDARD atom.| O5'| in residue>  DG J -11 
 GUESSED vdw of  O5' in  DG J -11  =  1.40
 NON-STANDARD atom.| C5'| in residue>  DG J -11 
 GUESSED vdw of  C5' in  DG J -11  =  1.80
 NON-STANDARD atom.| C4'| in residue>  DG J -11 
 GUESSED vdw of  C4' in  DG J -11  =  1.80
 NON-STANDARD atom.| O4'| in residue>  DG J -11 
 GUESSED vdw of  O4' in  DG J -11  =  1.40
 NON-STANDARD atom.| C3'| in residue>  DG J -11 
 GUESSED vdw of  C3' in  DG J -11  =  1.80
 NON-STANDARD atom.| O3'| in residue>  DG J -11 
 GUESSED vdw of  O3' in  DG J -11  =  1.40
 NON-STANDARD atom.| C2'| in residue>  DG J -11 
 GUESSED vdw of  C2' in  DG J -11  =  1.80
 NON-STANDARD atom.| C1'| in residue>  DG J -11 
 GUESSED vdw of  C1' in  DG J -11  =  1.80
 NON-STANDARD atom.| N9 | in residue>  DG J -11 
 ASSUMED vdw of  N9  in  DG J -11  =  1.60 (same as   A)
 NON-STANDARD atom.| C8 | in residue>  DG J -11 
 ASSUMED vdw of  C8  in  DG J -11  =  1.80 (same as   A)
 NON-STANDARD atom.| N7 | in residue>  DG J -11 
 ASSUMED vdw of  N7  in  DG J -11  =  1.60 (same as   A)
 NON-STANDARD atom.| C5 | in residue>  DG J -11 
 ASSUMED vdw of  C5  in  DG J -11  =  1.80 (same as   A)
 NON-STANDARD atom.| C6 | in residue>  DG J -11 
 ASSUMED vdw of  C6  in  DG J -11  =  1.80 (same as   A)
 NON-STANDARD atom.| O6 | in residue>  DG J -11 
 ASSUMED vdw of  O6  in  DG J -11  =  1.40 (same as   G)
 NON-STANDARD atom.| N1 | in residue>  DG J -11 
 ASSUMED vdw of  N1  in  DG J -11  =  1.60 (same as   A)
 NON-STANDARD atom.| C2 | in residue>  DG J -11 
 ASSUMED vdw of  C2  in  DG J -11  =  1.80 (same as   A)
 NON-STANDARD atom.| N2 | in residue>  DG J -11 
 ASSUMED vdw of  N2  in  DG J -11  =  1.60 (same as   G)
 NON-STANDARD atom.| N3 | in residue>  DG J -11 
 ASSUMED vdw of  N3  in  DG J -11  =  1.60 (same as   A)
 NON-STANDARD atom.| C4 | in residue>  DG J -11 
 ASSUMED vdw of  C4  in  DG J -11  =  1.80 (same as   A)
 UNKNOWN residue type.............>  DC J -10 
 NON-STANDARD atom.| P  | in residue>  DC J -10 
 ASSUMED vdw of  P   in  DC J -10  =  1.90 (same as   A)
 NON-STANDARD atom.| OP1| in residue>  DC J -10 
 GUESSED vdw of  OP1 in  DC J -10  =  1.40
 NON-STANDARD atom.| OP2| in residue>  DC J -10 
 GUESSED vdw of  OP2 in  DC J -10  =  1.40
 NON-STANDARD atom.| O5'| in residue>  DC J -10 
 GUESSED vdw of  O5' in  DC J -10  =  1.40
 NON-STANDARD atom.| C5'| in residue>  DC J -10 
 GUESSED vdw of  C5' in  DC J -10  =  1.80
 NON-STANDARD atom.| C4'| in residue>  DC J -10 
 GUESSED vdw of  C4' in  DC J -10  =  1.80
 NON-STANDARD atom.| O4'| in residue>  DC J -10 
 GUESSED vdw of  O4' in  DC J -10  =  1.40
 NON-STANDARD atom.| C3'| in residue>  DC J -10 
 GUESSED vdw of  C3' in  DC J -10  =  1.80
 NON-STANDARD atom.| O3'| in residue>  DC J -10 
 GUESSED vdw of  O3' in  DC J -10  =  1.40
 NON-STANDARD atom.| C2'| in residue>  DC J -10 
 GUESSED vdw of  C2' in  DC J -10  =  1.80
 NON-STANDARD atom.| C1'| in residue>  DC J -10 
 GUESSED vdw of  C1' in  DC J -10  =  1.80
 NON-STANDARD atom.| N1 | in residue>  DC J -10 
 ASSUMED vdw of  N1  in  DC J -10  =  1.60 (same as   A)
 NON-STANDARD atom.| C2 | in residue>  DC J -10 
 ASSUMED vdw of  C2  in  DC J -10  =  1.80 (same as   A)
 NON-STANDARD atom.| O2 | in residue>  DC J -10 
 ASSUMED vdw of  O2  in  DC J -10  =  1.40 (same as   C)
 NON-STANDARD atom.| N3 | in residue>  DC J -10 
 ASSUMED vdw of  N3  in  DC J -10  =  1.60 (same as   A)
 NON-STANDARD atom.| C4 | in residue>  DC J -10 
 ASSUMED vdw of  C4  in  DC J -10  =  1.80 (same as   A)
 NON-STANDARD atom.| N4 | in residue>  DC J -10 
 ASSUMED vdw of  N4  in  DC J -10  =  1.60 (same as   C)
 NON-STANDARD atom.| C5 | in residue>  DC J -10 
 ASSUMED vdw of  C5  in  DC J -10  =  1.80 (same as   A)
 NON-STANDARD atom.| C6 | in residue>  DC J -10 
 ASSUMED vdw of  C6  in  DC J -10  =  1.80 (same as   A)
 UNKNOWN residue type.............>  DA J  -9 
 NON-STANDARD atom.| P  | in residue>  DA J  -9 
 ASSUMED vdw of  P   in  DA J  -9  =  1.90 (same as   A)
 NON-STANDARD atom.| OP1| in residue>  DA J  -9 
 GUESSED vdw of  OP1 in  DA J  -9  =  1.40
 NON-STANDARD atom.| OP2| in residue>  DA J  -9 
 GUESSED vdw of  OP2 in  DA J  -9  =  1.40
 NON-STANDARD atom.| O5'| in residue>  DA J  -9 
 GUESSED vdw of  O5' in  DA J  -9  =  1.40
 NON-STANDARD atom.| C5'| in residue>  DA J  -9 
 GUESSED vdw of  C5' in  DA J  -9  =  1.80
 NON-STANDARD atom.| C4'| in residue>  DA J  -9 
 GUESSED vdw of  C4' in  DA J  -9  =  1.80
 NON-STANDARD atom.| O4'| in residue>  DA J  -9 
 GUESSED vdw of  O4' in  DA J  -9  =  1.40
 NON-STANDARD atom.| C3'| in residue>  DA J  -9 
 GUESSED vdw of  C3' in  DA J  -9  =  1.80
 NON-STANDARD atom.| O3'| in residue>  DA J  -9 
 GUESSED vdw of  O3' in  DA J  -9  =  1.40
 NON-STANDARD atom.| C2'| in residue>  DA J  -9 
 GUESSED vdw of  C2' in  DA J  -9  =  1.80
 NON-STANDARD atom.| C1'| in residue>  DA J  -9 
 GUESSED vdw of  C1' in  DA J  -9  =  1.80
 NON-STANDARD atom.| N9 | in residue>  DA J  -9 
 ASSUMED vdw of  N9  in  DA J  -9  =  1.60 (same as   A)
 NON-STANDARD atom.| C8 | in residue>  DA J  -9 
 ASSUMED vdw of  C8  in  DA J  -9  =  1.80 (same as   A)
 NON-STANDARD atom.| N7 | in residue>  DA J  -9 
 ASSUMED vdw of  N7  in  DA J  -9  =  1.60 (same as   A)
 NON-STANDARD atom.| C5 | in residue>  DA J  -9 
 ASSUMED vdw of  C5  in  DA J  -9  =  1.80 (same as   A)
 NON-STANDARD atom.| C6 | in residue>  DA J  -9 
 ASSUMED vdw of  C6  in  DA J  -9  =  1.80 (same as   A)
 NON-STANDARD atom.| N6 | in residue>  DA J  -9 
 ASSUMED vdw of  N6  in  DA J  -9  =  1.60 (same as   A)
 NON-STANDARD atom.| N1 | in residue>  DA J  -9 
 ASSUMED vdw of  N1  in  DA J  -9  =  1.60 (same as   A)
 NON-STANDARD atom.| C2 | in residue>  DA J  -9 
 ASSUMED vdw of  C2  in  DA J  -9  =  1.80 (same as   A)
 NON-STANDARD atom.| N3 | in residue>  DA J  -9 
 ASSUMED vdw of  N3  in  DA J  -9  =  1.60 (same as   A)
 NON-STANDARD atom.| C4 | in residue>  DA J  -9 
 ASSUMED vdw of  C4  in  DA J  -9  =  1.80 (same as   A)
 UNKNOWN residue type.............>  DC J  -8 
 NON-STANDARD atom.| P  | in residue>  DC J  -8 
 ASSUMED vdw of  P   in  DC J  -8  =  1.90 (same as   A)
 NON-STANDARD atom.| OP1| in residue>  DC J  -8 
 GUESSED vdw of  OP1 in  DC J  -8  =  1.40
 NON-STANDARD atom.| OP2| in residue>  DC J  -8 
 GUESSED vdw of  OP2 in  DC J  -8  =  1.40
 NON-STANDARD atom.| O5'| in residue>  DC J  -8 
 GUESSED vdw of  O5' in  DC J  -8  =  1.40
 NON-STANDARD atom.| C5'| in residue>  DC J  -8 
 GUESSED vdw of  C5' in  DC J  -8  =  1.80
 NON-STANDARD atom.| C4'| in residue>  DC J  -8 
 GUESSED vdw of  C4' in  DC J  -8  =  1.80
 NON-STANDARD atom.| O4'| in residue>  DC J  -8 
 GUESSED vdw of  O4' in  DC J  -8  =  1.40
 NON-STANDARD atom.| C3'| in residue>  DC J  -8 
 GUESSED vdw of  C3' in  DC J  -8  =  1.80
 NON-STANDARD atom.| O3'| in residue>  DC J  -8 
 GUESSED vdw of  O3' in  DC J  -8  =  1.40
 NON-STANDARD atom.| C2'| in residue>  DC J  -8 
 GUESSED vdw of  C2' in  DC J  -8  =  1.80
 NON-STANDARD atom.| C1'| in residue>  DC J  -8 
 GUESSED vdw of  C1' in  DC J  -8  =  1.80
 NON-STANDARD atom.| N1 | in residue>  DC J  -8 
 ASSUMED vdw of  N1  in  DC J  -8  =  1.60 (same as   A)
 NON-STANDARD atom.| C2 | in residue>  DC J  -8 
 ASSUMED vdw of  C2  in  DC J  -8  =  1.80 (same as   A)
 NON-STANDARD atom.| O2 | in residue>  DC J  -8 
 ASSUMED vdw of  O2  in  DC J  -8  =  1.40 (same as   C)
 NON-STANDARD atom.| N3 | in residue>  DC J  -8 
 ASSUMED vdw of  N3  in  DC J  -8  =  1.60 (same as   A)
 NON-STANDARD atom.| C4 | in residue>  DC J  -8 
 ASSUMED vdw of  C4  in  DC J  -8  =  1.80 (same as   A)
 NON-STANDARD atom.| N4 | in residue>  DC J  -8 
 ASSUMED vdw of  N4  in  DC J  -8  =  1.60 (same as   C)
 NON-STANDARD atom.| C5 | in residue>  DC J  -8 
 ASSUMED vdw of  C5  in  DC J  -8  =  1.80 (same as   A)
 NON-STANDARD atom.| C6 | in residue>  DC J  -8 
 ASSUMED vdw of  C6  in  DC J  -8  =  1.80 (same as   A)
 UNKNOWN residue type.............>  DG J  -7 
 NON-STANDARD atom.| P  | in residue>  DG J  -7 
 ASSUMED vdw of  P   in  DG J  -7  =  1.90 (same as   A)
 NON-STANDARD atom.| OP1| in residue>  DG J  -7 
 GUESSED vdw of  OP1 in  DG J  -7  =  1.40
 NON-STANDARD atom.| OP2| in residue>  DG J  -7 
 GUESSED vdw of  OP2 in  DG J  -7  =  1.40
 NON-STANDARD atom.| O5'| in residue>  DG J  -7 
 GUESSED vdw of  O5' in  DG J  -7  =  1.40
 NON-STANDARD atom.| C5'| in residue>  DG J  -7 
 GUESSED vdw of  C5' in  DG J  -7  =  1.80
 NON-STANDARD atom.| C4'| in residue>  DG J  -7 
 GUESSED vdw of  C4' in  DG J  -7  =  1.80
 NON-STANDARD atom.| O4'| in residue>  DG J  -7 
 GUESSED vdw of  O4' in  DG J  -7  =  1.40
 NON-STANDARD atom.| C3'| in residue>  DG J  -7 
 GUESSED vdw of  C3' in  DG J  -7  =  1.80
 NON-STANDARD atom.| O3'| in residue>  DG J  -7 
 GUESSED vdw of  O3' in  DG J  -7  =  1.40
 NON-STANDARD atom.| C2'| in residue>  DG J  -7 
 GUESSED vdw of  C2' in  DG J  -7  =  1.80
 NON-STANDARD atom.| C1'| in residue>  DG J  -7 
 GUESSED vdw of  C1' in  DG J  -7  =  1.80
 NON-STANDARD atom.| N9 | in residue>  DG J  -7 
 ASSUMED vdw of  N9  in  DG J  -7  =  1.60 (same as   A)
 NON-STANDARD atom.| C8 | in residue>  DG J  -7 
 ASSUMED vdw of  C8  in  DG J  -7  =  1.80 (same as   A)
 NON-STANDARD atom.| N7 | in residue>  DG J  -7 
 ASSUMED vdw of  N7  in  DG J  -7  =  1.60 (same as   A)
 NON-STANDARD atom.| C5 | in residue>  DG J  -7 
 ASSUMED vdw of  C5  in  DG J  -7  =  1.80 (same as   A)
 NON-STANDARD atom.| C6 | in residue>  DG J  -7 
 ASSUMED vdw of  C6  in  DG J  -7  =  1.80 (same as   A)
 NON-STANDARD atom.| O6 | in residue>  DG J  -7 
 ASSUMED vdw of  O6  in  DG J  -7  =  1.40 (same as   G)
 NON-STANDARD atom.| N1 | in residue>  DG J  -7 
 ASSUMED vdw of  N1  in  DG J  -7  =  1.60 (same as   A)
 NON-STANDARD atom.| C2 | in residue>  DG J  -7 
 ASSUMED vdw of  C2  in  DG J  -7  =  1.80 (same as   A)
 NON-STANDARD atom.| N2 | in residue>  DG J  -7 
 ASSUMED vdw of  N2  in  DG J  -7  =  1.60 (same as   G)
 NON-STANDARD atom.| N3 | in residue>  DG J  -7 
 ASSUMED vdw of  N3  in  DG J  -7  =  1.60 (same as   A)
 NON-STANDARD atom.| C4 | in residue>  DG J  -7 
 ASSUMED vdw of  C4  in  DG J  -7  =  1.80 (same as   A)
 UNKNOWN residue type.............>  DT J  -6 
 NON-STANDARD atom.| P  | in residue>  DT J  -6 
 ASSUMED vdw of  P   in  DT J  -6  =  1.90 (same as   A)
 NON-STANDARD atom.| OP1| in residue>  DT J  -6 
 GUESSED vdw of  OP1 in  DT J  -6  =  1.40
 NON-STANDARD atom.| OP2| in residue>  DT J  -6 
 GUESSED vdw of  OP2 in  DT J  -6  =  1.40
 NON-STANDARD atom.| O5'| in residue>  DT J  -6 
 GUESSED vdw of  O5' in  DT J  -6  =  1.40
 NON-STANDARD atom.| C5'| in residue>  DT J  -6 
 GUESSED vdw of  C5' in  DT J  -6  =  1.80
 NON-STANDARD atom.| C4'| in residue>  DT J  -6 
 GUESSED vdw of  C4' in  DT J  -6  =  1.80
 NON-STANDARD atom.| O4'| in residue>  DT J  -6 
 GUESSED vdw of  O4' in  DT J  -6  =  1.40
 NON-STANDARD atom.| C3'| in residue>  DT J  -6 
 GUESSED vdw of  C3' in  DT J  -6  =  1.80
 NON-STANDARD atom.| O3'| in residue>  DT J  -6 
 GUESSED vdw of  O3' in  DT J  -6  =  1.40
 NON-STANDARD atom.| C2'| in residue>  DT J  -6 
 GUESSED vdw of  C2' in  DT J  -6  =  1.80
 NON-STANDARD atom.| C1'| in residue>  DT J  -6 
 GUESSED vdw of  C1' in  DT J  -6  =  1.80
 NON-STANDARD atom.| N1 | in residue>  DT J  -6 
 ASSUMED vdw of  N1  in  DT J  -6  =  1.60 (same as   A)
 NON-STANDARD atom.| C2 | in residue>  DT J  -6 
 ASSUMED vdw of  C2  in  DT J  -6  =  1.80 (same as   A)
 NON-STANDARD atom.| O2 | in residue>  DT J  -6 
 ASSUMED vdw of  O2  in  DT J  -6  =  1.40 (same as   C)
 NON-STANDARD atom.| N3 | in residue>  DT J  -6 
 ASSUMED vdw of  N3  in  DT J  -6  =  1.60 (same as   A)
 NON-STANDARD atom.| C4 | in residue>  DT J  -6 
 ASSUMED vdw of  C4  in  DT J  -6  =  1.80 (same as   A)
 NON-STANDARD atom.| O4 | in residue>  DT J  -6 
 ASSUMED vdw of  O4  in  DT J  -6  =  1.40 (same as   T)
 NON-STANDARD atom.| C5 | in residue>  DT J  -6 
 ASSUMED vdw of  C5  in  DT J  -6  =  1.80 (same as   A)
 NON-STANDARD atom.| C7 | in residue>  DT J  -6 
 GUESSED vdw of  C7  in  DT J  -6  =  1.80
 NON-STANDARD atom.| C6 | in residue>  DT J  -6 
 ASSUMED vdw of  C6  in  DT J  -6  =  1.80 (same as   A)
 UNKNOWN residue type.............>  DA J  -5 
 NON-STANDARD atom.| P  | in residue>  DA J  -5 
 ASSUMED vdw of  P   in  DA J  -5  =  1.90 (same as   A)
 NON-STANDARD atom.| OP1| in residue>  DA J  -5 
 GUESSED vdw of  OP1 in  DA J  -5  =  1.40
 NON-STANDARD atom.| OP2| in residue>  DA J  -5 
 GUESSED vdw of  OP2 in  DA J  -5  =  1.40
 NON-STANDARD atom.| O5'| in residue>  DA J  -5 
 GUESSED vdw of  O5' in  DA J  -5  =  1.40
 NON-STANDARD atom.| C5'| in residue>  DA J  -5 
 GUESSED vdw of  C5' in  DA J  -5  =  1.80
 NON-STANDARD atom.| C4'| in residue>  DA J  -5 
 GUESSED vdw of  C4' in  DA J  -5  =  1.80
 NON-STANDARD atom.| O4'| in residue>  DA J  -5 
 GUESSED vdw of  O4' in  DA J  -5  =  1.40
 NON-STANDARD atom.| C3'| in residue>  DA J  -5 
 GUESSED vdw of  C3' in  DA J  -5  =  1.80
 NON-STANDARD atom.| O3'| in residue>  DA J  -5 
 GUESSED vdw of  O3' in  DA J  -5  =  1.40
 NON-STANDARD atom.| C2'| in residue>  DA J  -5 
 GUESSED vdw of  C2' in  DA J  -5  =  1.80
 NON-STANDARD atom.| C1'| in residue>  DA J  -5 
 GUESSED vdw of  C1' in  DA J  -5  =  1.80
 NON-STANDARD atom.| N9 | in residue>  DA J  -5 
 ASSUMED vdw of  N9  in  DA J  -5  =  1.60 (same as   A)
 NON-STANDARD atom.| C8 | in residue>  DA J  -5 
 ASSUMED vdw of  C8  in  DA J  -5  =  1.80 (same as   A)
 NON-STANDARD atom.| N7 | in residue>  DA J  -5 
 ASSUMED vdw of  N7  in  DA J  -5  =  1.60 (same as   A)
 NON-STANDARD atom.| C5 | in residue>  DA J  -5 
 ASSUMED vdw of  C5  in  DA J  -5  =  1.80 (same as   A)
 NON-STANDARD atom.| C6 | in residue>  DA J  -5 
 ASSUMED vdw of  C6  in  DA J  -5  =  1.80 (same as   A)
 NON-STANDARD atom.| N6 | in residue>  DA J  -5 
 ASSUMED vdw of  N6  in  DA J  -5  =  1.60 (same as   A)
 NON-STANDARD atom.| N1 | in residue>  DA J  -5 
 ASSUMED vdw of  N1  in  DA J  -5  =  1.60 (same as   A)
 NON-STANDARD atom.| C2 | in residue>  DA J  -5 
 ASSUMED vdw of  C2  in  DA J  -5  =  1.80 (same as   A)
 NON-STANDARD atom.| N3 | in residue>  DA J  -5 
 ASSUMED vdw of  N3  in  DA J  -5  =  1.60 (same as   A)
 NON-STANDARD atom.| C4 | in residue>  DA J  -5 
 ASSUMED vdw of  C4  in  DA J  -5  =  1.80 (same as   A)
 UNKNOWN residue type.............>  DC J  -4 
 NON-STANDARD atom.| P  | in residue>  DC J  -4 
 ASSUMED vdw of  P   in  DC J  -4  =  1.90 (same as   A)
 NON-STANDARD atom.| OP1| in residue>  DC J  -4 
 GUESSED vdw of  OP1 in  DC J  -4  =  1.40
 NON-STANDARD atom.| OP2| in residue>  DC J  -4 
 GUESSED vdw of  OP2 in  DC J  -4  =  1.40
 NON-STANDARD atom.| O5'| in residue>  DC J  -4 
 GUESSED vdw of  O5' in  DC J  -4  =  1.40
 NON-STANDARD atom.| C5'| in residue>  DC J  -4 
 GUESSED vdw of  C5' in  DC J  -4  =  1.80
 NON-STANDARD atom.| C4'| in residue>  DC J  -4 
 GUESSED vdw of  C4' in  DC J  -4  =  1.80
 NON-STANDARD atom.| O4'| in residue>  DC J  -4 
 GUESSED vdw of  O4' in  DC J  -4  =  1.40
 NON-STANDARD atom.| C3'| in residue>  DC J  -4 
 GUESSED vdw of  C3' in  DC J  -4  =  1.80
 NON-STANDARD atom.| O3'| in residue>  DC J  -4 
 GUESSED vdw of  O3' in  DC J  -4  =  1.40
 NON-STANDARD atom.| C2'| in residue>  DC J  -4 
 GUESSED vdw of  C2' in  DC J  -4  =  1.80
 NON-STANDARD atom.| C1'| in residue>  DC J  -4 
 GUESSED vdw of  C1' in  DC J  -4  =  1.80
 NON-STANDARD atom.| N1 | in residue>  DC J  -4 
 ASSUMED vdw of  N1  in  DC J  -4  =  1.60 (same as   A)
 NON-STANDARD atom.| C2 | in residue>  DC J  -4 
 ASSUMED vdw of  C2  in  DC J  -4  =  1.80 (same as   A)
 NON-STANDARD atom.| O2 | in residue>  DC J  -4 
 ASSUMED vdw of  O2  in  DC J  -4  =  1.40 (same as   C)
 NON-STANDARD atom.| N3 | in residue>  DC J  -4 
 ASSUMED vdw of  N3  in  DC J  -4  =  1.60 (same as   A)
 NON-STANDARD atom.| C4 | in residue>  DC J  -4 
 ASSUMED vdw of  C4  in  DC J  -4  =  1.80 (same as   A)
 NON-STANDARD atom.| N4 | in residue>  DC J  -4 
 ASSUMED vdw of  N4  in  DC J  -4  =  1.60 (same as   C)
 NON-STANDARD atom.| C5 | in residue>  DC J  -4 
 ASSUMED vdw of  C5  in  DC J  -4  =  1.80 (same as   A)
 NON-STANDARD atom.| C6 | in residue>  DC J  -4 
 ASSUMED vdw of  C6  in  DC J  -4  =  1.80 (same as   A)
 UNKNOWN residue type.............>  DG J  -3 
 NON-STANDARD atom.| P  | in residue>  DG J  -3 
 ASSUMED vdw of  P   in  DG J  -3  =  1.90 (same as   A)
 NON-STANDARD atom.| OP1| in residue>  DG J  -3 
 GUESSED vdw of  OP1 in  DG J  -3  =  1.40
 NON-STANDARD atom.| OP2| in residue>  DG J  -3 
 GUESSED vdw of  OP2 in  DG J  -3  =  1.40
 NON-STANDARD atom.| O5'| in residue>  DG J  -3 
 GUESSED vdw of  O5' in  DG J  -3  =  1.40
 NON-STANDARD atom.| C5'| in residue>  DG J  -3 
 GUESSED vdw of  C5' in  DG J  -3  =  1.80
 NON-STANDARD atom.| C4'| in residue>  DG J  -3 
 GUESSED vdw of  C4' in  DG J  -3  =  1.80
 NON-STANDARD atom.| O4'| in residue>  DG J  -3 
 GUESSED vdw of  O4' in  DG J  -3  =  1.40
 NON-STANDARD atom.| C3'| in residue>  DG J  -3 
 GUESSED vdw of  C3' in  DG J  -3  =  1.80
 NON-STANDARD atom.| O3'| in residue>  DG J  -3 
 GUESSED vdw of  O3' in  DG J  -3  =  1.40
 NON-STANDARD atom.| C2'| in residue>  DG J  -3 
 GUESSED vdw of  C2' in  DG J  -3  =  1.80
 NON-STANDARD atom.| C1'| in residue>  DG J  -3 
 GUESSED vdw of  C1' in  DG J  -3  =  1.80
 NON-STANDARD atom.| N9 | in residue>  DG J  -3 
 ASSUMED vdw of  N9  in  DG J  -3  =  1.60 (same as   A)
 NON-STANDARD atom.| C8 | in residue>  DG J  -3 
 ASSUMED vdw of  C8  in  DG J  -3  =  1.80 (same as   A)
 NON-STANDARD atom.| N7 | in residue>  DG J  -3 
 ASSUMED vdw of  N7  in  DG J  -3  =  1.60 (same as   A)
 NON-STANDARD atom.| C5 | in residue>  DG J  -3 
 ASSUMED vdw of  C5  in  DG J  -3  =  1.80 (same as   A)
 NON-STANDARD atom.| C6 | in residue>  DG J  -3 
 ASSUMED vdw of  C6  in  DG J  -3  =  1.80 (same as   A)
 NON-STANDARD atom.| O6 | in residue>  DG J  -3 
 ASSUMED vdw of  O6  in  DG J  -3  =  1.40 (same as   G)
 NON-STANDARD atom.| N1 | in residue>  DG J  -3 
 ASSUMED vdw of  N1  in  DG J  -3  =  1.60 (same as   A)
 NON-STANDARD atom.| C2 | in residue>  DG J  -3 
 ASSUMED vdw of  C2  in  DG J  -3  =  1.80 (same as   A)
 NON-STANDARD atom.| N2 | in residue>  DG J  -3 
 ASSUMED vdw of  N2  in  DG J  -3  =  1.60 (same as   G)
 NON-STANDARD atom.| N3 | in residue>  DG J  -3 
 ASSUMED vdw of  N3  in  DG J  -3  =  1.60 (same as   A)
 NON-STANDARD atom.| C4 | in residue>  DG J  -3 
 ASSUMED vdw of  C4  in  DG J  -3  =  1.80 (same as   A)
 UNKNOWN residue type.............>  DC J  -2 
 NON-STANDARD atom.| P  | in residue>  DC J  -2 
 ASSUMED vdw of  P   in  DC J  -2  =  1.90 (same as   A)
 NON-STANDARD atom.| OP1| in residue>  DC J  -2 
 GUESSED vdw of  OP1 in  DC J  -2  =  1.40
 NON-STANDARD atom.| OP2| in residue>  DC J  -2 
 GUESSED vdw of  OP2 in  DC J  -2  =  1.40
 NON-STANDARD atom.| O5'| in residue>  DC J  -2 
 GUESSED vdw of  O5' in  DC J  -2  =  1.40
 NON-STANDARD atom.| C5'| in residue>  DC J  -2 
 GUESSED vdw of  C5' in  DC J  -2  =  1.80
 NON-STANDARD atom.| C4'| in residue>  DC J  -2 
 GUESSED vdw of  C4' in  DC J  -2  =  1.80
 NON-STANDARD atom.| O4'| in residue>  DC J  -2 
 GUESSED vdw of  O4' in  DC J  -2  =  1.40
 NON-STANDARD atom.| C3'| in residue>  DC J  -2 
 GUESSED vdw of  C3' in  DC J  -2  =  1.80
 NON-STANDARD atom.| O3'| in residue>  DC J  -2 
 GUESSED vdw of  O3' in  DC J  -2  =  1.40
 NON-STANDARD atom.| C2'| in residue>  DC J  -2 
 GUESSED vdw of  C2' in  DC J  -2  =  1.80
 NON-STANDARD atom.| C1'| in residue>  DC J  -2 
 GUESSED vdw of  C1' in  DC J  -2  =  1.80
 NON-STANDARD atom.| N1 | in residue>  DC J  -2 
 ASSUMED vdw of  N1  in  DC J  -2  =  1.60 (same as   A)
 NON-STANDARD atom.| C2 | in residue>  DC J  -2 
 ASSUMED vdw of  C2  in  DC J  -2  =  1.80 (same as   A)
 NON-STANDARD atom.| O2 | in residue>  DC J  -2 
 ASSUMED vdw of  O2  in  DC J  -2  =  1.40 (same as   C)
 NON-STANDARD atom.| N3 | in residue>  DC J  -2 
 ASSUMED vdw of  N3  in  DC J  -2  =  1.60 (same as   A)
 NON-STANDARD atom.| C4 | in residue>  DC J  -2 
 ASSUMED vdw of  C4  in  DC J  -2  =  1.80 (same as   A)
 NON-STANDARD atom.| N4 | in residue>  DC J  -2 
 ASSUMED vdw of  N4  in  DC J  -2  =  1.60 (same as   C)
 NON-STANDARD atom.| C5 | in residue>  DC J  -2 
 ASSUMED vdw of  C5  in  DC J  -2  =  1.80 (same as   A)
 NON-STANDARD atom.| C6 | in residue>  DC J  -2 
 ASSUMED vdw of  C6  in  DC J  -2  =  1.80 (same as   A)
 UNKNOWN residue type.............>  DG J  -1 
 NON-STANDARD atom.| P  | in residue>  DG J  -1 
 ASSUMED vdw of  P   in  DG J  -1  =  1.90 (same as   A)
 NON-STANDARD atom.| OP1| in residue>  DG J  -1 
 GUESSED vdw of  OP1 in  DG J  -1  =  1.40
 NON-STANDARD atom.| OP2| in residue>  DG J  -1 
 GUESSED vdw of  OP2 in  DG J  -1  =  1.40
 NON-STANDARD atom.| O5'| in residue>  DG J  -1 
 GUESSED vdw of  O5' in  DG J  -1  =  1.40
 NON-STANDARD atom.| C5'| in residue>  DG J  -1 
 GUESSED vdw of  C5' in  DG J  -1  =  1.80
 NON-STANDARD atom.| C4'| in residue>  DG J  -1 
 GUESSED vdw of  C4' in  DG J  -1  =  1.80
 NON-STANDARD atom.| O4'| in residue>  DG J  -1 
 GUESSED vdw of  O4' in  DG J  -1  =  1.40
 NON-STANDARD atom.| C3'| in residue>  DG J  -1 
 GUESSED vdw of  C3' in  DG J  -1  =  1.80
 NON-STANDARD atom.| O3'| in residue>  DG J  -1 
 GUESSED vdw of  O3' in  DG J  -1  =  1.40
 NON-STANDARD atom.| C2'| in residue>  DG J  -1 
 GUESSED vdw of  C2' in  DG J  -1  =  1.80
 NON-STANDARD atom.| C1'| in residue>  DG J  -1 
 GUESSED vdw of  C1' in  DG J  -1  =  1.80
 NON-STANDARD atom.| N9 | in residue>  DG J  -1 
 ASSUMED vdw of  N9  in  DG J  -1  =  1.60 (same as   A)
 NON-STANDARD atom.| C8 | in residue>  DG J  -1 
 ASSUMED vdw of  C8  in  DG J  -1  =  1.80 (same as   A)
 NON-STANDARD atom.| N7 | in residue>  DG J  -1 
 ASSUMED vdw of  N7  in  DG J  -1  =  1.60 (same as   A)
 NON-STANDARD atom.| C5 | in residue>  DG J  -1 
 ASSUMED vdw of  C5  in  DG J  -1  =  1.80 (same as   A)
 NON-STANDARD atom.| C6 | in residue>  DG J  -1 
 ASSUMED vdw of  C6  in  DG J  -1  =  1.80 (same as   A)
 NON-STANDARD atom.| O6 | in residue>  DG J  -1 
 ASSUMED vdw of  O6  in  DG J  -1  =  1.40 (same as   G)
 NON-STANDARD atom.| N1 | in residue>  DG J  -1 
 ASSUMED vdw of  N1  in  DG J  -1  =  1.60 (same as   A)
 NON-STANDARD atom.| C2 | in residue>  DG J  -1 
 ASSUMED vdw of  C2  in  DG J  -1  =  1.80 (same as   A)
 NON-STANDARD atom.| N2 | in residue>  DG J  -1 
 ASSUMED vdw of  N2  in  DG J  -1  =  1.60 (same as   G)
 NON-STANDARD atom.| N3 | in residue>  DG J  -1 
 ASSUMED vdw of  N3  in  DG J  -1  =  1.60 (same as   A)
 NON-STANDARD atom.| C4 | in residue>  DG J  -1 
 ASSUMED vdw of  C4  in  DG J  -1  =  1.80 (same as   A)
 UNKNOWN residue type.............>  DC J   0 
 NON-STANDARD atom.| P  | in residue>  DC J   0 
 ASSUMED vdw of  P   in  DC J   0  =  1.90 (same as   A)
 NON-STANDARD atom.| OP1| in residue>  DC J   0 
 GUESSED vdw of  OP1 in  DC J   0  =  1.40
 NON-STANDARD atom.| OP2| in residue>  DC J   0 
 GUESSED vdw of  OP2 in  DC J   0  =  1.40
 NON-STANDARD atom.| O5'| in residue>  DC J   0 
 GUESSED vdw of  O5' in  DC J   0  =  1.40
 NON-STANDARD atom.| C5'| in residue>  DC J   0 
 GUESSED vdw of  C5' in  DC J   0  =  1.80
 NON-STANDARD atom.| C4'| in residue>  DC J   0 
 GUESSED vdw of  C4' in  DC J   0  =  1.80
 NON-STANDARD atom.| O4'| in residue>  DC J   0 
 GUESSED vdw of  O4' in  DC J   0  =  1.40
 NON-STANDARD atom.| C3'| in residue>  DC J   0 
 GUESSED vdw of  C3' in  DC J   0  =  1.80
 NON-STANDARD atom.| O3'| in residue>  DC J   0 
 GUESSED vdw of  O3' in  DC J   0  =  1.40
 NON-STANDARD atom.| C2'| in residue>  DC J   0 
 GUESSED vdw of  C2' in  DC J   0  =  1.80
 NON-STANDARD atom.| C1'| in residue>  DC J   0 
 GUESSED vdw of  C1' in  DC J   0  =  1.80
 NON-STANDARD atom.| N1 | in residue>  DC J   0 
 ASSUMED vdw of  N1  in  DC J   0  =  1.60 (same as   A)
 NON-STANDARD atom.| C2 | in residue>  DC J   0 
 ASSUMED vdw of  C2  in  DC J   0  =  1.80 (same as   A)
 NON-STANDARD atom.| O2 | in residue>  DC J   0 
 ASSUMED vdw of  O2  in  DC J   0  =  1.40 (same as   C)
 NON-STANDARD atom.| N3 | in residue>  DC J   0 
 ASSUMED vdw of  N3  in  DC J   0  =  1.60 (same as   A)
 NON-STANDARD atom.| C4 | in residue>  DC J   0 
 ASSUMED vdw of  C4  in  DC J   0  =  1.80 (same as   A)
 NON-STANDARD atom.| N4 | in residue>  DC J   0 
 ASSUMED vdw of  N4  in  DC J   0  =  1.60 (same as   C)
 NON-STANDARD atom.| C5 | in residue>  DC J   0 
 ASSUMED vdw of  C5  in  DC J   0  =  1.80 (same as   A)
 NON-STANDARD atom.| C6 | in residue>  DC J   0 
 ASSUMED vdw of  C6  in  DC J   0  =  1.80 (same as   A)
 UNKNOWN residue type.............>  DT J   1 
 NON-STANDARD atom.| P  | in residue>  DT J   1 
 ASSUMED vdw of  P   in  DT J   1  =  1.90 (same as   A)
 NON-STANDARD atom.| OP1| in residue>  DT J   1 
 GUESSED vdw of  OP1 in  DT J   1  =  1.40
 NON-STANDARD atom.| OP2| in residue>  DT J   1 
 GUESSED vdw of  OP2 in  DT J   1  =  1.40
 NON-STANDARD atom.| O5'| in residue>  DT J   1 
 GUESSED vdw of  O5' in  DT J   1  =  1.40
 NON-STANDARD atom.| C5'| in residue>  DT J   1 
 GUESSED vdw of  C5' in  DT J   1  =  1.80
 NON-STANDARD atom.| C4'| in residue>  DT J   1 
 GUESSED vdw of  C4' in  DT J   1  =  1.80
 NON-STANDARD atom.| O4'| in residue>  DT J   1 
 GUESSED vdw of  O4' in  DT J   1  =  1.40
 NON-STANDARD atom.| C3'| in residue>  DT J   1 
 GUESSED vdw of  C3' in  DT J   1  =  1.80
 NON-STANDARD atom.| O3'| in residue>  DT J   1 
 GUESSED vdw of  O3' in  DT J   1  =  1.40
 NON-STANDARD atom.| C2'| in residue>  DT J   1 
 GUESSED vdw of  C2' in  DT J   1  =  1.80
 NON-STANDARD atom.| C1'| in residue>  DT J   1 
 GUESSED vdw of  C1' in  DT J   1  =  1.80
 NON-STANDARD atom.| N1 | in residue>  DT J   1 
 ASSUMED vdw of  N1  in  DT J   1  =  1.60 (same as   A)
 NON-STANDARD atom.| C2 | in residue>  DT J   1 
 ASSUMED vdw of  C2  in  DT J   1  =  1.80 (same as   A)
 NON-STANDARD atom.| O2 | in residue>  DT J   1 
 ASSUMED vdw of  O2  in  DT J   1  =  1.40 (same as   C)
 NON-STANDARD atom.| N3 | in residue>  DT J   1 
 ASSUMED vdw of  N3  in  DT J   1  =  1.60 (same as   A)
 NON-STANDARD atom.| C4 | in residue>  DT J   1 
 ASSUMED vdw of  C4  in  DT J   1  =  1.80 (same as   A)
 NON-STANDARD atom.| O4 | in residue>  DT J   1 
 ASSUMED vdw of  O4  in  DT J   1  =  1.40 (same as   T)
 NON-STANDARD atom.| C5 | in residue>  DT J   1 
 ASSUMED vdw of  C5  in  DT J   1  =  1.80 (same as   A)
 NON-STANDARD atom.| C7 | in residue>  DT J   1 
 GUESSED vdw of  C7  in  DT J   1  =  1.80
 NON-STANDARD atom.| C6 | in residue>  DT J   1 
 ASSUMED vdw of  C6  in  DT J   1  =  1.80 (same as   A)
 UNKNOWN residue type.............>  DG J   2 
 NON-STANDARD atom.| P  | in residue>  DG J   2 
 ASSUMED vdw of  P   in  DG J   2  =  1.90 (same as   A)
 NON-STANDARD atom.| OP1| in residue>  DG J   2 
 GUESSED vdw of  OP1 in  DG J   2  =  1.40
 NON-STANDARD atom.| OP2| in residue>  DG J   2 
 GUESSED vdw of  OP2 in  DG J   2  =  1.40
 NON-STANDARD atom.| O5'| in residue>  DG J   2 
 GUESSED vdw of  O5' in  DG J   2  =  1.40
 NON-STANDARD atom.| C5'| in residue>  DG J   2 
 GUESSED vdw of  C5' in  DG J   2  =  1.80
 NON-STANDARD atom.| C4'| in residue>  DG J   2 
 GUESSED vdw of  C4' in  DG J   2  =  1.80
 NON-STANDARD atom.| O4'| in residue>  DG J   2 
 GUESSED vdw of  O4' in  DG J   2  =  1.40
 NON-STANDARD atom.| C3'| in residue>  DG J   2 
 GUESSED vdw of  C3' in  DG J   2  =  1.80
 NON-STANDARD atom.| O3'| in residue>  DG J   2 
 GUESSED vdw of  O3' in  DG J   2  =  1.40
 NON-STANDARD atom.| C2'| in residue>  DG J   2 
 GUESSED vdw of  C2' in  DG J   2  =  1.80
 NON-STANDARD atom.| C1'| in residue>  DG J   2 
 GUESSED vdw of  C1' in  DG J   2  =  1.80
 NON-STANDARD atom.| N9 | in residue>  DG J   2 
 ASSUMED vdw of  N9  in  DG J   2  =  1.60 (same as   A)
 NON-STANDARD atom.| C8 | in residue>  DG J   2 
 ASSUMED vdw of  C8  in  DG J   2  =  1.80 (same as   A)
 NON-STANDARD atom.| N7 | in residue>  DG J   2 
 ASSUMED vdw of  N7  in  DG J   2  =  1.60 (same as   A)
 NON-STANDARD atom.| C5 | in residue>  DG J   2 
 ASSUMED vdw of  C5  in  DG J   2  =  1.80 (same as   A)
 NON-STANDARD atom.| C6 | in residue>  DG J   2 
 ASSUMED vdw of  C6  in  DG J   2  =  1.80 (same as   A)
 NON-STANDARD atom.| O6 | in residue>  DG J   2 
 ASSUMED vdw of  O6  in  DG J   2  =  1.40 (same as   G)
 NON-STANDARD atom.| N1 | in residue>  DG J   2 
 ASSUMED vdw of  N1  in  DG J   2  =  1.60 (same as   A)
 NON-STANDARD atom.| C2 | in residue>  DG J   2 
 ASSUMED vdw of  C2  in  DG J   2  =  1.80 (same as   A)
 NON-STANDARD atom.| N2 | in residue>  DG J   2 
 ASSUMED vdw of  N2  in  DG J   2  =  1.60 (same as   G)
 NON-STANDARD atom.| N3 | in residue>  DG J   2 
 ASSUMED vdw of  N3  in  DG J   2  =  1.60 (same as   A)
 NON-STANDARD atom.| C4 | in residue>  DG J   2 
 ASSUMED vdw of  C4  in  DG J   2  =  1.80 (same as   A)
 UNKNOWN residue type.............>  DT J   3 
 NON-STANDARD atom.| P  | in residue>  DT J   3 
 ASSUMED vdw of  P   in  DT J   3  =  1.90 (same as   A)
 NON-STANDARD atom.| OP1| in residue>  DT J   3 
 GUESSED vdw of  OP1 in  DT J   3  =  1.40
 NON-STANDARD atom.| OP2| in residue>  DT J   3 
 GUESSED vdw of  OP2 in  DT J   3  =  1.40
 NON-STANDARD atom.| O5'| in residue>  DT J   3 
 GUESSED vdw of  O5' in  DT J   3  =  1.40
 NON-STANDARD atom.| C5'| in residue>  DT J   3 
 GUESSED vdw of  C5' in  DT J   3  =  1.80
 NON-STANDARD atom.| C4'| in residue>  DT J   3 
 GUESSED vdw of  C4' in  DT J   3  =  1.80
 NON-STANDARD atom.| O4'| in residue>  DT J   3 
 GUESSED vdw of  O4' in  DT J   3  =  1.40
 NON-STANDARD atom.| C3'| in residue>  DT J   3 
 GUESSED vdw of  C3' in  DT J   3  =  1.80
 NON-STANDARD atom.| O3'| in residue>  DT J   3 
 GUESSED vdw of  O3' in  DT J   3  =  1.40
 NON-STANDARD atom.| C2'| in residue>  DT J   3 
 GUESSED vdw of  C2' in  DT J   3  =  1.80
 NON-STANDARD atom.| C1'| in residue>  DT J   3 
 GUESSED vdw of  C1' in  DT J   3  =  1.80
 NON-STANDARD atom.| N1 | in residue>  DT J   3 
 ASSUMED vdw of  N1  in  DT J   3  =  1.60 (same as   A)
 NON-STANDARD atom.| C2 | in residue>  DT J   3 
 ASSUMED vdw of  C2  in  DT J   3  =  1.80 (same as   A)
 NON-STANDARD atom.| O2 | in residue>  DT J   3 
 ASSUMED vdw of  O2  in  DT J   3  =  1.40 (same as   C)
 NON-STANDARD atom.| N3 | in residue>  DT J   3 
 ASSUMED vdw of  N3  in  DT J   3  =  1.60 (same as   A)
 NON-STANDARD atom.| C4 | in residue>  DT J   3 
 ASSUMED vdw of  C4  in  DT J   3  =  1.80 (same as   A)
 NON-STANDARD atom.| O4 | in residue>  DT J   3 
 ASSUMED vdw of  O4  in  DT J   3  =  1.40 (same as   T)
 NON-STANDARD atom.| C5 | in residue>  DT J   3 
 ASSUMED vdw of  C5  in  DT J   3  =  1.80 (same as   A)
 NON-STANDARD atom.| C7 | in residue>  DT J   3 
 GUESSED vdw of  C7  in  DT J   3  =  1.80
 NON-STANDARD atom.| C6 | in residue>  DT J   3 
 ASSUMED vdw of  C6  in  DT J   3  =  1.80 (same as   A)
 UNKNOWN residue type.............>  DC J   4 
 NON-STANDARD atom.| P  | in residue>  DC J   4 
 ASSUMED vdw of  P   in  DC J   4  =  1.90 (same as   A)
 NON-STANDARD atom.| OP1| in residue>  DC J   4 
 GUESSED vdw of  OP1 in  DC J   4  =  1.40
 NON-STANDARD atom.| OP2| in residue>  DC J   4 
 GUESSED vdw of  OP2 in  DC J   4  =  1.40
 NON-STANDARD atom.| O5'| in residue>  DC J   4 
 GUESSED vdw of  O5' in  DC J   4  =  1.40
 NON-STANDARD atom.| C5'| in residue>  DC J   4 
 GUESSED vdw of  C5' in  DC J   4  =  1.80
 NON-STANDARD atom.| C4'| in residue>  DC J   4 
 GUESSED vdw of  C4' in  DC J   4  =  1.80
 NON-STANDARD atom.| O4'| in residue>  DC J   4 
 GUESSED vdw of  O4' in  DC J   4  =  1.40
 NON-STANDARD atom.| C3'| in residue>  DC J   4 
 GUESSED vdw of  C3' in  DC J   4  =  1.80
 NON-STANDARD atom.| O3'| in residue>  DC J   4 
 GUESSED vdw of  O3' in  DC J   4  =  1.40
 NON-STANDARD atom.| C2'| in residue>  DC J   4 
 GUESSED vdw of  C2' in  DC J   4  =  1.80
 NON-STANDARD atom.| C1'| in residue>  DC J   4 
 GUESSED vdw of  C1' in  DC J   4  =  1.80
 NON-STANDARD atom.| N1 | in residue>  DC J   4 
 ASSUMED vdw of  N1  in  DC J   4  =  1.60 (same as   A)
 NON-STANDARD atom.| C2 | in residue>  DC J   4 
 ASSUMED vdw of  C2  in  DC J   4  =  1.80 (same as   A)
 NON-STANDARD atom.| O2 | in residue>  DC J   4 
 ASSUMED vdw of  O2  in  DC J   4  =  1.40 (same as   C)
 NON-STANDARD atom.| N3 | in residue>  DC J   4 
 ASSUMED vdw of  N3  in  DC J   4  =  1.60 (same as   A)
 NON-STANDARD atom.| C4 | in residue>  DC J   4 
 ASSUMED vdw of  C4  in  DC J   4  =  1.80 (same as   A)
 NON-STANDARD atom.| N4 | in residue>  DC J   4 
 ASSUMED vdw of  N4  in  DC J   4  =  1.60 (same as   C)
 NON-STANDARD atom.| C5 | in residue>  DC J   4 
 ASSUMED vdw of  C5  in  DC J   4  =  1.80 (same as   A)
 NON-STANDARD atom.| C6 | in residue>  DC J   4 
 ASSUMED vdw of  C6  in  DC J   4  =  1.80 (same as   A)
 UNKNOWN residue type.............>  DC J   5 
 NON-STANDARD atom.| P  | in residue>  DC J   5 
 ASSUMED vdw of  P   in  DC J   5  =  1.90 (same as   A)
 NON-STANDARD atom.| OP1| in residue>  DC J   5 
 GUESSED vdw of  OP1 in  DC J   5  =  1.40
 NON-STANDARD atom.| OP2| in residue>  DC J   5 
 GUESSED vdw of  OP2 in  DC J   5  =  1.40
 NON-STANDARD atom.| O5'| in residue>  DC J   5 
 GUESSED vdw of  O5' in  DC J   5  =  1.40
 NON-STANDARD atom.| C5'| in residue>  DC J   5 
 GUESSED vdw of  C5' in  DC J   5  =  1.80
 NON-STANDARD atom.| C4'| in residue>  DC J   5 
 GUESSED vdw of  C4' in  DC J   5  =  1.80
 NON-STANDARD atom.| O4'| in residue>  DC J   5 
 GUESSED vdw of  O4' in  DC J   5  =  1.40
 NON-STANDARD atom.| C3'| in residue>  DC J   5 
 GUESSED vdw of  C3' in  DC J   5  =  1.80
 NON-STANDARD atom.| O3'| in residue>  DC J   5 
 GUESSED vdw of  O3' in  DC J   5  =  1.40
 NON-STANDARD atom.| C2'| in residue>  DC J   5 
 GUESSED vdw of  C2' in  DC J   5  =  1.80
 NON-STANDARD atom.| C1'| in residue>  DC J   5 
 GUESSED vdw of  C1' in  DC J   5  =  1.80
 NON-STANDARD atom.| N1 | in residue>  DC J   5 
 ASSUMED vdw of  N1  in  DC J   5  =  1.60 (same as   A)
 NON-STANDARD atom.| C2 | in residue>  DC J   5 
 ASSUMED vdw of  C2  in  DC J   5  =  1.80 (same as   A)
 NON-STANDARD atom.| O2 | in residue>  DC J   5 
 ASSUMED vdw of  O2  in  DC J   5  =  1.40 (same as   C)
 NON-STANDARD atom.| N3 | in residue>  DC J   5 
 ASSUMED vdw of  N3  in  DC J   5  =  1.60 (same as   A)
 NON-STANDARD atom.| C4 | in residue>  DC J   5 
 ASSUMED vdw of  C4  in  DC J   5  =  1.80 (same as   A)
 NON-STANDARD atom.| N4 | in residue>  DC J   5 
 ASSUMED vdw of  N4  in  DC J   5  =  1.60 (same as   C)
 NON-STANDARD atom.| C5 | in residue>  DC J   5 
 ASSUMED vdw of  C5  in  DC J   5  =  1.80 (same as   A)
 NON-STANDARD atom.| C6 | in residue>  DC J   5 
 ASSUMED vdw of  C6  in  DC J   5  =  1.80 (same as   A)
 UNKNOWN residue type.............>  DC J   6 
 NON-STANDARD atom.| P  | in residue>  DC J   6 
 ASSUMED vdw of  P   in  DC J   6  =  1.90 (same as   A)
 NON-STANDARD atom.| OP1| in residue>  DC J   6 
 GUESSED vdw of  OP1 in  DC J   6  =  1.40
 NON-STANDARD atom.| OP2| in residue>  DC J   6 
 GUESSED vdw of  OP2 in  DC J   6  =  1.40
 NON-STANDARD atom.| O5'| in residue>  DC J   6 
 GUESSED vdw of  O5' in  DC J   6  =  1.40
 NON-STANDARD atom.| C5'| in residue>  DC J   6 
 GUESSED vdw of  C5' in  DC J   6  =  1.80
 NON-STANDARD atom.| C4'| in residue>  DC J   6 
 GUESSED vdw of  C4' in  DC J   6  =  1.80
 NON-STANDARD atom.| O4'| in residue>  DC J   6 
 GUESSED vdw of  O4' in  DC J   6  =  1.40
 NON-STANDARD atom.| C3'| in residue>  DC J   6 
 GUESSED vdw of  C3' in  DC J   6  =  1.80
 NON-STANDARD atom.| O3'| in residue>  DC J   6 
 GUESSED vdw of  O3' in  DC J   6  =  1.40
 NON-STANDARD atom.| C2'| in residue>  DC J   6 
 GUESSED vdw of  C2' in  DC J   6  =  1.80
 NON-STANDARD atom.| C1'| in residue>  DC J   6 
 GUESSED vdw of  C1' in  DC J   6  =  1.80
 NON-STANDARD atom.| N1 | in residue>  DC J   6 
 ASSUMED vdw of  N1  in  DC J   6  =  1.60 (same as   A)
 NON-STANDARD atom.| C2 | in residue>  DC J   6 
 ASSUMED vdw of  C2  in  DC J   6  =  1.80 (same as   A)
 NON-STANDARD atom.| O2 | in residue>  DC J   6 
 ASSUMED vdw of  O2  in  DC J   6  =  1.40 (same as   C)
 NON-STANDARD atom.| N3 | in residue>  DC J   6 
 ASSUMED vdw of  N3  in  DC J   6  =  1.60 (same as   A)
 NON-STANDARD atom.| C4 | in residue>  DC J   6 
 ASSUMED vdw of  C4  in  DC J   6  =  1.80 (same as   A)
 NON-STANDARD atom.| N4 | in residue>  DC J   6 
 ASSUMED vdw of  N4  in  DC J   6  =  1.60 (same as   C)
 NON-STANDARD atom.| C5 | in residue>  DC J   6 
 ASSUMED vdw of  C5  in  DC J   6  =  1.80 (same as   A)
 NON-STANDARD atom.| C6 | in residue>  DC J   6 
 ASSUMED vdw of  C6  in  DC J   6  =  1.80 (same as   A)
 UNKNOWN residue type.............>  DC J   7 
 NON-STANDARD atom.| P  | in residue>  DC J   7 
 ASSUMED vdw of  P   in  DC J   7  =  1.90 (same as   A)
 NON-STANDARD atom.| OP1| in residue>  DC J   7 
 GUESSED vdw of  OP1 in  DC J   7  =  1.40
 NON-STANDARD atom.| OP2| in residue>  DC J   7 
 GUESSED vdw of  OP2 in  DC J   7  =  1.40
 NON-STANDARD atom.| O5'| in residue>  DC J   7 
 GUESSED vdw of  O5' in  DC J   7  =  1.40
 NON-STANDARD atom.| C5'| in residue>  DC J   7 
 GUESSED vdw of  C5' in  DC J   7  =  1.80
 NON-STANDARD atom.| C4'| in residue>  DC J   7 
 GUESSED vdw of  C4' in  DC J   7  =  1.80
 NON-STANDARD atom.| O4'| in residue>  DC J   7 
 GUESSED vdw of  O4' in  DC J   7  =  1.40
 NON-STANDARD atom.| C3'| in residue>  DC J   7 
 GUESSED vdw of  C3' in  DC J   7  =  1.80
 NON-STANDARD atom.| O3'| in residue>  DC J   7 
 GUESSED vdw of  O3' in  DC J   7  =  1.40
 NON-STANDARD atom.| C2'| in residue>  DC J   7 
 GUESSED vdw of  C2' in  DC J   7  =  1.80
 NON-STANDARD atom.| C1'| in residue>  DC J   7 
 GUESSED vdw of  C1' in  DC J   7  =  1.80
 NON-STANDARD atom.| N1 | in residue>  DC J   7 
 ASSUMED vdw of  N1  in  DC J   7  =  1.60 (same as   A)
 NON-STANDARD atom.| C2 | in residue>  DC J   7 
 ASSUMED vdw of  C2  in  DC J   7  =  1.80 (same as   A)
 NON-STANDARD atom.| O2 | in residue>  DC J   7 
 ASSUMED vdw of  O2  in  DC J   7  =  1.40 (same as   C)
 NON-STANDARD atom.| N3 | in residue>  DC J   7 
 ASSUMED vdw of  N3  in  DC J   7  =  1.60 (same as   A)
 NON-STANDARD atom.| C4 | in residue>  DC J   7 
 ASSUMED vdw of  C4  in  DC J   7  =  1.80 (same as   A)
 NON-STANDARD atom.| N4 | in residue>  DC J   7 
 ASSUMED vdw of  N4  in  DC J   7  =  1.60 (same as   C)
 NON-STANDARD atom.| C5 | in residue>  DC J   7 
 ASSUMED vdw of  C5  in  DC J   7  =  1.80 (same as   A)
 NON-STANDARD atom.| C6 | in residue>  DC J   7 
 ASSUMED vdw of  C6  in  DC J   7  =  1.80 (same as   A)
 UNKNOWN residue type.............>  DC J   8 
 NON-STANDARD atom.| P  | in residue>  DC J   8 
 ASSUMED vdw of  P   in  DC J   8  =  1.90 (same as   A)
 NON-STANDARD atom.| OP1| in residue>  DC J   8 
 GUESSED vdw of  OP1 in  DC J   8  =  1.40
 NON-STANDARD atom.| OP2| in residue>  DC J   8 
 GUESSED vdw of  OP2 in  DC J   8  =  1.40
 NON-STANDARD atom.| O5'| in residue>  DC J   8 
 GUESSED vdw of  O5' in  DC J   8  =  1.40
 NON-STANDARD atom.| C5'| in residue>  DC J   8 
 GUESSED vdw of  C5' in  DC J   8  =  1.80
 NON-STANDARD atom.| C4'| in residue>  DC J   8 
 GUESSED vdw of  C4' in  DC J   8  =  1.80
 NON-STANDARD atom.| O4'| in residue>  DC J   8 
 GUESSED vdw of  O4' in  DC J   8  =  1.40
 NON-STANDARD atom.| C3'| in residue>  DC J   8 
 GUESSED vdw of  C3' in  DC J   8  =  1.80
 NON-STANDARD atom.| O3'| in residue>  DC J   8 
 GUESSED vdw of  O3' in  DC J   8  =  1.40
 NON-STANDARD atom.| C2'| in residue>  DC J   8 
 GUESSED vdw of  C2' in  DC J   8  =  1.80
 NON-STANDARD atom.| C1'| in residue>  DC J   8 
 GUESSED vdw of  C1' in  DC J   8  =  1.80
 NON-STANDARD atom.| N1 | in residue>  DC J   8 
 ASSUMED vdw of  N1  in  DC J   8  =  1.60 (same as   A)
 NON-STANDARD atom.| C2 | in residue>  DC J   8 
 ASSUMED vdw of  C2  in  DC J   8  =  1.80 (same as   A)
 NON-STANDARD atom.| O2 | in residue>  DC J   8 
 ASSUMED vdw of  O2  in  DC J   8  =  1.40 (same as   C)
 NON-STANDARD atom.| N3 | in residue>  DC J   8 
 ASSUMED vdw of  N3  in  DC J   8  =  1.60 (same as   A)
 NON-STANDARD atom.| C4 | in residue>  DC J   8 
 ASSUMED vdw of  C4  in  DC J   8  =  1.80 (same as   A)
 NON-STANDARD atom.| N4 | in residue>  DC J   8 
 ASSUMED vdw of  N4  in  DC J   8  =  1.60 (same as   C)
 NON-STANDARD atom.| C5 | in residue>  DC J   8 
 ASSUMED vdw of  C5  in  DC J   8  =  1.80 (same as   A)
 NON-STANDARD atom.| C6 | in residue>  DC J   8 
 ASSUMED vdw of  C6  in  DC J   8  =  1.80 (same as   A)
 UNKNOWN residue type.............>  DG J   9 
 NON-STANDARD atom.| P  | in residue>  DG J   9 
 ASSUMED vdw of  P   in  DG J   9  =  1.90 (same as   A)
 NON-STANDARD atom.| OP1| in residue>  DG J   9 
 GUESSED vdw of  OP1 in  DG J   9  =  1.40
 NON-STANDARD atom.| OP2| in residue>  DG J   9 
 GUESSED vdw of  OP2 in  DG J   9  =  1.40
 NON-STANDARD atom.| O5'| in residue>  DG J   9 
 GUESSED vdw of  O5' in  DG J   9  =  1.40
 NON-STANDARD atom.| C5'| in residue>  DG J   9 
 GUESSED vdw of  C5' in  DG J   9  =  1.80
 NON-STANDARD atom.| C4'| in residue>  DG J   9 
 GUESSED vdw of  C4' in  DG J   9  =  1.80
 NON-STANDARD atom.| O4'| in residue>  DG J   9 
 GUESSED vdw of  O4' in  DG J   9  =  1.40
 NON-STANDARD atom.| C3'| in residue>  DG J   9 
 GUESSED vdw of  C3' in  DG J   9  =  1.80
 NON-STANDARD atom.| O3'| in residue>  DG J   9 
 GUESSED vdw of  O3' in  DG J   9  =  1.40
 NON-STANDARD atom.| C2'| in residue>  DG J   9 
 GUESSED vdw of  C2' in  DG J   9  =  1.80
 NON-STANDARD atom.| C1'| in residue>  DG J   9 
 GUESSED vdw of  C1' in  DG J   9  =  1.80
 NON-STANDARD atom.| N9 | in residue>  DG J   9 
 ASSUMED vdw of  N9  in  DG J   9  =  1.60 (same as   A)
 NON-STANDARD atom.| C8 | in residue>  DG J   9 
 ASSUMED vdw of  C8  in  DG J   9  =  1.80 (same as   A)
 NON-STANDARD atom.| N7 | in residue>  DG J   9 
 ASSUMED vdw of  N7  in  DG J   9  =  1.60 (same as   A)
 NON-STANDARD atom.| C5 | in residue>  DG J   9 
 ASSUMED vdw of  C5  in  DG J   9  =  1.80 (same as   A)
 NON-STANDARD atom.| C6 | in residue>  DG J   9 
 ASSUMED vdw of  C6  in  DG J   9  =  1.80 (same as   A)
 NON-STANDARD atom.| O6 | in residue>  DG J   9 
 ASSUMED vdw of  O6  in  DG J   9  =  1.40 (same as   G)
 NON-STANDARD atom.| N1 | in residue>  DG J   9 
 ASSUMED vdw of  N1  in  DG J   9  =  1.60 (same as   A)
 NON-STANDARD atom.| C2 | in residue>  DG J   9 
 ASSUMED vdw of  C2  in  DG J   9  =  1.80 (same as   A)
 NON-STANDARD atom.| N2 | in residue>  DG J   9 
 ASSUMED vdw of  N2  in  DG J   9  =  1.60 (same as   G)
 NON-STANDARD atom.| N3 | in residue>  DG J   9 
 ASSUMED vdw of  N3  in  DG J   9  =  1.60 (same as   A)
 NON-STANDARD atom.| C4 | in residue>  DG J   9 
 ASSUMED vdw of  C4  in  DG J   9  =  1.80 (same as   A)
 UNKNOWN residue type.............>  DC J  10 
 NON-STANDARD atom.| P  | in residue>  DC J  10 
 ASSUMED vdw of  P   in  DC J  10  =  1.90 (same as   A)
 NON-STANDARD atom.| OP1| in residue>  DC J  10 
 GUESSED vdw of  OP1 in  DC J  10  =  1.40
 NON-STANDARD atom.| OP2| in residue>  DC J  10 
 GUESSED vdw of  OP2 in  DC J  10  =  1.40
 NON-STANDARD atom.| O5'| in residue>  DC J  10 
 GUESSED vdw of  O5' in  DC J  10  =  1.40
 NON-STANDARD atom.| C5'| in residue>  DC J  10 
 GUESSED vdw of  C5' in  DC J  10  =  1.80
 NON-STANDARD atom.| C4'| in residue>  DC J  10 
 GUESSED vdw of  C4' in  DC J  10  =  1.80
 NON-STANDARD atom.| O4'| in residue>  DC J  10 
 GUESSED vdw of  O4' in  DC J  10  =  1.40
 NON-STANDARD atom.| C3'| in residue>  DC J  10 
 GUESSED vdw of  C3' in  DC J  10  =  1.80
 NON-STANDARD atom.| O3'| in residue>  DC J  10 
 GUESSED vdw of  O3' in  DC J  10  =  1.40
 NON-STANDARD atom.| C2'| in residue>  DC J  10 
 GUESSED vdw of  C2' in  DC J  10  =  1.80
 NON-STANDARD atom.| C1'| in residue>  DC J  10 
 GUESSED vdw of  C1' in  DC J  10  =  1.80
 NON-STANDARD atom.| N1 | in residue>  DC J  10 
 ASSUMED vdw of  N1  in  DC J  10  =  1.60 (same as   A)
 NON-STANDARD atom.| C2 | in residue>  DC J  10 
 ASSUMED vdw of  C2  in  DC J  10  =  1.80 (same as   A)
 NON-STANDARD atom.| O2 | in residue>  DC J  10 
 ASSUMED vdw of  O2  in  DC J  10  =  1.40 (same as   C)
 NON-STANDARD atom.| N3 | in residue>  DC J  10 
 ASSUMED vdw of  N3  in  DC J  10  =  1.60 (same as   A)
 NON-STANDARD atom.| C4 | in residue>  DC J  10 
 ASSUMED vdw of  C4  in  DC J  10  =  1.80 (same as   A)
 NON-STANDARD atom.| N4 | in residue>  DC J  10 
 ASSUMED vdw of  N4  in  DC J  10  =  1.60 (same as   C)
 NON-STANDARD atom.| C5 | in residue>  DC J  10 
 ASSUMED vdw of  C5  in  DC J  10  =  1.80 (same as   A)
 NON-STANDARD atom.| C6 | in residue>  DC J  10 
 ASSUMED vdw of  C6  in  DC J  10  =  1.80 (same as   A)
 UNKNOWN residue type.............>  DG J  11 
 NON-STANDARD atom.| P  | in residue>  DG J  11 
 ASSUMED vdw of  P   in  DG J  11  =  1.90 (same as   A)
 NON-STANDARD atom.| OP1| in residue>  DG J  11 
 GUESSED vdw of  OP1 in  DG J  11  =  1.40
 NON-STANDARD atom.| OP2| in residue>  DG J  11 
 GUESSED vdw of  OP2 in  DG J  11  =  1.40
 NON-STANDARD atom.| O5'| in residue>  DG J  11 
 GUESSED vdw of  O5' in  DG J  11  =  1.40
 NON-STANDARD atom.| C5'| in residue>  DG J  11 
 GUESSED vdw of  C5' in  DG J  11  =  1.80
 NON-STANDARD atom.| C4'| in residue>  DG J  11 
 GUESSED vdw of  C4' in  DG J  11  =  1.80
 NON-STANDARD atom.| O4'| in residue>  DG J  11 
 GUESSED vdw of  O4' in  DG J  11  =  1.40
 NON-STANDARD atom.| C3'| in residue>  DG J  11 
 GUESSED vdw of  C3' in  DG J  11  =  1.80
 NON-STANDARD atom.| O3'| in residue>  DG J  11 
 GUESSED vdw of  O3' in  DG J  11  =  1.40
 NON-STANDARD atom.| C2'| in residue>  DG J  11 
 GUESSED vdw of  C2' in  DG J  11  =  1.80
 NON-STANDARD atom.| C1'| in residue>  DG J  11 
 GUESSED vdw of  C1' in  DG J  11  =  1.80
 NON-STANDARD atom.| N9 | in residue>  DG J  11 
 ASSUMED vdw of  N9  in  DG J  11  =  1.60 (same as   A)
 NON-STANDARD atom.| C8 | in residue>  DG J  11 
 ASSUMED vdw of  C8  in  DG J  11  =  1.80 (same as   A)
 NON-STANDARD atom.| N7 | in residue>  DG J  11 
 ASSUMED vdw of  N7  in  DG J  11  =  1.60 (same as   A)
 NON-STANDARD atom.| C5 | in residue>  DG J  11 
 ASSUMED vdw of  C5  in  DG J  11  =  1.80 (same as   A)
 NON-STANDARD atom.| C6 | in residue>  DG J  11 
 ASSUMED vdw of  C6  in  DG J  11  =  1.80 (same as   A)
 NON-STANDARD atom.| O6 | in residue>  DG J  11 
 ASSUMED vdw of  O6  in  DG J  11  =  1.40 (same as   G)
 NON-STANDARD atom.| N1 | in residue>  DG J  11 
 ASSUMED vdw of  N1  in  DG J  11  =  1.60 (same as   A)
 NON-STANDARD atom.| C2 | in residue>  DG J  11 
 ASSUMED vdw of  C2  in  DG J  11  =  1.80 (same as   A)
 NON-STANDARD atom.| N2 | in residue>  DG J  11 
 ASSUMED vdw of  N2  in  DG J  11  =  1.60 (same as   G)
 NON-STANDARD atom.| N3 | in residue>  DG J  11 
 ASSUMED vdw of  N3  in  DG J  11  =  1.60 (same as   A)
 NON-STANDARD atom.| C4 | in residue>  DG J  11 
 ASSUMED vdw of  C4  in  DG J  11  =  1.80 (same as   A)
 UNKNOWN residue type.............>  DT J  12 
 NON-STANDARD atom.| P  | in residue>  DT J  12 
 ASSUMED vdw of  P   in  DT J  12  =  1.90 (same as   A)
 NON-STANDARD atom.| OP1| in residue>  DT J  12 
 GUESSED vdw of  OP1 in  DT J  12  =  1.40
 NON-STANDARD atom.| OP2| in residue>  DT J  12 
 GUESSED vdw of  OP2 in  DT J  12  =  1.40
 NON-STANDARD atom.| O5'| in residue>  DT J  12 
 GUESSED vdw of  O5' in  DT J  12  =  1.40
 NON-STANDARD atom.| C5'| in residue>  DT J  12 
 GUESSED vdw of  C5' in  DT J  12  =  1.80
 NON-STANDARD atom.| C4'| in residue>  DT J  12 
 GUESSED vdw of  C4' in  DT J  12  =  1.80
 NON-STANDARD atom.| O4'| in residue>  DT J  12 
 GUESSED vdw of  O4' in  DT J  12  =  1.40
 NON-STANDARD atom.| C3'| in residue>  DT J  12 
 GUESSED vdw of  C3' in  DT J  12  =  1.80
 NON-STANDARD atom.| O3'| in residue>  DT J  12 
 GUESSED vdw of  O3' in  DT J  12  =  1.40
 NON-STANDARD atom.| C2'| in residue>  DT J  12 
 GUESSED vdw of  C2' in  DT J  12  =  1.80
 NON-STANDARD atom.| C1'| in residue>  DT J  12 
 GUESSED vdw of  C1' in  DT J  12  =  1.80
 NON-STANDARD atom.| N1 | in residue>  DT J  12 
 ASSUMED vdw of  N1  in  DT J  12  =  1.60 (same as   A)
 NON-STANDARD atom.| C2 | in residue>  DT J  12 
 ASSUMED vdw of  C2  in  DT J  12  =  1.80 (same as   A)
 NON-STANDARD atom.| O2 | in residue>  DT J  12 
 ASSUMED vdw of  O2  in  DT J  12  =  1.40 (same as   C)
 NON-STANDARD atom.| N3 | in residue>  DT J  12 
 ASSUMED vdw of  N3  in  DT J  12  =  1.60 (same as   A)
 NON-STANDARD atom.| C4 | in residue>  DT J  12 
 ASSUMED vdw of  C4  in  DT J  12  =  1.80 (same as   A)
 NON-STANDARD atom.| O4 | in residue>  DT J  12 
 ASSUMED vdw of  O4  in  DT J  12  =  1.40 (same as   T)
 NON-STANDARD atom.| C5 | in residue>  DT J  12 
 ASSUMED vdw of  C5  in  DT J  12  =  1.80 (same as   A)
 NON-STANDARD atom.| C7 | in residue>  DT J  12 
 GUESSED vdw of  C7  in  DT J  12  =  1.80
 NON-STANDARD atom.| C6 | in residue>  DT J  12 
 ASSUMED vdw of  C6  in  DT J  12  =  1.80 (same as   A)
 UNKNOWN residue type.............>  DT J  13 
 NON-STANDARD atom.| P  | in residue>  DT J  13 
 ASSUMED vdw of  P   in  DT J  13  =  1.90 (same as   A)
 NON-STANDARD atom.| OP1| in residue>  DT J  13 
 GUESSED vdw of  OP1 in  DT J  13  =  1.40
 NON-STANDARD atom.| OP2| in residue>  DT J  13 
 GUESSED vdw of  OP2 in  DT J  13  =  1.40
 NON-STANDARD atom.| O5'| in residue>  DT J  13 
 GUESSED vdw of  O5' in  DT J  13  =  1.40
 NON-STANDARD atom.| C5'| in residue>  DT J  13 
 GUESSED vdw of  C5' in  DT J  13  =  1.80
 NON-STANDARD atom.| C4'| in residue>  DT J  13 
 GUESSED vdw of  C4' in  DT J  13  =  1.80
 NON-STANDARD atom.| O4'| in residue>  DT J  13 
 GUESSED vdw of  O4' in  DT J  13  =  1.40
 NON-STANDARD atom.| C3'| in residue>  DT J  13 
 GUESSED vdw of  C3' in  DT J  13  =  1.80
 NON-STANDARD atom.| O3'| in residue>  DT J  13 
 GUESSED vdw of  O3' in  DT J  13  =  1.40
 NON-STANDARD atom.| C2'| in residue>  DT J  13 
 GUESSED vdw of  C2' in  DT J  13  =  1.80
 NON-STANDARD atom.| C1'| in residue>  DT J  13 
 GUESSED vdw of  C1' in  DT J  13  =  1.80
 NON-STANDARD atom.| N1 | in residue>  DT J  13 
 ASSUMED vdw of  N1  in  DT J  13  =  1.60 (same as   A)
 NON-STANDARD atom.| C2 | in residue>  DT J  13 
 ASSUMED vdw of  C2  in  DT J  13  =  1.80 (same as   A)
 NON-STANDARD atom.| O2 | in residue>  DT J  13 
 ASSUMED vdw of  O2  in  DT J  13  =  1.40 (same as   C)
 NON-STANDARD atom.| N3 | in residue>  DT J  13 
 ASSUMED vdw of  N3  in  DT J  13  =  1.60 (same as   A)
 NON-STANDARD atom.| C4 | in residue>  DT J  13 
 ASSUMED vdw of  C4  in  DT J  13  =  1.80 (same as   A)
 NON-STANDARD atom.| O4 | in residue>  DT J  13 
 ASSUMED vdw of  O4  in  DT J  13  =  1.40 (same as   T)
 NON-STANDARD atom.| C5 | in residue>  DT J  13 
 ASSUMED vdw of  C5  in  DT J  13  =  1.80 (same as   A)
 NON-STANDARD atom.| C7 | in residue>  DT J  13 
 GUESSED vdw of  C7  in  DT J  13  =  1.80
 NON-STANDARD atom.| C6 | in residue>  DT J  13 
 ASSUMED vdw of  C6  in  DT J  13  =  1.80 (same as   A)
 UNKNOWN residue type.............>  DT J  14 
 NON-STANDARD atom.| P  | in residue>  DT J  14 
 ASSUMED vdw of  P   in  DT J  14  =  1.90 (same as   A)
 NON-STANDARD atom.| OP1| in residue>  DT J  14 
 GUESSED vdw of  OP1 in  DT J  14  =  1.40
 NON-STANDARD atom.| OP2| in residue>  DT J  14 
 GUESSED vdw of  OP2 in  DT J  14  =  1.40
 NON-STANDARD atom.| O5'| in residue>  DT J  14 
 GUESSED vdw of  O5' in  DT J  14  =  1.40
 NON-STANDARD atom.| C5'| in residue>  DT J  14 
 GUESSED vdw of  C5' in  DT J  14  =  1.80
 NON-STANDARD atom.| C4'| in residue>  DT J  14 
 GUESSED vdw of  C4' in  DT J  14  =  1.80
 NON-STANDARD atom.| O4'| in residue>  DT J  14 
 GUESSED vdw of  O4' in  DT J  14  =  1.40
 NON-STANDARD atom.| C3'| in residue>  DT J  14 
 GUESSED vdw of  C3' in  DT J  14  =  1.80
 NON-STANDARD atom.| O3'| in residue>  DT J  14 
 GUESSED vdw of  O3' in  DT J  14  =  1.40
 NON-STANDARD atom.| C2'| in residue>  DT J  14 
 GUESSED vdw of  C2' in  DT J  14  =  1.80
 NON-STANDARD atom.| C1'| in residue>  DT J  14 
 GUESSED vdw of  C1' in  DT J  14  =  1.80
 NON-STANDARD atom.| N1 | in residue>  DT J  14 
 ASSUMED vdw of  N1  in  DT J  14  =  1.60 (same as   A)
 NON-STANDARD atom.| C2 | in residue>  DT J  14 
 ASSUMED vdw of  C2  in  DT J  14  =  1.80 (same as   A)
 NON-STANDARD atom.| O2 | in residue>  DT J  14 
 ASSUMED vdw of  O2  in  DT J  14  =  1.40 (same as   C)
 NON-STANDARD atom.| N3 | in residue>  DT J  14 
 ASSUMED vdw of  N3  in  DT J  14  =  1.60 (same as   A)
 NON-STANDARD atom.| C4 | in residue>  DT J  14 
 ASSUMED vdw of  C4  in  DT J  14  =  1.80 (same as   A)
 NON-STANDARD atom.| O4 | in residue>  DT J  14 
 ASSUMED vdw of  O4  in  DT J  14  =  1.40 (same as   T)
 NON-STANDARD atom.| C5 | in residue>  DT J  14 
 ASSUMED vdw of  C5  in  DT J  14  =  1.80 (same as   A)
 NON-STANDARD atom.| C7 | in residue>  DT J  14 
 GUESSED vdw of  C7  in  DT J  14  =  1.80
 NON-STANDARD atom.| C6 | in residue>  DT J  14 
 ASSUMED vdw of  C6  in  DT J  14  =  1.80 (same as   A)
 UNKNOWN residue type.............>  DT J  15 
 NON-STANDARD atom.| P  | in residue>  DT J  15 
 ASSUMED vdw of  P   in  DT J  15  =  1.90 (same as   A)
 NON-STANDARD atom.| OP1| in residue>  DT J  15 
 GUESSED vdw of  OP1 in  DT J  15  =  1.40
 NON-STANDARD atom.| OP2| in residue>  DT J  15 
 GUESSED vdw of  OP2 in  DT J  15  =  1.40
 NON-STANDARD atom.| O5'| in residue>  DT J  15 
 GUESSED vdw of  O5' in  DT J  15  =  1.40
 NON-STANDARD atom.| C5'| in residue>  DT J  15 
 GUESSED vdw of  C5' in  DT J  15  =  1.80
 NON-STANDARD atom.| C4'| in residue>  DT J  15 
 GUESSED vdw of  C4' in  DT J  15  =  1.80
 NON-STANDARD atom.| O4'| in residue>  DT J  15 
 GUESSED vdw of  O4' in  DT J  15  =  1.40
 NON-STANDARD atom.| C3'| in residue>  DT J  15 
 GUESSED vdw of  C3' in  DT J  15  =  1.80
 NON-STANDARD atom.| O3'| in residue>  DT J  15 
 GUESSED vdw of  O3' in  DT J  15  =  1.40
 NON-STANDARD atom.| C2'| in residue>  DT J  15 
 GUESSED vdw of  C2' in  DT J  15  =  1.80
 NON-STANDARD atom.| C1'| in residue>  DT J  15 
 GUESSED vdw of  C1' in  DT J  15  =  1.80
 NON-STANDARD atom.| N1 | in residue>  DT J  15 
 ASSUMED vdw of  N1  in  DT J  15  =  1.60 (same as   A)
 NON-STANDARD atom.| C2 | in residue>  DT J  15 
 ASSUMED vdw of  C2  in  DT J  15  =  1.80 (same as   A)
 NON-STANDARD atom.| O2 | in residue>  DT J  15 
 ASSUMED vdw of  O2  in  DT J  15  =  1.40 (same as   C)
 NON-STANDARD atom.| N3 | in residue>  DT J  15 
 ASSUMED vdw of  N3  in  DT J  15  =  1.60 (same as   A)
 NON-STANDARD atom.| C4 | in residue>  DT J  15 
 ASSUMED vdw of  C4  in  DT J  15  =  1.80 (same as   A)
 NON-STANDARD atom.| O4 | in residue>  DT J  15 
 ASSUMED vdw of  O4  in  DT J  15  =  1.40 (same as   T)
 NON-STANDARD atom.| C5 | in residue>  DT J  15 
 ASSUMED vdw of  C5  in  DT J  15  =  1.80 (same as   A)
 NON-STANDARD atom.| C7 | in residue>  DT J  15 
 GUESSED vdw of  C7  in  DT J  15  =  1.80
 NON-STANDARD atom.| C6 | in residue>  DT J  15 
 ASSUMED vdw of  C6  in  DT J  15  =  1.80 (same as   A)
 UNKNOWN residue type.............>  DA J  16 
 NON-STANDARD atom.| P  | in residue>  DA J  16 
 ASSUMED vdw of  P   in  DA J  16  =  1.90 (same as   A)
 NON-STANDARD atom.| OP1| in residue>  DA J  16 
 GUESSED vdw of  OP1 in  DA J  16  =  1.40
 NON-STANDARD atom.| OP2| in residue>  DA J  16 
 GUESSED vdw of  OP2 in  DA J  16  =  1.40
 NON-STANDARD atom.| O5'| in residue>  DA J  16 
 GUESSED vdw of  O5' in  DA J  16  =  1.40
 NON-STANDARD atom.| C5'| in residue>  DA J  16 
 GUESSED vdw of  C5' in  DA J  16  =  1.80
 NON-STANDARD atom.| C4'| in residue>  DA J  16 
 GUESSED vdw of  C4' in  DA J  16  =  1.80
 NON-STANDARD atom.| O4'| in residue>  DA J  16 
 GUESSED vdw of  O4' in  DA J  16  =  1.40
 NON-STANDARD atom.| C3'| in residue>  DA J  16 
 GUESSED vdw of  C3' in  DA J  16  =  1.80
 NON-STANDARD atom.| O3'| in residue>  DA J  16 
 GUESSED vdw of  O3' in  DA J  16  =  1.40
 NON-STANDARD atom.| C2'| in residue>  DA J  16 
 GUESSED vdw of  C2' in  DA J  16  =  1.80
 NON-STANDARD atom.| C1'| in residue>  DA J  16 
 GUESSED vdw of  C1' in  DA J  16  =  1.80
 NON-STANDARD atom.| N9 | in residue>  DA J  16 
 ASSUMED vdw of  N9  in  DA J  16  =  1.60 (same as   A)
 NON-STANDARD atom.| C8 | in residue>  DA J  16 
 ASSUMED vdw of  C8  in  DA J  16  =  1.80 (same as   A)
 NON-STANDARD atom.| N7 | in residue>  DA J  16 
 ASSUMED vdw of  N7  in  DA J  16  =  1.60 (same as   A)
 NON-STANDARD atom.| C5 | in residue>  DA J  16 
 ASSUMED vdw of  C5  in  DA J  16  =  1.80 (same as   A)
 NON-STANDARD atom.| C6 | in residue>  DA J  16 
 ASSUMED vdw of  C6  in  DA J  16  =  1.80 (same as   A)
 NON-STANDARD atom.| N6 | in residue>  DA J  16 
 ASSUMED vdw of  N6  in  DA J  16  =  1.60 (same as   A)
 NON-STANDARD atom.| N1 | in residue>  DA J  16 
 ASSUMED vdw of  N1  in  DA J  16  =  1.60 (same as   A)
 NON-STANDARD atom.| C2 | in residue>  DA J  16 
 ASSUMED vdw of  C2  in  DA J  16  =  1.80 (same as   A)
 NON-STANDARD atom.| N3 | in residue>  DA J  16 
 ASSUMED vdw of  N3  in  DA J  16  =  1.60 (same as   A)
 NON-STANDARD atom.| C4 | in residue>  DA J  16 
 ASSUMED vdw of  C4  in  DA J  16  =  1.80 (same as   A)
 UNKNOWN residue type.............>  DA J  17 
 NON-STANDARD atom.| P  | in residue>  DA J  17 
 ASSUMED vdw of  P   in  DA J  17  =  1.90 (same as   A)
 NON-STANDARD atom.| OP1| in residue>  DA J  17 
 GUESSED vdw of  OP1 in  DA J  17  =  1.40
 NON-STANDARD atom.| OP2| in residue>  DA J  17 
 GUESSED vdw of  OP2 in  DA J  17  =  1.40
 NON-STANDARD atom.| O5'| in residue>  DA J  17 
 GUESSED vdw of  O5' in  DA J  17  =  1.40
 NON-STANDARD atom.| C5'| in residue>  DA J  17 
 GUESSED vdw of  C5' in  DA J  17  =  1.80
 NON-STANDARD atom.| C4'| in residue>  DA J  17 
 GUESSED vdw of  C4' in  DA J  17  =  1.80
 NON-STANDARD atom.| O4'| in residue>  DA J  17 
 GUESSED vdw of  O4' in  DA J  17  =  1.40
 NON-STANDARD atom.| C3'| in residue>  DA J  17 
 GUESSED vdw of  C3' in  DA J  17  =  1.80
 NON-STANDARD atom.| O3'| in residue>  DA J  17 
 GUESSED vdw of  O3' in  DA J  17  =  1.40
 NON-STANDARD atom.| C2'| in residue>  DA J  17 
 GUESSED vdw of  C2' in  DA J  17  =  1.80
 NON-STANDARD atom.| C1'| in residue>  DA J  17 
 GUESSED vdw of  C1' in  DA J  17  =  1.80
 NON-STANDARD atom.| N9 | in residue>  DA J  17 
 ASSUMED vdw of  N9  in  DA J  17  =  1.60 (same as   A)
 NON-STANDARD atom.| C8 | in residue>  DA J  17 
 ASSUMED vdw of  C8  in  DA J  17  =  1.80 (same as   A)
 NON-STANDARD atom.| N7 | in residue>  DA J  17 
 ASSUMED vdw of  N7  in  DA J  17  =  1.60 (same as   A)
 NON-STANDARD atom.| C5 | in residue>  DA J  17 
 ASSUMED vdw of  C5  in  DA J  17  =  1.80 (same as   A)
 NON-STANDARD atom.| C6 | in residue>  DA J  17 
 ASSUMED vdw of  C6  in  DA J  17  =  1.80 (same as   A)
 NON-STANDARD atom.| N6 | in residue>  DA J  17 
 ASSUMED vdw of  N6  in  DA J  17  =  1.60 (same as   A)
 NON-STANDARD atom.| N1 | in residue>  DA J  17 
 ASSUMED vdw of  N1  in  DA J  17  =  1.60 (same as   A)
 NON-STANDARD atom.| C2 | in residue>  DA J  17 
 ASSUMED vdw of  C2  in  DA J  17  =  1.80 (same as   A)
 NON-STANDARD atom.| N3 | in residue>  DA J  17 
 ASSUMED vdw of  N3  in  DA J  17  =  1.60 (same as   A)
 NON-STANDARD atom.| C4 | in residue>  DA J  17 
 ASSUMED vdw of  C4  in  DA J  17  =  1.80 (same as   A)
 UNKNOWN residue type.............>  DC J  18 
 NON-STANDARD atom.| P  | in residue>  DC J  18 
 ASSUMED vdw of  P   in  DC J  18  =  1.90 (same as   A)
 NON-STANDARD atom.| OP1| in residue>  DC J  18 
 GUESSED vdw of  OP1 in  DC J  18  =  1.40
 NON-STANDARD atom.| OP2| in residue>  DC J  18 
 GUESSED vdw of  OP2 in  DC J  18  =  1.40
 NON-STANDARD atom.| O5'| in residue>  DC J  18 
 GUESSED vdw of  O5' in  DC J  18  =  1.40
 NON-STANDARD atom.| C5'| in residue>  DC J  18 
 GUESSED vdw of  C5' in  DC J  18  =  1.80
 NON-STANDARD atom.| C4'| in residue>  DC J  18 
 GUESSED vdw of  C4' in  DC J  18  =  1.80
 NON-STANDARD atom.| O4'| in residue>  DC J  18 
 GUESSED vdw of  O4' in  DC J  18  =  1.40
 NON-STANDARD atom.| C3'| in residue>  DC J  18 
 GUESSED vdw of  C3' in  DC J  18  =  1.80
 NON-STANDARD atom.| O3'| in residue>  DC J  18 
 GUESSED vdw of  O3' in  DC J  18  =  1.40
 NON-STANDARD atom.| C2'| in residue>  DC J  18 
 GUESSED vdw of  C2' in  DC J  18  =  1.80
 NON-STANDARD atom.| C1'| in residue>  DC J  18 
 GUESSED vdw of  C1' in  DC J  18  =  1.80
 NON-STANDARD atom.| N1 | in residue>  DC J  18 
 ASSUMED vdw of  N1  in  DC J  18  =  1.60 (same as   A)
 NON-STANDARD atom.| C2 | in residue>  DC J  18 
 ASSUMED vdw of  C2  in  DC J  18  =  1.80 (same as   A)
 NON-STANDARD atom.| O2 | in residue>  DC J  18 
 ASSUMED vdw of  O2  in  DC J  18  =  1.40 (same as   C)
 NON-STANDARD atom.| N3 | in residue>  DC J  18 
 ASSUMED vdw of  N3  in  DC J  18  =  1.60 (same as   A)
 NON-STANDARD atom.| C4 | in residue>  DC J  18 
 ASSUMED vdw of  C4  in  DC J  18  =  1.80 (same as   A)
 NON-STANDARD atom.| N4 | in residue>  DC J  18 
 ASSUMED vdw of  N4  in  DC J  18  =  1.60 (same as   C)
 NON-STANDARD atom.| C5 | in residue>  DC J  18 
 ASSUMED vdw of  C5  in  DC J  18  =  1.80 (same as   A)
 NON-STANDARD atom.| C6 | in residue>  DC J  18 
 ASSUMED vdw of  C6  in  DC J  18  =  1.80 (same as   A)
 UNKNOWN residue type.............>  DC J  19 
 NON-STANDARD atom.| P  | in residue>  DC J  19 
 ASSUMED vdw of  P   in  DC J  19  =  1.90 (same as   A)
 NON-STANDARD atom.| OP1| in residue>  DC J  19 
 GUESSED vdw of  OP1 in  DC J  19  =  1.40
 NON-STANDARD atom.| OP2| in residue>  DC J  19 
 GUESSED vdw of  OP2 in  DC J  19  =  1.40
 NON-STANDARD atom.| O5'| in residue>  DC J  19 
 GUESSED vdw of  O5' in  DC J  19  =  1.40
 NON-STANDARD atom.| C5'| in residue>  DC J  19 
 GUESSED vdw of  C5' in  DC J  19  =  1.80
 NON-STANDARD atom.| C4'| in residue>  DC J  19 
 GUESSED vdw of  C4' in  DC J  19  =  1.80
 NON-STANDARD atom.| O4'| in residue>  DC J  19 
 GUESSED vdw of  O4' in  DC J  19  =  1.40
 NON-STANDARD atom.| C3'| in residue>  DC J  19 
 GUESSED vdw of  C3' in  DC J  19  =  1.80
 NON-STANDARD atom.| O3'| in residue>  DC J  19 
 GUESSED vdw of  O3' in  DC J  19  =  1.40
 NON-STANDARD atom.| C2'| in residue>  DC J  19 
 GUESSED vdw of  C2' in  DC J  19  =  1.80
 NON-STANDARD atom.| C1'| in residue>  DC J  19 
 GUESSED vdw of  C1' in  DC J  19  =  1.80
 NON-STANDARD atom.| N1 | in residue>  DC J  19 
 ASSUMED vdw of  N1  in  DC J  19  =  1.60 (same as   A)
 NON-STANDARD atom.| C2 | in residue>  DC J  19 
 ASSUMED vdw of  C2  in  DC J  19  =  1.80 (same as   A)
 NON-STANDARD atom.| O2 | in residue>  DC J  19 
 ASSUMED vdw of  O2  in  DC J  19  =  1.40 (same as   C)
 NON-STANDARD atom.| N3 | in residue>  DC J  19 
 ASSUMED vdw of  N3  in  DC J  19  =  1.60 (same as   A)
 NON-STANDARD atom.| C4 | in residue>  DC J  19 
 ASSUMED vdw of  C4  in  DC J  19  =  1.80 (same as   A)
 NON-STANDARD atom.| N4 | in residue>  DC J  19 
 ASSUMED vdw of  N4  in  DC J  19  =  1.60 (same as   C)
 NON-STANDARD atom.| C5 | in residue>  DC J  19 
 ASSUMED vdw of  C5  in  DC J  19  =  1.80 (same as   A)
 NON-STANDARD atom.| C6 | in residue>  DC J  19 
 ASSUMED vdw of  C6  in  DC J  19  =  1.80 (same as   A)
 UNKNOWN residue type.............>  DG J  20 
 NON-STANDARD atom.| P  | in residue>  DG J  20 
 ASSUMED vdw of  P   in  DG J  20  =  1.90 (same as   A)
 NON-STANDARD atom.| OP1| in residue>  DG J  20 
 GUESSED vdw of  OP1 in  DG J  20  =  1.40
 NON-STANDARD atom.| OP2| in residue>  DG J  20 
 GUESSED vdw of  OP2 in  DG J  20  =  1.40
 NON-STANDARD atom.| O5'| in residue>  DG J  20 
 GUESSED vdw of  O5' in  DG J  20  =  1.40
 NON-STANDARD atom.| C5'| in residue>  DG J  20 
 GUESSED vdw of  C5' in  DG J  20  =  1.80
 NON-STANDARD atom.| C4'| in residue>  DG J  20 
 GUESSED vdw of  C4' in  DG J  20  =  1.80
 NON-STANDARD atom.| O4'| in residue>  DG J  20 
 GUESSED vdw of  O4' in  DG J  20  =  1.40
 NON-STANDARD atom.| C3'| in residue>  DG J  20 
 GUESSED vdw of  C3' in  DG J  20  =  1.80
 NON-STANDARD atom.| O3'| in residue>  DG J  20 
 GUESSED vdw of  O3' in  DG J  20  =  1.40
 NON-STANDARD atom.| C2'| in residue>  DG J  20 
 GUESSED vdw of  C2' in  DG J  20  =  1.80
 NON-STANDARD atom.| C1'| in residue>  DG J  20 
 GUESSED vdw of  C1' in  DG J  20  =  1.80
 NON-STANDARD atom.| N9 | in residue>  DG J  20 
 ASSUMED vdw of  N9  in  DG J  20  =  1.60 (same as   A)
 NON-STANDARD atom.| C8 | in residue>  DG J  20 
 ASSUMED vdw of  C8  in  DG J  20  =  1.80 (same as   A)
 NON-STANDARD atom.| N7 | in residue>  DG J  20 
 ASSUMED vdw of  N7  in  DG J  20  =  1.60 (same as   A)
 NON-STANDARD atom.| C5 | in residue>  DG J  20 
 ASSUMED vdw of  C5  in  DG J  20  =  1.80 (same as   A)
 NON-STANDARD atom.| C6 | in residue>  DG J  20 
 ASSUMED vdw of  C6  in  DG J  20  =  1.80 (same as   A)
 NON-STANDARD atom.| O6 | in residue>  DG J  20 
 ASSUMED vdw of  O6  in  DG J  20  =  1.40 (same as   G)
 NON-STANDARD atom.| N1 | in residue>  DG J  20 
 ASSUMED vdw of  N1  in  DG J  20  =  1.60 (same as   A)
 NON-STANDARD atom.| C2 | in residue>  DG J  20 
 ASSUMED vdw of  C2  in  DG J  20  =  1.80 (same as   A)
 NON-STANDARD atom.| N2 | in residue>  DG J  20 
 ASSUMED vdw of  N2  in  DG J  20  =  1.60 (same as   G)
 NON-STANDARD atom.| N3 | in residue>  DG J  20 
 ASSUMED vdw of  N3  in  DG J  20  =  1.60 (same as   A)
 NON-STANDARD atom.| C4 | in residue>  DG J  20 
 ASSUMED vdw of  C4  in  DG J  20  =  1.80 (same as   A)
 UNKNOWN residue type.............>  DC J  21 
 NON-STANDARD atom.| P  | in residue>  DC J  21 
 ASSUMED vdw of  P   in  DC J  21  =  1.90 (same as   A)
 NON-STANDARD atom.| OP1| in residue>  DC J  21 
 GUESSED vdw of  OP1 in  DC J  21  =  1.40
 NON-STANDARD atom.| OP2| in residue>  DC J  21 
 GUESSED vdw of  OP2 in  DC J  21  =  1.40
 NON-STANDARD atom.| O5'| in residue>  DC J  21 
 GUESSED vdw of  O5' in  DC J  21  =  1.40
 NON-STANDARD atom.| C5'| in residue>  DC J  21 
 GUESSED vdw of  C5' in  DC J  21  =  1.80
 NON-STANDARD atom.| C4'| in residue>  DC J  21 
 GUESSED vdw of  C4' in  DC J  21  =  1.80
 NON-STANDARD atom.| O4'| in residue>  DC J  21 
 GUESSED vdw of  O4' in  DC J  21  =  1.40
 NON-STANDARD atom.| C3'| in residue>  DC J  21 
 GUESSED vdw of  C3' in  DC J  21  =  1.80
 NON-STANDARD atom.| O3'| in residue>  DC J  21 
 GUESSED vdw of  O3' in  DC J  21  =  1.40
 NON-STANDARD atom.| C2'| in residue>  DC J  21 
 GUESSED vdw of  C2' in  DC J  21  =  1.80
 NON-STANDARD atom.| C1'| in residue>  DC J  21 
 GUESSED vdw of  C1' in  DC J  21  =  1.80
 NON-STANDARD atom.| N1 | in residue>  DC J  21 
 ASSUMED vdw of  N1  in  DC J  21  =  1.60 (same as   A)
 NON-STANDARD atom.| C2 | in residue>  DC J  21 
 ASSUMED vdw of  C2  in  DC J  21  =  1.80 (same as   A)
 NON-STANDARD atom.| O2 | in residue>  DC J  21 
 ASSUMED vdw of  O2  in  DC J  21  =  1.40 (same as   C)
 NON-STANDARD atom.| N3 | in residue>  DC J  21 
 ASSUMED vdw of  N3  in  DC J  21  =  1.60 (same as   A)
 NON-STANDARD atom.| C4 | in residue>  DC J  21 
 ASSUMED vdw of  C4  in  DC J  21  =  1.80 (same as   A)
 NON-STANDARD atom.| N4 | in residue>  DC J  21 
 ASSUMED vdw of  N4  in  DC J  21  =  1.60 (same as   C)
 NON-STANDARD atom.| C5 | in residue>  DC J  21 
 ASSUMED vdw of  C5  in  DC J  21  =  1.80 (same as   A)
 NON-STANDARD atom.| C6 | in residue>  DC J  21 
 ASSUMED vdw of  C6  in  DC J  21  =  1.80 (same as   A)
 UNKNOWN residue type.............>  DC J  22 
 NON-STANDARD atom.| P  | in residue>  DC J  22 
 ASSUMED vdw of  P   in  DC J  22  =  1.90 (same as   A)
 NON-STANDARD atom.| OP1| in residue>  DC J  22 
 GUESSED vdw of  OP1 in  DC J  22  =  1.40
 NON-STANDARD atom.| OP2| in residue>  DC J  22 
 GUESSED vdw of  OP2 in  DC J  22  =  1.40
 NON-STANDARD atom.| O5'| in residue>  DC J  22 
 GUESSED vdw of  O5' in  DC J  22  =  1.40
 NON-STANDARD atom.| C5'| in residue>  DC J  22 
 GUESSED vdw of  C5' in  DC J  22  =  1.80
 NON-STANDARD atom.| C4'| in residue>  DC J  22 
 GUESSED vdw of  C4' in  DC J  22  =  1.80
 NON-STANDARD atom.| O4'| in residue>  DC J  22 
 GUESSED vdw of  O4' in  DC J  22  =  1.40
 NON-STANDARD atom.| C3'| in residue>  DC J  22 
 GUESSED vdw of  C3' in  DC J  22  =  1.80
 NON-STANDARD atom.| O3'| in residue>  DC J  22 
 GUESSED vdw of  O3' in  DC J  22  =  1.40
 NON-STANDARD atom.| C2'| in residue>  DC J  22 
 GUESSED vdw of  C2' in  DC J  22  =  1.80
 NON-STANDARD atom.| C1'| in residue>  DC J  22 
 GUESSED vdw of  C1' in  DC J  22  =  1.80
 NON-STANDARD atom.| N1 | in residue>  DC J  22 
 ASSUMED vdw of  N1  in  DC J  22  =  1.60 (same as   A)
 NON-STANDARD atom.| C2 | in residue>  DC J  22 
 ASSUMED vdw of  C2  in  DC J  22  =  1.80 (same as   A)
 NON-STANDARD atom.| O2 | in residue>  DC J  22 
 ASSUMED vdw of  O2  in  DC J  22  =  1.40 (same as   C)
 NON-STANDARD atom.| N3 | in residue>  DC J  22 
 ASSUMED vdw of  N3  in  DC J  22  =  1.60 (same as   A)
 NON-STANDARD atom.| C4 | in residue>  DC J  22 
 ASSUMED vdw of  C4  in  DC J  22  =  1.80 (same as   A)
 NON-STANDARD atom.| N4 | in residue>  DC J  22 
 ASSUMED vdw of  N4  in  DC J  22  =  1.60 (same as   C)
 NON-STANDARD atom.| C5 | in residue>  DC J  22 
 ASSUMED vdw of  C5  in  DC J  22  =  1.80 (same as   A)
 NON-STANDARD atom.| C6 | in residue>  DC J  22 
 ASSUMED vdw of  C6  in  DC J  22  =  1.80 (same as   A)
 UNKNOWN residue type.............>  DA J  23 
 NON-STANDARD atom.| P  | in residue>  DA J  23 
 ASSUMED vdw of  P   in  DA J  23  =  1.90 (same as   A)
 NON-STANDARD atom.| OP1| in residue>  DA J  23 
 GUESSED vdw of  OP1 in  DA J  23  =  1.40
 NON-STANDARD atom.| OP2| in residue>  DA J  23 
 GUESSED vdw of  OP2 in  DA J  23  =  1.40
 NON-STANDARD atom.| O5'| in residue>  DA J  23 
 GUESSED vdw of  O5' in  DA J  23  =  1.40
 NON-STANDARD atom.| C5'| in residue>  DA J  23 
 GUESSED vdw of  C5' in  DA J  23  =  1.80
 NON-STANDARD atom.| C4'| in residue>  DA J  23 
 GUESSED vdw of  C4' in  DA J  23  =  1.80
 NON-STANDARD atom.| O4'| in residue>  DA J  23 
 GUESSED vdw of  O4' in  DA J  23  =  1.40
 NON-STANDARD atom.| C3'| in residue>  DA J  23 
 GUESSED vdw of  C3' in  DA J  23  =  1.80
 NON-STANDARD atom.| O3'| in residue>  DA J  23 
 GUESSED vdw of  O3' in  DA J  23  =  1.40
 NON-STANDARD atom.| C2'| in residue>  DA J  23 
 GUESSED vdw of  C2' in  DA J  23  =  1.80
 NON-STANDARD atom.| C1'| in residue>  DA J  23 
 GUESSED vdw of  C1' in  DA J  23  =  1.80
 NON-STANDARD atom.| N9 | in residue>  DA J  23 
 ASSUMED vdw of  N9  in  DA J  23  =  1.60 (same as   A)
 NON-STANDARD atom.| C8 | in residue>  DA J  23 
 ASSUMED vdw of  C8  in  DA J  23  =  1.80 (same as   A)
 NON-STANDARD atom.| N7 | in residue>  DA J  23 
 ASSUMED vdw of  N7  in  DA J  23  =  1.60 (same as   A)
 NON-STANDARD atom.| C5 | in residue>  DA J  23 
 ASSUMED vdw of  C5  in  DA J  23  =  1.80 (same as   A)
 NON-STANDARD atom.| C6 | in residue>  DA J  23 
 ASSUMED vdw of  C6  in  DA J  23  =  1.80 (same as   A)
 NON-STANDARD atom.| N6 | in residue>  DA J  23 
 ASSUMED vdw of  N6  in  DA J  23  =  1.60 (same as   A)
 NON-STANDARD atom.| N1 | in residue>  DA J  23 
 ASSUMED vdw of  N1  in  DA J  23  =  1.60 (same as   A)
 NON-STANDARD atom.| C2 | in residue>  DA J  23 
 ASSUMED vdw of  C2  in  DA J  23  =  1.80 (same as   A)
 NON-STANDARD atom.| N3 | in residue>  DA J  23 
 ASSUMED vdw of  N3  in  DA J  23  =  1.60 (same as   A)
 NON-STANDARD atom.| C4 | in residue>  DA J  23 
 ASSUMED vdw of  C4  in  DA J  23  =  1.80 (same as   A)
 UNKNOWN residue type.............>  DA J  24 
 NON-STANDARD atom.| P  | in residue>  DA J  24 
 ASSUMED vdw of  P   in  DA J  24  =  1.90 (same as   A)
 NON-STANDARD atom.| OP1| in residue>  DA J  24 
 GUESSED vdw of  OP1 in  DA J  24  =  1.40
 NON-STANDARD atom.| OP2| in residue>  DA J  24 
 GUESSED vdw of  OP2 in  DA J  24  =  1.40
 NON-STANDARD atom.| O5'| in residue>  DA J  24 
 GUESSED vdw of  O5' in  DA J  24  =  1.40
 NON-STANDARD atom.| C5'| in residue>  DA J  24 
 GUESSED vdw of  C5' in  DA J  24  =  1.80
 NON-STANDARD atom.| C4'| in residue>  DA J  24 
 GUESSED vdw of  C4' in  DA J  24  =  1.80
 NON-STANDARD atom.| O4'| in residue>  DA J  24 
 GUESSED vdw of  O4' in  DA J  24  =  1.40
 NON-STANDARD atom.| C3'| in residue>  DA J  24 
 GUESSED vdw of  C3' in  DA J  24  =  1.80
 NON-STANDARD atom.| O3'| in residue>  DA J  24 
 GUESSED vdw of  O3' in  DA J  24  =  1.40
 NON-STANDARD atom.| C2'| in residue>  DA J  24 
 GUESSED vdw of  C2' in  DA J  24  =  1.80
 NON-STANDARD atom.| C1'| in residue>  DA J  24 
 GUESSED vdw of  C1' in  DA J  24  =  1.80
 NON-STANDARD atom.| N9 | in residue>  DA J  24 
 ASSUMED vdw of  N9  in  DA J  24  =  1.60 (same as   A)
 NON-STANDARD atom.| C8 | in residue>  DA J  24 
 ASSUMED vdw of  C8  in  DA J  24  =  1.80 (same as   A)
 NON-STANDARD atom.| N7 | in residue>  DA J  24 
 ASSUMED vdw of  N7  in  DA J  24  =  1.60 (same as   A)
 NON-STANDARD atom.| C5 | in residue>  DA J  24 
 ASSUMED vdw of  C5  in  DA J  24  =  1.80 (same as   A)
 NON-STANDARD atom.| C6 | in residue>  DA J  24 
 ASSUMED vdw of  C6  in  DA J  24  =  1.80 (same as   A)
 NON-STANDARD atom.| N6 | in residue>  DA J  24 
 ASSUMED vdw of  N6  in  DA J  24  =  1.60 (same as   A)
 NON-STANDARD atom.| N1 | in residue>  DA J  24 
 ASSUMED vdw of  N1  in  DA J  24  =  1.60 (same as   A)
 NON-STANDARD atom.| C2 | in residue>  DA J  24 
 ASSUMED vdw of  C2  in  DA J  24  =  1.80 (same as   A)
 NON-STANDARD atom.| N3 | in residue>  DA J  24 
 ASSUMED vdw of  N3  in  DA J  24  =  1.60 (same as   A)
 NON-STANDARD atom.| C4 | in residue>  DA J  24 
 ASSUMED vdw of  C4  in  DA J  24  =  1.80 (same as   A)
 UNKNOWN residue type.............>  DG J  25 
 NON-STANDARD atom.| P  | in residue>  DG J  25 
 ASSUMED vdw of  P   in  DG J  25  =  1.90 (same as   A)
 NON-STANDARD atom.| OP1| in residue>  DG J  25 
 GUESSED vdw of  OP1 in  DG J  25  =  1.40
 NON-STANDARD atom.| OP2| in residue>  DG J  25 
 GUESSED vdw of  OP2 in  DG J  25  =  1.40
 NON-STANDARD atom.| O5'| in residue>  DG J  25 
 GUESSED vdw of  O5' in  DG J  25  =  1.40
 NON-STANDARD atom.| C5'| in residue>  DG J  25 
 GUESSED vdw of  C5' in  DG J  25  =  1.80
 NON-STANDARD atom.| C4'| in residue>  DG J  25 
 GUESSED vdw of  C4' in  DG J  25  =  1.80
 NON-STANDARD atom.| O4'| in residue>  DG J  25 
 GUESSED vdw of  O4' in  DG J  25  =  1.40
 NON-STANDARD atom.| C3'| in residue>  DG J  25 
 GUESSED vdw of  C3' in  DG J  25  =  1.80
 NON-STANDARD atom.| O3'| in residue>  DG J  25 
 GUESSED vdw of  O3' in  DG J  25  =  1.40
 NON-STANDARD atom.| C2'| in residue>  DG J  25 
 GUESSED vdw of  C2' in  DG J  25  =  1.80
 NON-STANDARD atom.| C1'| in residue>  DG J  25 
 GUESSED vdw of  C1' in  DG J  25  =  1.80
 NON-STANDARD atom.| N9 | in residue>  DG J  25 
 ASSUMED vdw of  N9  in  DG J  25  =  1.60 (same as   A)
 NON-STANDARD atom.| C8 | in residue>  DG J  25 
 ASSUMED vdw of  C8  in  DG J  25  =  1.80 (same as   A)
 NON-STANDARD atom.| N7 | in residue>  DG J  25 
 ASSUMED vdw of  N7  in  DG J  25  =  1.60 (same as   A)
 NON-STANDARD atom.| C5 | in residue>  DG J  25 
 ASSUMED vdw of  C5  in  DG J  25  =  1.80 (same as   A)
 NON-STANDARD atom.| C6 | in residue>  DG J  25 
 ASSUMED vdw of  C6  in  DG J  25  =  1.80 (same as   A)
 NON-STANDARD atom.| O6 | in residue>  DG J  25 
 ASSUMED vdw of  O6  in  DG J  25  =  1.40 (same as   G)
 NON-STANDARD atom.| N1 | in residue>  DG J  25 
 ASSUMED vdw of  N1  in  DG J  25  =  1.60 (same as   A)
 NON-STANDARD atom.| C2 | in residue>  DG J  25 
 ASSUMED vdw of  C2  in  DG J  25  =  1.80 (same as   A)
 NON-STANDARD atom.| N2 | in residue>  DG J  25 
 ASSUMED vdw of  N2  in  DG J  25  =  1.60 (same as   G)
 NON-STANDARD atom.| N3 | in residue>  DG J  25 
 ASSUMED vdw of  N3  in  DG J  25  =  1.60 (same as   A)
 NON-STANDARD atom.| C4 | in residue>  DG J  25 
 ASSUMED vdw of  C4  in  DG J  25  =  1.80 (same as   A)
 UNKNOWN residue type.............>  DG J  26 
 NON-STANDARD atom.| P  | in residue>  DG J  26 
 ASSUMED vdw of  P   in  DG J  26  =  1.90 (same as   A)
 NON-STANDARD atom.| OP1| in residue>  DG J  26 
 GUESSED vdw of  OP1 in  DG J  26  =  1.40
 NON-STANDARD atom.| OP2| in residue>  DG J  26 
 GUESSED vdw of  OP2 in  DG J  26  =  1.40
 NON-STANDARD atom.| O5'| in residue>  DG J  26 
 GUESSED vdw of  O5' in  DG J  26  =  1.40
 NON-STANDARD atom.| C5'| in residue>  DG J  26 
 GUESSED vdw of  C5' in  DG J  26  =  1.80
 NON-STANDARD atom.| C4'| in residue>  DG J  26 
 GUESSED vdw of  C4' in  DG J  26  =  1.80
 NON-STANDARD atom.| O4'| in residue>  DG J  26 
 GUESSED vdw of  O4' in  DG J  26  =  1.40
 NON-STANDARD atom.| C3'| in residue>  DG J  26 
 GUESSED vdw of  C3' in  DG J  26  =  1.80
 NON-STANDARD atom.| O3'| in residue>  DG J  26 
 GUESSED vdw of  O3' in  DG J  26  =  1.40
 NON-STANDARD atom.| C2'| in residue>  DG J  26 
 GUESSED vdw of  C2' in  DG J  26  =  1.80
 NON-STANDARD atom.| C1'| in residue>  DG J  26 
 GUESSED vdw of  C1' in  DG J  26  =  1.80
 NON-STANDARD atom.| N9 | in residue>  DG J  26 
 ASSUMED vdw of  N9  in  DG J  26  =  1.60 (same as   A)
 NON-STANDARD atom.| C8 | in residue>  DG J  26 
 ASSUMED vdw of  C8  in  DG J  26  =  1.80 (same as   A)
 NON-STANDARD atom.| N7 | in residue>  DG J  26 
 ASSUMED vdw of  N7  in  DG J  26  =  1.60 (same as   A)
 NON-STANDARD atom.| C5 | in residue>  DG J  26 
 ASSUMED vdw of  C5  in  DG J  26  =  1.80 (same as   A)
 NON-STANDARD atom.| C6 | in residue>  DG J  26 
 ASSUMED vdw of  C6  in  DG J  26  =  1.80 (same as   A)
 NON-STANDARD atom.| O6 | in residue>  DG J  26 
 ASSUMED vdw of  O6  in  DG J  26  =  1.40 (same as   G)
 NON-STANDARD atom.| N1 | in residue>  DG J  26 
 ASSUMED vdw of  N1  in  DG J  26  =  1.60 (same as   A)
 NON-STANDARD atom.| C2 | in residue>  DG J  26 
 ASSUMED vdw of  C2  in  DG J  26  =  1.80 (same as   A)
 NON-STANDARD atom.| N2 | in residue>  DG J  26 
 ASSUMED vdw of  N2  in  DG J  26  =  1.60 (same as   G)
 NON-STANDARD atom.| N3 | in residue>  DG J  26 
 ASSUMED vdw of  N3  in  DG J  26  =  1.60 (same as   A)
 NON-STANDARD atom.| C4 | in residue>  DG J  26 
 ASSUMED vdw of  C4  in  DG J  26  =  1.80 (same as   A)
 UNKNOWN residue type.............>  DG J  27 
 NON-STANDARD atom.| P  | in residue>  DG J  27 
 ASSUMED vdw of  P   in  DG J  27  =  1.90 (same as   A)
 NON-STANDARD atom.| OP1| in residue>  DG J  27 
 GUESSED vdw of  OP1 in  DG J  27  =  1.40
 NON-STANDARD atom.| OP2| in residue>  DG J  27 
 GUESSED vdw of  OP2 in  DG J  27  =  1.40
 NON-STANDARD atom.| O5'| in residue>  DG J  27 
 GUESSED vdw of  O5' in  DG J  27  =  1.40
 NON-STANDARD atom.| C5'| in residue>  DG J  27 
 GUESSED vdw of  C5' in  DG J  27  =  1.80
 NON-STANDARD atom.| C4'| in residue>  DG J  27 
 GUESSED vdw of  C4' in  DG J  27  =  1.80
 NON-STANDARD atom.| O4'| in residue>  DG J  27 
 GUESSED vdw of  O4' in  DG J  27  =  1.40
 NON-STANDARD atom.| C3'| in residue>  DG J  27 
 GUESSED vdw of  C3' in  DG J  27  =  1.80
 NON-STANDARD atom.| O3'| in residue>  DG J  27 
 GUESSED vdw of  O3' in  DG J  27  =  1.40
 NON-STANDARD atom.| C2'| in residue>  DG J  27 
 GUESSED vdw of  C2' in  DG J  27  =  1.80
 NON-STANDARD atom.| C1'| in residue>  DG J  27 
 GUESSED vdw of  C1' in  DG J  27  =  1.80
 NON-STANDARD atom.| N9 | in residue>  DG J  27 
 ASSUMED vdw of  N9  in  DG J  27  =  1.60 (same as   A)
 NON-STANDARD atom.| C8 | in residue>  DG J  27 
 ASSUMED vdw of  C8  in  DG J  27  =  1.80 (same as   A)
 NON-STANDARD atom.| N7 | in residue>  DG J  27 
 ASSUMED vdw of  N7  in  DG J  27  =  1.60 (same as   A)
 NON-STANDARD atom.| C5 | in residue>  DG J  27 
 ASSUMED vdw of  C5  in  DG J  27  =  1.80 (same as   A)
 NON-STANDARD atom.| C6 | in residue>  DG J  27 
 ASSUMED vdw of  C6  in  DG J  27  =  1.80 (same as   A)
 NON-STANDARD atom.| O6 | in residue>  DG J  27 
 ASSUMED vdw of  O6  in  DG J  27  =  1.40 (same as   G)
 NON-STANDARD atom.| N1 | in residue>  DG J  27 
 ASSUMED vdw of  N1  in  DG J  27  =  1.60 (same as   A)
 NON-STANDARD atom.| C2 | in residue>  DG J  27 
 ASSUMED vdw of  C2  in  DG J  27  =  1.80 (same as   A)
 NON-STANDARD atom.| N2 | in residue>  DG J  27 
 ASSUMED vdw of  N2  in  DG J  27  =  1.60 (same as   G)
 NON-STANDARD atom.| N3 | in residue>  DG J  27 
 ASSUMED vdw of  N3  in  DG J  27  =  1.60 (same as   A)
 NON-STANDARD atom.| C4 | in residue>  DG J  27 
 ASSUMED vdw of  C4  in  DG J  27  =  1.80 (same as   A)
 UNKNOWN residue type.............>  DG J  28 
 NON-STANDARD atom.| P  | in residue>  DG J  28 
 ASSUMED vdw of  P   in  DG J  28  =  1.90 (same as   A)
 NON-STANDARD atom.| OP1| in residue>  DG J  28 
 GUESSED vdw of  OP1 in  DG J  28  =  1.40
 NON-STANDARD atom.| OP2| in residue>  DG J  28 
 GUESSED vdw of  OP2 in  DG J  28  =  1.40
 NON-STANDARD atom.| O5'| in residue>  DG J  28 
 GUESSED vdw of  O5' in  DG J  28  =  1.40
 NON-STANDARD atom.| C5'| in residue>  DG J  28 
 GUESSED vdw of  C5' in  DG J  28  =  1.80
 NON-STANDARD atom.| C4'| in residue>  DG J  28 
 GUESSED vdw of  C4' in  DG J  28  =  1.80
 NON-STANDARD atom.| O4'| in residue>  DG J  28 
 GUESSED vdw of  O4' in  DG J  28  =  1.40
 NON-STANDARD atom.| C3'| in residue>  DG J  28 
 GUESSED vdw of  C3' in  DG J  28  =  1.80
 NON-STANDARD atom.| O3'| in residue>  DG J  28 
 GUESSED vdw of  O3' in  DG J  28  =  1.40
 NON-STANDARD atom.| C2'| in residue>  DG J  28 
 GUESSED vdw of  C2' in  DG J  28  =  1.80
 NON-STANDARD atom.| C1'| in residue>  DG J  28 
 GUESSED vdw of  C1' in  DG J  28  =  1.80
 NON-STANDARD atom.| N9 | in residue>  DG J  28 
 ASSUMED vdw of  N9  in  DG J  28  =  1.60 (same as   A)
 NON-STANDARD atom.| C8 | in residue>  DG J  28 
 ASSUMED vdw of  C8  in  DG J  28  =  1.80 (same as   A)
 NON-STANDARD atom.| N7 | in residue>  DG J  28 
 ASSUMED vdw of  N7  in  DG J  28  =  1.60 (same as   A)
 NON-STANDARD atom.| C5 | in residue>  DG J  28 
 ASSUMED vdw of  C5  in  DG J  28  =  1.80 (same as   A)
 NON-STANDARD atom.| C6 | in residue>  DG J  28 
 ASSUMED vdw of  C6  in  DG J  28  =  1.80 (same as   A)
 NON-STANDARD atom.| O6 | in residue>  DG J  28 
 ASSUMED vdw of  O6  in  DG J  28  =  1.40 (same as   G)
 NON-STANDARD atom.| N1 | in residue>  DG J  28 
 ASSUMED vdw of  N1  in  DG J  28  =  1.60 (same as   A)
 NON-STANDARD atom.| C2 | in residue>  DG J  28 
 ASSUMED vdw of  C2  in  DG J  28  =  1.80 (same as   A)
 NON-STANDARD atom.| N2 | in residue>  DG J  28 
 ASSUMED vdw of  N2  in  DG J  28  =  1.60 (same as   G)
 NON-STANDARD atom.| N3 | in residue>  DG J  28 
 ASSUMED vdw of  N3  in  DG J  28  =  1.60 (same as   A)
 NON-STANDARD atom.| C4 | in residue>  DG J  28 
 ASSUMED vdw of  C4  in  DG J  28  =  1.80 (same as   A)
 UNKNOWN residue type.............>  DA J  29 
 NON-STANDARD atom.| P  | in residue>  DA J  29 
 ASSUMED vdw of  P   in  DA J  29  =  1.90 (same as   A)
 NON-STANDARD atom.| OP1| in residue>  DA J  29 
 GUESSED vdw of  OP1 in  DA J  29  =  1.40
 NON-STANDARD atom.| OP2| in residue>  DA J  29 
 GUESSED vdw of  OP2 in  DA J  29  =  1.40
 NON-STANDARD atom.| O5'| in residue>  DA J  29 
 GUESSED vdw of  O5' in  DA J  29  =  1.40
 NON-STANDARD atom.| C5'| in residue>  DA J  29 
 GUESSED vdw of  C5' in  DA J  29  =  1.80
 NON-STANDARD atom.| C4'| in residue>  DA J  29 
 GUESSED vdw of  C4' in  DA J  29  =  1.80
 NON-STANDARD atom.| O4'| in residue>  DA J  29 
 GUESSED vdw of  O4' in  DA J  29  =  1.40
 NON-STANDARD atom.| C3'| in residue>  DA J  29 
 GUESSED vdw of  C3' in  DA J  29  =  1.80
 NON-STANDARD atom.| O3'| in residue>  DA J  29 
 GUESSED vdw of  O3' in  DA J  29  =  1.40
 NON-STANDARD atom.| C2'| in residue>  DA J  29 
 GUESSED vdw of  C2' in  DA J  29  =  1.80
 NON-STANDARD atom.| C1'| in residue>  DA J  29 
 GUESSED vdw of  C1' in  DA J  29  =  1.80
 NON-STANDARD atom.| N9 | in residue>  DA J  29 
 ASSUMED vdw of  N9  in  DA J  29  =  1.60 (same as   A)
 NON-STANDARD atom.| C8 | in residue>  DA J  29 
 ASSUMED vdw of  C8  in  DA J  29  =  1.80 (same as   A)
 NON-STANDARD atom.| N7 | in residue>  DA J  29 
 ASSUMED vdw of  N7  in  DA J  29  =  1.60 (same as   A)
 NON-STANDARD atom.| C5 | in residue>  DA J  29 
 ASSUMED vdw of  C5  in  DA J  29  =  1.80 (same as   A)
 NON-STANDARD atom.| C6 | in residue>  DA J  29 
 ASSUMED vdw of  C6  in  DA J  29  =  1.80 (same as   A)
 NON-STANDARD atom.| N6 | in residue>  DA J  29 
 ASSUMED vdw of  N6  in  DA J  29  =  1.60 (same as   A)
 NON-STANDARD atom.| N1 | in residue>  DA J  29 
 ASSUMED vdw of  N1  in  DA J  29  =  1.60 (same as   A)
 NON-STANDARD atom.| C2 | in residue>  DA J  29 
 ASSUMED vdw of  C2  in  DA J  29  =  1.80 (same as   A)
 NON-STANDARD atom.| N3 | in residue>  DA J  29 
 ASSUMED vdw of  N3  in  DA J  29  =  1.60 (same as   A)
 NON-STANDARD atom.| C4 | in residue>  DA J  29 
 ASSUMED vdw of  C4  in  DA J  29  =  1.80 (same as   A)
 UNKNOWN residue type.............>  DT J  30 
 NON-STANDARD atom.| P  | in residue>  DT J  30 
 ASSUMED vdw of  P   in  DT J  30  =  1.90 (same as   A)
 NON-STANDARD atom.| OP1| in residue>  DT J  30 
 GUESSED vdw of  OP1 in  DT J  30  =  1.40
 NON-STANDARD atom.| OP2| in residue>  DT J  30 
 GUESSED vdw of  OP2 in  DT J  30  =  1.40
 NON-STANDARD atom.| O5'| in residue>  DT J  30 
 GUESSED vdw of  O5' in  DT J  30  =  1.40
 NON-STANDARD atom.| C5'| in residue>  DT J  30 
 GUESSED vdw of  C5' in  DT J  30  =  1.80
 NON-STANDARD atom.| C4'| in residue>  DT J  30 
 GUESSED vdw of  C4' in  DT J  30  =  1.80
 NON-STANDARD atom.| O4'| in residue>  DT J  30 
 GUESSED vdw of  O4' in  DT J  30  =  1.40
 NON-STANDARD atom.| C3'| in residue>  DT J  30 
 GUESSED vdw of  C3' in  DT J  30  =  1.80
 NON-STANDARD atom.| O3'| in residue>  DT J  30 
 GUESSED vdw of  O3' in  DT J  30  =  1.40
 NON-STANDARD atom.| C2'| in residue>  DT J  30 
 GUESSED vdw of  C2' in  DT J  30  =  1.80
 NON-STANDARD atom.| C1'| in residue>  DT J  30 
 GUESSED vdw of  C1' in  DT J  30  =  1.80
 NON-STANDARD atom.| N1 | in residue>  DT J  30 
 ASSUMED vdw of  N1  in  DT J  30  =  1.60 (same as   A)
 NON-STANDARD atom.| C2 | in residue>  DT J  30 
 ASSUMED vdw of  C2  in  DT J  30  =  1.80 (same as   A)
 NON-STANDARD atom.| O2 | in residue>  DT J  30 
 ASSUMED vdw of  O2  in  DT J  30  =  1.40 (same as   C)
 NON-STANDARD atom.| N3 | in residue>  DT J  30 
 ASSUMED vdw of  N3  in  DT J  30  =  1.60 (same as   A)
 NON-STANDARD atom.| C4 | in residue>  DT J  30 
 ASSUMED vdw of  C4  in  DT J  30  =  1.80 (same as   A)
 NON-STANDARD atom.| O4 | in residue>  DT J  30 
 ASSUMED vdw of  O4  in  DT J  30  =  1.40 (same as   T)
 NON-STANDARD atom.| C5 | in residue>  DT J  30 
 ASSUMED vdw of  C5  in  DT J  30  =  1.80 (same as   A)
 NON-STANDARD atom.| C7 | in residue>  DT J  30 
 GUESSED vdw of  C7  in  DT J  30  =  1.80
 NON-STANDARD atom.| C6 | in residue>  DT J  30 
 ASSUMED vdw of  C6  in  DT J  30  =  1.80 (same as   A)
 UNKNOWN residue type.............>  DT J  31 
 NON-STANDARD atom.| P  | in residue>  DT J  31 
 ASSUMED vdw of  P   in  DT J  31  =  1.90 (same as   A)
 NON-STANDARD atom.| OP1| in residue>  DT J  31 
 GUESSED vdw of  OP1 in  DT J  31  =  1.40
 NON-STANDARD atom.| OP2| in residue>  DT J  31 
 GUESSED vdw of  OP2 in  DT J  31  =  1.40
 NON-STANDARD atom.| O5'| in residue>  DT J  31 
 GUESSED vdw of  O5' in  DT J  31  =  1.40
 NON-STANDARD atom.| C5'| in residue>  DT J  31 
 GUESSED vdw of  C5' in  DT J  31  =  1.80
 NON-STANDARD atom.| C4'| in residue>  DT J  31 
 GUESSED vdw of  C4' in  DT J  31  =  1.80
 NON-STANDARD atom.| O4'| in residue>  DT J  31 
 GUESSED vdw of  O4' in  DT J  31  =  1.40
 NON-STANDARD atom.| C3'| in residue>  DT J  31 
 GUESSED vdw of  C3' in  DT J  31  =  1.80
 NON-STANDARD atom.| O3'| in residue>  DT J  31 
 GUESSED vdw of  O3' in  DT J  31  =  1.40
 NON-STANDARD atom.| C2'| in residue>  DT J  31 
 GUESSED vdw of  C2' in  DT J  31  =  1.80
 NON-STANDARD atom.| C1'| in residue>  DT J  31 
 GUESSED vdw of  C1' in  DT J  31  =  1.80
 NON-STANDARD atom.| N1 | in residue>  DT J  31 
 ASSUMED vdw of  N1  in  DT J  31  =  1.60 (same as   A)
 NON-STANDARD atom.| C2 | in residue>  DT J  31 
 ASSUMED vdw of  C2  in  DT J  31  =  1.80 (same as   A)
 NON-STANDARD atom.| O2 | in residue>  DT J  31 
 ASSUMED vdw of  O2  in  DT J  31  =  1.40 (same as   C)
 NON-STANDARD atom.| N3 | in residue>  DT J  31 
 ASSUMED vdw of  N3  in  DT J  31  =  1.60 (same as   A)
 NON-STANDARD atom.| C4 | in residue>  DT J  31 
 ASSUMED vdw of  C4  in  DT J  31  =  1.80 (same as   A)
 NON-STANDARD atom.| O4 | in residue>  DT J  31 
 ASSUMED vdw of  O4  in  DT J  31  =  1.40 (same as   T)
 NON-STANDARD atom.| C5 | in residue>  DT J  31 
 ASSUMED vdw of  C5  in  DT J  31  =  1.80 (same as   A)
 NON-STANDARD atom.| C7 | in residue>  DT J  31 
 GUESSED vdw of  C7  in  DT J  31  =  1.80
 NON-STANDARD atom.| C6 | in residue>  DT J  31 
 ASSUMED vdw of  C6  in  DT J  31  =  1.80 (same as   A)
 UNKNOWN residue type.............>  DA J  32 
 NON-STANDARD atom.| P  | in residue>  DA J  32 
 ASSUMED vdw of  P   in  DA J  32  =  1.90 (same as   A)
 NON-STANDARD atom.| OP1| in residue>  DA J  32 
 GUESSED vdw of  OP1 in  DA J  32  =  1.40
 NON-STANDARD atom.| OP2| in residue>  DA J  32 
 GUESSED vdw of  OP2 in  DA J  32  =  1.40
 NON-STANDARD atom.| O5'| in residue>  DA J  32 
 GUESSED vdw of  O5' in  DA J  32  =  1.40
 NON-STANDARD atom.| C5'| in residue>  DA J  32 
 GUESSED vdw of  C5' in  DA J  32  =  1.80
 NON-STANDARD atom.| C4'| in residue>  DA J  32 
 GUESSED vdw of  C4' in  DA J  32  =  1.80
 NON-STANDARD atom.| O4'| in residue>  DA J  32 
 GUESSED vdw of  O4' in  DA J  32  =  1.40
 NON-STANDARD atom.| C3'| in residue>  DA J  32 
 GUESSED vdw of  C3' in  DA J  32  =  1.80
 NON-STANDARD atom.| O3'| in residue>  DA J  32 
 GUESSED vdw of  O3' in  DA J  32  =  1.40
 NON-STANDARD atom.| C2'| in residue>  DA J  32 
 GUESSED vdw of  C2' in  DA J  32  =  1.80
 NON-STANDARD atom.| C1'| in residue>  DA J  32 
 GUESSED vdw of  C1' in  DA J  32  =  1.80
 NON-STANDARD atom.| N9 | in residue>  DA J  32 
 ASSUMED vdw of  N9  in  DA J  32  =  1.60 (same as   A)
 NON-STANDARD atom.| C8 | in residue>  DA J  32 
 ASSUMED vdw of  C8  in  DA J  32  =  1.80 (same as   A)
 NON-STANDARD atom.| N7 | in residue>  DA J  32 
 ASSUMED vdw of  N7  in  DA J  32  =  1.60 (same as   A)
 NON-STANDARD atom.| C5 | in residue>  DA J  32 
 ASSUMED vdw of  C5  in  DA J  32  =  1.80 (same as   A)
 NON-STANDARD atom.| C6 | in residue>  DA J  32 
 ASSUMED vdw of  C6  in  DA J  32  =  1.80 (same as   A)
 NON-STANDARD atom.| N6 | in residue>  DA J  32 
 ASSUMED vdw of  N6  in  DA J  32  =  1.60 (same as   A)
 NON-STANDARD atom.| N1 | in residue>  DA J  32 
 ASSUMED vdw of  N1  in  DA J  32  =  1.60 (same as   A)
 NON-STANDARD atom.| C2 | in residue>  DA J  32 
 ASSUMED vdw of  C2  in  DA J  32  =  1.80 (same as   A)
 NON-STANDARD atom.| N3 | in residue>  DA J  32 
 ASSUMED vdw of  N3  in  DA J  32  =  1.60 (same as   A)
 NON-STANDARD atom.| C4 | in residue>  DA J  32 
 ASSUMED vdw of  C4  in  DA J  32  =  1.80 (same as   A)
 UNKNOWN residue type.............>  DC J  33 
 NON-STANDARD atom.| P  | in residue>  DC J  33 
 ASSUMED vdw of  P   in  DC J  33  =  1.90 (same as   A)
 NON-STANDARD atom.| OP1| in residue>  DC J  33 
 GUESSED vdw of  OP1 in  DC J  33  =  1.40
 NON-STANDARD atom.| OP2| in residue>  DC J  33 
 GUESSED vdw of  OP2 in  DC J  33  =  1.40
 NON-STANDARD atom.| O5'| in residue>  DC J  33 
 GUESSED vdw of  O5' in  DC J  33  =  1.40
 NON-STANDARD atom.| C5'| in residue>  DC J  33 
 GUESSED vdw of  C5' in  DC J  33  =  1.80
 NON-STANDARD atom.| C4'| in residue>  DC J  33 
 GUESSED vdw of  C4' in  DC J  33  =  1.80
 NON-STANDARD atom.| O4'| in residue>  DC J  33 
 GUESSED vdw of  O4' in  DC J  33  =  1.40
 NON-STANDARD atom.| C3'| in residue>  DC J  33 
 GUESSED vdw of  C3' in  DC J  33  =  1.80
 NON-STANDARD atom.| O3'| in residue>  DC J  33 
 GUESSED vdw of  O3' in  DC J  33  =  1.40
 NON-STANDARD atom.| C2'| in residue>  DC J  33 
 GUESSED vdw of  C2' in  DC J  33  =  1.80
 NON-STANDARD atom.| C1'| in residue>  DC J  33 
 GUESSED vdw of  C1' in  DC J  33  =  1.80
 NON-STANDARD atom.| N1 | in residue>  DC J  33 
 ASSUMED vdw of  N1  in  DC J  33  =  1.60 (same as   A)
 NON-STANDARD atom.| C2 | in residue>  DC J  33 
 ASSUMED vdw of  C2  in  DC J  33  =  1.80 (same as   A)
 NON-STANDARD atom.| O2 | in residue>  DC J  33 
 ASSUMED vdw of  O2  in  DC J  33  =  1.40 (same as   C)
 NON-STANDARD atom.| N3 | in residue>  DC J  33 
 ASSUMED vdw of  N3  in  DC J  33  =  1.60 (same as   A)
 NON-STANDARD atom.| C4 | in residue>  DC J  33 
 ASSUMED vdw of  C4  in  DC J  33  =  1.80 (same as   A)
 NON-STANDARD atom.| N4 | in residue>  DC J  33 
 ASSUMED vdw of  N4  in  DC J  33  =  1.60 (same as   C)
 NON-STANDARD atom.| C5 | in residue>  DC J  33 
 ASSUMED vdw of  C5  in  DC J  33  =  1.80 (same as   A)
 NON-STANDARD atom.| C6 | in residue>  DC J  33 
 ASSUMED vdw of  C6  in  DC J  33  =  1.80 (same as   A)
 UNKNOWN residue type.............>  DT J  34 
 NON-STANDARD atom.| P  | in residue>  DT J  34 
 ASSUMED vdw of  P   in  DT J  34  =  1.90 (same as   A)
 NON-STANDARD atom.| OP1| in residue>  DT J  34 
 GUESSED vdw of  OP1 in  DT J  34  =  1.40
 NON-STANDARD atom.| OP2| in residue>  DT J  34 
 GUESSED vdw of  OP2 in  DT J  34  =  1.40
 NON-STANDARD atom.| O5'| in residue>  DT J  34 
 GUESSED vdw of  O5' in  DT J  34  =  1.40
 NON-STANDARD atom.| C5'| in residue>  DT J  34 
 GUESSED vdw of  C5' in  DT J  34  =  1.80
 NON-STANDARD atom.| C4'| in residue>  DT J  34 
 GUESSED vdw of  C4' in  DT J  34  =  1.80
 NON-STANDARD atom.| O4'| in residue>  DT J  34 
 GUESSED vdw of  O4' in  DT J  34  =  1.40
 NON-STANDARD atom.| C3'| in residue>  DT J  34 
 GUESSED vdw of  C3' in  DT J  34  =  1.80
 NON-STANDARD atom.| O3'| in residue>  DT J  34 
 GUESSED vdw of  O3' in  DT J  34  =  1.40
 NON-STANDARD atom.| C2'| in residue>  DT J  34 
 GUESSED vdw of  C2' in  DT J  34  =  1.80
 NON-STANDARD atom.| C1'| in residue>  DT J  34 
 GUESSED vdw of  C1' in  DT J  34  =  1.80
 NON-STANDARD atom.| N1 | in residue>  DT J  34 
 ASSUMED vdw of  N1  in  DT J  34  =  1.60 (same as   A)
 NON-STANDARD atom.| C2 | in residue>  DT J  34 
 ASSUMED vdw of  C2  in  DT J  34  =  1.80 (same as   A)
 NON-STANDARD atom.| O2 | in residue>  DT J  34 
 ASSUMED vdw of  O2  in  DT J  34  =  1.40 (same as   C)
 NON-STANDARD atom.| N3 | in residue>  DT J  34 
 ASSUMED vdw of  N3  in  DT J  34  =  1.60 (same as   A)
 NON-STANDARD atom.| C4 | in residue>  DT J  34 
 ASSUMED vdw of  C4  in  DT J  34  =  1.80 (same as   A)
 NON-STANDARD atom.| O4 | in residue>  DT J  34 
 ASSUMED vdw of  O4  in  DT J  34  =  1.40 (same as   T)
 NON-STANDARD atom.| C5 | in residue>  DT J  34 
 ASSUMED vdw of  C5  in  DT J  34  =  1.80 (same as   A)
 NON-STANDARD atom.| C7 | in residue>  DT J  34 
 GUESSED vdw of  C7  in  DT J  34  =  1.80
 NON-STANDARD atom.| C6 | in residue>  DT J  34 
 ASSUMED vdw of  C6  in  DT J  34  =  1.80 (same as   A)
 UNKNOWN residue type.............>  DC J  35 
 NON-STANDARD atom.| P  | in residue>  DC J  35 
 ASSUMED vdw of  P   in  DC J  35  =  1.90 (same as   A)
 NON-STANDARD atom.| OP1| in residue>  DC J  35 
 GUESSED vdw of  OP1 in  DC J  35  =  1.40
 NON-STANDARD atom.| OP2| in residue>  DC J  35 
 GUESSED vdw of  OP2 in  DC J  35  =  1.40
 NON-STANDARD atom.| O5'| in residue>  DC J  35 
 GUESSED vdw of  O5' in  DC J  35  =  1.40
 NON-STANDARD atom.| C5'| in residue>  DC J  35 
 GUESSED vdw of  C5' in  DC J  35  =  1.80
 NON-STANDARD atom.| C4'| in residue>  DC J  35 
 GUESSED vdw of  C4' in  DC J  35  =  1.80
 NON-STANDARD atom.| O4'| in residue>  DC J  35 
 GUESSED vdw of  O4' in  DC J  35  =  1.40
 NON-STANDARD atom.| C3'| in residue>  DC J  35 
 GUESSED vdw of  C3' in  DC J  35  =  1.80
 NON-STANDARD atom.| O3'| in residue>  DC J  35 
 GUESSED vdw of  O3' in  DC J  35  =  1.40
 NON-STANDARD atom.| C2'| in residue>  DC J  35 
 GUESSED vdw of  C2' in  DC J  35  =  1.80
 NON-STANDARD atom.| C1'| in residue>  DC J  35 
 GUESSED vdw of  C1' in  DC J  35  =  1.80
 NON-STANDARD atom.| N1 | in residue>  DC J  35 
 ASSUMED vdw of  N1  in  DC J  35  =  1.60 (same as   A)
 NON-STANDARD atom.| C2 | in residue>  DC J  35 
 ASSUMED vdw of  C2  in  DC J  35  =  1.80 (same as   A)
 NON-STANDARD atom.| O2 | in residue>  DC J  35 
 ASSUMED vdw of  O2  in  DC J  35  =  1.40 (same as   C)
 NON-STANDARD atom.| N3 | in residue>  DC J  35 
 ASSUMED vdw of  N3  in  DC J  35  =  1.60 (same as   A)
 NON-STANDARD atom.| C4 | in residue>  DC J  35 
 ASSUMED vdw of  C4  in  DC J  35  =  1.80 (same as   A)
 NON-STANDARD atom.| N4 | in residue>  DC J  35 
 ASSUMED vdw of  N4  in  DC J  35  =  1.60 (same as   C)
 NON-STANDARD atom.| C5 | in residue>  DC J  35 
 ASSUMED vdw of  C5  in  DC J  35  =  1.80 (same as   A)
 NON-STANDARD atom.| C6 | in residue>  DC J  35 
 ASSUMED vdw of  C6  in  DC J  35  =  1.80 (same as   A)
 UNKNOWN residue type.............>  DC J  36 
 NON-STANDARD atom.| P  | in residue>  DC J  36 
 ASSUMED vdw of  P   in  DC J  36  =  1.90 (same as   A)
 NON-STANDARD atom.| OP1| in residue>  DC J  36 
 GUESSED vdw of  OP1 in  DC J  36  =  1.40
 NON-STANDARD atom.| OP2| in residue>  DC J  36 
 GUESSED vdw of  OP2 in  DC J  36  =  1.40
 NON-STANDARD atom.| O5'| in residue>  DC J  36 
 GUESSED vdw of  O5' in  DC J  36  =  1.40
 NON-STANDARD atom.| C5'| in residue>  DC J  36 
 GUESSED vdw of  C5' in  DC J  36  =  1.80
 NON-STANDARD atom.| C4'| in residue>  DC J  36 
 GUESSED vdw of  C4' in  DC J  36  =  1.80
 NON-STANDARD atom.| O4'| in residue>  DC J  36 
 GUESSED vdw of  O4' in  DC J  36  =  1.40
 NON-STANDARD atom.| C3'| in residue>  DC J  36 
 GUESSED vdw of  C3' in  DC J  36  =  1.80
 NON-STANDARD atom.| O3'| in residue>  DC J  36 
 GUESSED vdw of  O3' in  DC J  36  =  1.40
 NON-STANDARD atom.| C2'| in residue>  DC J  36 
 GUESSED vdw of  C2' in  DC J  36  =  1.80
 NON-STANDARD atom.| C1'| in residue>  DC J  36 
 GUESSED vdw of  C1' in  DC J  36  =  1.80
 NON-STANDARD atom.| N1 | in residue>  DC J  36 
 ASSUMED vdw of  N1  in  DC J  36  =  1.60 (same as   A)
 NON-STANDARD atom.| C2 | in residue>  DC J  36 
 ASSUMED vdw of  C2  in  DC J  36  =  1.80 (same as   A)
 NON-STANDARD atom.| O2 | in residue>  DC J  36 
 ASSUMED vdw of  O2  in  DC J  36  =  1.40 (same as   C)
 NON-STANDARD atom.| N3 | in residue>  DC J  36 
 ASSUMED vdw of  N3  in  DC J  36  =  1.60 (same as   A)
 NON-STANDARD atom.| C4 | in residue>  DC J  36 
 ASSUMED vdw of  C4  in  DC J  36  =  1.80 (same as   A)
 NON-STANDARD atom.| N4 | in residue>  DC J  36 
 ASSUMED vdw of  N4  in  DC J  36  =  1.60 (same as   C)
 NON-STANDARD atom.| C5 | in residue>  DC J  36 
 ASSUMED vdw of  C5  in  DC J  36  =  1.80 (same as   A)
 NON-STANDARD atom.| C6 | in residue>  DC J  36 
 ASSUMED vdw of  C6  in  DC J  36  =  1.80 (same as   A)
 UNKNOWN residue type.............>  DC J  37 
 NON-STANDARD atom.| P  | in residue>  DC J  37 
 ASSUMED vdw of  P   in  DC J  37  =  1.90 (same as   A)
 NON-STANDARD atom.| OP1| in residue>  DC J  37 
 GUESSED vdw of  OP1 in  DC J  37  =  1.40
 NON-STANDARD atom.| OP2| in residue>  DC J  37 
 GUESSED vdw of  OP2 in  DC J  37  =  1.40
 NON-STANDARD atom.| O5'| in residue>  DC J  37 
 GUESSED vdw of  O5' in  DC J  37  =  1.40
 NON-STANDARD atom.| C5'| in residue>  DC J  37 
 GUESSED vdw of  C5' in  DC J  37  =  1.80
 NON-STANDARD atom.| C4'| in residue>  DC J  37 
 GUESSED vdw of  C4' in  DC J  37  =  1.80
 NON-STANDARD atom.| O4'| in residue>  DC J  37 
 GUESSED vdw of  O4' in  DC J  37  =  1.40
 NON-STANDARD atom.| C3'| in residue>  DC J  37 
 GUESSED vdw of  C3' in  DC J  37  =  1.80
 NON-STANDARD atom.| O3'| in residue>  DC J  37 
 GUESSED vdw of  O3' in  DC J  37  =  1.40
 NON-STANDARD atom.| C2'| in residue>  DC J  37 
 GUESSED vdw of  C2' in  DC J  37  =  1.80
 NON-STANDARD atom.| C1'| in residue>  DC J  37 
 GUESSED vdw of  C1' in  DC J  37  =  1.80
 NON-STANDARD atom.| N1 | in residue>  DC J  37 
 ASSUMED vdw of  N1  in  DC J  37  =  1.60 (same as   A)
 NON-STANDARD atom.| C2 | in residue>  DC J  37 
 ASSUMED vdw of  C2  in  DC J  37  =  1.80 (same as   A)
 NON-STANDARD atom.| O2 | in residue>  DC J  37 
 ASSUMED vdw of  O2  in  DC J  37  =  1.40 (same as   C)
 NON-STANDARD atom.| N3 | in residue>  DC J  37 
 ASSUMED vdw of  N3  in  DC J  37  =  1.60 (same as   A)
 NON-STANDARD atom.| C4 | in residue>  DC J  37 
 ASSUMED vdw of  C4  in  DC J  37  =  1.80 (same as   A)
 NON-STANDARD atom.| N4 | in residue>  DC J  37 
 ASSUMED vdw of  N4  in  DC J  37  =  1.60 (same as   C)
 NON-STANDARD atom.| C5 | in residue>  DC J  37 
 ASSUMED vdw of  C5  in  DC J  37  =  1.80 (same as   A)
 NON-STANDARD atom.| C6 | in residue>  DC J  37 
 ASSUMED vdw of  C6  in  DC J  37  =  1.80 (same as   A)
 UNKNOWN residue type.............>  DT J  38 
 NON-STANDARD atom.| P  | in residue>  DT J  38 
 ASSUMED vdw of  P   in  DT J  38  =  1.90 (same as   A)
 NON-STANDARD atom.| OP1| in residue>  DT J  38 
 GUESSED vdw of  OP1 in  DT J  38  =  1.40
 NON-STANDARD atom.| OP2| in residue>  DT J  38 
 GUESSED vdw of  OP2 in  DT J  38  =  1.40
 NON-STANDARD atom.| O5'| in residue>  DT J  38 
 GUESSED vdw of  O5' in  DT J  38  =  1.40
 NON-STANDARD atom.| C5'| in residue>  DT J  38 
 GUESSED vdw of  C5' in  DT J  38  =  1.80
 NON-STANDARD atom.| C4'| in residue>  DT J  38 
 GUESSED vdw of  C4' in  DT J  38  =  1.80
 NON-STANDARD atom.| O4'| in residue>  DT J  38 
 GUESSED vdw of  O4' in  DT J  38  =  1.40
 NON-STANDARD atom.| C3'| in residue>  DT J  38 
 GUESSED vdw of  C3' in  DT J  38  =  1.80
 NON-STANDARD atom.| O3'| in residue>  DT J  38 
 GUESSED vdw of  O3' in  DT J  38  =  1.40
 NON-STANDARD atom.| C2'| in residue>  DT J  38 
 GUESSED vdw of  C2' in  DT J  38  =  1.80
 NON-STANDARD atom.| C1'| in residue>  DT J  38 
 GUESSED vdw of  C1' in  DT J  38  =  1.80
 NON-STANDARD atom.| N1 | in residue>  DT J  38 
 ASSUMED vdw of  N1  in  DT J  38  =  1.60 (same as   A)
 NON-STANDARD atom.| C2 | in residue>  DT J  38 
 ASSUMED vdw of  C2  in  DT J  38  =  1.80 (same as   A)
 NON-STANDARD atom.| O2 | in residue>  DT J  38 
 ASSUMED vdw of  O2  in  DT J  38  =  1.40 (same as   C)
 NON-STANDARD atom.| N3 | in residue>  DT J  38 
 ASSUMED vdw of  N3  in  DT J  38  =  1.60 (same as   A)
 NON-STANDARD atom.| C4 | in residue>  DT J  38 
 ASSUMED vdw of  C4  in  DT J  38  =  1.80 (same as   A)
 NON-STANDARD atom.| O4 | in residue>  DT J  38 
 ASSUMED vdw of  O4  in  DT J  38  =  1.40 (same as   T)
 NON-STANDARD atom.| C5 | in residue>  DT J  38 
 ASSUMED vdw of  C5  in  DT J  38  =  1.80 (same as   A)
 NON-STANDARD atom.| C7 | in residue>  DT J  38 
 GUESSED vdw of  C7  in  DT J  38  =  1.80
 NON-STANDARD atom.| C6 | in residue>  DT J  38 
 ASSUMED vdw of  C6  in  DT J  38  =  1.80 (same as   A)
 UNKNOWN residue type.............>  DA J  39 
 NON-STANDARD atom.| P  | in residue>  DA J  39 
 ASSUMED vdw of  P   in  DA J  39  =  1.90 (same as   A)
 NON-STANDARD atom.| OP1| in residue>  DA J  39 
 GUESSED vdw of  OP1 in  DA J  39  =  1.40
 NON-STANDARD atom.| OP2| in residue>  DA J  39 
 GUESSED vdw of  OP2 in  DA J  39  =  1.40
 NON-STANDARD atom.| O5'| in residue>  DA J  39 
 GUESSED vdw of  O5' in  DA J  39  =  1.40
 NON-STANDARD atom.| C5'| in residue>  DA J  39 
 GUESSED vdw of  C5' in  DA J  39  =  1.80
 NON-STANDARD atom.| C4'| in residue>  DA J  39 
 GUESSED vdw of  C4' in  DA J  39  =  1.80
 NON-STANDARD atom.| O4'| in residue>  DA J  39 
 GUESSED vdw of  O4' in  DA J  39  =  1.40
 NON-STANDARD atom.| C3'| in residue>  DA J  39 
 GUESSED vdw of  C3' in  DA J  39  =  1.80
 NON-STANDARD atom.| O3'| in residue>  DA J  39 
 GUESSED vdw of  O3' in  DA J  39  =  1.40
 NON-STANDARD atom.| C2'| in residue>  DA J  39 
 GUESSED vdw of  C2' in  DA J  39  =  1.80
 NON-STANDARD atom.| C1'| in residue>  DA J  39 
 GUESSED vdw of  C1' in  DA J  39  =  1.80
 NON-STANDARD atom.| N9 | in residue>  DA J  39 
 ASSUMED vdw of  N9  in  DA J  39  =  1.60 (same as   A)
 NON-STANDARD atom.| C8 | in residue>  DA J  39 
 ASSUMED vdw of  C8  in  DA J  39  =  1.80 (same as   A)
 NON-STANDARD atom.| N7 | in residue>  DA J  39 
 ASSUMED vdw of  N7  in  DA J  39  =  1.60 (same as   A)
 NON-STANDARD atom.| C5 | in residue>  DA J  39 
 ASSUMED vdw of  C5  in  DA J  39  =  1.80 (same as   A)
 NON-STANDARD atom.| C6 | in residue>  DA J  39 
 ASSUMED vdw of  C6  in  DA J  39  =  1.80 (same as   A)
 NON-STANDARD atom.| N6 | in residue>  DA J  39 
 ASSUMED vdw of  N6  in  DA J  39  =  1.60 (same as   A)
 NON-STANDARD atom.| N1 | in residue>  DA J  39 
 ASSUMED vdw of  N1  in  DA J  39  =  1.60 (same as   A)
 NON-STANDARD atom.| C2 | in residue>  DA J  39 
 ASSUMED vdw of  C2  in  DA J  39  =  1.80 (same as   A)
 NON-STANDARD atom.| N3 | in residue>  DA J  39 
 ASSUMED vdw of  N3  in  DA J  39  =  1.60 (same as   A)
 NON-STANDARD atom.| C4 | in residue>  DA J  39 
 ASSUMED vdw of  C4  in  DA J  39  =  1.80 (same as   A)
 UNKNOWN residue type.............>  DG J  40 
 NON-STANDARD atom.| P  | in residue>  DG J  40 
 ASSUMED vdw of  P   in  DG J  40  =  1.90 (same as   A)
 NON-STANDARD atom.| OP1| in residue>  DG J  40 
 GUESSED vdw of  OP1 in  DG J  40  =  1.40
 NON-STANDARD atom.| OP2| in residue>  DG J  40 
 GUESSED vdw of  OP2 in  DG J  40  =  1.40
 NON-STANDARD atom.| O5'| in residue>  DG J  40 
 GUESSED vdw of  O5' in  DG J  40  =  1.40
 NON-STANDARD atom.| C5'| in residue>  DG J  40 
 GUESSED vdw of  C5' in  DG J  40  =  1.80
 NON-STANDARD atom.| C4'| in residue>  DG J  40 
 GUESSED vdw of  C4' in  DG J  40  =  1.80
 NON-STANDARD atom.| O4'| in residue>  DG J  40 
 GUESSED vdw of  O4' in  DG J  40  =  1.40
 NON-STANDARD atom.| C3'| in residue>  DG J  40 
 GUESSED vdw of  C3' in  DG J  40  =  1.80
 NON-STANDARD atom.| O3'| in residue>  DG J  40 
 GUESSED vdw of  O3' in  DG J  40  =  1.40
 NON-STANDARD atom.| C2'| in residue>  DG J  40 
 GUESSED vdw of  C2' in  DG J  40  =  1.80
 NON-STANDARD atom.| C1'| in residue>  DG J  40 
 GUESSED vdw of  C1' in  DG J  40  =  1.80
 NON-STANDARD atom.| N9 | in residue>  DG J  40 
 ASSUMED vdw of  N9  in  DG J  40  =  1.60 (same as   A)
 NON-STANDARD atom.| C8 | in residue>  DG J  40 
 ASSUMED vdw of  C8  in  DG J  40  =  1.80 (same as   A)
 NON-STANDARD atom.| N7 | in residue>  DG J  40 
 ASSUMED vdw of  N7  in  DG J  40  =  1.60 (same as   A)
 NON-STANDARD atom.| C5 | in residue>  DG J  40 
 ASSUMED vdw of  C5  in  DG J  40  =  1.80 (same as   A)
 NON-STANDARD atom.| C6 | in residue>  DG J  40 
 ASSUMED vdw of  C6  in  DG J  40  =  1.80 (same as   A)
 NON-STANDARD atom.| O6 | in residue>  DG J  40 
 ASSUMED vdw of  O6  in  DG J  40  =  1.40 (same as   G)
 NON-STANDARD atom.| N1 | in residue>  DG J  40 
 ASSUMED vdw of  N1  in  DG J  40  =  1.60 (same as   A)
 NON-STANDARD atom.| C2 | in residue>  DG J  40 
 ASSUMED vdw of  C2  in  DG J  40  =  1.80 (same as   A)
 NON-STANDARD atom.| N2 | in residue>  DG J  40 
 ASSUMED vdw of  N2  in  DG J  40  =  1.60 (same as   G)
 NON-STANDARD atom.| N3 | in residue>  DG J  40 
 ASSUMED vdw of  N3  in  DG J  40  =  1.60 (same as   A)
 NON-STANDARD atom.| C4 | in residue>  DG J  40 
 ASSUMED vdw of  C4  in  DG J  40  =  1.80 (same as   A)
 UNKNOWN residue type.............>  DT J  41 
 NON-STANDARD atom.| P  | in residue>  DT J  41 
 ASSUMED vdw of  P   in  DT J  41  =  1.90 (same as   A)
 NON-STANDARD atom.| OP1| in residue>  DT J  41 
 GUESSED vdw of  OP1 in  DT J  41  =  1.40
 NON-STANDARD atom.| OP2| in residue>  DT J  41 
 GUESSED vdw of  OP2 in  DT J  41  =  1.40
 NON-STANDARD atom.| O5'| in residue>  DT J  41 
 GUESSED vdw of  O5' in  DT J  41  =  1.40
 NON-STANDARD atom.| C5'| in residue>  DT J  41 
 GUESSED vdw of  C5' in  DT J  41  =  1.80
 NON-STANDARD atom.| C4'| in residue>  DT J  41 
 GUESSED vdw of  C4' in  DT J  41  =  1.80
 NON-STANDARD atom.| O4'| in residue>  DT J  41 
 GUESSED vdw of  O4' in  DT J  41  =  1.40
 NON-STANDARD atom.| C3'| in residue>  DT J  41 
 GUESSED vdw of  C3' in  DT J  41  =  1.80
 NON-STANDARD atom.| O3'| in residue>  DT J  41 
 GUESSED vdw of  O3' in  DT J  41  =  1.40
 NON-STANDARD atom.| C2'| in residue>  DT J  41 
 GUESSED vdw of  C2' in  DT J  41  =  1.80
 NON-STANDARD atom.| C1'| in residue>  DT J  41 
 GUESSED vdw of  C1' in  DT J  41  =  1.80
 NON-STANDARD atom.| N1 | in residue>  DT J  41 
 ASSUMED vdw of  N1  in  DT J  41  =  1.60 (same as   A)
 NON-STANDARD atom.| C2 | in residue>  DT J  41 
 ASSUMED vdw of  C2  in  DT J  41  =  1.80 (same as   A)
 NON-STANDARD atom.| O2 | in residue>  DT J  41 
 ASSUMED vdw of  O2  in  DT J  41  =  1.40 (same as   C)
 NON-STANDARD atom.| N3 | in residue>  DT J  41 
 ASSUMED vdw of  N3  in  DT J  41  =  1.60 (same as   A)
 NON-STANDARD atom.| C4 | in residue>  DT J  41 
 ASSUMED vdw of  C4  in  DT J  41  =  1.80 (same as   A)
 NON-STANDARD atom.| O4 | in residue>  DT J  41 
 ASSUMED vdw of  O4  in  DT J  41  =  1.40 (same as   T)
 NON-STANDARD atom.| C5 | in residue>  DT J  41 
 ASSUMED vdw of  C5  in  DT J  41  =  1.80 (same as   A)
 NON-STANDARD atom.| C7 | in residue>  DT J  41 
 GUESSED vdw of  C7  in  DT J  41  =  1.80
 NON-STANDARD atom.| C6 | in residue>  DT J  41 
 ASSUMED vdw of  C6  in  DT J  41  =  1.80 (same as   A)
 UNKNOWN residue type.............>  DC J  42 
 NON-STANDARD atom.| P  | in residue>  DC J  42 
 ASSUMED vdw of  P   in  DC J  42  =  1.90 (same as   A)
 NON-STANDARD atom.| OP1| in residue>  DC J  42 
 GUESSED vdw of  OP1 in  DC J  42  =  1.40
 NON-STANDARD atom.| OP2| in residue>  DC J  42 
 GUESSED vdw of  OP2 in  DC J  42  =  1.40
 NON-STANDARD atom.| O5'| in residue>  DC J  42 
 GUESSED vdw of  O5' in  DC J  42  =  1.40
 NON-STANDARD atom.| C5'| in residue>  DC J  42 
 GUESSED vdw of  C5' in  DC J  42  =  1.80
 NON-STANDARD atom.| C4'| in residue>  DC J  42 
 GUESSED vdw of  C4' in  DC J  42  =  1.80
 NON-STANDARD atom.| O4'| in residue>  DC J  42 
 GUESSED vdw of  O4' in  DC J  42  =  1.40
 NON-STANDARD atom.| C3'| in residue>  DC J  42 
 GUESSED vdw of  C3' in  DC J  42  =  1.80
 NON-STANDARD atom.| O3'| in residue>  DC J  42 
 GUESSED vdw of  O3' in  DC J  42  =  1.40
 NON-STANDARD atom.| C2'| in residue>  DC J  42 
 GUESSED vdw of  C2' in  DC J  42  =  1.80
 NON-STANDARD atom.| C1'| in residue>  DC J  42 
 GUESSED vdw of  C1' in  DC J  42  =  1.80
 NON-STANDARD atom.| N1 | in residue>  DC J  42 
 ASSUMED vdw of  N1  in  DC J  42  =  1.60 (same as   A)
 NON-STANDARD atom.| C2 | in residue>  DC J  42 
 ASSUMED vdw of  C2  in  DC J  42  =  1.80 (same as   A)
 NON-STANDARD atom.| O2 | in residue>  DC J  42 
 ASSUMED vdw of  O2  in  DC J  42  =  1.40 (same as   C)
 NON-STANDARD atom.| N3 | in residue>  DC J  42 
 ASSUMED vdw of  N3  in  DC J  42  =  1.60 (same as   A)
 NON-STANDARD atom.| C4 | in residue>  DC J  42 
 ASSUMED vdw of  C4  in  DC J  42  =  1.80 (same as   A)
 NON-STANDARD atom.| N4 | in residue>  DC J  42 
 ASSUMED vdw of  N4  in  DC J  42  =  1.60 (same as   C)
 NON-STANDARD atom.| C5 | in residue>  DC J  42 
 ASSUMED vdw of  C5  in  DC J  42  =  1.80 (same as   A)
 NON-STANDARD atom.| C6 | in residue>  DC J  42 
 ASSUMED vdw of  C6  in  DC J  42  =  1.80 (same as   A)
 UNKNOWN residue type.............>  DT J  43 
 NON-STANDARD atom.| P  | in residue>  DT J  43 
 ASSUMED vdw of  P   in  DT J  43  =  1.90 (same as   A)
 NON-STANDARD atom.| OP1| in residue>  DT J  43 
 GUESSED vdw of  OP1 in  DT J  43  =  1.40
 NON-STANDARD atom.| OP2| in residue>  DT J  43 
 GUESSED vdw of  OP2 in  DT J  43  =  1.40
 NON-STANDARD atom.| O5'| in residue>  DT J  43 
 GUESSED vdw of  O5' in  DT J  43  =  1.40
 NON-STANDARD atom.| C5'| in residue>  DT J  43 
 GUESSED vdw of  C5' in  DT J  43  =  1.80
 NON-STANDARD atom.| C4'| in residue>  DT J  43 
 GUESSED vdw of  C4' in  DT J  43  =  1.80
 NON-STANDARD atom.| O4'| in residue>  DT J  43 
 GUESSED vdw of  O4' in  DT J  43  =  1.40
 NON-STANDARD atom.| C3'| in residue>  DT J  43 
 GUESSED vdw of  C3' in  DT J  43  =  1.80
 NON-STANDARD atom.| O3'| in residue>  DT J  43 
 GUESSED vdw of  O3' in  DT J  43  =  1.40
 NON-STANDARD atom.| C2'| in residue>  DT J  43 
 GUESSED vdw of  C2' in  DT J  43  =  1.80
 NON-STANDARD atom.| C1'| in residue>  DT J  43 
 GUESSED vdw of  C1' in  DT J  43  =  1.80
 NON-STANDARD atom.| N1 | in residue>  DT J  43 
 ASSUMED vdw of  N1  in  DT J  43  =  1.60 (same as   A)
 NON-STANDARD atom.| C2 | in residue>  DT J  43 
 ASSUMED vdw of  C2  in  DT J  43  =  1.80 (same as   A)
 NON-STANDARD atom.| O2 | in residue>  DT J  43 
 ASSUMED vdw of  O2  in  DT J  43  =  1.40 (same as   C)
 NON-STANDARD atom.| N3 | in residue>  DT J  43 
 ASSUMED vdw of  N3  in  DT J  43  =  1.60 (same as   A)
 NON-STANDARD atom.| C4 | in residue>  DT J  43 
 ASSUMED vdw of  C4  in  DT J  43  =  1.80 (same as   A)
 NON-STANDARD atom.| O4 | in residue>  DT J  43 
 ASSUMED vdw of  O4  in  DT J  43  =  1.40 (same as   T)
 NON-STANDARD atom.| C5 | in residue>  DT J  43 
 ASSUMED vdw of  C5  in  DT J  43  =  1.80 (same as   A)
 NON-STANDARD atom.| C7 | in residue>  DT J  43 
 GUESSED vdw of  C7  in  DT J  43  =  1.80
 NON-STANDARD atom.| C6 | in residue>  DT J  43 
 ASSUMED vdw of  C6  in  DT J  43  =  1.80 (same as   A)
 UNKNOWN residue type.............>  DC J  44 
 NON-STANDARD atom.| P  | in residue>  DC J  44 
 ASSUMED vdw of  P   in  DC J  44  =  1.90 (same as   A)
 NON-STANDARD atom.| OP1| in residue>  DC J  44 
 GUESSED vdw of  OP1 in  DC J  44  =  1.40
 NON-STANDARD atom.| OP2| in residue>  DC J  44 
 GUESSED vdw of  OP2 in  DC J  44  =  1.40
 NON-STANDARD atom.| O5'| in residue>  DC J  44 
 GUESSED vdw of  O5' in  DC J  44  =  1.40
 NON-STANDARD atom.| C5'| in residue>  DC J  44 
 GUESSED vdw of  C5' in  DC J  44  =  1.80
 NON-STANDARD atom.| C4'| in residue>  DC J  44 
 GUESSED vdw of  C4' in  DC J  44  =  1.80
 NON-STANDARD atom.| O4'| in residue>  DC J  44 
 GUESSED vdw of  O4' in  DC J  44  =  1.40
 NON-STANDARD atom.| C3'| in residue>  DC J  44 
 GUESSED vdw of  C3' in  DC J  44  =  1.80
 NON-STANDARD atom.| O3'| in residue>  DC J  44 
 GUESSED vdw of  O3' in  DC J  44  =  1.40
 NON-STANDARD atom.| C2'| in residue>  DC J  44 
 GUESSED vdw of  C2' in  DC J  44  =  1.80
 NON-STANDARD atom.| C1'| in residue>  DC J  44 
 GUESSED vdw of  C1' in  DC J  44  =  1.80
 NON-STANDARD atom.| N1 | in residue>  DC J  44 
 ASSUMED vdw of  N1  in  DC J  44  =  1.60 (same as   A)
 NON-STANDARD atom.| C2 | in residue>  DC J  44 
 ASSUMED vdw of  C2  in  DC J  44  =  1.80 (same as   A)
 NON-STANDARD atom.| O2 | in residue>  DC J  44 
 ASSUMED vdw of  O2  in  DC J  44  =  1.40 (same as   C)
 NON-STANDARD atom.| N3 | in residue>  DC J  44 
 ASSUMED vdw of  N3  in  DC J  44  =  1.60 (same as   A)
 NON-STANDARD atom.| C4 | in residue>  DC J  44 
 ASSUMED vdw of  C4  in  DC J  44  =  1.80 (same as   A)
 NON-STANDARD atom.| N4 | in residue>  DC J  44 
 ASSUMED vdw of  N4  in  DC J  44  =  1.60 (same as   C)
 NON-STANDARD atom.| C5 | in residue>  DC J  44 
 ASSUMED vdw of  C5  in  DC J  44  =  1.80 (same as   A)
 NON-STANDARD atom.| C6 | in residue>  DC J  44 
 ASSUMED vdw of  C6  in  DC J  44  =  1.80 (same as   A)
 UNKNOWN residue type.............>  DC J  45 
 NON-STANDARD atom.| P  | in residue>  DC J  45 
 ASSUMED vdw of  P   in  DC J  45  =  1.90 (same as   A)
 NON-STANDARD atom.| OP1| in residue>  DC J  45 
 GUESSED vdw of  OP1 in  DC J  45  =  1.40
 NON-STANDARD atom.| OP2| in residue>  DC J  45 
 GUESSED vdw of  OP2 in  DC J  45  =  1.40
 NON-STANDARD atom.| O5'| in residue>  DC J  45 
 GUESSED vdw of  O5' in  DC J  45  =  1.40
 NON-STANDARD atom.| C5'| in residue>  DC J  45 
 GUESSED vdw of  C5' in  DC J  45  =  1.80
 NON-STANDARD atom.| C4'| in residue>  DC J  45 
 GUESSED vdw of  C4' in  DC J  45  =  1.80
 NON-STANDARD atom.| O4'| in residue>  DC J  45 
 GUESSED vdw of  O4' in  DC J  45  =  1.40
 NON-STANDARD atom.| C3'| in residue>  DC J  45 
 GUESSED vdw of  C3' in  DC J  45  =  1.80
 NON-STANDARD atom.| O3'| in residue>  DC J  45 
 GUESSED vdw of  O3' in  DC J  45  =  1.40
 NON-STANDARD atom.| C2'| in residue>  DC J  45 
 GUESSED vdw of  C2' in  DC J  45  =  1.80
 NON-STANDARD atom.| C1'| in residue>  DC J  45 
 GUESSED vdw of  C1' in  DC J  45  =  1.80
 NON-STANDARD atom.| N1 | in residue>  DC J  45 
 ASSUMED vdw of  N1  in  DC J  45  =  1.60 (same as   A)
 NON-STANDARD atom.| C2 | in residue>  DC J  45 
 ASSUMED vdw of  C2  in  DC J  45  =  1.80 (same as   A)
 NON-STANDARD atom.| O2 | in residue>  DC J  45 
 ASSUMED vdw of  O2  in  DC J  45  =  1.40 (same as   C)
 NON-STANDARD atom.| N3 | in residue>  DC J  45 
 ASSUMED vdw of  N3  in  DC J  45  =  1.60 (same as   A)
 NON-STANDARD atom.| C4 | in residue>  DC J  45 
 ASSUMED vdw of  C4  in  DC J  45  =  1.80 (same as   A)
 NON-STANDARD atom.| N4 | in residue>  DC J  45 
 ASSUMED vdw of  N4  in  DC J  45  =  1.60 (same as   C)
 NON-STANDARD atom.| C5 | in residue>  DC J  45 
 ASSUMED vdw of  C5  in  DC J  45  =  1.80 (same as   A)
 NON-STANDARD atom.| C6 | in residue>  DC J  45 
 ASSUMED vdw of  C6  in  DC J  45  =  1.80 (same as   A)
 UNKNOWN residue type.............>  DA J  46 
 NON-STANDARD atom.| P  | in residue>  DA J  46 
 ASSUMED vdw of  P   in  DA J  46  =  1.90 (same as   A)
 NON-STANDARD atom.| OP1| in residue>  DA J  46 
 GUESSED vdw of  OP1 in  DA J  46  =  1.40
 NON-STANDARD atom.| OP2| in residue>  DA J  46 
 GUESSED vdw of  OP2 in  DA J  46  =  1.40
 NON-STANDARD atom.| O5'| in residue>  DA J  46 
 GUESSED vdw of  O5' in  DA J  46  =  1.40
 NON-STANDARD atom.| C5'| in residue>  DA J  46 
 GUESSED vdw of  C5' in  DA J  46  =  1.80
 NON-STANDARD atom.| C4'| in residue>  DA J  46 
 GUESSED vdw of  C4' in  DA J  46  =  1.80
 NON-STANDARD atom.| O4'| in residue>  DA J  46 
 GUESSED vdw of  O4' in  DA J  46  =  1.40
 NON-STANDARD atom.| C3'| in residue>  DA J  46 
 GUESSED vdw of  C3' in  DA J  46  =  1.80
 NON-STANDARD atom.| O3'| in residue>  DA J  46 
 GUESSED vdw of  O3' in  DA J  46  =  1.40
 NON-STANDARD atom.| C2'| in residue>  DA J  46 
 GUESSED vdw of  C2' in  DA J  46  =  1.80
 NON-STANDARD atom.| C1'| in residue>  DA J  46 
 GUESSED vdw of  C1' in  DA J  46  =  1.80
 NON-STANDARD atom.| N9 | in residue>  DA J  46 
 ASSUMED vdw of  N9  in  DA J  46  =  1.60 (same as   A)
 NON-STANDARD atom.| C8 | in residue>  DA J  46 
 ASSUMED vdw of  C8  in  DA J  46  =  1.80 (same as   A)
 NON-STANDARD atom.| N7 | in residue>  DA J  46 
 ASSUMED vdw of  N7  in  DA J  46  =  1.60 (same as   A)
 NON-STANDARD atom.| C5 | in residue>  DA J  46 
 ASSUMED vdw of  C5  in  DA J  46  =  1.80 (same as   A)
 NON-STANDARD atom.| C6 | in residue>  DA J  46 
 ASSUMED vdw of  C6  in  DA J  46  =  1.80 (same as   A)
 NON-STANDARD atom.| N6 | in residue>  DA J  46 
 ASSUMED vdw of  N6  in  DA J  46  =  1.60 (same as   A)
 NON-STANDARD atom.| N1 | in residue>  DA J  46 
 ASSUMED vdw of  N1  in  DA J  46  =  1.60 (same as   A)
 NON-STANDARD atom.| C2 | in residue>  DA J  46 
 ASSUMED vdw of  C2  in  DA J  46  =  1.80 (same as   A)
 NON-STANDARD atom.| N3 | in residue>  DA J  46 
 ASSUMED vdw of  N3  in  DA J  46  =  1.60 (same as   A)
 NON-STANDARD atom.| C4 | in residue>  DA J  46 
 ASSUMED vdw of  C4  in  DA J  46  =  1.80 (same as   A)
 UNKNOWN residue type.............>  DG J  47 
 NON-STANDARD atom.| P  | in residue>  DG J  47 
 ASSUMED vdw of  P   in  DG J  47  =  1.90 (same as   A)
 NON-STANDARD atom.| OP1| in residue>  DG J  47 
 GUESSED vdw of  OP1 in  DG J  47  =  1.40
 NON-STANDARD atom.| OP2| in residue>  DG J  47 
 GUESSED vdw of  OP2 in  DG J  47  =  1.40
 NON-STANDARD atom.| O5'| in residue>  DG J  47 
 GUESSED vdw of  O5' in  DG J  47  =  1.40
 NON-STANDARD atom.| C5'| in residue>  DG J  47 
 GUESSED vdw of  C5' in  DG J  47  =  1.80
 NON-STANDARD atom.| C4'| in residue>  DG J  47 
 GUESSED vdw of  C4' in  DG J  47  =  1.80
 NON-STANDARD atom.| O4'| in residue>  DG J  47 
 GUESSED vdw of  O4' in  DG J  47  =  1.40
 NON-STANDARD atom.| C3'| in residue>  DG J  47 
 GUESSED vdw of  C3' in  DG J  47  =  1.80
 NON-STANDARD atom.| O3'| in residue>  DG J  47 
 GUESSED vdw of  O3' in  DG J  47  =  1.40
 NON-STANDARD atom.| C2'| in residue>  DG J  47 
 GUESSED vdw of  C2' in  DG J  47  =  1.80
 NON-STANDARD atom.| C1'| in residue>  DG J  47 
 GUESSED vdw of  C1' in  DG J  47  =  1.80
 NON-STANDARD atom.| N9 | in residue>  DG J  47 
 ASSUMED vdw of  N9  in  DG J  47  =  1.60 (same as   A)
 NON-STANDARD atom.| C8 | in residue>  DG J  47 
 ASSUMED vdw of  C8  in  DG J  47  =  1.80 (same as   A)
 NON-STANDARD atom.| N7 | in residue>  DG J  47 
 ASSUMED vdw of  N7  in  DG J  47  =  1.60 (same as   A)
 NON-STANDARD atom.| C5 | in residue>  DG J  47 
 ASSUMED vdw of  C5  in  DG J  47  =  1.80 (same as   A)
 NON-STANDARD atom.| C6 | in residue>  DG J  47 
 ASSUMED vdw of  C6  in  DG J  47  =  1.80 (same as   A)
 NON-STANDARD atom.| O6 | in residue>  DG J  47 
 ASSUMED vdw of  O6  in  DG J  47  =  1.40 (same as   G)
 NON-STANDARD atom.| N1 | in residue>  DG J  47 
 ASSUMED vdw of  N1  in  DG J  47  =  1.60 (same as   A)
 NON-STANDARD atom.| C2 | in residue>  DG J  47 
 ASSUMED vdw of  C2  in  DG J  47  =  1.80 (same as   A)
 NON-STANDARD atom.| N2 | in residue>  DG J  47 
 ASSUMED vdw of  N2  in  DG J  47  =  1.60 (same as   G)
 NON-STANDARD atom.| N3 | in residue>  DG J  47 
 ASSUMED vdw of  N3  in  DG J  47  =  1.60 (same as   A)
 NON-STANDARD atom.| C4 | in residue>  DG J  47 
 ASSUMED vdw of  C4  in  DG J  47  =  1.80 (same as   A)
 UNKNOWN residue type.............>  DG J  48 
 NON-STANDARD atom.| P  | in residue>  DG J  48 
 ASSUMED vdw of  P   in  DG J  48  =  1.90 (same as   A)
 NON-STANDARD atom.| OP1| in residue>  DG J  48 
 GUESSED vdw of  OP1 in  DG J  48  =  1.40
 NON-STANDARD atom.| OP2| in residue>  DG J  48 
 GUESSED vdw of  OP2 in  DG J  48  =  1.40
 NON-STANDARD atom.| O5'| in residue>  DG J  48 
 GUESSED vdw of  O5' in  DG J  48  =  1.40
 NON-STANDARD atom.| C5'| in residue>  DG J  48 
 GUESSED vdw of  C5' in  DG J  48  =  1.80
 NON-STANDARD atom.| C4'| in residue>  DG J  48 
 GUESSED vdw of  C4' in  DG J  48  =  1.80
 NON-STANDARD atom.| O4'| in residue>  DG J  48 
 GUESSED vdw of  O4' in  DG J  48  =  1.40
 NON-STANDARD atom.| C3'| in residue>  DG J  48 
 GUESSED vdw of  C3' in  DG J  48  =  1.80
 NON-STANDARD atom.| O3'| in residue>  DG J  48 
 GUESSED vdw of  O3' in  DG J  48  =  1.40
 NON-STANDARD atom.| C2'| in residue>  DG J  48 
 GUESSED vdw of  C2' in  DG J  48  =  1.80
 NON-STANDARD atom.| C1'| in residue>  DG J  48 
 GUESSED vdw of  C1' in  DG J  48  =  1.80
 NON-STANDARD atom.| N9 | in residue>  DG J  48 
 ASSUMED vdw of  N9  in  DG J  48  =  1.60 (same as   A)
 NON-STANDARD atom.| C8 | in residue>  DG J  48 
 ASSUMED vdw of  C8  in  DG J  48  =  1.80 (same as   A)
 NON-STANDARD atom.| N7 | in residue>  DG J  48 
 ASSUMED vdw of  N7  in  DG J  48  =  1.60 (same as   A)
 NON-STANDARD atom.| C5 | in residue>  DG J  48 
 ASSUMED vdw of  C5  in  DG J  48  =  1.80 (same as   A)
 NON-STANDARD atom.| C6 | in residue>  DG J  48 
 ASSUMED vdw of  C6  in  DG J  48  =  1.80 (same as   A)
 NON-STANDARD atom.| O6 | in residue>  DG J  48 
 ASSUMED vdw of  O6  in  DG J  48  =  1.40 (same as   G)
 NON-STANDARD atom.| N1 | in residue>  DG J  48 
 ASSUMED vdw of  N1  in  DG J  48  =  1.60 (same as   A)
 NON-STANDARD atom.| C2 | in residue>  DG J  48 
 ASSUMED vdw of  C2  in  DG J  48  =  1.80 (same as   A)
 NON-STANDARD atom.| N2 | in residue>  DG J  48 
 ASSUMED vdw of  N2  in  DG J  48  =  1.60 (same as   G)
 NON-STANDARD atom.| N3 | in residue>  DG J  48 
 ASSUMED vdw of  N3  in  DG J  48  =  1.60 (same as   A)
 NON-STANDARD atom.| C4 | in residue>  DG J  48 
 ASSUMED vdw of  C4  in  DG J  48  =  1.80 (same as   A)
 UNKNOWN residue type.............>  DC J  49 
 NON-STANDARD atom.| P  | in residue>  DC J  49 
 ASSUMED vdw of  P   in  DC J  49  =  1.90 (same as   A)
 NON-STANDARD atom.| OP1| in residue>  DC J  49 
 GUESSED vdw of  OP1 in  DC J  49  =  1.40
 NON-STANDARD atom.| OP2| in residue>  DC J  49 
 GUESSED vdw of  OP2 in  DC J  49  =  1.40
 NON-STANDARD atom.| O5'| in residue>  DC J  49 
 GUESSED vdw of  O5' in  DC J  49  =  1.40
 NON-STANDARD atom.| C5'| in residue>  DC J  49 
 GUESSED vdw of  C5' in  DC J  49  =  1.80
 NON-STANDARD atom.| C4'| in residue>  DC J  49 
 GUESSED vdw of  C4' in  DC J  49  =  1.80
 NON-STANDARD atom.| O4'| in residue>  DC J  49 
 GUESSED vdw of  O4' in  DC J  49  =  1.40
 NON-STANDARD atom.| C3'| in residue>  DC J  49 
 GUESSED vdw of  C3' in  DC J  49  =  1.80
 NON-STANDARD atom.| O3'| in residue>  DC J  49 
 GUESSED vdw of  O3' in  DC J  49  =  1.40
 NON-STANDARD atom.| C2'| in residue>  DC J  49 
 GUESSED vdw of  C2' in  DC J  49  =  1.80
 NON-STANDARD atom.| C1'| in residue>  DC J  49 
 GUESSED vdw of  C1' in  DC J  49  =  1.80
 NON-STANDARD atom.| N1 | in residue>  DC J  49 
 ASSUMED vdw of  N1  in  DC J  49  =  1.60 (same as   A)
 NON-STANDARD atom.| C2 | in residue>  DC J  49 
 ASSUMED vdw of  C2  in  DC J  49  =  1.80 (same as   A)
 NON-STANDARD atom.| O2 | in residue>  DC J  49 
 ASSUMED vdw of  O2  in  DC J  49  =  1.40 (same as   C)
 NON-STANDARD atom.| N3 | in residue>  DC J  49 
 ASSUMED vdw of  N3  in  DC J  49  =  1.60 (same as   A)
 NON-STANDARD atom.| C4 | in residue>  DC J  49 
 ASSUMED vdw of  C4  in  DC J  49  =  1.80 (same as   A)
 NON-STANDARD atom.| N4 | in residue>  DC J  49 
 ASSUMED vdw of  N4  in  DC J  49  =  1.60 (same as   C)
 NON-STANDARD atom.| C5 | in residue>  DC J  49 
 ASSUMED vdw of  C5  in  DC J  49  =  1.80 (same as   A)
 NON-STANDARD atom.| C6 | in residue>  DC J  49 
 ASSUMED vdw of  C6  in  DC J  49  =  1.80 (same as   A)
 UNKNOWN residue type.............>  DA J  50 
 NON-STANDARD atom.| P  | in residue>  DA J  50 
 ASSUMED vdw of  P   in  DA J  50  =  1.90 (same as   A)
 NON-STANDARD atom.| OP1| in residue>  DA J  50 
 GUESSED vdw of  OP1 in  DA J  50  =  1.40
 NON-STANDARD atom.| OP2| in residue>  DA J  50 
 GUESSED vdw of  OP2 in  DA J  50  =  1.40
 NON-STANDARD atom.| O5'| in residue>  DA J  50 
 GUESSED vdw of  O5' in  DA J  50  =  1.40
 NON-STANDARD atom.| C5'| in residue>  DA J  50 
 GUESSED vdw of  C5' in  DA J  50  =  1.80
 NON-STANDARD atom.| C4'| in residue>  DA J  50 
 GUESSED vdw of  C4' in  DA J  50  =  1.80
 NON-STANDARD atom.| O4'| in residue>  DA J  50 
 GUESSED vdw of  O4' in  DA J  50  =  1.40
 NON-STANDARD atom.| C3'| in residue>  DA J  50 
 GUESSED vdw of  C3' in  DA J  50  =  1.80
 NON-STANDARD atom.| O3'| in residue>  DA J  50 
 GUESSED vdw of  O3' in  DA J  50  =  1.40
 NON-STANDARD atom.| C2'| in residue>  DA J  50 
 GUESSED vdw of  C2' in  DA J  50  =  1.80
 NON-STANDARD atom.| C1'| in residue>  DA J  50 
 GUESSED vdw of  C1' in  DA J  50  =  1.80
 NON-STANDARD atom.| N9 | in residue>  DA J  50 
 ASSUMED vdw of  N9  in  DA J  50  =  1.60 (same as   A)
 NON-STANDARD atom.| C8 | in residue>  DA J  50 
 ASSUMED vdw of  C8  in  DA J  50  =  1.80 (same as   A)
 NON-STANDARD atom.| N7 | in residue>  DA J  50 
 ASSUMED vdw of  N7  in  DA J  50  =  1.60 (same as   A)
 NON-STANDARD atom.| C5 | in residue>  DA J  50 
 ASSUMED vdw of  C5  in  DA J  50  =  1.80 (same as   A)
 NON-STANDARD atom.| C6 | in residue>  DA J  50 
 ASSUMED vdw of  C6  in  DA J  50  =  1.80 (same as   A)
 NON-STANDARD atom.| N6 | in residue>  DA J  50 
 ASSUMED vdw of  N6  in  DA J  50  =  1.60 (same as   A)
 NON-STANDARD atom.| N1 | in residue>  DA J  50 
 ASSUMED vdw of  N1  in  DA J  50  =  1.60 (same as   A)
 NON-STANDARD atom.| C2 | in residue>  DA J  50 
 ASSUMED vdw of  C2  in  DA J  50  =  1.80 (same as   A)
 NON-STANDARD atom.| N3 | in residue>  DA J  50 
 ASSUMED vdw of  N3  in  DA J  50  =  1.60 (same as   A)
 NON-STANDARD atom.| C4 | in residue>  DA J  50 
 ASSUMED vdw of  C4  in  DA J  50  =  1.80 (same as   A)
 UNKNOWN residue type.............>  DC J  51 
 NON-STANDARD atom.| P  | in residue>  DC J  51 
 ASSUMED vdw of  P   in  DC J  51  =  1.90 (same as   A)
 NON-STANDARD atom.| OP1| in residue>  DC J  51 
 GUESSED vdw of  OP1 in  DC J  51  =  1.40
 NON-STANDARD atom.| OP2| in residue>  DC J  51 
 GUESSED vdw of  OP2 in  DC J  51  =  1.40
 NON-STANDARD atom.| O5'| in residue>  DC J  51 
 GUESSED vdw of  O5' in  DC J  51  =  1.40
 NON-STANDARD atom.| C5'| in residue>  DC J  51 
 GUESSED vdw of  C5' in  DC J  51  =  1.80
 NON-STANDARD atom.| C4'| in residue>  DC J  51 
 GUESSED vdw of  C4' in  DC J  51  =  1.80
 NON-STANDARD atom.| O4'| in residue>  DC J  51 
 GUESSED vdw of  O4' in  DC J  51  =  1.40
 NON-STANDARD atom.| C3'| in residue>  DC J  51 
 GUESSED vdw of  C3' in  DC J  51  =  1.80
 NON-STANDARD atom.| O3'| in residue>  DC J  51 
 GUESSED vdw of  O3' in  DC J  51  =  1.40
 NON-STANDARD atom.| C2'| in residue>  DC J  51 
 GUESSED vdw of  C2' in  DC J  51  =  1.80
 NON-STANDARD atom.| C1'| in residue>  DC J  51 
 GUESSED vdw of  C1' in  DC J  51  =  1.80
 NON-STANDARD atom.| N1 | in residue>  DC J  51 
 ASSUMED vdw of  N1  in  DC J  51  =  1.60 (same as   A)
 NON-STANDARD atom.| C2 | in residue>  DC J  51 
 ASSUMED vdw of  C2  in  DC J  51  =  1.80 (same as   A)
 NON-STANDARD atom.| O2 | in residue>  DC J  51 
 ASSUMED vdw of  O2  in  DC J  51  =  1.40 (same as   C)
 NON-STANDARD atom.| N3 | in residue>  DC J  51 
 ASSUMED vdw of  N3  in  DC J  51  =  1.60 (same as   A)
 NON-STANDARD atom.| C4 | in residue>  DC J  51 
 ASSUMED vdw of  C4  in  DC J  51  =  1.80 (same as   A)
 NON-STANDARD atom.| N4 | in residue>  DC J  51 
 ASSUMED vdw of  N4  in  DC J  51  =  1.60 (same as   C)
 NON-STANDARD atom.| C5 | in residue>  DC J  51 
 ASSUMED vdw of  C5  in  DC J  51  =  1.80 (same as   A)
 NON-STANDARD atom.| C6 | in residue>  DC J  51 
 ASSUMED vdw of  C6  in  DC J  51  =  1.80 (same as   A)
 UNKNOWN residue type.............>  DG J  52 
 NON-STANDARD atom.| P  | in residue>  DG J  52 
 ASSUMED vdw of  P   in  DG J  52  =  1.90 (same as   A)
 NON-STANDARD atom.| OP1| in residue>  DG J  52 
 GUESSED vdw of  OP1 in  DG J  52  =  1.40
 NON-STANDARD atom.| OP2| in residue>  DG J  52 
 GUESSED vdw of  OP2 in  DG J  52  =  1.40
 NON-STANDARD atom.| O5'| in residue>  DG J  52 
 GUESSED vdw of  O5' in  DG J  52  =  1.40
 NON-STANDARD atom.| C5'| in residue>  DG J  52 
 GUESSED vdw of  C5' in  DG J  52  =  1.80
 NON-STANDARD atom.| C4'| in residue>  DG J  52 
 GUESSED vdw of  C4' in  DG J  52  =  1.80
 NON-STANDARD atom.| O4'| in residue>  DG J  52 
 GUESSED vdw of  O4' in  DG J  52  =  1.40
 NON-STANDARD atom.| C3'| in residue>  DG J  52 
 GUESSED vdw of  C3' in  DG J  52  =  1.80
 NON-STANDARD atom.| O3'| in residue>  DG J  52 
 GUESSED vdw of  O3' in  DG J  52  =  1.40
 NON-STANDARD atom.| C2'| in residue>  DG J  52 
 GUESSED vdw of  C2' in  DG J  52  =  1.80
 NON-STANDARD atom.| C1'| in residue>  DG J  52 
 GUESSED vdw of  C1' in  DG J  52  =  1.80
 NON-STANDARD atom.| N9 | in residue>  DG J  52 
 ASSUMED vdw of  N9  in  DG J  52  =  1.60 (same as   A)
 NON-STANDARD atom.| C8 | in residue>  DG J  52 
 ASSUMED vdw of  C8  in  DG J  52  =  1.80 (same as   A)
 NON-STANDARD atom.| N7 | in residue>  DG J  52 
 ASSUMED vdw of  N7  in  DG J  52  =  1.60 (same as   A)
 NON-STANDARD atom.| C5 | in residue>  DG J  52 
 ASSUMED vdw of  C5  in  DG J  52  =  1.80 (same as   A)
 NON-STANDARD atom.| C6 | in residue>  DG J  52 
 ASSUMED vdw of  C6  in  DG J  52  =  1.80 (same as   A)
 NON-STANDARD atom.| O6 | in residue>  DG J  52 
 ASSUMED vdw of  O6  in  DG J  52  =  1.40 (same as   G)
 NON-STANDARD atom.| N1 | in residue>  DG J  52 
 ASSUMED vdw of  N1  in  DG J  52  =  1.60 (same as   A)
 NON-STANDARD atom.| C2 | in residue>  DG J  52 
 ASSUMED vdw of  C2  in  DG J  52  =  1.80 (same as   A)
 NON-STANDARD atom.| N2 | in residue>  DG J  52 
 ASSUMED vdw of  N2  in  DG J  52  =  1.60 (same as   G)
 NON-STANDARD atom.| N3 | in residue>  DG J  52 
 ASSUMED vdw of  N3  in  DG J  52  =  1.60 (same as   A)
 NON-STANDARD atom.| C4 | in residue>  DG J  52 
 ASSUMED vdw of  C4  in  DG J  52  =  1.80 (same as   A)
 UNKNOWN residue type.............>  DT J  53 
 NON-STANDARD atom.| P  | in residue>  DT J  53 
 ASSUMED vdw of  P   in  DT J  53  =  1.90 (same as   A)
 NON-STANDARD atom.| OP1| in residue>  DT J  53 
 GUESSED vdw of  OP1 in  DT J  53  =  1.40
 NON-STANDARD atom.| OP2| in residue>  DT J  53 
 GUESSED vdw of  OP2 in  DT J  53  =  1.40
 NON-STANDARD atom.| O5'| in residue>  DT J  53 
 GUESSED vdw of  O5' in  DT J  53  =  1.40
 NON-STANDARD atom.| C5'| in residue>  DT J  53 
 GUESSED vdw of  C5' in  DT J  53  =  1.80
 NON-STANDARD atom.| C4'| in residue>  DT J  53 
 GUESSED vdw of  C4' in  DT J  53  =  1.80
 NON-STANDARD atom.| O4'| in residue>  DT J  53 
 GUESSED vdw of  O4' in  DT J  53  =  1.40
 NON-STANDARD atom.| C3'| in residue>  DT J  53 
 GUESSED vdw of  C3' in  DT J  53  =  1.80
 NON-STANDARD atom.| O3'| in residue>  DT J  53 
 GUESSED vdw of  O3' in  DT J  53  =  1.40
 NON-STANDARD atom.| C2'| in residue>  DT J  53 
 GUESSED vdw of  C2' in  DT J  53  =  1.80
 NON-STANDARD atom.| C1'| in residue>  DT J  53 
 GUESSED vdw of  C1' in  DT J  53  =  1.80
 NON-STANDARD atom.| N1 | in residue>  DT J  53 
 ASSUMED vdw of  N1  in  DT J  53  =  1.60 (same as   A)
 NON-STANDARD atom.| C2 | in residue>  DT J  53 
 ASSUMED vdw of  C2  in  DT J  53  =  1.80 (same as   A)
 NON-STANDARD atom.| O2 | in residue>  DT J  53 
 ASSUMED vdw of  O2  in  DT J  53  =  1.40 (same as   C)
 NON-STANDARD atom.| N3 | in residue>  DT J  53 
 ASSUMED vdw of  N3  in  DT J  53  =  1.60 (same as   A)
 NON-STANDARD atom.| C4 | in residue>  DT J  53 
 ASSUMED vdw of  C4  in  DT J  53  =  1.80 (same as   A)
 NON-STANDARD atom.| O4 | in residue>  DT J  53 
 ASSUMED vdw of  O4  in  DT J  53  =  1.40 (same as   T)
 NON-STANDARD atom.| C5 | in residue>  DT J  53 
 ASSUMED vdw of  C5  in  DT J  53  =  1.80 (same as   A)
 NON-STANDARD atom.| C7 | in residue>  DT J  53 
 GUESSED vdw of  C7  in  DT J  53  =  1.80
 NON-STANDARD atom.| C6 | in residue>  DT J  53 
 ASSUMED vdw of  C6  in  DT J  53  =  1.80 (same as   A)
 UNKNOWN residue type.............>  DG J  54 
 NON-STANDARD atom.| P  | in residue>  DG J  54 
 ASSUMED vdw of  P   in  DG J  54  =  1.90 (same as   A)
 NON-STANDARD atom.| OP1| in residue>  DG J  54 
 GUESSED vdw of  OP1 in  DG J  54  =  1.40
 NON-STANDARD atom.| OP2| in residue>  DG J  54 
 GUESSED vdw of  OP2 in  DG J  54  =  1.40
 NON-STANDARD atom.| O5'| in residue>  DG J  54 
 GUESSED vdw of  O5' in  DG J  54  =  1.40
 NON-STANDARD atom.| C5'| in residue>  DG J  54 
 GUESSED vdw of  C5' in  DG J  54  =  1.80
 NON-STANDARD atom.| C4'| in residue>  DG J  54 
 GUESSED vdw of  C4' in  DG J  54  =  1.80
 NON-STANDARD atom.| O4'| in residue>  DG J  54 
 GUESSED vdw of  O4' in  DG J  54  =  1.40
 NON-STANDARD atom.| C3'| in residue>  DG J  54 
 GUESSED vdw of  C3' in  DG J  54  =  1.80
 NON-STANDARD atom.| O3'| in residue>  DG J  54 
 GUESSED vdw of  O3' in  DG J  54  =  1.40
 NON-STANDARD atom.| C2'| in residue>  DG J  54 
 GUESSED vdw of  C2' in  DG J  54  =  1.80
 NON-STANDARD atom.| C1'| in residue>  DG J  54 
 GUESSED vdw of  C1' in  DG J  54  =  1.80
 NON-STANDARD atom.| N9 | in residue>  DG J  54 
 ASSUMED vdw of  N9  in  DG J  54  =  1.60 (same as   A)
 NON-STANDARD atom.| C8 | in residue>  DG J  54 
 ASSUMED vdw of  C8  in  DG J  54  =  1.80 (same as   A)
 NON-STANDARD atom.| N7 | in residue>  DG J  54 
 ASSUMED vdw of  N7  in  DG J  54  =  1.60 (same as   A)
 NON-STANDARD atom.| C5 | in residue>  DG J  54 
 ASSUMED vdw of  C5  in  DG J  54  =  1.80 (same as   A)
 NON-STANDARD atom.| C6 | in residue>  DG J  54 
 ASSUMED vdw of  C6  in  DG J  54  =  1.80 (same as   A)
 NON-STANDARD atom.| O6 | in residue>  DG J  54 
 ASSUMED vdw of  O6  in  DG J  54  =  1.40 (same as   G)
 NON-STANDARD atom.| N1 | in residue>  DG J  54 
 ASSUMED vdw of  N1  in  DG J  54  =  1.60 (same as   A)
 NON-STANDARD atom.| C2 | in residue>  DG J  54 
 ASSUMED vdw of  C2  in  DG J  54  =  1.80 (same as   A)
 NON-STANDARD atom.| N2 | in residue>  DG J  54 
 ASSUMED vdw of  N2  in  DG J  54  =  1.60 (same as   G)
 NON-STANDARD atom.| N3 | in residue>  DG J  54 
 ASSUMED vdw of  N3  in  DG J  54  =  1.60 (same as   A)
 NON-STANDARD atom.| C4 | in residue>  DG J  54 
 ASSUMED vdw of  C4  in  DG J  54  =  1.80 (same as   A)
 UNKNOWN residue type.............>  DT J  55 
 NON-STANDARD atom.| P  | in residue>  DT J  55 
 ASSUMED vdw of  P   in  DT J  55  =  1.90 (same as   A)
 NON-STANDARD atom.| OP1| in residue>  DT J  55 
 GUESSED vdw of  OP1 in  DT J  55  =  1.40
 NON-STANDARD atom.| OP2| in residue>  DT J  55 
 GUESSED vdw of  OP2 in  DT J  55  =  1.40
 NON-STANDARD atom.| O5'| in residue>  DT J  55 
 GUESSED vdw of  O5' in  DT J  55  =  1.40
 NON-STANDARD atom.| C5'| in residue>  DT J  55 
 GUESSED vdw of  C5' in  DT J  55  =  1.80
 NON-STANDARD atom.| C4'| in residue>  DT J  55 
 GUESSED vdw of  C4' in  DT J  55  =  1.80
 NON-STANDARD atom.| O4'| in residue>  DT J  55 
 GUESSED vdw of  O4' in  DT J  55  =  1.40
 NON-STANDARD atom.| C3'| in residue>  DT J  55 
 GUESSED vdw of  C3' in  DT J  55  =  1.80
 NON-STANDARD atom.| O3'| in residue>  DT J  55 
 GUESSED vdw of  O3' in  DT J  55  =  1.40
 NON-STANDARD atom.| C2'| in residue>  DT J  55 
 GUESSED vdw of  C2' in  DT J  55  =  1.80
 NON-STANDARD atom.| C1'| in residue>  DT J  55 
 GUESSED vdw of  C1' in  DT J  55  =  1.80
 NON-STANDARD atom.| N1 | in residue>  DT J  55 
 ASSUMED vdw of  N1  in  DT J  55  =  1.60 (same as   A)
 NON-STANDARD atom.| C2 | in residue>  DT J  55 
 ASSUMED vdw of  C2  in  DT J  55  =  1.80 (same as   A)
 NON-STANDARD atom.| O2 | in residue>  DT J  55 
 ASSUMED vdw of  O2  in  DT J  55  =  1.40 (same as   C)
 NON-STANDARD atom.| N3 | in residue>  DT J  55 
 ASSUMED vdw of  N3  in  DT J  55  =  1.60 (same as   A)
 NON-STANDARD atom.| C4 | in residue>  DT J  55 
 ASSUMED vdw of  C4  in  DT J  55  =  1.80 (same as   A)
 NON-STANDARD atom.| O4 | in residue>  DT J  55 
 ASSUMED vdw of  O4  in  DT J  55  =  1.40 (same as   T)
 NON-STANDARD atom.| C5 | in residue>  DT J  55 
 ASSUMED vdw of  C5  in  DT J  55  =  1.80 (same as   A)
 NON-STANDARD atom.| C7 | in residue>  DT J  55 
 GUESSED vdw of  C7  in  DT J  55  =  1.80
 NON-STANDARD atom.| C6 | in residue>  DT J  55 
 ASSUMED vdw of  C6  in  DT J  55  =  1.80 (same as   A)
 UNKNOWN residue type.............>  DC J  56 
 NON-STANDARD atom.| P  | in residue>  DC J  56 
 ASSUMED vdw of  P   in  DC J  56  =  1.90 (same as   A)
 NON-STANDARD atom.| OP1| in residue>  DC J  56 
 GUESSED vdw of  OP1 in  DC J  56  =  1.40
 NON-STANDARD atom.| OP2| in residue>  DC J  56 
 GUESSED vdw of  OP2 in  DC J  56  =  1.40
 NON-STANDARD atom.| O5'| in residue>  DC J  56 
 GUESSED vdw of  O5' in  DC J  56  =  1.40
 NON-STANDARD atom.| C5'| in residue>  DC J  56 
 GUESSED vdw of  C5' in  DC J  56  =  1.80
 NON-STANDARD atom.| C4'| in residue>  DC J  56 
 GUESSED vdw of  C4' in  DC J  56  =  1.80
 NON-STANDARD atom.| O4'| in residue>  DC J  56 
 GUESSED vdw of  O4' in  DC J  56  =  1.40
 NON-STANDARD atom.| C3'| in residue>  DC J  56 
 GUESSED vdw of  C3' in  DC J  56  =  1.80
 NON-STANDARD atom.| O3'| in residue>  DC J  56 
 GUESSED vdw of  O3' in  DC J  56  =  1.40
 NON-STANDARD atom.| C2'| in residue>  DC J  56 
 GUESSED vdw of  C2' in  DC J  56  =  1.80
 NON-STANDARD atom.| C1'| in residue>  DC J  56 
 GUESSED vdw of  C1' in  DC J  56  =  1.80
 NON-STANDARD atom.| N1 | in residue>  DC J  56 
 ASSUMED vdw of  N1  in  DC J  56  =  1.60 (same as   A)
 NON-STANDARD atom.| C2 | in residue>  DC J  56 
 ASSUMED vdw of  C2  in  DC J  56  =  1.80 (same as   A)
 NON-STANDARD atom.| O2 | in residue>  DC J  56 
 ASSUMED vdw of  O2  in  DC J  56  =  1.40 (same as   C)
 NON-STANDARD atom.| N3 | in residue>  DC J  56 
 ASSUMED vdw of  N3  in  DC J  56  =  1.60 (same as   A)
 NON-STANDARD atom.| C4 | in residue>  DC J  56 
 ASSUMED vdw of  C4  in  DC J  56  =  1.80 (same as   A)
 NON-STANDARD atom.| N4 | in residue>  DC J  56 
 ASSUMED vdw of  N4  in  DC J  56  =  1.60 (same as   C)
 NON-STANDARD atom.| C5 | in residue>  DC J  56 
 ASSUMED vdw of  C5  in  DC J  56  =  1.80 (same as   A)
 NON-STANDARD atom.| C6 | in residue>  DC J  56 
 ASSUMED vdw of  C6  in  DC J  56  =  1.80 (same as   A)
 UNKNOWN residue type.............>  DA J  57 
 NON-STANDARD atom.| P  | in residue>  DA J  57 
 ASSUMED vdw of  P   in  DA J  57  =  1.90 (same as   A)
 NON-STANDARD atom.| OP1| in residue>  DA J  57 
 GUESSED vdw of  OP1 in  DA J  57  =  1.40
 NON-STANDARD atom.| OP2| in residue>  DA J  57 
 GUESSED vdw of  OP2 in  DA J  57  =  1.40
 NON-STANDARD atom.| O5'| in residue>  DA J  57 
 GUESSED vdw of  O5' in  DA J  57  =  1.40
 NON-STANDARD atom.| C5'| in residue>  DA J  57 
 GUESSED vdw of  C5' in  DA J  57  =  1.80
 NON-STANDARD atom.| C4'| in residue>  DA J  57 
 GUESSED vdw of  C4' in  DA J  57  =  1.80
 NON-STANDARD atom.| O4'| in residue>  DA J  57 
 GUESSED vdw of  O4' in  DA J  57  =  1.40
 NON-STANDARD atom.| C3'| in residue>  DA J  57 
 GUESSED vdw of  C3' in  DA J  57  =  1.80
 NON-STANDARD atom.| O3'| in residue>  DA J  57 
 GUESSED vdw of  O3' in  DA J  57  =  1.40
 NON-STANDARD atom.| C2'| in residue>  DA J  57 
 GUESSED vdw of  C2' in  DA J  57  =  1.80
 NON-STANDARD atom.| C1'| in residue>  DA J  57 
 GUESSED vdw of  C1' in  DA J  57  =  1.80
 NON-STANDARD atom.| N9 | in residue>  DA J  57 
 ASSUMED vdw of  N9  in  DA J  57  =  1.60 (same as   A)
 NON-STANDARD atom.| C8 | in residue>  DA J  57 
 ASSUMED vdw of  C8  in  DA J  57  =  1.80 (same as   A)
 NON-STANDARD atom.| N7 | in residue>  DA J  57 
 ASSUMED vdw of  N7  in  DA J  57  =  1.60 (same as   A)
 NON-STANDARD atom.| C5 | in residue>  DA J  57 
 ASSUMED vdw of  C5  in  DA J  57  =  1.80 (same as   A)
 NON-STANDARD atom.| C6 | in residue>  DA J  57 
 ASSUMED vdw of  C6  in  DA J  57  =  1.80 (same as   A)
 NON-STANDARD atom.| N6 | in residue>  DA J  57 
 ASSUMED vdw of  N6  in  DA J  57  =  1.60 (same as   A)
 NON-STANDARD atom.| N1 | in residue>  DA J  57 
 ASSUMED vdw of  N1  in  DA J  57  =  1.60 (same as   A)
 NON-STANDARD atom.| C2 | in residue>  DA J  57 
 ASSUMED vdw of  C2  in  DA J  57  =  1.80 (same as   A)
 NON-STANDARD atom.| N3 | in residue>  DA J  57 
 ASSUMED vdw of  N3  in  DA J  57  =  1.60 (same as   A)
 NON-STANDARD atom.| C4 | in residue>  DA J  57 
 ASSUMED vdw of  C4  in  DA J  57  =  1.80 (same as   A)
 UNKNOWN residue type.............>  DG J  58 
 NON-STANDARD atom.| P  | in residue>  DG J  58 
 ASSUMED vdw of  P   in  DG J  58  =  1.90 (same as   A)
 NON-STANDARD atom.| OP1| in residue>  DG J  58 
 GUESSED vdw of  OP1 in  DG J  58  =  1.40
 NON-STANDARD atom.| OP2| in residue>  DG J  58 
 GUESSED vdw of  OP2 in  DG J  58  =  1.40
 NON-STANDARD atom.| O5'| in residue>  DG J  58 
 GUESSED vdw of  O5' in  DG J  58  =  1.40
 NON-STANDARD atom.| C5'| in residue>  DG J  58 
 GUESSED vdw of  C5' in  DG J  58  =  1.80
 NON-STANDARD atom.| C4'| in residue>  DG J  58 
 GUESSED vdw of  C4' in  DG J  58  =  1.80
 NON-STANDARD atom.| O4'| in residue>  DG J  58 
 GUESSED vdw of  O4' in  DG J  58  =  1.40
 NON-STANDARD atom.| C3'| in residue>  DG J  58 
 GUESSED vdw of  C3' in  DG J  58  =  1.80
 NON-STANDARD atom.| O3'| in residue>  DG J  58 
 GUESSED vdw of  O3' in  DG J  58  =  1.40
 NON-STANDARD atom.| C2'| in residue>  DG J  58 
 GUESSED vdw of  C2' in  DG J  58  =  1.80
 NON-STANDARD atom.| C1'| in residue>  DG J  58 
 GUESSED vdw of  C1' in  DG J  58  =  1.80
 NON-STANDARD atom.| N9 | in residue>  DG J  58 
 ASSUMED vdw of  N9  in  DG J  58  =  1.60 (same as   A)
 NON-STANDARD atom.| C8 | in residue>  DG J  58 
 ASSUMED vdw of  C8  in  DG J  58  =  1.80 (same as   A)
 NON-STANDARD atom.| N7 | in residue>  DG J  58 
 ASSUMED vdw of  N7  in  DG J  58  =  1.60 (same as   A)
 NON-STANDARD atom.| C5 | in residue>  DG J  58 
 ASSUMED vdw of  C5  in  DG J  58  =  1.80 (same as   A)
 NON-STANDARD atom.| C6 | in residue>  DG J  58 
 ASSUMED vdw of  C6  in  DG J  58  =  1.80 (same as   A)
 NON-STANDARD atom.| O6 | in residue>  DG J  58 
 ASSUMED vdw of  O6  in  DG J  58  =  1.40 (same as   G)
 NON-STANDARD atom.| N1 | in residue>  DG J  58 
 ASSUMED vdw of  N1  in  DG J  58  =  1.60 (same as   A)
 NON-STANDARD atom.| C2 | in residue>  DG J  58 
 ASSUMED vdw of  C2  in  DG J  58  =  1.80 (same as   A)
 NON-STANDARD atom.| N2 | in residue>  DG J  58 
 ASSUMED vdw of  N2  in  DG J  58  =  1.60 (same as   G)
 NON-STANDARD atom.| N3 | in residue>  DG J  58 
 ASSUMED vdw of  N3  in  DG J  58  =  1.60 (same as   A)
 NON-STANDARD atom.| C4 | in residue>  DG J  58 
 ASSUMED vdw of  C4  in  DG J  58  =  1.80 (same as   A)
 UNKNOWN residue type.............>  DA J  59 
 NON-STANDARD atom.| P  | in residue>  DA J  59 
 ASSUMED vdw of  P   in  DA J  59  =  1.90 (same as   A)
 NON-STANDARD atom.| OP1| in residue>  DA J  59 
 GUESSED vdw of  OP1 in  DA J  59  =  1.40
 NON-STANDARD atom.| OP2| in residue>  DA J  59 
 GUESSED vdw of  OP2 in  DA J  59  =  1.40
 NON-STANDARD atom.| O5'| in residue>  DA J  59 
 GUESSED vdw of  O5' in  DA J  59  =  1.40
 NON-STANDARD atom.| C5'| in residue>  DA J  59 
 GUESSED vdw of  C5' in  DA J  59  =  1.80
 NON-STANDARD atom.| C4'| in residue>  DA J  59 
 GUESSED vdw of  C4' in  DA J  59  =  1.80
 NON-STANDARD atom.| O4'| in residue>  DA J  59 
 GUESSED vdw of  O4' in  DA J  59  =  1.40
 NON-STANDARD atom.| C3'| in residue>  DA J  59 
 GUESSED vdw of  C3' in  DA J  59  =  1.80
 NON-STANDARD atom.| O3'| in residue>  DA J  59 
 GUESSED vdw of  O3' in  DA J  59  =  1.40
 NON-STANDARD atom.| C2'| in residue>  DA J  59 
 GUESSED vdw of  C2' in  DA J  59  =  1.80
 NON-STANDARD atom.| C1'| in residue>  DA J  59 
 GUESSED vdw of  C1' in  DA J  59  =  1.80
 NON-STANDARD atom.| N9 | in residue>  DA J  59 
 ASSUMED vdw of  N9  in  DA J  59  =  1.60 (same as   A)
 NON-STANDARD atom.| C8 | in residue>  DA J  59 
 ASSUMED vdw of  C8  in  DA J  59  =  1.80 (same as   A)
 NON-STANDARD atom.| N7 | in residue>  DA J  59 
 ASSUMED vdw of  N7  in  DA J  59  =  1.60 (same as   A)
 NON-STANDARD atom.| C5 | in residue>  DA J  59 
 ASSUMED vdw of  C5  in  DA J  59  =  1.80 (same as   A)
 NON-STANDARD atom.| C6 | in residue>  DA J  59 
 ASSUMED vdw of  C6  in  DA J  59  =  1.80 (same as   A)
 NON-STANDARD atom.| N6 | in residue>  DA J  59 
 ASSUMED vdw of  N6  in  DA J  59  =  1.60 (same as   A)
 NON-STANDARD atom.| N1 | in residue>  DA J  59 
 ASSUMED vdw of  N1  in  DA J  59  =  1.60 (same as   A)
 NON-STANDARD atom.| C2 | in residue>  DA J  59 
 ASSUMED vdw of  C2  in  DA J  59  =  1.80 (same as   A)
 NON-STANDARD atom.| N3 | in residue>  DA J  59 
 ASSUMED vdw of  N3  in  DA J  59  =  1.60 (same as   A)
 NON-STANDARD atom.| C4 | in residue>  DA J  59 
 ASSUMED vdw of  C4  in  DA J  59  =  1.80 (same as   A)
 UNKNOWN residue type.............>  DT J  60 
 NON-STANDARD atom.| P  | in residue>  DT J  60 
 ASSUMED vdw of  P   in  DT J  60  =  1.90 (same as   A)
 NON-STANDARD atom.| OP1| in residue>  DT J  60 
 GUESSED vdw of  OP1 in  DT J  60  =  1.40
 NON-STANDARD atom.| OP2| in residue>  DT J  60 
 GUESSED vdw of  OP2 in  DT J  60  =  1.40
 NON-STANDARD atom.| O5'| in residue>  DT J  60 
 GUESSED vdw of  O5' in  DT J  60  =  1.40
 NON-STANDARD atom.| C5'| in residue>  DT J  60 
 GUESSED vdw of  C5' in  DT J  60  =  1.80
 NON-STANDARD atom.| C4'| in residue>  DT J  60 
 GUESSED vdw of  C4' in  DT J  60  =  1.80
 NON-STANDARD atom.| O4'| in residue>  DT J  60 
 GUESSED vdw of  O4' in  DT J  60  =  1.40
 NON-STANDARD atom.| C3'| in residue>  DT J  60 
 GUESSED vdw of  C3' in  DT J  60  =  1.80
 NON-STANDARD atom.| O3'| in residue>  DT J  60 
 GUESSED vdw of  O3' in  DT J  60  =  1.40
 NON-STANDARD atom.| C2'| in residue>  DT J  60 
 GUESSED vdw of  C2' in  DT J  60  =  1.80
 NON-STANDARD atom.| C1'| in residue>  DT J  60 
 GUESSED vdw of  C1' in  DT J  60  =  1.80
 NON-STANDARD atom.| N1 | in residue>  DT J  60 
 ASSUMED vdw of  N1  in  DT J  60  =  1.60 (same as   A)
 NON-STANDARD atom.| C2 | in residue>  DT J  60 
 ASSUMED vdw of  C2  in  DT J  60  =  1.80 (same as   A)
 NON-STANDARD atom.| O2 | in residue>  DT J  60 
 ASSUMED vdw of  O2  in  DT J  60  =  1.40 (same as   C)
 NON-STANDARD atom.| N3 | in residue>  DT J  60 
 ASSUMED vdw of  N3  in  DT J  60  =  1.60 (same as   A)
 NON-STANDARD atom.| C4 | in residue>  DT J  60 
 ASSUMED vdw of  C4  in  DT J  60  =  1.80 (same as   A)
 NON-STANDARD atom.| O4 | in residue>  DT J  60 
 ASSUMED vdw of  O4  in  DT J  60  =  1.40 (same as   T)
 NON-STANDARD atom.| C5 | in residue>  DT J  60 
 ASSUMED vdw of  C5  in  DT J  60  =  1.80 (same as   A)
 NON-STANDARD atom.| C7 | in residue>  DT J  60 
 GUESSED vdw of  C7  in  DT J  60  =  1.80
 NON-STANDARD atom.| C6 | in residue>  DT J  60 
 ASSUMED vdw of  C6  in  DT J  60  =  1.80 (same as   A)
 UNKNOWN residue type.............>  DA J  61 
 NON-STANDARD atom.| P  | in residue>  DA J  61 
 ASSUMED vdw of  P   in  DA J  61  =  1.90 (same as   A)
 NON-STANDARD atom.| OP1| in residue>  DA J  61 
 GUESSED vdw of  OP1 in  DA J  61  =  1.40
 NON-STANDARD atom.| OP2| in residue>  DA J  61 
 GUESSED vdw of  OP2 in  DA J  61  =  1.40
 NON-STANDARD atom.| O5'| in residue>  DA J  61 
 GUESSED vdw of  O5' in  DA J  61  =  1.40
 NON-STANDARD atom.| C5'| in residue>  DA J  61 
 GUESSED vdw of  C5' in  DA J  61  =  1.80
 NON-STANDARD atom.| C4'| in residue>  DA J  61 
 GUESSED vdw of  C4' in  DA J  61  =  1.80
 NON-STANDARD atom.| O4'| in residue>  DA J  61 
 GUESSED vdw of  O4' in  DA J  61  =  1.40
 NON-STANDARD atom.| C3'| in residue>  DA J  61 
 GUESSED vdw of  C3' in  DA J  61  =  1.80
 NON-STANDARD atom.| O3'| in residue>  DA J  61 
 GUESSED vdw of  O3' in  DA J  61  =  1.40
 NON-STANDARD atom.| C2'| in residue>  DA J  61 
 GUESSED vdw of  C2' in  DA J  61  =  1.80
 NON-STANDARD atom.| C1'| in residue>  DA J  61 
 GUESSED vdw of  C1' in  DA J  61  =  1.80
 NON-STANDARD atom.| N9 | in residue>  DA J  61 
 ASSUMED vdw of  N9  in  DA J  61  =  1.60 (same as   A)
 NON-STANDARD atom.| C8 | in residue>  DA J  61 
 ASSUMED vdw of  C8  in  DA J  61  =  1.80 (same as   A)
 NON-STANDARD atom.| N7 | in residue>  DA J  61 
 ASSUMED vdw of  N7  in  DA J  61  =  1.60 (same as   A)
 NON-STANDARD atom.| C5 | in residue>  DA J  61 
 ASSUMED vdw of  C5  in  DA J  61  =  1.80 (same as   A)
 NON-STANDARD atom.| C6 | in residue>  DA J  61 
 ASSUMED vdw of  C6  in  DA J  61  =  1.80 (same as   A)
 NON-STANDARD atom.| N6 | in residue>  DA J  61 
 ASSUMED vdw of  N6  in  DA J  61  =  1.60 (same as   A)
 NON-STANDARD atom.| N1 | in residue>  DA J  61 
 ASSUMED vdw of  N1  in  DA J  61  =  1.60 (same as   A)
 NON-STANDARD atom.| C2 | in residue>  DA J  61 
 ASSUMED vdw of  C2  in  DA J  61  =  1.80 (same as   A)
 NON-STANDARD atom.| N3 | in residue>  DA J  61 
 ASSUMED vdw of  N3  in  DA J  61  =  1.60 (same as   A)
 NON-STANDARD atom.| C4 | in residue>  DA J  61 
 ASSUMED vdw of  C4  in  DA J  61  =  1.80 (same as   A)
 UNKNOWN residue type.............>  DT J  62 
 NON-STANDARD atom.| P  | in residue>  DT J  62 
 ASSUMED vdw of  P   in  DT J  62  =  1.90 (same as   A)
 NON-STANDARD atom.| OP1| in residue>  DT J  62 
 GUESSED vdw of  OP1 in  DT J  62  =  1.40
 NON-STANDARD atom.| OP2| in residue>  DT J  62 
 GUESSED vdw of  OP2 in  DT J  62  =  1.40
 NON-STANDARD atom.| O5'| in residue>  DT J  62 
 GUESSED vdw of  O5' in  DT J  62  =  1.40
 NON-STANDARD atom.| C5'| in residue>  DT J  62 
 GUESSED vdw of  C5' in  DT J  62  =  1.80
 NON-STANDARD atom.| C4'| in residue>  DT J  62 
 GUESSED vdw of  C4' in  DT J  62  =  1.80
 NON-STANDARD atom.| O4'| in residue>  DT J  62 
 GUESSED vdw of  O4' in  DT J  62  =  1.40
 NON-STANDARD atom.| C3'| in residue>  DT J  62 
 GUESSED vdw of  C3' in  DT J  62  =  1.80
 NON-STANDARD atom.| O3'| in residue>  DT J  62 
 GUESSED vdw of  O3' in  DT J  62  =  1.40
 NON-STANDARD atom.| C2'| in residue>  DT J  62 
 GUESSED vdw of  C2' in  DT J  62  =  1.80
 NON-STANDARD atom.| C1'| in residue>  DT J  62 
 GUESSED vdw of  C1' in  DT J  62  =  1.80
 NON-STANDARD atom.| N1 | in residue>  DT J  62 
 ASSUMED vdw of  N1  in  DT J  62  =  1.60 (same as   A)
 NON-STANDARD atom.| C2 | in residue>  DT J  62 
 ASSUMED vdw of  C2  in  DT J  62  =  1.80 (same as   A)
 NON-STANDARD atom.| O2 | in residue>  DT J  62 
 ASSUMED vdw of  O2  in  DT J  62  =  1.40 (same as   C)
 NON-STANDARD atom.| N3 | in residue>  DT J  62 
 ASSUMED vdw of  N3  in  DT J  62  =  1.60 (same as   A)
 NON-STANDARD atom.| C4 | in residue>  DT J  62 
 ASSUMED vdw of  C4  in  DT J  62  =  1.80 (same as   A)
 NON-STANDARD atom.| O4 | in residue>  DT J  62 
 ASSUMED vdw of  O4  in  DT J  62  =  1.40 (same as   T)
 NON-STANDARD atom.| C5 | in residue>  DT J  62 
 ASSUMED vdw of  C5  in  DT J  62  =  1.80 (same as   A)
 NON-STANDARD atom.| C7 | in residue>  DT J  62 
 GUESSED vdw of  C7  in  DT J  62  =  1.80
 NON-STANDARD atom.| C6 | in residue>  DT J  62 
 ASSUMED vdw of  C6  in  DT J  62  =  1.80 (same as   A)
 UNKNOWN residue type.............>  DA J  63 
 NON-STANDARD atom.| P  | in residue>  DA J  63 
 ASSUMED vdw of  P   in  DA J  63  =  1.90 (same as   A)
 NON-STANDARD atom.| OP1| in residue>  DA J  63 
 GUESSED vdw of  OP1 in  DA J  63  =  1.40
 NON-STANDARD atom.| OP2| in residue>  DA J  63 
 GUESSED vdw of  OP2 in  DA J  63  =  1.40
 NON-STANDARD atom.| O5'| in residue>  DA J  63 
 GUESSED vdw of  O5' in  DA J  63  =  1.40
 NON-STANDARD atom.| C5'| in residue>  DA J  63 
 GUESSED vdw of  C5' in  DA J  63  =  1.80
 NON-STANDARD atom.| C4'| in residue>  DA J  63 
 GUESSED vdw of  C4' in  DA J  63  =  1.80
 NON-STANDARD atom.| O4'| in residue>  DA J  63 
 GUESSED vdw of  O4' in  DA J  63  =  1.40
 NON-STANDARD atom.| C3'| in residue>  DA J  63 
 GUESSED vdw of  C3' in  DA J  63  =  1.80
 NON-STANDARD atom.| O3'| in residue>  DA J  63 
 GUESSED vdw of  O3' in  DA J  63  =  1.40
 NON-STANDARD atom.| C2'| in residue>  DA J  63 
 GUESSED vdw of  C2' in  DA J  63  =  1.80
 NON-STANDARD atom.| C1'| in residue>  DA J  63 
 GUESSED vdw of  C1' in  DA J  63  =  1.80
 NON-STANDARD atom.| N9 | in residue>  DA J  63 
 ASSUMED vdw of  N9  in  DA J  63  =  1.60 (same as   A)
 NON-STANDARD atom.| C8 | in residue>  DA J  63 
 ASSUMED vdw of  C8  in  DA J  63  =  1.80 (same as   A)
 NON-STANDARD atom.| N7 | in residue>  DA J  63 
 ASSUMED vdw of  N7  in  DA J  63  =  1.60 (same as   A)
 NON-STANDARD atom.| C5 | in residue>  DA J  63 
 ASSUMED vdw of  C5  in  DA J  63  =  1.80 (same as   A)
 NON-STANDARD atom.| C6 | in residue>  DA J  63 
 ASSUMED vdw of  C6  in  DA J  63  =  1.80 (same as   A)
 NON-STANDARD atom.| N6 | in residue>  DA J  63 
 ASSUMED vdw of  N6  in  DA J  63  =  1.60 (same as   A)
 NON-STANDARD atom.| N1 | in residue>  DA J  63 
 ASSUMED vdw of  N1  in  DA J  63  =  1.60 (same as   A)
 NON-STANDARD atom.| C2 | in residue>  DA J  63 
 ASSUMED vdw of  C2  in  DA J  63  =  1.80 (same as   A)
 NON-STANDARD atom.| N3 | in residue>  DA J  63 
 ASSUMED vdw of  N3  in  DA J  63  =  1.60 (same as   A)
 NON-STANDARD atom.| C4 | in residue>  DA J  63 
 ASSUMED vdw of  C4  in  DA J  63  =  1.80 (same as   A)
 UNKNOWN residue type.............>  DT J  64 
 NON-STANDARD atom.| P  | in residue>  DT J  64 
 ASSUMED vdw of  P   in  DT J  64  =  1.90 (same as   A)
 NON-STANDARD atom.| OP1| in residue>  DT J  64 
 GUESSED vdw of  OP1 in  DT J  64  =  1.40
 NON-STANDARD atom.| OP2| in residue>  DT J  64 
 GUESSED vdw of  OP2 in  DT J  64  =  1.40
 NON-STANDARD atom.| O5'| in residue>  DT J  64 
 GUESSED vdw of  O5' in  DT J  64  =  1.40
 NON-STANDARD atom.| C5'| in residue>  DT J  64 
 GUESSED vdw of  C5' in  DT J  64  =  1.80
 NON-STANDARD atom.| C4'| in residue>  DT J  64 
 GUESSED vdw of  C4' in  DT J  64  =  1.80
 NON-STANDARD atom.| O4'| in residue>  DT J  64 
 GUESSED vdw of  O4' in  DT J  64  =  1.40
 NON-STANDARD atom.| C3'| in residue>  DT J  64 
 GUESSED vdw of  C3' in  DT J  64  =  1.80
 NON-STANDARD atom.| O3'| in residue>  DT J  64 
 GUESSED vdw of  O3' in  DT J  64  =  1.40
 NON-STANDARD atom.| C2'| in residue>  DT J  64 
 GUESSED vdw of  C2' in  DT J  64  =  1.80
 NON-STANDARD atom.| C1'| in residue>  DT J  64 
 GUESSED vdw of  C1' in  DT J  64  =  1.80
 NON-STANDARD atom.| N1 | in residue>  DT J  64 
 ASSUMED vdw of  N1  in  DT J  64  =  1.60 (same as   A)
 NON-STANDARD atom.| C2 | in residue>  DT J  64 
 ASSUMED vdw of  C2  in  DT J  64  =  1.80 (same as   A)
 NON-STANDARD atom.| O2 | in residue>  DT J  64 
 ASSUMED vdw of  O2  in  DT J  64  =  1.40 (same as   C)
 NON-STANDARD atom.| N3 | in residue>  DT J  64 
 ASSUMED vdw of  N3  in  DT J  64  =  1.60 (same as   A)
 NON-STANDARD atom.| C4 | in residue>  DT J  64 
 ASSUMED vdw of  C4  in  DT J  64  =  1.80 (same as   A)
 NON-STANDARD atom.| O4 | in residue>  DT J  64 
 ASSUMED vdw of  O4  in  DT J  64  =  1.40 (same as   T)
 NON-STANDARD atom.| C5 | in residue>  DT J  64 
 ASSUMED vdw of  C5  in  DT J  64  =  1.80 (same as   A)
 NON-STANDARD atom.| C7 | in residue>  DT J  64 
 GUESSED vdw of  C7  in  DT J  64  =  1.80
 NON-STANDARD atom.| C6 | in residue>  DT J  64 
 ASSUMED vdw of  C6  in  DT J  64  =  1.80 (same as   A)
 UNKNOWN residue type.............>  DA J  65 
 NON-STANDARD atom.| P  | in residue>  DA J  65 
 ASSUMED vdw of  P   in  DA J  65  =  1.90 (same as   A)
 NON-STANDARD atom.| OP1| in residue>  DA J  65 
 GUESSED vdw of  OP1 in  DA J  65  =  1.40
 NON-STANDARD atom.| OP2| in residue>  DA J  65 
 GUESSED vdw of  OP2 in  DA J  65  =  1.40
 NON-STANDARD atom.| O5'| in residue>  DA J  65 
 GUESSED vdw of  O5' in  DA J  65  =  1.40
 NON-STANDARD atom.| C5'| in residue>  DA J  65 
 GUESSED vdw of  C5' in  DA J  65  =  1.80
 NON-STANDARD atom.| C4'| in residue>  DA J  65 
 GUESSED vdw of  C4' in  DA J  65  =  1.80
 NON-STANDARD atom.| O4'| in residue>  DA J  65 
 GUESSED vdw of  O4' in  DA J  65  =  1.40
 NON-STANDARD atom.| C3'| in residue>  DA J  65 
 GUESSED vdw of  C3' in  DA J  65  =  1.80
 NON-STANDARD atom.| O3'| in residue>  DA J  65 
 GUESSED vdw of  O3' in  DA J  65  =  1.40
 NON-STANDARD atom.| C2'| in residue>  DA J  65 
 GUESSED vdw of  C2' in  DA J  65  =  1.80
 NON-STANDARD atom.| C1'| in residue>  DA J  65 
 GUESSED vdw of  C1' in  DA J  65  =  1.80
 NON-STANDARD atom.| N9 | in residue>  DA J  65 
 ASSUMED vdw of  N9  in  DA J  65  =  1.60 (same as   A)
 NON-STANDARD atom.| C8 | in residue>  DA J  65 
 ASSUMED vdw of  C8  in  DA J  65  =  1.80 (same as   A)
 NON-STANDARD atom.| N7 | in residue>  DA J  65 
 ASSUMED vdw of  N7  in  DA J  65  =  1.60 (same as   A)
 NON-STANDARD atom.| C5 | in residue>  DA J  65 
 ASSUMED vdw of  C5  in  DA J  65  =  1.80 (same as   A)
 NON-STANDARD atom.| C6 | in residue>  DA J  65 
 ASSUMED vdw of  C6  in  DA J  65  =  1.80 (same as   A)
 NON-STANDARD atom.| N6 | in residue>  DA J  65 
 ASSUMED vdw of  N6  in  DA J  65  =  1.60 (same as   A)
 NON-STANDARD atom.| N1 | in residue>  DA J  65 
 ASSUMED vdw of  N1  in  DA J  65  =  1.60 (same as   A)
 NON-STANDARD atom.| C2 | in residue>  DA J  65 
 ASSUMED vdw of  C2  in  DA J  65  =  1.80 (same as   A)
 NON-STANDARD atom.| N3 | in residue>  DA J  65 
 ASSUMED vdw of  N3  in  DA J  65  =  1.60 (same as   A)
 NON-STANDARD atom.| C4 | in residue>  DA J  65 
 ASSUMED vdw of  C4  in  DA J  65  =  1.80 (same as   A)
 UNKNOWN residue type.............>  DC J  66 
 NON-STANDARD atom.| P  | in residue>  DC J  66 
 ASSUMED vdw of  P   in  DC J  66  =  1.90 (same as   A)
 NON-STANDARD atom.| OP1| in residue>  DC J  66 
 GUESSED vdw of  OP1 in  DC J  66  =  1.40
 NON-STANDARD atom.| OP2| in residue>  DC J  66 
 GUESSED vdw of  OP2 in  DC J  66  =  1.40
 NON-STANDARD atom.| O5'| in residue>  DC J  66 
 GUESSED vdw of  O5' in  DC J  66  =  1.40
 NON-STANDARD atom.| C5'| in residue>  DC J  66 
 GUESSED vdw of  C5' in  DC J  66  =  1.80
 NON-STANDARD atom.| C4'| in residue>  DC J  66 
 GUESSED vdw of  C4' in  DC J  66  =  1.80
 NON-STANDARD atom.| O4'| in residue>  DC J  66 
 GUESSED vdw of  O4' in  DC J  66  =  1.40
 NON-STANDARD atom.| C3'| in residue>  DC J  66 
 GUESSED vdw of  C3' in  DC J  66  =  1.80
 NON-STANDARD atom.| O3'| in residue>  DC J  66 
 GUESSED vdw of  O3' in  DC J  66  =  1.40
 NON-STANDARD atom.| C2'| in residue>  DC J  66 
 GUESSED vdw of  C2' in  DC J  66  =  1.80
 NON-STANDARD atom.| C1'| in residue>  DC J  66 
 GUESSED vdw of  C1' in  DC J  66  =  1.80
 NON-STANDARD atom.| N1 | in residue>  DC J  66 
 ASSUMED vdw of  N1  in  DC J  66  =  1.60 (same as   A)
 NON-STANDARD atom.| C2 | in residue>  DC J  66 
 ASSUMED vdw of  C2  in  DC J  66  =  1.80 (same as   A)
 NON-STANDARD atom.| O2 | in residue>  DC J  66 
 ASSUMED vdw of  O2  in  DC J  66  =  1.40 (same as   C)
 NON-STANDARD atom.| N3 | in residue>  DC J  66 
 ASSUMED vdw of  N3  in  DC J  66  =  1.60 (same as   A)
 NON-STANDARD atom.| C4 | in residue>  DC J  66 
 ASSUMED vdw of  C4  in  DC J  66  =  1.80 (same as   A)
 NON-STANDARD atom.| N4 | in residue>  DC J  66 
 ASSUMED vdw of  N4  in  DC J  66  =  1.60 (same as   C)
 NON-STANDARD atom.| C5 | in residue>  DC J  66 
 ASSUMED vdw of  C5  in  DC J  66  =  1.80 (same as   A)
 NON-STANDARD atom.| C6 | in residue>  DC J  66 
 ASSUMED vdw of  C6  in  DC J  66  =  1.80 (same as   A)
 UNKNOWN residue type.............>  DA J  67 
 NON-STANDARD atom.| P  | in residue>  DA J  67 
 ASSUMED vdw of  P   in  DA J  67  =  1.90 (same as   A)
 NON-STANDARD atom.| OP1| in residue>  DA J  67 
 GUESSED vdw of  OP1 in  DA J  67  =  1.40
 NON-STANDARD atom.| OP2| in residue>  DA J  67 
 GUESSED vdw of  OP2 in  DA J  67  =  1.40
 NON-STANDARD atom.| O5'| in residue>  DA J  67 
 GUESSED vdw of  O5' in  DA J  67  =  1.40
 NON-STANDARD atom.| C5'| in residue>  DA J  67 
 GUESSED vdw of  C5' in  DA J  67  =  1.80
 NON-STANDARD atom.| C4'| in residue>  DA J  67 
 GUESSED vdw of  C4' in  DA J  67  =  1.80
 NON-STANDARD atom.| O4'| in residue>  DA J  67 
 GUESSED vdw of  O4' in  DA J  67  =  1.40
 NON-STANDARD atom.| C3'| in residue>  DA J  67 
 GUESSED vdw of  C3' in  DA J  67  =  1.80
 NON-STANDARD atom.| O3'| in residue>  DA J  67 
 GUESSED vdw of  O3' in  DA J  67  =  1.40
 NON-STANDARD atom.| C2'| in residue>  DA J  67 
 GUESSED vdw of  C2' in  DA J  67  =  1.80
 NON-STANDARD atom.| C1'| in residue>  DA J  67 
 GUESSED vdw of  C1' in  DA J  67  =  1.80
 NON-STANDARD atom.| N9 | in residue>  DA J  67 
 ASSUMED vdw of  N9  in  DA J  67  =  1.60 (same as   A)
 NON-STANDARD atom.| C8 | in residue>  DA J  67 
 ASSUMED vdw of  C8  in  DA J  67  =  1.80 (same as   A)
 NON-STANDARD atom.| N7 | in residue>  DA J  67 
 ASSUMED vdw of  N7  in  DA J  67  =  1.60 (same as   A)
 NON-STANDARD atom.| C5 | in residue>  DA J  67 
 ASSUMED vdw of  C5  in  DA J  67  =  1.80 (same as   A)
 NON-STANDARD atom.| C6 | in residue>  DA J  67 
 ASSUMED vdw of  C6  in  DA J  67  =  1.80 (same as   A)
 NON-STANDARD atom.| N6 | in residue>  DA J  67 
 ASSUMED vdw of  N6  in  DA J  67  =  1.60 (same as   A)
 NON-STANDARD atom.| N1 | in residue>  DA J  67 
 ASSUMED vdw of  N1  in  DA J  67  =  1.60 (same as   A)
 NON-STANDARD atom.| C2 | in residue>  DA J  67 
 ASSUMED vdw of  C2  in  DA J  67  =  1.80 (same as   A)
 NON-STANDARD atom.| N3 | in residue>  DA J  67 
 ASSUMED vdw of  N3  in  DA J  67  =  1.60 (same as   A)
 NON-STANDARD atom.| C4 | in residue>  DA J  67 
 ASSUMED vdw of  C4  in  DA J  67  =  1.80 (same as   A)
 UNKNOWN residue type.............>  DT J  68 
 NON-STANDARD atom.| P  | in residue>  DT J  68 
 ASSUMED vdw of  P   in  DT J  68  =  1.90 (same as   A)
 NON-STANDARD atom.| OP1| in residue>  DT J  68 
 GUESSED vdw of  OP1 in  DT J  68  =  1.40
 NON-STANDARD atom.| OP2| in residue>  DT J  68 
 GUESSED vdw of  OP2 in  DT J  68  =  1.40
 NON-STANDARD atom.| O5'| in residue>  DT J  68 
 GUESSED vdw of  O5' in  DT J  68  =  1.40
 NON-STANDARD atom.| C5'| in residue>  DT J  68 
 GUESSED vdw of  C5' in  DT J  68  =  1.80
 NON-STANDARD atom.| C4'| in residue>  DT J  68 
 GUESSED vdw of  C4' in  DT J  68  =  1.80
 NON-STANDARD atom.| O4'| in residue>  DT J  68 
 GUESSED vdw of  O4' in  DT J  68  =  1.40
 NON-STANDARD atom.| C3'| in residue>  DT J  68 
 GUESSED vdw of  C3' in  DT J  68  =  1.80
 NON-STANDARD atom.| O3'| in residue>  DT J  68 
 GUESSED vdw of  O3' in  DT J  68  =  1.40
 NON-STANDARD atom.| C2'| in residue>  DT J  68 
 GUESSED vdw of  C2' in  DT J  68  =  1.80
 NON-STANDARD atom.| C1'| in residue>  DT J  68 
 GUESSED vdw of  C1' in  DT J  68  =  1.80
 NON-STANDARD atom.| N1 | in residue>  DT J  68 
 ASSUMED vdw of  N1  in  DT J  68  =  1.60 (same as   A)
 NON-STANDARD atom.| C2 | in residue>  DT J  68 
 ASSUMED vdw of  C2  in  DT J  68  =  1.80 (same as   A)
 NON-STANDARD atom.| O2 | in residue>  DT J  68 
 ASSUMED vdw of  O2  in  DT J  68  =  1.40 (same as   C)
 NON-STANDARD atom.| N3 | in residue>  DT J  68 
 ASSUMED vdw of  N3  in  DT J  68  =  1.60 (same as   A)
 NON-STANDARD atom.| C4 | in residue>  DT J  68 
 ASSUMED vdw of  C4  in  DT J  68  =  1.80 (same as   A)
 NON-STANDARD atom.| O4 | in residue>  DT J  68 
 ASSUMED vdw of  O4  in  DT J  68  =  1.40 (same as   T)
 NON-STANDARD atom.| C5 | in residue>  DT J  68 
 ASSUMED vdw of  C5  in  DT J  68  =  1.80 (same as   A)
 NON-STANDARD atom.| C7 | in residue>  DT J  68 
 GUESSED vdw of  C7  in  DT J  68  =  1.80
 NON-STANDARD atom.| C6 | in residue>  DT J  68 
 ASSUMED vdw of  C6  in  DT J  68  =  1.80 (same as   A)
 UNKNOWN residue type.............>  DC J  69 
 NON-STANDARD atom.| P  | in residue>  DC J  69 
 ASSUMED vdw of  P   in  DC J  69  =  1.90 (same as   A)
 NON-STANDARD atom.| OP1| in residue>  DC J  69 
 GUESSED vdw of  OP1 in  DC J  69  =  1.40
 NON-STANDARD atom.| OP2| in residue>  DC J  69 
 GUESSED vdw of  OP2 in  DC J  69  =  1.40
 NON-STANDARD atom.| O5'| in residue>  DC J  69 
 GUESSED vdw of  O5' in  DC J  69  =  1.40
 NON-STANDARD atom.| C5'| in residue>  DC J  69 
 GUESSED vdw of  C5' in  DC J  69  =  1.80
 NON-STANDARD atom.| C4'| in residue>  DC J  69 
 GUESSED vdw of  C4' in  DC J  69  =  1.80
 NON-STANDARD atom.| O4'| in residue>  DC J  69 
 GUESSED vdw of  O4' in  DC J  69  =  1.40
 NON-STANDARD atom.| C3'| in residue>  DC J  69 
 GUESSED vdw of  C3' in  DC J  69  =  1.80
 NON-STANDARD atom.| O3'| in residue>  DC J  69 
 GUESSED vdw of  O3' in  DC J  69  =  1.40
 NON-STANDARD atom.| C2'| in residue>  DC J  69 
 GUESSED vdw of  C2' in  DC J  69  =  1.80
 NON-STANDARD atom.| C1'| in residue>  DC J  69 
 GUESSED vdw of  C1' in  DC J  69  =  1.80
 NON-STANDARD atom.| N1 | in residue>  DC J  69 
 ASSUMED vdw of  N1  in  DC J  69  =  1.60 (same as   A)
 NON-STANDARD atom.| C2 | in residue>  DC J  69 
 ASSUMED vdw of  C2  in  DC J  69  =  1.80 (same as   A)
 NON-STANDARD atom.| O2 | in residue>  DC J  69 
 ASSUMED vdw of  O2  in  DC J  69  =  1.40 (same as   C)
 NON-STANDARD atom.| N3 | in residue>  DC J  69 
 ASSUMED vdw of  N3  in  DC J  69  =  1.60 (same as   A)
 NON-STANDARD atom.| C4 | in residue>  DC J  69 
 ASSUMED vdw of  C4  in  DC J  69  =  1.80 (same as   A)
 NON-STANDARD atom.| N4 | in residue>  DC J  69 
 ASSUMED vdw of  N4  in  DC J  69  =  1.60 (same as   C)
 NON-STANDARD atom.| C5 | in residue>  DC J  69 
 ASSUMED vdw of  C5  in  DC J  69  =  1.80 (same as   A)
 NON-STANDARD atom.| C6 | in residue>  DC J  69 
 ASSUMED vdw of  C6  in  DC J  69  =  1.80 (same as   A)
 UNKNOWN residue type.............>  DC J  70 
 NON-STANDARD atom.| P  | in residue>  DC J  70 
 ASSUMED vdw of  P   in  DC J  70  =  1.90 (same as   A)
 NON-STANDARD atom.| OP1| in residue>  DC J  70 
 GUESSED vdw of  OP1 in  DC J  70  =  1.40
 NON-STANDARD atom.| OP2| in residue>  DC J  70 
 GUESSED vdw of  OP2 in  DC J  70  =  1.40
 NON-STANDARD atom.| O5'| in residue>  DC J  70 
 GUESSED vdw of  O5' in  DC J  70  =  1.40
 NON-STANDARD atom.| C5'| in residue>  DC J  70 
 GUESSED vdw of  C5' in  DC J  70  =  1.80
 NON-STANDARD atom.| C4'| in residue>  DC J  70 
 GUESSED vdw of  C4' in  DC J  70  =  1.80
 NON-STANDARD atom.| O4'| in residue>  DC J  70 
 GUESSED vdw of  O4' in  DC J  70  =  1.40
 NON-STANDARD atom.| C3'| in residue>  DC J  70 
 GUESSED vdw of  C3' in  DC J  70  =  1.80
 NON-STANDARD atom.| O3'| in residue>  DC J  70 
 GUESSED vdw of  O3' in  DC J  70  =  1.40
 NON-STANDARD atom.| C2'| in residue>  DC J  70 
 GUESSED vdw of  C2' in  DC J  70  =  1.80
 NON-STANDARD atom.| C1'| in residue>  DC J  70 
 GUESSED vdw of  C1' in  DC J  70  =  1.80
 NON-STANDARD atom.| N1 | in residue>  DC J  70 
 ASSUMED vdw of  N1  in  DC J  70  =  1.60 (same as   A)
 NON-STANDARD atom.| C2 | in residue>  DC J  70 
 ASSUMED vdw of  C2  in  DC J  70  =  1.80 (same as   A)
 NON-STANDARD atom.| O2 | in residue>  DC J  70 
 ASSUMED vdw of  O2  in  DC J  70  =  1.40 (same as   C)
 NON-STANDARD atom.| N3 | in residue>  DC J  70 
 ASSUMED vdw of  N3  in  DC J  70  =  1.60 (same as   A)
 NON-STANDARD atom.| C4 | in residue>  DC J  70 
 ASSUMED vdw of  C4  in  DC J  70  =  1.80 (same as   A)
 NON-STANDARD atom.| N4 | in residue>  DC J  70 
 ASSUMED vdw of  N4  in  DC J  70  =  1.60 (same as   C)
 NON-STANDARD atom.| C5 | in residue>  DC J  70 
 ASSUMED vdw of  C5  in  DC J  70  =  1.80 (same as   A)
 NON-STANDARD atom.| C6 | in residue>  DC J  70 
 ASSUMED vdw of  C6  in  DC J  70  =  1.80 (same as   A)
 UNKNOWN residue type.............>  DG J  71 
 NON-STANDARD atom.| P  | in residue>  DG J  71 
 ASSUMED vdw of  P   in  DG J  71  =  1.90 (same as   A)
 NON-STANDARD atom.| OP1| in residue>  DG J  71 
 GUESSED vdw of  OP1 in  DG J  71  =  1.40
 NON-STANDARD atom.| OP2| in residue>  DG J  71 
 GUESSED vdw of  OP2 in  DG J  71  =  1.40
 NON-STANDARD atom.| O5'| in residue>  DG J  71 
 GUESSED vdw of  O5' in  DG J  71  =  1.40
 NON-STANDARD atom.| C5'| in residue>  DG J  71 
 GUESSED vdw of  C5' in  DG J  71  =  1.80
 NON-STANDARD atom.| C4'| in residue>  DG J  71 
 GUESSED vdw of  C4' in  DG J  71  =  1.80
 NON-STANDARD atom.| O4'| in residue>  DG J  71 
 GUESSED vdw of  O4' in  DG J  71  =  1.40
 NON-STANDARD atom.| C3'| in residue>  DG J  71 
 GUESSED vdw of  C3' in  DG J  71  =  1.80
 NON-STANDARD atom.| O3'| in residue>  DG J  71 
 GUESSED vdw of  O3' in  DG J  71  =  1.40
 NON-STANDARD atom.| C2'| in residue>  DG J  71 
 GUESSED vdw of  C2' in  DG J  71  =  1.80
 NON-STANDARD atom.| C1'| in residue>  DG J  71 
 GUESSED vdw of  C1' in  DG J  71  =  1.80
 NON-STANDARD atom.| N9 | in residue>  DG J  71 
 ASSUMED vdw of  N9  in  DG J  71  =  1.60 (same as   A)
 NON-STANDARD atom.| C8 | in residue>  DG J  71 
 ASSUMED vdw of  C8  in  DG J  71  =  1.80 (same as   A)
 NON-STANDARD atom.| N7 | in residue>  DG J  71 
 ASSUMED vdw of  N7  in  DG J  71  =  1.60 (same as   A)
 NON-STANDARD atom.| C5 | in residue>  DG J  71 
 ASSUMED vdw of  C5  in  DG J  71  =  1.80 (same as   A)
 NON-STANDARD atom.| C6 | in residue>  DG J  71 
 ASSUMED vdw of  C6  in  DG J  71  =  1.80 (same as   A)
 NON-STANDARD atom.| O6 | in residue>  DG J  71 
 ASSUMED vdw of  O6  in  DG J  71  =  1.40 (same as   G)
 NON-STANDARD atom.| N1 | in residue>  DG J  71 
 ASSUMED vdw of  N1  in  DG J  71  =  1.60 (same as   A)
 NON-STANDARD atom.| C2 | in residue>  DG J  71 
 ASSUMED vdw of  C2  in  DG J  71  =  1.80 (same as   A)
 NON-STANDARD atom.| N2 | in residue>  DG J  71 
 ASSUMED vdw of  N2  in  DG J  71  =  1.60 (same as   G)
 NON-STANDARD atom.| N3 | in residue>  DG J  71 
 ASSUMED vdw of  N3  in  DG J  71  =  1.60 (same as   A)
 NON-STANDARD atom.| C4 | in residue>  DG J  71 
 ASSUMED vdw of  C4  in  DG J  71  =  1.80 (same as   A)
 UNKNOWN residue type.............>  DA J  72 
 NON-STANDARD atom.| P  | in residue>  DA J  72 
 ASSUMED vdw of  P   in  DA J  72  =  1.90 (same as   A)
 NON-STANDARD atom.| OP1| in residue>  DA J  72 
 GUESSED vdw of  OP1 in  DA J  72  =  1.40
 NON-STANDARD atom.| OP2| in residue>  DA J  72 
 GUESSED vdw of  OP2 in  DA J  72  =  1.40
 NON-STANDARD atom.| O5'| in residue>  DA J  72 
 GUESSED vdw of  O5' in  DA J  72  =  1.40
 NON-STANDARD atom.| C5'| in residue>  DA J  72 
 GUESSED vdw of  C5' in  DA J  72  =  1.80
 NON-STANDARD atom.| C4'| in residue>  DA J  72 
 GUESSED vdw of  C4' in  DA J  72  =  1.80
 NON-STANDARD atom.| O4'| in residue>  DA J  72 
 GUESSED vdw of  O4' in  DA J  72  =  1.40
 NON-STANDARD atom.| C3'| in residue>  DA J  72 
 GUESSED vdw of  C3' in  DA J  72  =  1.80
 NON-STANDARD atom.| O3'| in residue>  DA J  72 
 GUESSED vdw of  O3' in  DA J  72  =  1.40
 NON-STANDARD atom.| C2'| in residue>  DA J  72 
 GUESSED vdw of  C2' in  DA J  72  =  1.80
 NON-STANDARD atom.| C1'| in residue>  DA J  72 
 GUESSED vdw of  C1' in  DA J  72  =  1.80
 NON-STANDARD atom.| N9 | in residue>  DA J  72 
 ASSUMED vdw of  N9  in  DA J  72  =  1.60 (same as   A)
 NON-STANDARD atom.| C8 | in residue>  DA J  72 
 ASSUMED vdw of  C8  in  DA J  72  =  1.80 (same as   A)
 NON-STANDARD atom.| N7 | in residue>  DA J  72 
 ASSUMED vdw of  N7  in  DA J  72  =  1.60 (same as   A)
 NON-STANDARD atom.| C5 | in residue>  DA J  72 
 ASSUMED vdw of  C5  in  DA J  72  =  1.80 (same as   A)
 NON-STANDARD atom.| C6 | in residue>  DA J  72 
 ASSUMED vdw of  C6  in  DA J  72  =  1.80 (same as   A)
 NON-STANDARD atom.| N6 | in residue>  DA J  72 
 ASSUMED vdw of  N6  in  DA J  72  =  1.60 (same as   A)
 NON-STANDARD atom.| N1 | in residue>  DA J  72 
 ASSUMED vdw of  N1  in  DA J  72  =  1.60 (same as   A)
 NON-STANDARD atom.| C2 | in residue>  DA J  72 
 ASSUMED vdw of  C2  in  DA J  72  =  1.80 (same as   A)
 NON-STANDARD atom.| N3 | in residue>  DA J  72 
 ASSUMED vdw of  N3  in  DA J  72  =  1.60 (same as   A)
 NON-STANDARD atom.| C4 | in residue>  DA J  72 
 ASSUMED vdw of  C4  in  DA J  72  =  1.80 (same as   A)
 UNKNOWN residue type.............>  DT J  73 
 NON-STANDARD atom.| P  | in residue>  DT J  73 
 ASSUMED vdw of  P   in  DT J  73  =  1.90 (same as   A)
 NON-STANDARD atom.| OP1| in residue>  DT J  73 
 GUESSED vdw of  OP1 in  DT J  73  =  1.40
 NON-STANDARD atom.| OP2| in residue>  DT J  73 
 GUESSED vdw of  OP2 in  DT J  73  =  1.40
 NON-STANDARD atom.| O5'| in residue>  DT J  73 
 GUESSED vdw of  O5' in  DT J  73  =  1.40
 NON-STANDARD atom.| C5'| in residue>  DT J  73 
 GUESSED vdw of  C5' in  DT J  73  =  1.80
 NON-STANDARD atom.| C4'| in residue>  DT J  73 
 GUESSED vdw of  C4' in  DT J  73  =  1.80
 NON-STANDARD atom.| O4'| in residue>  DT J  73 
 GUESSED vdw of  O4' in  DT J  73  =  1.40
 NON-STANDARD atom.| C3'| in residue>  DT J  73 
 GUESSED vdw of  C3' in  DT J  73  =  1.80
 NON-STANDARD atom.| O3'| in residue>  DT J  73 
 GUESSED vdw of  O3' in  DT J  73  =  1.40
 NON-STANDARD atom.| C2'| in residue>  DT J  73 
 GUESSED vdw of  C2' in  DT J  73  =  1.80
 NON-STANDARD atom.| C1'| in residue>  DT J  73 
 GUESSED vdw of  C1' in  DT J  73  =  1.80
 NON-STANDARD atom.| N1 | in residue>  DT J  73 
 ASSUMED vdw of  N1  in  DT J  73  =  1.60 (same as   A)
 NON-STANDARD atom.| C2 | in residue>  DT J  73 
 ASSUMED vdw of  C2  in  DT J  73  =  1.80 (same as   A)
 NON-STANDARD atom.| O2 | in residue>  DT J  73 
 ASSUMED vdw of  O2  in  DT J  73  =  1.40 (same as   C)
 NON-STANDARD atom.| N3 | in residue>  DT J  73 
 ASSUMED vdw of  N3  in  DT J  73  =  1.60 (same as   A)
 NON-STANDARD atom.| C4 | in residue>  DT J  73 
 ASSUMED vdw of  C4  in  DT J  73  =  1.80 (same as   A)
 NON-STANDARD atom.| O4 | in residue>  DT J  73 
 ASSUMED vdw of  O4  in  DT J  73  =  1.40 (same as   T)
 NON-STANDARD atom.| C5 | in residue>  DT J  73 
 ASSUMED vdw of  C5  in  DT J  73  =  1.80 (same as   A)
 NON-STANDARD atom.| C7 | in residue>  DT J  73 
 GUESSED vdw of  C7  in  DT J  73  =  1.80
 NON-STANDARD atom.| C6 | in residue>  DT J  73 
 ASSUMED vdw of  C6  in  DT J  73  =  1.80 (same as   A)
 ADDED VDW RADII
 CHAINS      11
 RESIDUES  1500
 ATOMS    15197
 SOLVA: PROGRAM ENDS CORRECTLY
 CALCULATED ATOMIC ACCESSIBILITES
 RELATIVE (STANDARD) ACCESSIBILITIES READFOR  20 AMINO ACIDS
 SUMMED ACCESSIBILITIES OVER RESIDUES
