2025-06-16 00:08:38,810 - __main__ - INFO - Started
INFO:__main__:Started
2025-06-16 00:08:38,811 - __main__ - INFO - Loading atoms list from file...
INFO:__main__:Loading atoms list from file...
INFO:file_manager:Loading data from './Data/2c8r.pdb' ...
DEBUG:file_manager:{'record': 'ATOM', 'atom_serial': '1', 'atom_name': 'N', 'residue': 'GLY', 'chain': 'A', 'num_residue': '1', 'x': '45.287', 'y': '26.625', 'z': '11.749', 'occupancy': '1.00', 'b-factor': '18.63', 'element': 'N'}
DEBUG:file_manager:{'record': 'ATOM', 'atom_serial': '2', 'atom_name': 'CA', 'residue': 'GLY', 'chain': 'A', 'num_residue': '1', 'x': '45.011', 'y': '27.675', 'z': '12.767', 'occupancy': '1.00', 'b-factor': '16.88', 'element': 'C'}
DEBUG:file_manager:{'record': 'ATOM', 'atom_serial': '3', 'atom_name': 'C', 'residue': 'GLY', 'chain': 'A', 'num_residue': '1', 'x': '43.627', 'y': '27.520', 'z': '13.378', 'occupancy': '1.00', 'b-factor': '16.08', 'element': 'C'}
DEBUG:file_manager:{'record': 'ATOM', 'atom_serial': '4', 'atom_name': 'O', 'residue': 'GLY', 'chain': 'A', 'num_residue': '1', 'x': '42.965', 'y': '26.492', 'z': '13.192', 'occupancy': '1.00', 'b-factor': '16.01', 'element': 'O'}
DEBUG:file_manager:{'record': 'ATOM', 'atom_serial': '5', 'atom_name': 'N', 'residue': 'ILE', 'chain': 'A', 'num_residue': '2', 'x': '43.187', 'y': '28.551', 'z': '14.105', 'occupancy': '1.00', 'b-factor': '14.92', 'element': 'N'}
DEBUG:file_manager:{'record': 'ATOM', 'atom_serial': '6', 'atom_name': 'CA', 'residue': 'ILE', 'chain': 'A', 'num_residue': '2', 'x': '41.938', 'y': '28.466', 'z': '14.864', 'occupancy': '1.00', 'b-factor': '13.99', 'element': 'C'}
DEBUG:file_manager:{'record': 'ATOM', 'atom_serial': '7', 'atom_name': 'C', 'residue': 'ILE', 'chain': 'A', 'num_residue': '2', 'x': '40.701', 'y': '28.168', 'z': '14.012', 'occupancy': '1.00', 'b-factor': '13.32', 'element': 'C'}
DEBUG:file_manager:{'record': 'ATOM', 'atom_serial': '8', 'atom_name': 'O', 'residue': 'ILE', 'chain': 'A', 'num_residue': '2', 'x': '39.787', 'y': '27.495', 'z': '14.459', 'occupancy': '1.00', 'b-factor': '12.70', 'element': 'O'}
DEBUG:file_manager:{'record': 'ATOM', 'atom_serial': '9', 'atom_name': 'CB', 'residue': 'ILE', 'chain': 'A', 'num_residue': '2', 'x': '41.704', 'y': '29.735', 'z': '15.731', 'occupancy': '1.00', 'b-factor': '13.58', 'element': 'C'}
DEBUG:file_manager:{'record': 'ATOM', 'atom_serial': '10', 'atom_name': 'CG1', 'residue': 'ILE', 'chain': 'A', 'num_residue': '2', 'x': '40.666', 'y': '29.457', 'z': '16.823', 'occupancy': '1.00', 'b-factor': '13.36', 'element': 'C'}
DEBUG:file_manager:{'record': 'ATOM', 'atom_serial': '11', 'atom_name': 'CG2', 'residue': 'ILE', 'chain': 'A', 'num_residue': '2', 'x': '41.350', 'y': '30.978', 'z': '14.866', 'occupancy': '1.00', 'b-factor': '13.76', 'element': 'C'}
DEBUG:file_manager:{'record': 'ATOM', 'atom_serial': '12', 'atom_name': 'CD1', 'residue': 'ILE', 'chain': 'A', 'num_residue': '2', 'x': '40.401', 'y': '30.636', 'z': '17.783', 'occupancy': '1.00', 'b-factor': '13.94', 'element': 'C'}
DEBUG:file_manager:{'record': 'ATOM', 'atom_serial': '13', 'atom_name': 'N', 'residue': 'VAL', 'chain': 'A', 'num_residue': '3', 'x': '40.672', 'y': '28.678', 'z': '12.784', 'occupancy': '1.00', 'b-factor': '13.48', 'element': 'N'}
DEBUG:file_manager:{'record': 'ATOM', 'atom_serial': '14', 'atom_name': 'CA', 'residue': 'VAL', 'chain': 'A', 'num_residue': '3', 'x': '39.531', 'y': '28.445', 'z': '11.915', 'occupancy': '1.00', 'b-factor': '14.36', 'element': 'C'}
DEBUG:file_manager:{'record': 'ATOM', 'atom_serial': '15', 'atom_name': 'C', 'residue': 'VAL', 'chain': 'A', 'num_residue': '3', 'x': '39.428', 'y': '26.957', 'z': '11.558', 'occupancy': '1.00', 'b-factor': '13.95', 'element': 'C'}
DEBUG:file_manager:{'record': 'ATOM', 'atom_serial': '16', 'atom_name': 'O', 'residue': 'VAL', 'chain': 'A', 'num_residue': '3', 'x': '38.362', 'y': '26.356', 'z': '11.641', 'occupancy': '1.00', 'b-factor': '13.81', 'element': 'O'}
DEBUG:file_manager:{'record': 'ATOM', 'atom_serial': '17', 'atom_name': 'CB', 'residue': 'VAL', 'chain': 'A', 'num_residue': '3', 'x': '39.615', 'y': '29.341', 'z': '10.665', 'occupancy': '1.00', 'b-factor': '14.65', 'element': 'C'}
DEBUG:file_manager:{'record': 'ATOM', 'atom_serial': '18', 'atom_name': 'CG1', 'residue': 'VAL', 'chain': 'A', 'num_residue': '3', 'x': '38.580', 'y': '28.945', 'z': '9.641', 'occupancy': '1.00', 'b-factor': '15.73', 'element': 'C'}
DEBUG:file_manager:{'record': 'ATOM', 'atom_serial': '19', 'atom_name': 'CG2', 'residue': 'VAL', 'chain': 'A', 'num_residue': '3', 'x': '39.427', 'y': '30.792', 'z': '11.072', 'occupancy': '1.00', 'b-factor': '15.80', 'element': 'C'}
DEBUG:file_manager:{'record': 'ATOM', 'atom_serial': '20', 'atom_name': 'N', 'residue': 'GLU', 'chain': 'A', 'num_residue': '4', 'x': '40.559', 'y': '26.366', 'z': '11.197', 'occupancy': '1.00', 'b-factor': '14.83', 'element': 'N'}
DEBUG:file_manager:{'record': 'ATOM', 'atom_serial': '21', 'atom_name': 'CA', 'residue': 'GLU', 'chain': 'A', 'num_residue': '4', 'x': '40.613', 'y': '24.948', 'z': '10.877', 'occupancy': '1.00', 'b-factor': '15.56', 'element': 'C'}
DEBUG:file_manager:{'record': 'ATOM', 'atom_serial': '22', 'atom_name': 'C', 'residue': 'GLU', 'chain': 'A', 'num_residue': '4', 'x': '40.194', 'y': '24.097', 'z': '12.081', 'occupancy': '1.00', 'b-factor': '14.75', 'element': 'C'}
DEBUG:file_manager:{'record': 'ATOM', 'atom_serial': '23', 'atom_name': 'O', 'residue': 'GLU', 'chain': 'A', 'num_residue': '4', 'x': '39.462', 'y': '23.132', 'z': '11.931', 'occupancy': '1.00', 'b-factor': '15.09', 'element': 'O'}
DEBUG:file_manager:{'record': 'ATOM', 'atom_serial': '24', 'atom_name': 'CB', 'residue': 'GLU', 'chain': 'A', 'num_residue': '4', 'x': '42.030', 'y': '24.571', 'z': '10.437', 'occupancy': '1.00', 'b-factor': '16.46', 'element': 'C'}
DEBUG:file_manager:{'record': 'ATOM', 'atom_serial': '25', 'atom_name': 'CG', 'residue': 'GLU', 'chain': 'A', 'num_residue': '4', 'x': '42.493', 'y': '25.203', 'z': '9.122', 'occupancy': '1.00', 'b-factor': '20.40', 'element': 'C'}
DEBUG:file_manager:{'record': 'ATOM', 'atom_serial': '26', 'atom_name': 'CD', 'residue': 'GLU', 'chain': 'A', 'num_residue': '4', 'x': '42.553', 'y': '26.730', 'z': '9.153', 'occupancy': '1.00', 'b-factor': '22.85', 'element': 'C'}
DEBUG:file_manager:{'record': 'ATOM', 'atom_serial': '27', 'atom_name': 'OE1', 'residue': 'GLU', 'chain': 'A', 'num_residue': '4', 'x': '43.054', 'y': '27.315', 'z': '10.146', 'occupancy': '1.00', 'b-factor': '22.33', 'element': 'O'}
DEBUG:file_manager:{'record': 'ATOM', 'atom_serial': '28', 'atom_name': 'OE2', 'residue': 'GLU', 'chain': 'A', 'num_residue': '4', 'x': '42.099', 'y': '27.345', 'z': '8.161', 'occupancy': '1.00', 'b-factor': '27.15', 'element': 'O'}
DEBUG:file_manager:{'record': 'ATOM', 'atom_serial': '29', 'atom_name': 'N', 'residue': 'GLN', 'chain': 'A', 'num_residue': '5', 'x': '40.633', 'y': '24.491', 'z': '13.274', 'occupancy': '1.00', 'b-factor': '13.80', 'element': 'N'}
DEBUG:file_manager:{'record': 'ATOM', 'atom_serial': '30', 'atom_name': 'CA', 'residue': 'GLN', 'chain': 'A', 'num_residue': '5', 'x': '40.395', 'y': '23.679', 'z': '14.478', 'occupancy': '1.00', 'b-factor': '13.52', 'element': 'C'}
DEBUG:file_manager:{'record': 'ATOM', 'atom_serial': '31', 'atom_name': 'C', 'residue': 'GLN', 'chain': 'A', 'num_residue': '5', 'x': '39.037', 'y': '23.874', 'z': '15.152', 'occupancy': '1.00', 'b-factor': '12.91', 'element': 'C'}
DEBUG:file_manager:{'record': 'ATOM', 'atom_serial': '32', 'atom_name': 'O', 'residue': 'GLN', 'chain': 'A', 'num_residue': '5', 'x': '38.522', 'y': '22.963', 'z': '15.817', 'occupancy': '1.00', 'b-factor': '12.33', 'element': 'O'}
DEBUG:file_manager:{'record': 'ATOM', 'atom_serial': '33', 'atom_name': 'CB', 'residue': 'GLN', 'chain': 'A', 'num_residue': '5', 'x': '41.529', 'y': '23.873', 'z': '15.482', 'occupancy': '1.00', 'b-factor': '13.97', 'element': 'C'}
DEBUG:file_manager:{'record': 'ATOM', 'atom_serial': '34', 'atom_name': 'CG', 'residue': 'GLN', 'chain': 'A', 'num_residue': '5', 'x': '42.952', 'y': '23.553', 'z': '14.930', 'occupancy': '1.00', 'b-factor': '15.12', 'element': 'C'}
DEBUG:file_manager:{'record': 'ATOM', 'atom_serial': '35', 'atom_name': 'CD', 'residue': 'GLN', 'chain': 'A', 'num_residue': '5', 'x': '43.051', 'y': '22.244', 'z': '14.131', 'occupancy': '1.00', 'b-factor': '15.95', 'element': 'C'}
DEBUG:file_manager:{'record': 'ATOM', 'atom_serial': '36', 'atom_name': 'OE1', 'residue': 'GLN', 'chain': 'A', 'num_residue': '5', 'x': '43.739', 'y': '22.167', 'z': '13.101', 'occupancy': '1.00', 'b-factor': '21.11', 'element': 'O'}
DEBUG:file_manager:{'record': 'ATOM', 'atom_serial': '37', 'atom_name': 'NE2', 'residue': 'GLN', 'chain': 'A', 'num_residue': '5', 'x': '42.349', 'y': '21.227', 'z': '14.586', 'occupancy': '1.00', 'b-factor': '13.34', 'element': 'N'}
DEBUG:file_manager:{'record': 'ATOM', 'atom_serial': '38', 'atom_name': 'N', 'residue': 'CYS', 'chain': 'A', 'num_residue': '6', 'x': '38.442', 'y': '25.058', 'z': '14.975', 'occupancy': '1.00', 'b-factor': '12.06', 'element': 'N'}
DEBUG:file_manager:{'record': 'ATOM', 'atom_serial': '39', 'atom_name': 'CA', 'residue': 'CYS', 'chain': 'A', 'num_residue': '6', 'x': '37.251', 'y': '25.427', 'z': '15.747', 'occupancy': '1.00', 'b-factor': '11.91', 'element': 'C'}
DEBUG:file_manager:{'record': 'ATOM', 'atom_serial': '40', 'atom_name': 'C', 'residue': 'CYS', 'chain': 'A', 'num_residue': '6', 'x': '36.023', 'y': '25.740', 'z': '14.916', 'occupancy': '1.00', 'b-factor': '11.55', 'element': 'C'}
DEBUG:file_manager:{'record': 'ATOM', 'atom_serial': '41', 'atom_name': 'O', 'residue': 'CYS', 'chain': 'A', 'num_residue': '6', 'x': '34.905', 'y': '25.643', 'z': '15.420', 'occupancy': '1.00', 'b-factor': '10.82', 'element': 'O'}
DEBUG:file_manager:{'record': 'ATOM', 'atom_serial': '42', 'atom_name': 'CB', 'residue': 'CYS', 'chain': 'A', 'num_residue': '6', 'x': '37.565', 'y': '26.610', 'z': '16.659', 'occupancy': '1.00', 'b-factor': '11.02', 'element': 'C'}
DEBUG:file_manager:{'record': 'ATOM', 'atom_serial': '43', 'atom_name': 'SG', 'residue': 'CYS', 'chain': 'A', 'num_residue': '6', 'x': '38.446', 'y': '26.023', 'z': '18.125', 'occupancy': '1.00', 'b-factor': '12.80', 'element': 'S'}
DEBUG:file_manager:{'record': 'ATOM', 'atom_serial': '44', 'atom_name': 'N', 'residue': 'CYS', 'chain': 'A', 'num_residue': '7', 'x': '36.248', 'y': '26.079', 'z': '13.647', 'occupancy': '1.00', 'b-factor': '12.90', 'element': 'N'}
DEBUG:file_manager:{'record': 'ATOM', 'atom_serial': '45', 'atom_name': 'CA', 'residue': 'ACYS', 'chain': 'A', 'num_residue': '7', 'x': '35.177', 'y': '26.394', 'z': '12.709', 'occupancy': '0.79', 'b-factor': '13.32', 'element': 'C'}
DEBUG:file_manager:{'record': 'ATOM', 'atom_serial': '46', 'atom_name': 'CA', 'residue': 'BCYS', 'chain': 'A', 'num_residue': '7', 'x': '35.149', 'y': '26.379', 'z': '12.748', 'occupancy': '0.21', 'b-factor': '13.45', 'element': 'C'}
DEBUG:file_manager:{'record': 'ATOM', 'atom_serial': '47', 'atom_name': 'C', 'residue': 'CYS', 'chain': 'A', 'num_residue': '7', 'x': '34.922', 'y': '25.248', 'z': '11.737', 'occupancy': '1.00', 'b-factor': '13.35', 'element': 'C'}
DEBUG:file_manager:{'record': 'ATOM', 'atom_serial': '48', 'atom_name': 'O', 'residue': 'CYS', 'chain': 'A', 'num_residue': '7', 'x': '33.806', 'y': '24.738', 'z': '11.635', 'occupancy': '1.00', 'b-factor': '13.85', 'element': 'O'}
DEBUG:file_manager:{'record': 'ATOM', 'atom_serial': '49', 'atom_name': 'CB', 'residue': 'ACYS', 'chain': 'A', 'num_residue': '7', 'x': '35.528', 'y': '27.677', 'z': '11.950', 'occupancy': '0.79', 'b-factor': '13.58', 'element': 'C'}
DEBUG:file_manager:{'record': 'ATOM', 'atom_serial': '50', 'atom_name': 'CB', 'residue': 'BCYS', 'chain': 'A', 'num_residue': '7', 'x': '35.323', 'y': '27.775', 'z': '12.119', 'occupancy': '0.21', 'b-factor': '13.50', 'element': 'C'}
DEBUG:file_manager:{'record': 'ATOM', 'atom_serial': '51', 'atom_name': 'SG', 'residue': 'ACYS', 'chain': 'A', 'num_residue': '7', 'x': '34.438', 'y': '28.090', 'z': '10.588', 'occupancy': '0.79', 'b-factor': '15.10', 'element': 'S'}
DEBUG:file_manager:{'record': 'ATOM', 'atom_serial': '52', 'atom_name': 'SG', 'residue': 'BCYS', 'chain': 'A', 'num_residue': '7', 'x': '35.636', 'y': '27.919', 'z': '10.353', 'occupancy': '0.21', 'b-factor': '15.81', 'element': 'S'}
DEBUG:file_manager:{'record': 'ATOM', 'atom_serial': '53', 'atom_name': 'N', 'residue': 'THR', 'chain': 'A', 'num_residue': '8', 'x': '35.978', 'y': '24.839', 'z': '11.030', 'occupancy': '1.00', 'b-factor': '13.82', 'element': 'N'}
DEBUG:file_manager:{'record': 'ATOM', 'atom_serial': '54', 'atom_name': 'CA', 'residue': 'THR', 'chain': 'A', 'num_residue': '8', 'x': '35.839', 'y': '23.728', 'z': '10.080', 'occupancy': '1.00', 'b-factor': '15.67', 'element': 'C'}
DEBUG:file_manager:{'record': 'ATOM', 'atom_serial': '55', 'atom_name': 'C', 'residue': 'THR', 'chain': 'A', 'num_residue': '8', 'x': '35.726', 'y': '22.378', 'z': '10.790', 'occupancy': '1.00', 'b-factor': '14.77', 'element': 'C'}
DEBUG:file_manager:{'record': 'ATOM', 'atom_serial': '56', 'atom_name': 'O', 'residue': 'THR', 'chain': 'A', 'num_residue': '8', 'x': '35.218', 'y': '21.421', 'z': '10.221', 'occupancy': '1.00', 'b-factor': '16.48', 'element': 'O'}
DEBUG:file_manager:{'record': 'ATOM', 'atom_serial': '57', 'atom_name': 'CB', 'residue': 'THR', 'chain': 'A', 'num_residue': '8', 'x': '36.974', 'y': '23.676', 'z': '9.042', 'occupancy': '1.00', 'b-factor': '15.66', 'element': 'C'}
DEBUG:file_manager:{'record': 'ATOM', 'atom_serial': '58', 'atom_name': 'OG1', 'residue': 'THR', 'chain': 'A', 'num_residue': '8', 'x': '38.232', 'y': '23.547', 'z': '9.701', 'occupancy': '1.00', 'b-factor': '22.83', 'element': 'O'}
DEBUG:file_manager:{'record': 'ATOM', 'atom_serial': '59', 'atom_name': 'CG2', 'residue': 'THR', 'chain': 'A', 'num_residue': '8', 'x': '36.975', 'y': '24.917', 'z': '8.173', 'occupancy': '1.00', 'b-factor': '20.32', 'element': 'C'}
DEBUG:file_manager:{'record': 'ATOM', 'atom_serial': '60', 'atom_name': 'N', 'residue': 'SER', 'chain': 'A', 'num_residue': '9', 'x': '36.207', 'y': '22.312', 'z': '12.029', 'occupancy': '1.00', 'b-factor': '13.60', 'element': 'N'}
DEBUG:file_manager:{'record': 'ATOM', 'atom_serial': '61', 'atom_name': 'CA', 'residue': 'SER', 'chain': 'A', 'num_residue': '9', 'x': '36.019', 'y': '21.140', 'z': '12.882', 'occupancy': '1.00', 'b-factor': '12.98', 'element': 'C'}
DEBUG:file_manager:{'record': 'ATOM', 'atom_serial': '62', 'atom_name': 'C', 'residue': 'SER', 'chain': 'A', 'num_residue': '9', 'x': '35.531', 'y': '21.600', 'z': '14.247', 'occupancy': '1.00', 'b-factor': '12.38', 'element': 'C'}
DEBUG:file_manager:{'record': 'ATOM', 'atom_serial': '63', 'atom_name': 'O', 'residue': 'SER', 'chain': 'A', 'num_residue': '9', 'x': '35.458', 'y': '22.796', 'z': '14.496', 'occupancy': '1.00', 'b-factor': '11.87', 'element': 'O'}
DEBUG:file_manager:{'record': 'ATOM', 'atom_serial': '64', 'atom_name': 'CB', 'residue': 'SER', 'chain': 'A', 'num_residue': '9', 'x': '37.321', 'y': '20.353', 'z': '13.007', 'occupancy': '1.00', 'b-factor': '14.17', 'element': 'C'}
DEBUG:file_manager:{'record': 'ATOM', 'atom_serial': '65', 'atom_name': 'OG', 'residue': 'SER', 'chain': 'A', 'num_residue': '9', 'x': '38.298', 'y': '21.113', 'z': '13.661', 'occupancy': '1.00', 'b-factor': '16.93', 'element': 'O'}
DEBUG:file_manager:{'record': 'ATOM', 'atom_serial': '66', 'atom_name': 'N', 'residue': 'ILE', 'chain': 'A', 'num_residue': '10', 'x': '35.209', 'y': '20.658', 'z': '15.123', 'occupancy': '1.00', 'b-factor': '11.87', 'element': 'N'}
DEBUG:file_manager:{'record': 'ATOM', 'atom_serial': '67', 'atom_name': 'CA', 'residue': 'ILE', 'chain': 'A', 'num_residue': '10', 'x': '34.637', 'y': '20.971', 'z': '16.424', 'occupancy': '1.00', 'b-factor': '12.61', 'element': 'C'}
DEBUG:file_manager:{'record': 'ATOM', 'atom_serial': '68', 'atom_name': 'C', 'residue': 'ILE', 'chain': 'A', 'num_residue': '10', 'x': '35.711', 'y': '21.556', 'z': '17.345', 'occupancy': '1.00', 'b-factor': '11.82', 'element': 'C'}
DEBUG:file_manager:{'record': 'ATOM', 'atom_serial': '69', 'atom_name': 'O', 'residue': 'ILE', 'chain': 'A', 'num_residue': '10', 'x': '36.799', 'y': '20.995', 'z': '17.507', 'occupancy': '1.00', 'b-factor': '11.75', 'element': 'O'}
DEBUG:file_manager:{'record': 'ATOM', 'atom_serial': '70', 'atom_name': 'CB', 'residue': 'ILE', 'chain': 'A', 'num_residue': '10', 'x': '33.984', 'y': '19.726', 'z': '17.058', 'occupancy': '1.00', 'b-factor': '12.64', 'element': 'C'}
DEBUG:file_manager:{'record': 'ATOM', 'atom_serial': '71', 'atom_name': 'CG1', 'residue': 'ILE', 'chain': 'A', 'num_residue': '10', 'x': '32.832', 'y': '19.213', 'z': '16.182', 'occupancy': '1.00', 'b-factor': '13.29', 'element': 'C'}
DEBUG:file_manager:{'record': 'ATOM', 'atom_serial': '72', 'atom_name': 'CG2', 'residue': 'ILE', 'chain': 'A', 'num_residue': '10', 'x': '33.454', 'y': '20.041', 'z': '18.451', 'occupancy': '1.00', 'b-factor': '13.38', 'element': 'C'}
DEBUG:file_manager:{'record': 'ATOM', 'atom_serial': '73', 'atom_name': 'CD1', 'residue': 'ILE', 'chain': 'A', 'num_residue': '10', 'x': '32.262', 'y': '17.880', 'z': '16.613', 'occupancy': '1.00', 'b-factor': '16.80', 'element': 'C'}
DEBUG:file_manager:{'record': 'ATOM', 'atom_serial': '74', 'atom_name': 'N', 'residue': 'CYS', 'chain': 'A', 'num_residue': '11', 'x': '35.392', 'y': '22.710', 'z': '17.930', 'occupancy': '1.00', 'b-factor': '11.80', 'element': 'N'}
DEBUG:file_manager:{'record': 'ATOM', 'atom_serial': '75', 'atom_name': 'CA', 'residue': 'CYS', 'chain': 'A', 'num_residue': '11', 'x': '36.292', 'y': '23.386', 'z': '18.837', 'occupancy': '1.00', 'b-factor': '12.19', 'element': 'C'}
DEBUG:file_manager:{'record': 'ATOM', 'atom_serial': '76', 'atom_name': 'C', 'residue': 'CYS', 'chain': 'A', 'num_residue': '11', 'x': '36.421', 'y': '22.639', 'z': '20.175', 'occupancy': '1.00', 'b-factor': '12.46', 'element': 'C'}
DEBUG:file_manager:{'record': 'ATOM', 'atom_serial': '77', 'atom_name': 'O', 'residue': 'CYS', 'chain': 'A', 'num_residue': '11', 'x': '35.697', 'y': '21.666', 'z': '20.422', 'occupancy': '1.00', 'b-factor': '12.79', 'element': 'O'}
DEBUG:file_manager:{'record': 'ATOM', 'atom_serial': '78', 'atom_name': 'CB', 'residue': 'CYS', 'chain': 'A', 'num_residue': '11', 'x': '35.776', 'y': '24.815', 'z': '19.038', 'occupancy': '1.00', 'b-factor': '12.29', 'element': 'C'}
DEBUG:file_manager:{'record': 'ATOM', 'atom_serial': '79', 'atom_name': 'SG', 'residue': 'CYS', 'chain': 'A', 'num_residue': '11', 'x': '36.999', 'y': '26.021', 'z': '19.591', 'occupancy': '1.00', 'b-factor': '13.08', 'element': 'S'}
DEBUG:file_manager:{'record': 'ATOM', 'atom_serial': '80', 'atom_name': 'N', 'residue': 'SER', 'chain': 'A', 'num_residue': '12', 'x': '37.366', 'y': '23.086', 'z': '21.005', 'occupancy': '1.00', 'b-factor': '12.91', 'element': 'N'}
DEBUG:file_manager:{'record': 'ATOM', 'atom_serial': '81', 'atom_name': 'CA', 'residue': 'SER', 'chain': 'A', 'num_residue': '12', 'x': '37.544', 'y': '22.547', 'z': '22.361', 'occupancy': '1.00', 'b-factor': '13.55', 'element': 'C'}
DEBUG:file_manager:{'record': 'ATOM', 'atom_serial': '82', 'atom_name': 'C', 'residue': 'SER', 'chain': 'A', 'num_residue': '12', 'x': '38.044', 'y': '23.660', 'z': '23.269', 'occupancy': '1.00', 'b-factor': '12.66', 'element': 'C'}
DEBUG:file_manager:{'record': 'ATOM', 'atom_serial': '83', 'atom_name': 'O', 'residue': 'SER', 'chain': 'A', 'num_residue': '12', 'x': '38.685', 'y': '24.611', 'z': '22.809', 'occupancy': '1.00', 'b-factor': '12.59', 'element': 'O'}
DEBUG:file_manager:{'record': 'ATOM', 'atom_serial': '84', 'atom_name': 'CB', 'residue': 'SER', 'chain': 'A', 'num_residue': '12', 'x': '38.539', 'y': '21.378', 'z': '22.370', 'occupancy': '1.00', 'b-factor': '13.30', 'element': 'C'}
DEBUG:file_manager:{'record': 'ATOM', 'atom_serial': '85', 'atom_name': 'OG', 'residue': 'SER', 'chain': 'A', 'num_residue': '12', 'x': '39.886', 'y': '21.781', 'z': '22.184', 'occupancy': '1.00', 'b-factor': '16.19', 'element': 'O'}
DEBUG:file_manager:{'record': 'ATOM', 'atom_serial': '86', 'atom_name': 'N', 'residue': 'LEU', 'chain': 'A', 'num_residue': '13', 'x': '37.786', 'y': '23.522', 'z': '24.564', 'occupancy': '1.00', 'b-factor': '12.20', 'element': 'N'}
DEBUG:file_manager:{'record': 'ATOM', 'atom_serial': '87', 'atom_name': 'CA', 'residue': 'LEU', 'chain': 'A', 'num_residue': '13', 'x': '38.269', 'y': '24.518', 'z': '25.522', 'occupancy': '1.00', 'b-factor': '11.15', 'element': 'C'}
DEBUG:file_manager:{'record': 'ATOM', 'atom_serial': '88', 'atom_name': 'C', 'residue': 'LEU', 'chain': 'A', 'num_residue': '13', 'x': '39.786', 'y': '24.514', 'z': '25.536', 'occupancy': '1.00', 'b-factor': '11.71', 'element': 'C'}
DEBUG:file_manager:{'record': 'ATOM', 'atom_serial': '89', 'atom_name': 'O', 'residue': 'LEU', 'chain': 'A', 'num_residue': '13', 'x': '40.451', 'y': '25.559', 'z': '25.617', 'occupancy': '1.00', 'b-factor': '11.74', 'element': 'O'}
DEBUG:file_manager:{'record': 'ATOM', 'atom_serial': '90', 'atom_name': 'CB', 'residue': 'LEU', 'chain': 'A', 'num_residue': '13', 'x': '37.714', 'y': '24.230', 'z': '26.918', 'occupancy': '1.00', 'b-factor': '10.46', 'element': 'C'}
DEBUG:file_manager:{'record': 'ATOM', 'atom_serial': '91', 'atom_name': 'CG', 'residue': 'LEU', 'chain': 'A', 'num_residue': '13', 'x': '38.186', 'y': '25.176', 'z': '28.032', 'occupancy': '1.00', 'b-factor': '8.71', 'element': 'C'}
DEBUG:file_manager:{'record': 'ATOM', 'atom_serial': '92', 'atom_name': 'CD1', 'residue': 'LEU', 'chain': 'A', 'num_residue': '13', 'x': '37.829', 'y': '26.620', 'z': '27.694', 'occupancy': '1.00', 'b-factor': '9.64', 'element': 'C'}
DEBUG:file_manager:{'record': 'ATOM', 'atom_serial': '93', 'atom_name': 'CD2', 'residue': 'LEU', 'chain': 'A', 'num_residue': '13', 'x': '37.600', 'y': '24.760', 'z': '29.359', 'occupancy': '1.00', 'b-factor': '9.98', 'element': 'C'}
DEBUG:file_manager:{'record': 'ATOM', 'atom_serial': '94', 'atom_name': 'N', 'residue': 'TYR', 'chain': 'A', 'num_residue': '14', 'x': '40.347', 'y': '23.314', 'z': '25.448', 'occupancy': '1.00', 'b-factor': '12.72', 'element': 'N'}
DEBUG:file_manager:{'record': 'ATOM', 'atom_serial': '95', 'atom_name': 'CA', 'residue': 'TYR', 'chain': 'A', 'num_residue': '14', 'x': '41.761', 'y': '23.149', 'z': '25.398', 'occupancy': '1.00', 'b-factor': '13.90', 'element': 'C'}
DEBUG:file_manager:{'record': 'ATOM', 'atom_serial': '96', 'atom_name': 'C', 'residue': 'TYR', 'chain': 'A', 'num_residue': '14', 'x': '42.402', 'y': '24.035', 'z': '24.315', 'occupancy': '1.00', 'b-factor': '14.14', 'element': 'C'}
DEBUG:file_manager:{'record': 'ATOM', 'atom_serial': '97', 'atom_name': 'O', 'residue': 'TYR', 'chain': 'A', 'num_residue': '14', 'x': '43.387', 'y': '24.731', 'z': '24.560', 'occupancy': '1.00', 'b-factor': '14.59', 'element': 'O'}
DEBUG:file_manager:{'record': 'ATOM', 'atom_serial': '98', 'atom_name': 'CB', 'residue': 'TYR', 'chain': 'A', 'num_residue': '14', 'x': '42.057', 'y': '21.672', 'z': '25.143', 'occupancy': '1.00', 'b-factor': '15.45', 'element': 'C'}
DEBUG:file_manager:{'record': 'ATOM', 'atom_serial': '99', 'atom_name': 'CG', 'residue': 'TYR', 'chain': 'A', 'num_residue': '14', 'x': '43.515', 'y': '21.398', 'z': '25.202', 'occupancy': '1.00', 'b-factor': '16.18', 'element': 'C'}
DEBUG:file_manager:{'record': 'ATOM', 'atom_serial': '100', 'atom_name': 'CD1', 'residue': 'TYR', 'chain': 'A', 'num_residue': '14', 'x': '44.086', 'y': '20.852', 'z': '26.350', 'occupancy': '1.00', 'b-factor': '17.33', 'element': 'C'}
DEBUG:file_manager:{'record': 'ATOM', 'atom_serial': '101', 'atom_name': 'CD2', 'residue': 'TYR', 'chain': 'A', 'num_residue': '14', 'x': '44.349', 'y': '21.744', 'z': '24.132', 'occupancy': '1.00', 'b-factor': '16.59', 'element': 'C'}
DEBUG:file_manager:{'record': 'ATOM', 'atom_serial': '102', 'atom_name': 'CE1', 'residue': 'TYR', 'chain': 'A', 'num_residue': '14', 'x': '45.441', 'y': '20.629', 'z': '26.414', 'occupancy': '1.00', 'b-factor': '17.09', 'element': 'C'}
DEBUG:file_manager:{'record': 'ATOM', 'atom_serial': '103', 'atom_name': 'CE2', 'residue': 'TYR', 'chain': 'A', 'num_residue': '14', 'x': '45.695', 'y': '21.529', 'z': '24.185', 'occupancy': '1.00', 'b-factor': '18.99', 'element': 'C'}
DEBUG:file_manager:{'record': 'ATOM', 'atom_serial': '104', 'atom_name': 'CZ', 'residue': 'TYR', 'chain': 'A', 'num_residue': '14', 'x': '46.239', 'y': '20.965', 'z': '25.330', 'occupancy': '1.00', 'b-factor': '17.31', 'element': 'C'}
DEBUG:file_manager:{'record': 'ATOM', 'atom_serial': '105', 'atom_name': 'OH', 'residue': 'TYR', 'chain': 'A', 'num_residue': '14', 'x': '47.579', 'y': '20.736', 'z': '25.378', 'occupancy': '1.00', 'b-factor': '19.56', 'element': 'O'}
DEBUG:file_manager:{'record': 'ATOM', 'atom_serial': '106', 'atom_name': 'N', 'residue': 'GLN', 'chain': 'A', 'num_residue': '15', 'x': '41.828', 'y': '23.984', 'z': '23.114', 'occupancy': '1.00', 'b-factor': '14.20', 'element': 'N'}
DEBUG:file_manager:{'record': 'ATOM', 'atom_serial': '107', 'atom_name': 'CA', 'residue': 'GLN', 'chain': 'A', 'num_residue': '15', 'x': '42.358', 'y': '24.742', 'z': '21.989', 'occupancy': '1.00', 'b-factor': '14.86', 'element': 'C'}
DEBUG:file_manager:{'record': 'ATOM', 'atom_serial': '108', 'atom_name': 'C', 'residue': 'GLN', 'chain': 'A', 'num_residue': '15', 'x': '42.039', 'y': '26.241', 'z': '22.070', 'occupancy': '1.00', 'b-factor': '13.14', 'element': 'C'}
DEBUG:file_manager:{'record': 'ATOM', 'atom_serial': '109', 'atom_name': 'O', 'residue': 'GLN', 'chain': 'A', 'num_residue': '15', 'x': '42.901', 'y': '27.067', 'z': '21.790', 'occupancy': '1.00', 'b-factor': '14.15', 'element': 'O'}
DEBUG:file_manager:{'record': 'ATOM', 'atom_serial': '110', 'atom_name': 'CB', 'residue': 'GLN', 'chain': 'A', 'num_residue': '15', 'x': '41.892', 'y': '24.133', 'z': '20.664', 'occupancy': '1.00', 'b-factor': '15.19', 'element': 'C'}
DEBUG:file_manager:{'record': 'ATOM', 'atom_serial': '111', 'atom_name': 'CG', 'residue': 'GLN', 'chain': 'A', 'num_residue': '15', 'x': '42.659', 'y': '22.852', 'z': '20.292', 'occupancy': '1.00', 'b-factor': '17.00', 'element': 'C'}
DEBUG:file_manager:{'record': 'ATOM', 'atom_serial': '112', 'atom_name': 'CD', 'residue': 'GLN', 'chain': 'A', 'num_residue': '15', 'x': '42.309', 'y': '22.341', 'z': '18.909', 'occupancy': '1.00', 'b-factor': '17.73', 'element': 'C'}
DEBUG:file_manager:{'record': 'ATOM', 'atom_serial': '113', 'atom_name': 'OE1', 'residue': 'GLN', 'chain': 'A', 'num_residue': '15', 'x': '43.056', 'y': '22.564', 'z': '17.953', 'occupancy': '1.00', 'b-factor': '21.08', 'element': 'O'}
DEBUG:file_manager:{'record': 'ATOM', 'atom_serial': '114', 'atom_name': 'NE2', 'residue': 'GLN', 'chain': 'A', 'num_residue': '15', 'x': '41.163', 'y': '21.677', 'z': '18.789', 'occupancy': '1.00', 'b-factor': '19.22', 'element': 'N'}
DEBUG:file_manager:{'record': 'ATOM', 'atom_serial': '115', 'atom_name': 'N', 'residue': 'LEU', 'chain': 'A', 'num_residue': '16', 'x': '40.823', 'y': '26.589', 'z': '22.485', 'occupancy': '1.00', 'b-factor': '12.54', 'element': 'N'}
DEBUG:file_manager:{'record': 'ATOM', 'atom_serial': '116', 'atom_name': 'CA', 'residue': 'LEU', 'chain': 'A', 'num_residue': '16', 'x': '40.487', 'y': '28.004', 'z': '22.684', 'occupancy': '1.00', 'b-factor': '11.74', 'element': 'C'}
DEBUG:file_manager:{'record': 'ATOM', 'atom_serial': '117', 'atom_name': 'C', 'residue': 'LEU', 'chain': 'A', 'num_residue': '16', 'x': '41.439', 'y': '28.703', 'z': '23.635', 'occupancy': '1.00', 'b-factor': '11.24', 'element': 'C'}
DEBUG:file_manager:{'record': 'ATOM', 'atom_serial': '118', 'atom_name': 'O', 'residue': 'LEU', 'chain': 'A', 'num_residue': '16', 'x': '41.863', 'y': '29.811', 'z': '23.368', 'occupancy': '1.00', 'b-factor': '10.25', 'element': 'O'}
DEBUG:file_manager:{'record': 'ATOM', 'atom_serial': '119', 'atom_name': 'CB', 'residue': 'LEU', 'chain': 'A', 'num_residue': '16', 'x': '39.061', 'y': '28.188', 'z': '23.203', 'occupancy': '1.00', 'b-factor': '12.68', 'element': 'C'}
DEBUG:file_manager:{'record': 'ATOM', 'atom_serial': '120', 'atom_name': 'CG', 'residue': 'LEU', 'chain': 'A', 'num_residue': '16', 'x': '37.939', 'y': '28.097', 'z': '22.185', 'occupancy': '1.00', 'b-factor': '13.49', 'element': 'C'}
DEBUG:file_manager:{'record': 'ATOM', 'atom_serial': '121', 'atom_name': 'CD1', 'residue': 'LEU', 'chain': 'A', 'num_residue': '16', 'x': '36.599', 'y': '28.094', 'z': '22.881', 'occupancy': '1.00', 'b-factor': '14.53', 'element': 'C'}
DEBUG:file_manager:{'record': 'ATOM', 'atom_serial': '122', 'atom_name': 'CD2', 'residue': 'LEU', 'chain': 'A', 'num_residue': '16', 'x': '38.002', 'y': '29.208', 'z': '21.123', 'occupancy': '1.00', 'b-factor': '12.90', 'element': 'C'}
DEBUG:file_manager:{'record': 'ATOM', 'atom_serial': '123', 'atom_name': 'N', 'residue': 'GLU', 'chain': 'A', 'num_residue': '17', 'x': '41.775', 'y': '28.058', 'z': '24.758', 'occupancy': '1.00', 'b-factor': '10.30', 'element': 'N'}
DEBUG:file_manager:{'record': 'ATOM', 'atom_serial': '124', 'atom_name': 'CA', 'residue': 'GLU', 'chain': 'A', 'num_residue': '17', 'x': '42.653', 'y': '28.682', 'z': '25.746', 'occupancy': '1.00', 'b-factor': '10.81', 'element': 'C'}
DEBUG:file_manager:{'record': 'ATOM', 'atom_serial': '125', 'atom_name': 'C', 'residue': 'GLU', 'chain': 'A', 'num_residue': '17', 'x': '44.060', 'y': '28.975', 'z': '25.224', 'occupancy': '1.00', 'b-factor': '11.24', 'element': 'C'}
DEBUG:file_manager:{'record': 'ATOM', 'atom_serial': '126', 'atom_name': 'O', 'residue': 'GLU', 'chain': 'A', 'num_residue': '17', 'x': '44.734', 'y': '29.873', 'z': '25.738', 'occupancy': '1.00', 'b-factor': '13.10', 'element': 'O'}
DEBUG:file_manager:{'record': 'ATOM', 'atom_serial': '127', 'atom_name': 'CB', 'residue': 'GLU', 'chain': 'A', 'num_residue': '17', 'x': '42.711', 'y': '27.870', 'z': '27.052', 'occupancy': '1.00', 'b-factor': '10.64', 'element': 'C'}
DEBUG:file_manager:{'record': 'ATOM', 'atom_serial': '128', 'atom_name': 'CG', 'residue': 'GLU', 'chain': 'A', 'num_residue': '17', 'x': '41.436', 'y': '28.019', 'z': '27.850', 'occupancy': '1.00', 'b-factor': '10.67', 'element': 'C'}
DEBUG:file_manager:{'record': 'ATOM', 'atom_serial': '129', 'atom_name': 'CD', 'residue': 'GLU', 'chain': 'A', 'num_residue': '17', 'x': '41.584', 'y': '27.691', 'z': '29.326', 'occupancy': '1.00', 'b-factor': '12.36', 'element': 'C'}
DEBUG:file_manager:{'record': 'ATOM', 'atom_serial': '130', 'atom_name': 'OE1', 'residue': 'GLU', 'chain': 'A', 'num_residue': '17', 'x': '40.906', 'y': '28.332', 'z': '30.148', 'occupancy': '1.00', 'b-factor': '13.69', 'element': 'O'}
DEBUG:file_manager:{'record': 'ATOM', 'atom_serial': '131', 'atom_name': 'OE2', 'residue': 'GLU', 'chain': 'A', 'num_residue': '17', 'x': '42.364', 'y': '26.790', 'z': '29.665', 'occupancy': '1.00', 'b-factor': '13.10', 'element': 'O'}
DEBUG:file_manager:{'record': 'ATOM', 'atom_serial': '132', 'atom_name': 'N', 'residue': 'ASN', 'chain': 'A', 'num_residue': '18', 'x': '44.474', 'y': '28.252', 'z': '24.193', 'occupancy': '1.00', 'b-factor': '12.19', 'element': 'N'}
DEBUG:file_manager:{'record': 'ATOM', 'atom_serial': '133', 'atom_name': 'CA', 'residue': 'ASN', 'chain': 'A', 'num_residue': '18', 'x': '45.760', 'y': '28.546', 'z': '23.564', 'occupancy': '1.00', 'b-factor': '13.33', 'element': 'C'}
DEBUG:file_manager:{'record': 'ATOM', 'atom_serial': '134', 'atom_name': 'C', 'residue': 'ASN', 'chain': 'A', 'num_residue': '18', 'x': '45.816', 'y': '29.888', 'z': '22.854', 'occupancy': '1.00', 'b-factor': '13.55', 'element': 'C'}
DEBUG:file_manager:{'record': 'ATOM', 'atom_serial': '135', 'atom_name': 'O', 'residue': 'ASN', 'chain': 'A', 'num_residue': '18', 'x': '46.895', 'y': '30.347', 'z': '22.481', 'occupancy': '1.00', 'b-factor': '14.85', 'element': 'O'}
DEBUG:file_manager:{'record': 'ATOM', 'atom_serial': '136', 'atom_name': 'CB', 'residue': 'ASN', 'chain': 'A', 'num_residue': '18', 'x': '46.169', 'y': '27.436', 'z': '22.608', 'occupancy': '1.00', 'b-factor': '13.71', 'element': 'C'}
DEBUG:file_manager:{'record': 'ATOM', 'atom_serial': '137', 'atom_name': 'CG', 'residue': 'ASN', 'chain': 'A', 'num_residue': '18', 'x': '46.679', 'y': '26.202', 'z': '23.334', 'occupancy': '1.00', 'b-factor': '16.01', 'element': 'C'}
DEBUG:file_manager:{'record': 'ATOM', 'atom_serial': '138', 'atom_name': 'OD1', 'residue': 'ASN', 'chain': 'A', 'num_residue': '18', 'x': '46.580', 'y': '25.066', 'z': '22.676', 'occupancy': '1.00', 'b-factor': '20.08', 'element': 'O'}
DEBUG:file_manager:{'record': 'ATOM', 'atom_serial': '139', 'atom_name': 'ND2', 'residue': 'ASN', 'chain': 'A', 'num_residue': '18', 'x': '47.155', 'y': '26.282', 'z': '24.474', 'occupancy': '1.00', 'b-factor': '18.53', 'element': 'N'}
DEBUG:file_manager:{'record': 'ATOM', 'atom_serial': '140', 'atom_name': 'N', 'residue': 'TYR', 'chain': 'A', 'num_residue': '19', 'x': '44.656', 'y': '30.519', 'z': '22.682', 'occupancy': '1.00', 'b-factor': '13.03', 'element': 'N'}
DEBUG:file_manager:{'record': 'ATOM', 'atom_serial': '141', 'atom_name': 'CA', 'residue': 'TYR', 'chain': 'A', 'num_residue': '19', 'x': '44.586', 'y': '31.828', 'z': '22.052', 'occupancy': '1.00', 'b-factor': '13.84', 'element': 'C'}
DEBUG:file_manager:{'record': 'ATOM', 'atom_serial': '142', 'atom_name': 'C', 'residue': 'TYR', 'chain': 'A', 'num_residue': '19', 'x': '44.319', 'y': '32.945', 'z': '23.062', 'occupancy': '1.00', 'b-factor': '14.29', 'element': 'C'}
DEBUG:file_manager:{'record': 'ATOM', 'atom_serial': '143', 'atom_name': 'O', 'residue': 'TYR', 'chain': 'A', 'num_residue': '19', 'x': '44.260', 'y': '34.105', 'z': '22.680', 'occupancy': '1.00', 'b-factor': '14.60', 'element': 'O'}
DEBUG:file_manager:{'record': 'ATOM', 'atom_serial': '144', 'atom_name': 'CB', 'residue': 'TYR', 'chain': 'A', 'num_residue': '19', 'x': '43.551', 'y': '31.812', 'z': '20.923', 'occupancy': '1.00', 'b-factor': '13.63', 'element': 'C'}
DEBUG:file_manager:{'record': 'ATOM', 'atom_serial': '145', 'atom_name': 'CG', 'residue': 'TYR', 'chain': 'A', 'num_residue': '19', 'x': '43.941', 'y': '30.853', 'z': '19.831', 'occupancy': '1.00', 'b-factor': '15.20', 'element': 'C'}
DEBUG:file_manager:{'record': 'ATOM', 'atom_serial': '146', 'atom_name': 'CD1', 'residue': 'TYR', 'chain': 'A', 'num_residue': '19', 'x': '43.392', 'y': '29.574', 'z': '19.772', 'occupancy': '1.00', 'b-factor': '15.41', 'element': 'C'}
DEBUG:file_manager:{'record': 'ATOM', 'atom_serial': '147', 'atom_name': 'CD2', 'residue': 'TYR', 'chain': 'A', 'num_residue': '19', 'x': '44.914', 'y': '31.203', 'z': '18.894', 'occupancy': '1.00', 'b-factor': '15.92', 'element': 'C'}
DEBUG:file_manager:{'record': 'ATOM', 'atom_serial': '148', 'atom_name': 'CE1', 'residue': 'TYR', 'chain': 'A', 'num_residue': '19', 'x': '43.778', 'y': '28.676', 'z': '18.789', 'occupancy': '1.00', 'b-factor': '16.11', 'element': 'C'}
DEBUG:file_manager:{'record': 'ATOM', 'atom_serial': '149', 'atom_name': 'CE2', 'residue': 'TYR', 'chain': 'A', 'num_residue': '19', 'x': '45.301', 'y': '30.319', 'z': '17.915', 'occupancy': '1.00', 'b-factor': '16.66', 'element': 'C'}
DEBUG:file_manager:{'record': 'ATOM', 'atom_serial': '150', 'atom_name': 'CZ', 'residue': 'TYR', 'chain': 'A', 'num_residue': '19', 'x': '44.732', 'y': '29.066', 'z': '17.863', 'occupancy': '1.00', 'b-factor': '16.10', 'element': 'C'}
DEBUG:file_manager:{'record': 'ATOM', 'atom_serial': '151', 'atom_name': 'OH', 'residue': 'TYR', 'chain': 'A', 'num_residue': '19', 'x': '45.127', 'y': '28.194', 'z': '16.871', 'occupancy': '1.00', 'b-factor': '20.67', 'element': 'O'}
DEBUG:file_manager:{'record': 'ATOM', 'atom_serial': '152', 'atom_name': 'N', 'residue': 'CYS', 'chain': 'A', 'num_residue': '20', 'x': '44.164', 'y': '32.615', 'z': '24.344', 'occupancy': '1.00', 'b-factor': '14.53', 'element': 'N'}
DEBUG:file_manager:{'record': 'ATOM', 'atom_serial': '153', 'atom_name': 'CA', 'residue': 'CYS', 'chain': 'A', 'num_residue': '20', 'x': '44.122', 'y': '33.650', 'z': '25.387', 'occupancy': '1.00', 'b-factor': '15.72', 'element': 'C'}
DEBUG:file_manager:{'record': 'ATOM', 'atom_serial': '154', 'atom_name': 'C', 'residue': 'CYS', 'chain': 'A', 'num_residue': '20', 'x': '45.515', 'y': '34.223', 'z': '25.583', 'occupancy': '1.00', 'b-factor': '17.36', 'element': 'C'}
DEBUG:file_manager:{'record': 'ATOM', 'atom_serial': '155', 'atom_name': 'O', 'residue': 'CYS', 'chain': 'A', 'num_residue': '20', 'x': '46.503', 'y': '33.519', 'z': '25.401', 'occupancy': '1.00', 'b-factor': '18.12', 'element': 'O'}
DEBUG:file_manager:{'record': 'ATOM', 'atom_serial': '156', 'atom_name': 'CB', 'residue': 'CYS', 'chain': 'A', 'num_residue': '20', 'x': '43.649', 'y': '33.103', 'z': '26.723', 'occupancy': '1.00', 'b-factor': '16.15', 'element': 'C'}
DEBUG:file_manager:{'record': 'ATOM', 'atom_serial': '157', 'atom_name': 'SG', 'residue': 'CYS', 'chain': 'A', 'num_residue': '20', 'x': '42.063', 'y': '32.287', 'z': '26.729', 'occupancy': '1.00', 'b-factor': '14.53', 'element': 'S'}
DEBUG:file_manager:{'record': 'ATOM', 'atom_serial': '158', 'atom_name': 'N', 'residue': 'ASN', 'chain': 'A', 'num_residue': '21', 'x': '45.596', 'y': '35.500', 'z': '25.947', 'occupancy': '1.00', 'b-factor': '18.37', 'element': 'N'}
DEBUG:file_manager:{'record': 'ATOM', 'atom_serial': '159', 'atom_name': 'CA', 'residue': 'ASN', 'chain': 'A', 'num_residue': '21', 'x': '46.888', 'y': '36.103', 'z': '26.292', 'occupancy': '1.00', 'b-factor': '19.72', 'element': 'C'}
DEBUG:file_manager:{'record': 'ATOM', 'atom_serial': '160', 'atom_name': 'C', 'residue': 'ASN', 'chain': 'A', 'num_residue': '21', 'x': '47.401', 'y': '35.559', 'z': '27.629', 'occupancy': '1.00', 'b-factor': '20.17', 'element': 'C'}
DEBUG:file_manager:{'record': 'ATOM', 'atom_serial': '161', 'atom_name': 'O', 'residue': 'ASN', 'chain': 'A', 'num_residue': '21', 'x': '46.616', 'y': '35.117', 'z': '28.475', 'occupancy': '1.00', 'b-factor': '21.28', 'element': 'O'}
DEBUG:file_manager:{'record': 'ATOM', 'atom_serial': '162', 'atom_name': 'CB', 'residue': 'ASN', 'chain': 'A', 'num_residue': '21', 'x': '46.783', 'y': '37.624', 'z': '26.360', 'occupancy': '1.00', 'b-factor': '20.27', 'element': 'C'}
DEBUG:file_manager:{'record': 'ATOM', 'atom_serial': '163', 'atom_name': 'CG', 'residue': 'ASN', 'chain': 'A', 'num_residue': '21', 'x': '46.401', 'y': '38.253', 'z': '25.036', 'occupancy': '1.00', 'b-factor': '20.92', 'element': 'C'}
DEBUG:file_manager:{'record': 'ATOM', 'atom_serial': '164', 'atom_name': 'OD1', 'residue': 'ASN', 'chain': 'A', 'num_residue': '21', 'x': '46.919', 'y': '37.888', 'z': '23.977', 'occupancy': '1.00', 'b-factor': '22.17', 'element': 'O'}
DEBUG:file_manager:{'record': 'ATOM', 'atom_serial': '165', 'atom_name': 'ND2', 'residue': 'ASN', 'chain': 'A', 'num_residue': '21', 'x': '45.497', 'y': '39.227', 'z': '25.092', 'occupancy': '1.00', 'b-factor': '21.10', 'element': 'N'}
DEBUG:file_manager:{'record': 'ATOM', 'atom_serial': '167', 'atom_name': 'N', 'residue': 'PHE', 'chain': 'B', 'num_residue': '1', 'x': '29.102', 'y': '25.761', 'z': '25.495', 'occupancy': '1.00', 'b-factor': '19.24', 'element': 'N'}
DEBUG:file_manager:{'record': 'ATOM', 'atom_serial': '168', 'atom_name': 'CA', 'residue': 'PHE', 'chain': 'B', 'num_residue': '1', 'x': '29.156', 'y': '26.636', 'z': '24.296', 'occupancy': '1.00', 'b-factor': '19.05', 'element': 'C'}
DEBUG:file_manager:{'record': 'ATOM', 'atom_serial': '169', 'atom_name': 'C', 'residue': 'PHE', 'chain': 'B', 'num_residue': '1', 'x': '30.433', 'y': '26.412', 'z': '23.483', 'occupancy': '1.00', 'b-factor': '18.23', 'element': 'C'}
DEBUG:file_manager:{'record': 'ATOM', 'atom_serial': '170', 'atom_name': 'O', 'residue': 'PHE', 'chain': 'B', 'num_residue': '1', 'x': '30.503', 'y': '26.835', 'z': '22.329', 'occupancy': '1.00', 'b-factor': '19.35', 'element': 'O'}
DEBUG:file_manager:{'record': 'ATOM', 'atom_serial': '171', 'atom_name': 'CB', 'residue': 'PHE', 'chain': 'B', 'num_residue': '1', 'x': '29.003', 'y': '28.118', 'z': '24.687', 'occupancy': '1.00', 'b-factor': '19.54', 'element': 'C'}
DEBUG:file_manager:{'record': 'ATOM', 'atom_serial': '172', 'atom_name': 'CG', 'residue': 'PHE', 'chain': 'B', 'num_residue': '1', 'x': '30.061', 'y': '28.625', 'z': '25.643', 'occupancy': '1.00', 'b-factor': '20.06', 'element': 'C'}
DEBUG:file_manager:{'record': 'ATOM', 'atom_serial': '173', 'atom_name': 'CD1', 'residue': 'PHE', 'chain': 'B', 'num_residue': '1', 'x': '31.094', 'y': '29.437', 'z': '25.182', 'occupancy': '1.00', 'b-factor': '21.86', 'element': 'C'}
DEBUG:file_manager:{'record': 'ATOM', 'atom_serial': '174', 'atom_name': 'CD2', 'residue': 'PHE', 'chain': 'B', 'num_residue': '1', 'x': '30.011', 'y': '28.315', 'z': '27.002', 'occupancy': '1.00', 'b-factor': '21.66', 'element': 'C'}
DEBUG:file_manager:{'record': 'ATOM', 'atom_serial': '175', 'atom_name': 'CE1', 'residue': 'PHE', 'chain': 'B', 'num_residue': '1', 'x': '32.061', 'y': '29.923', 'z': '26.055', 'occupancy': '1.00', 'b-factor': '20.87', 'element': 'C'}
DEBUG:file_manager:{'record': 'ATOM', 'atom_serial': '176', 'atom_name': 'CE2', 'residue': 'PHE', 'chain': 'B', 'num_residue': '1', 'x': '30.981', 'y': '28.798', 'z': '27.885', 'occupancy': '1.00', 'b-factor': '21.56', 'element': 'C'}
DEBUG:file_manager:{'record': 'ATOM', 'atom_serial': '177', 'atom_name': 'CZ', 'residue': 'PHE', 'chain': 'B', 'num_residue': '1', 'x': '32.009', 'y': '29.596', 'z': '27.408', 'occupancy': '1.00', 'b-factor': '20.52', 'element': 'C'}
DEBUG:file_manager:{'record': 'ATOM', 'atom_serial': '178', 'atom_name': 'N', 'residue': 'VAL', 'chain': 'B', 'num_residue': '2', 'x': '31.438', 'y': '25.763', 'z': '24.070', 'occupancy': '1.00', 'b-factor': '17.03', 'element': 'N'}
DEBUG:file_manager:{'record': 'ATOM', 'atom_serial': '179', 'atom_name': 'CA', 'residue': 'VAL', 'chain': 'B', 'num_residue': '2', 'x': '32.734', 'y': '25.636', 'z': '23.374', 'occupancy': '1.00', 'b-factor': '16.19', 'element': 'C'}
DEBUG:file_manager:{'record': 'ATOM', 'atom_serial': '180', 'atom_name': 'C', 'residue': 'VAL', 'chain': 'B', 'num_residue': '2', 'x': '32.902', 'y': '24.392', 'z': '22.506', 'occupancy': '1.00', 'b-factor': '15.63', 'element': 'C'}
DEBUG:file_manager:{'record': 'ATOM', 'atom_serial': '181', 'atom_name': 'O', 'residue': 'VAL', 'chain': 'B', 'num_residue': '2', 'x': '33.691', 'y': '24.393', 'z': '21.571', 'occupancy': '1.00', 'b-factor': '14.89', 'element': 'O'}
DEBUG:file_manager:{'record': 'ATOM', 'atom_serial': '182', 'atom_name': 'CB', 'residue': 'VAL', 'chain': 'B', 'num_residue': '2', 'x': '33.970', 'y': '25.756', 'z': '24.316', 'occupancy': '1.00', 'b-factor': '16.69', 'element': 'C'}
DEBUG:file_manager:{'record': 'ATOM', 'atom_serial': '183', 'atom_name': 'CG1', 'residue': 'VAL', 'chain': 'B', 'num_residue': '2', 'x': '33.976', 'y': '27.090', 'z': '25.026', 'occupancy': '1.00', 'b-factor': '16.54', 'element': 'C'}
DEBUG:file_manager:{'record': 'ATOM', 'atom_serial': '184', 'atom_name': 'CG2', 'residue': 'VAL', 'chain': 'B', 'num_residue': '2', 'x': '34.017', 'y': '24.625', 'z': '25.328', 'occupancy': '1.00', 'b-factor': '18.12', 'element': 'C'}
DEBUG:file_manager:{'record': 'ATOM', 'atom_serial': '185', 'atom_name': 'N', 'residue': 'ASN', 'chain': 'B', 'num_residue': '3', 'x': '32.174', 'y': '23.328', 'z': '22.817', 'occupancy': '1.00', 'b-factor': '15.48', 'element': 'N'}
DEBUG:file_manager:{'record': 'ATOM', 'atom_serial': '186', 'atom_name': 'CA', 'residue': 'ASN', 'chain': 'B', 'num_residue': '3', 'x': '32.396', 'y': '22.060', 'z': '22.129', 'occupancy': '1.00', 'b-factor': '15.25', 'element': 'C'}
DEBUG:file_manager:{'record': 'ATOM', 'atom_serial': '187', 'atom_name': 'C', 'residue': 'ASN', 'chain': 'B', 'num_residue': '3', 'x': '31.463', 'y': '21.890', 'z': '20.934', 'occupancy': '1.00', 'b-factor': '15.55', 'element': 'C'}
DEBUG:file_manager:{'record': 'ATOM', 'atom_serial': '188', 'atom_name': 'O', 'residue': 'ASN', 'chain': 'B', 'num_residue': '3', 'x': '30.592', 'y': '21.025', 'z': '20.895', 'occupancy': '1.00', 'b-factor': '16.32', 'element': 'O'}
DEBUG:file_manager:{'record': 'ATOM', 'atom_serial': '189', 'atom_name': 'CB', 'residue': 'ASN', 'chain': 'B', 'num_residue': '3', 'x': '32.323', 'y': '20.907', 'z': '23.126', 'occupancy': '1.00', 'b-factor': '15.52', 'element': 'C'}
DEBUG:file_manager:{'record': 'ATOM', 'atom_serial': '190', 'atom_name': 'CG', 'residue': 'ASN', 'chain': 'B', 'num_residue': '3', 'x': '33.421', 'y': '20.995', 'z': '24.175', 'occupancy': '1.00', 'b-factor': '12.25', 'element': 'C'}
DEBUG:file_manager:{'record': 'ATOM', 'atom_serial': '191', 'atom_name': 'OD1', 'residue': 'ASN', 'chain': 'B', 'num_residue': '3', 'x': '34.579', 'y': '20.729', 'z': '23.906', 'occupancy': '1.00', 'b-factor': '15.89', 'element': 'O'}
DEBUG:file_manager:{'record': 'ATOM', 'atom_serial': '192', 'atom_name': 'ND2', 'residue': 'ASN', 'chain': 'B', 'num_residue': '3', 'x': '33.038', 'y': '21.414', 'z': '25.384', 'occupancy': '1.00', 'b-factor': '17.40', 'element': 'N'}
DEBUG:file_manager:{'record': 'ATOM', 'atom_serial': '193', 'atom_name': 'N', 'residue': 'GLN', 'chain': 'B', 'num_residue': '4', 'x': '31.660', 'y': '22.764', 'z': '19.956', 'occupancy': '1.00', 'b-factor': '14.45', 'element': 'N'}
DEBUG:file_manager:{'record': 'ATOM', 'atom_serial': '194', 'atom_name': 'CA', 'residue': 'GLN', 'chain': 'B', 'num_residue': '4', 'x': '30.844', 'y': '22.788', 'z': '18.756', 'occupancy': '1.00', 'b-factor': '14.72', 'element': 'C'}
DEBUG:file_manager:{'record': 'ATOM', 'atom_serial': '195', 'atom_name': 'C', 'residue': 'GLN', 'chain': 'B', 'num_residue': '4', 'x': '31.637', 'y': '23.541', 'z': '17.700', 'occupancy': '1.00', 'b-factor': '12.99', 'element': 'C'}
DEBUG:file_manager:{'record': 'ATOM', 'atom_serial': '196', 'atom_name': 'O', 'residue': 'GLN', 'chain': 'B', 'num_residue': '4', 'x': '32.711', 'y': '24.062', 'z': '17.981', 'occupancy': '1.00', 'b-factor': '11.77', 'element': 'O'}
DEBUG:file_manager:{'record': 'ATOM', 'atom_serial': '197', 'atom_name': 'CB', 'residue': 'GLN', 'chain': 'B', 'num_residue': '4', 'x': '29.502', 'y': '23.490', 'z': '19.023', 'occupancy': '1.00', 'b-factor': '15.35', 'element': 'C'}
DEBUG:file_manager:{'record': 'ATOM', 'atom_serial': '198', 'atom_name': 'CG', 'residue': 'GLN', 'chain': 'B', 'num_residue': '4', 'x': '29.607', 'y': '24.958', 'z': '19.452', 'occupancy': '1.00', 'b-factor': '17.45', 'element': 'C'}
DEBUG:file_manager:{'record': 'ATOM', 'atom_serial': '199', 'atom_name': 'CD', 'residue': 'GLN', 'chain': 'B', 'num_residue': '4', 'x': '28.248', 'y': '25.582', 'z': '19.805', 'occupancy': '1.00', 'b-factor': '17.80', 'element': 'C'}
DEBUG:file_manager:{'record': 'ATOM', 'atom_serial': '200', 'atom_name': 'OE1', 'residue': 'GLN', 'chain': 'B', 'num_residue': '4', 'x': '27.273', 'y': '25.466', 'z': '19.056', 'occupancy': '1.00', 'b-factor': '23.54', 'element': 'O'}
DEBUG:file_manager:{'record': 'ATOM', 'atom_serial': '201', 'atom_name': 'NE2', 'residue': 'GLN', 'chain': 'B', 'num_residue': '4', 'x': '28.192', 'y': '26.259', 'z': '20.936', 'occupancy': '1.00', 'b-factor': '22.87', 'element': 'N'}
DEBUG:file_manager:{'record': 'ATOM', 'atom_serial': '202', 'atom_name': 'N', 'residue': 'HIS', 'chain': 'B', 'num_residue': '5', 'x': '31.104', 'y': '23.578', 'z': '16.485', 'occupancy': '1.00', 'b-factor': '12.50', 'element': 'N'}
DEBUG:file_manager:{'record': 'ATOM', 'atom_serial': '203', 'atom_name': 'CA', 'residue': 'HIS', 'chain': 'B', 'num_residue': '5', 'x': '31.687', 'y': '24.383', 'z': '15.418', 'occupancy': '1.00', 'b-factor': '11.78', 'element': 'C'}
DEBUG:file_manager:{'record': 'ATOM', 'atom_serial': '204', 'atom_name': 'C', 'residue': 'HIS', 'chain': 'B', 'num_residue': '5', 'x': '31.387', 'y': '25.845', 'z': '15.738', 'occupancy': '1.00', 'b-factor': '11.63', 'element': 'C'}
DEBUG:file_manager:{'record': 'ATOM', 'atom_serial': '205', 'atom_name': 'O', 'residue': 'HIS', 'chain': 'B', 'num_residue': '5', 'x': '30.222', 'y': '26.209', 'z': '15.983', 'occupancy': '1.00', 'b-factor': '12.61', 'element': 'O'}
DEBUG:file_manager:{'record': 'ATOM', 'atom_serial': '206', 'atom_name': 'CB', 'residue': 'HIS', 'chain': 'B', 'num_residue': '5', 'x': '31.064', 'y': '24.031', 'z': '14.059', 'occupancy': '1.00', 'b-factor': '12.47', 'element': 'C'}
DEBUG:file_manager:{'record': 'ATOM', 'atom_serial': '207', 'atom_name': 'CG', 'residue': 'HIS', 'chain': 'B', 'num_residue': '5', 'x': '31.412', 'y': '22.659', 'z': '13.556', 'occupancy': '1.00', 'b-factor': '12.41', 'element': 'C'}
DEBUG:file_manager:{'record': 'ATOM', 'atom_serial': '208', 'atom_name': 'ND1', 'residue': 'HIS', 'chain': 'B', 'num_residue': '5', 'x': '30.632', 'y': '21.550', 'z': '13.814', 'occupancy': '1.00', 'b-factor': '16.66', 'element': 'N'}
DEBUG:file_manager:{'record': 'ATOM', 'atom_serial': '209', 'atom_name': 'CD2', 'residue': 'HIS', 'chain': 'B', 'num_residue': '5', 'x': '32.444', 'y': '22.225', 'z': '12.797', 'occupancy': '1.00', 'b-factor': '13.65', 'element': 'C'}
DEBUG:file_manager:{'record': 'ATOM', 'atom_serial': '210', 'atom_name': 'CE1', 'residue': 'HIS', 'chain': 'B', 'num_residue': '5', 'x': '31.175', 'y': '20.490', 'z': '13.238', 'occupancy': '1.00', 'b-factor': '15.20', 'element': 'C'}
DEBUG:file_manager:{'record': 'ATOM', 'atom_serial': '211', 'atom_name': 'NE2', 'residue': 'HIS', 'chain': 'B', 'num_residue': '5', 'x': '32.277', 'y': '20.869', 'z': '12.618', 'occupancy': '1.00', 'b-factor': '15.57', 'element': 'N'}
DEBUG:file_manager:{'record': 'ATOM', 'atom_serial': '212', 'atom_name': 'N', 'residue': 'LEU', 'chain': 'B', 'num_residue': '6', 'x': '32.438', 'y': '26.661', 'z': '15.758', 'occupancy': '1.00', 'b-factor': '11.20', 'element': 'N'}
DEBUG:file_manager:{'record': 'ATOM', 'atom_serial': '213', 'atom_name': 'CA', 'residue': 'LEU', 'chain': 'B', 'num_residue': '6', 'x': '32.322', 'y': '28.083', 'z': '16.098', 'occupancy': '1.00', 'b-factor': '11.23', 'element': 'C'}
DEBUG:file_manager:{'record': 'ATOM', 'atom_serial': '214', 'atom_name': 'C', 'residue': 'LEU', 'chain': 'B', 'num_residue': '6', 'x': '33.004', 'y': '28.875', 'z': '15.001', 'occupancy': '1.00', 'b-factor': '10.95', 'element': 'C'}
DEBUG:file_manager:{'record': 'ATOM', 'atom_serial': '215', 'atom_name': 'O', 'residue': 'LEU', 'chain': 'B', 'num_residue': '6', 'x': '34.204', 'y': '28.754', 'z': '14.814', 'occupancy': '1.00', 'b-factor': '11.01', 'element': 'O'}
DEBUG:file_manager:{'record': 'ATOM', 'atom_serial': '216', 'atom_name': 'CB', 'residue': 'LEU', 'chain': 'B', 'num_residue': '6', 'x': '33.004', 'y': '28.352', 'z': '17.438', 'occupancy': '1.00', 'b-factor': '11.29', 'element': 'C'}
DEBUG:file_manager:{'record': 'ATOM', 'atom_serial': '217', 'atom_name': 'CG', 'residue': 'LEU', 'chain': 'B', 'num_residue': '6', 'x': '32.400', 'y': '27.704', 'z': '18.684', 'occupancy': '1.00', 'b-factor': '12.14', 'element': 'C'}
DEBUG:file_manager:{'record': 'ATOM', 'atom_serial': '218', 'atom_name': 'CD1', 'residue': 'LEU', 'chain': 'B', 'num_residue': '6', 'x': '33.371', 'y': '27.788', 'z': '19.850', 'occupancy': '1.00', 'b-factor': '13.85', 'element': 'C'}
DEBUG:file_manager:{'record': 'ATOM', 'atom_serial': '219', 'atom_name': 'CD2', 'residue': 'LEU', 'chain': 'B', 'num_residue': '6', 'x': '31.061', 'y': '28.382', 'z': '19.014', 'occupancy': '1.00', 'b-factor': '14.61', 'element': 'C'}
DEBUG:file_manager:{'record': 'ATOM', 'atom_serial': '220', 'atom_name': 'N', 'residue': 'CYS', 'chain': 'B', 'num_residue': '7', 'x': '32.235', 'y': '29.690', 'z': '14.272', 'occupancy': '1.00', 'b-factor': '10.89', 'element': 'N'}
DEBUG:file_manager:{'record': 'ATOM', 'atom_serial': '221', 'atom_name': 'CA', 'residue': 'ACYS', 'chain': 'B', 'num_residue': '7', 'x': '32.757', 'y': '30.432', 'z': '13.131', 'occupancy': '0.82', 'b-factor': '11.53', 'element': 'C'}
DEBUG:file_manager:{'record': 'ATOM', 'atom_serial': '222', 'atom_name': 'CA', 'residue': 'BCYS', 'chain': 'B', 'num_residue': '7', 'x': '32.818', 'y': '30.446', 'z': '13.172', 'occupancy': '0.18', 'b-factor': '11.33', 'element': 'C'}
DEBUG:file_manager:{'record': 'ATOM', 'atom_serial': '223', 'atom_name': 'C', 'residue': 'CYS', 'chain': 'B', 'num_residue': '7', 'x': '32.490', 'y': '31.923', 'z': '13.256', 'occupancy': '1.00', 'b-factor': '10.59', 'element': 'C'}
DEBUG:file_manager:{'record': 'ATOM', 'atom_serial': '224', 'atom_name': 'O', 'residue': 'CYS', 'chain': 'B', 'num_residue': '7', 'x': '31.449', 'y': '32.319', 'z': '13.796', 'occupancy': '1.00', 'b-factor': '10.92', 'element': 'O'}
DEBUG:file_manager:{'record': 'ATOM', 'atom_serial': '225', 'atom_name': 'CB', 'residue': 'ACYS', 'chain': 'B', 'num_residue': '7', 'x': '32.082', 'y': '29.914', 'z': '11.867', 'occupancy': '0.82', 'b-factor': '11.38', 'element': 'C'}
DEBUG:file_manager:{'record': 'ATOM', 'atom_serial': '226', 'atom_name': 'CB', 'residue': 'BCYS', 'chain': 'B', 'num_residue': '7', 'x': '32.381', 'y': '29.879', 'z': '11.821', 'occupancy': '0.18', 'b-factor': '11.43', 'element': 'C'}
DEBUG:file_manager:{'record': 'ATOM', 'atom_serial': '227', 'atom_name': 'SG', 'residue': 'ACYS', 'chain': 'B', 'num_residue': '7', 'x': '32.357', 'y': '28.133', 'z': '11.614', 'occupancy': '0.82', 'b-factor': '15.03', 'element': 'S'}
DEBUG:file_manager:{'record': 'ATOM', 'atom_serial': '228', 'atom_name': 'SG', 'residue': 'BCYS', 'chain': 'B', 'num_residue': '7', 'x': '30.609', 'y': '29.929', 'z': '11.546', 'occupancy': '0.18', 'b-factor': '14.83', 'element': 'S'}
DEBUG:file_manager:{'record': 'ATOM', 'atom_serial': '229', 'atom_name': 'N', 'residue': 'GLY', 'chain': 'B', 'num_residue': '8', 'x': '33.412', 'y': '32.726', 'z': '12.754', 'occupancy': '1.00', 'b-factor': '10.16', 'element': 'N'}
DEBUG:file_manager:{'record': 'ATOM', 'atom_serial': '230', 'atom_name': 'CA', 'residue': 'GLY', 'chain': 'B', 'num_residue': '8', 'x': '33.194', 'y': '34.176', 'z': '12.679', 'occupancy': '1.00', 'b-factor': '9.75', 'element': 'C'}
DEBUG:file_manager:{'record': 'ATOM', 'atom_serial': '231', 'atom_name': 'C', 'residue': 'GLY', 'chain': 'B', 'num_residue': '8', 'x': '32.877', 'y': '34.792', 'z': '14.026', 'occupancy': '1.00', 'b-factor': '9.24', 'element': 'C'}
DEBUG:file_manager:{'record': 'ATOM', 'atom_serial': '232', 'atom_name': 'O', 'residue': 'GLY', 'chain': 'B', 'num_residue': '8', 'x': '33.592', 'y': '34.581', 'z': '15.002', 'occupancy': '1.00', 'b-factor': '9.67', 'element': 'O'}
DEBUG:file_manager:{'record': 'ATOM', 'atom_serial': '233', 'atom_name': 'N', 'residue': 'SER', 'chain': 'B', 'num_residue': '9', 'x': '31.787', 'y': '35.554', 'z': '14.101', 'occupancy': '1.00', 'b-factor': '8.04', 'element': 'N'}
DEBUG:file_manager:{'record': 'ATOM', 'atom_serial': '234', 'atom_name': 'CA', 'residue': 'SER', 'chain': 'B', 'num_residue': '9', 'x': '31.471', 'y': '36.246', 'z': '15.357', 'occupancy': '1.00', 'b-factor': '7.85', 'element': 'C'}
DEBUG:file_manager:{'record': 'ATOM', 'atom_serial': '235', 'atom_name': 'C', 'residue': 'SER', 'chain': 'B', 'num_residue': '9', 'x': '31.235', 'y': '35.266', 'z': '16.507', 'occupancy': '1.00', 'b-factor': '8.31', 'element': 'C'}
DEBUG:file_manager:{'record': 'ATOM', 'atom_serial': '236', 'atom_name': 'O', 'residue': 'SER', 'chain': 'B', 'num_residue': '9', 'x': '31.439', 'y': '35.614', 'z': '17.663', 'occupancy': '1.00', 'b-factor': '7.83', 'element': 'O'}
DEBUG:file_manager:{'record': 'ATOM', 'atom_serial': '237', 'atom_name': 'CB', 'residue': 'SER', 'chain': 'B', 'num_residue': '9', 'x': '30.260', 'y': '37.178', 'z': '15.185', 'occupancy': '1.00', 'b-factor': '8.26', 'element': 'C'}
DEBUG:file_manager:{'record': 'ATOM', 'atom_serial': '238', 'atom_name': 'OG', 'residue': 'SER', 'chain': 'B', 'num_residue': '9', 'x': '29.067', 'y': '36.447', 'z': '14.970', 'occupancy': '1.00', 'b-factor': '10.83', 'element': 'O'}
DEBUG:file_manager:{'record': 'ATOM', 'atom_serial': '239', 'atom_name': 'N', 'residue': 'HIS', 'chain': 'B', 'num_residue': '10', 'x': '30.825', 'y': '34.052', 'z': '16.169', 'occupancy': '1.00', 'b-factor': '7.69', 'element': 'N'}
DEBUG:file_manager:{'record': 'ATOM', 'atom_serial': '240', 'atom_name': 'CA', 'residue': 'HIS', 'chain': 'B', 'num_residue': '10', 'x': '30.544', 'y': '33.025', 'z': '17.174', 'occupancy': '1.00', 'b-factor': '8.75', 'element': 'C'}
DEBUG:file_manager:{'record': 'ATOM', 'atom_serial': '241', 'atom_name': 'C', 'residue': 'HIS', 'chain': 'B', 'num_residue': '10', 'x': '31.845', 'y': '32.569', 'z': '17.844', 'occupancy': '1.00', 'b-factor': '8.39', 'element': 'C'}
DEBUG:file_manager:{'record': 'ATOM', 'atom_serial': '242', 'atom_name': 'O', 'residue': 'HIS', 'chain': 'B', 'num_residue': '10', 'x': '31.868', 'y': '32.256', 'z': '19.040', 'occupancy': '1.00', 'b-factor': '9.12', 'element': 'O'}
DEBUG:file_manager:{'record': 'ATOM', 'atom_serial': '243', 'atom_name': 'CB', 'residue': 'HIS', 'chain': 'B', 'num_residue': '10', 'x': '29.886', 'y': '31.801', 'z': '16.526', 'occupancy': '1.00', 'b-factor': '8.43', 'element': 'C'}
DEBUG:file_manager:{'record': 'ATOM', 'atom_serial': '244', 'atom_name': 'CG', 'residue': 'HIS', 'chain': 'B', 'num_residue': '10', 'x': '28.571', 'y': '32.081', 'z': '15.865', 'occupancy': '1.00', 'b-factor': '9.93', 'element': 'C'}
DEBUG:file_manager:{'record': 'ATOM', 'atom_serial': '245', 'atom_name': 'ND1', 'residue': 'HIS', 'chain': 'B', 'num_residue': '10', 'x': '27.686', 'y': '31.075', 'z': '15.528', 'occupancy': '1.00', 'b-factor': '13.84', 'element': 'N'}
DEBUG:file_manager:{'record': 'ATOM', 'atom_serial': '246', 'atom_name': 'CD2', 'residue': 'HIS', 'chain': 'B', 'num_residue': '10', 'x': '27.981', 'y': '33.243', 'z': '15.490', 'occupancy': '1.00', 'b-factor': '10.60', 'element': 'C'}
DEBUG:file_manager:{'record': 'ATOM', 'atom_serial': '247', 'atom_name': 'CE1', 'residue': 'HIS', 'chain': 'B', 'num_residue': '10', 'x': '26.613', 'y': '31.608', 'z': '14.968', 'occupancy': '1.00', 'b-factor': '12.45', 'element': 'C'}
DEBUG:file_manager:{'record': 'ATOM', 'atom_serial': '248', 'atom_name': 'NE2', 'residue': 'HIS', 'chain': 'B', 'num_residue': '10', 'x': '26.760', 'y': '32.920', 'z': '14.941', 'occupancy': '1.00', 'b-factor': '12.10', 'element': 'N'}
DEBUG:file_manager:{'record': 'ATOM', 'atom_serial': '249', 'atom_name': 'N', 'residue': 'LEU', 'chain': 'B', 'num_residue': '11', 'x': '32.918', 'y': '32.505', 'z': '17.056', 'occupancy': '1.00', 'b-factor': '8.51', 'element': 'N'}
DEBUG:file_manager:{'record': 'ATOM', 'atom_serial': '250', 'atom_name': 'CA', 'residue': 'LEU', 'chain': 'B', 'num_residue': '11', 'x': '34.224', 'y': '32.107', 'z': '17.568', 'occupancy': '1.00', 'b-factor': '8.23', 'element': 'C'}
DEBUG:file_manager:{'record': 'ATOM', 'atom_serial': '251', 'atom_name': 'C', 'residue': 'LEU', 'chain': 'B', 'num_residue': '11', 'x': '34.840', 'y': '33.218', 'z': '18.418', 'occupancy': '1.00', 'b-factor': '8.07', 'element': 'C'}
DEBUG:file_manager:{'record': 'ATOM', 'atom_serial': '252', 'atom_name': 'O', 'residue': 'LEU', 'chain': 'B', 'num_residue': '11', 'x': '35.380', 'y': '32.973', 'z': '19.483', 'occupancy': '1.00', 'b-factor': '7.95', 'element': 'O'}
DEBUG:file_manager:{'record': 'ATOM', 'atom_serial': '253', 'atom_name': 'CB', 'residue': 'LEU', 'chain': 'B', 'num_residue': '11', 'x': '35.130', 'y': '31.718', 'z': '16.394', 'occupancy': '1.00', 'b-factor': '8.70', 'element': 'C'}
DEBUG:file_manager:{'record': 'ATOM', 'atom_serial': '254', 'atom_name': 'CG', 'residue': 'LEU', 'chain': 'B', 'num_residue': '11', 'x': '36.545', 'y': '31.231', 'z': '16.715', 'occupancy': '1.00', 'b-factor': '9.31', 'element': 'C'}
DEBUG:file_manager:{'record': 'ATOM', 'atom_serial': '255', 'atom_name': 'CD1', 'residue': 'LEU', 'chain': 'B', 'num_residue': '11', 'x': '36.542', 'y': '30.102', 'z': '17.743', 'occupancy': '1.00', 'b-factor': '9.64', 'element': 'C'}
DEBUG:file_manager:{'record': 'ATOM', 'atom_serial': '256', 'atom_name': 'CD2', 'residue': 'LEU', 'chain': 'B', 'num_residue': '11', 'x': '37.171', 'y': '30.813', 'z': '15.383', 'occupancy': '1.00', 'b-factor': '12.03', 'element': 'C'}
DEBUG:file_manager:{'record': 'ATOM', 'atom_serial': '257', 'atom_name': 'N', 'residue': 'VAL', 'chain': 'B', 'num_residue': '12', 'x': '34.745', 'y': '34.459', 'z': '17.945', 'occupancy': '1.00', 'b-factor': '7.82', 'element': 'N'}
DEBUG:file_manager:{'record': 'ATOM', 'atom_serial': '258', 'atom_name': 'CA', 'residue': 'VAL', 'chain': 'B', 'num_residue': '12', 'x': '35.232', 'y': '35.597', 'z': '18.693', 'occupancy': '1.00', 'b-factor': '9.36', 'element': 'C'}
DEBUG:file_manager:{'record': 'ATOM', 'atom_serial': '259', 'atom_name': 'C', 'residue': 'VAL', 'chain': 'B', 'num_residue': '12', 'x': '34.509', 'y': '35.715', 'z': '20.049', 'occupancy': '1.00', 'b-factor': '7.93', 'element': 'C'}
DEBUG:file_manager:{'record': 'ATOM', 'atom_serial': '260', 'atom_name': 'O', 'residue': 'VAL', 'chain': 'B', 'num_residue': '12', 'x': '35.118', 'y': '36.027', 'z': '21.073', 'occupancy': '1.00', 'b-factor': '7.60', 'element': 'O'}
DEBUG:file_manager:{'record': 'ATOM', 'atom_serial': '261', 'atom_name': 'CB', 'residue': 'VAL', 'chain': 'B', 'num_residue': '12', 'x': '35.052', 'y': '36.874', 'z': '17.836', 'occupancy': '1.00', 'b-factor': '10.36', 'element': 'C'}
DEBUG:file_manager:{'record': 'ATOM', 'atom_serial': '262', 'atom_name': 'CG1', 'residue': 'VAL', 'chain': 'B', 'num_residue': '12', 'x': '35.202', 'y': '38.083', 'z': '18.649', 'occupancy': '1.00', 'b-factor': '13.99', 'element': 'C'}
DEBUG:file_manager:{'record': 'ATOM', 'atom_serial': '263', 'atom_name': 'CG2', 'residue': 'VAL', 'chain': 'B', 'num_residue': '12', 'x': '36.066', 'y': '36.870', 'z': '16.676', 'occupancy': '1.00', 'b-factor': '12.77', 'element': 'C'}
DEBUG:file_manager:{'record': 'ATOM', 'atom_serial': '264', 'atom_name': 'N', 'residue': 'GLU', 'chain': 'B', 'num_residue': '13', 'x': '33.200', 'y': '35.467', 'z': '20.045', 'occupancy': '1.00', 'b-factor': '7.80', 'element': 'N'}
DEBUG:file_manager:{'record': 'ATOM', 'atom_serial': '265', 'atom_name': 'CA', 'residue': 'GLU', 'chain': 'B', 'num_residue': '13', 'x': '32.419', 'y': '35.494', 'z': '21.277', 'occupancy': '1.00', 'b-factor': '8.14', 'element': 'C'}
DEBUG:file_manager:{'record': 'ATOM', 'atom_serial': '266', 'atom_name': 'C', 'residue': 'GLU', 'chain': 'B', 'num_residue': '13', 'x': '32.908', 'y': '34.424', 'z': '22.265', 'occupancy': '1.00', 'b-factor': '7.57', 'element': 'C'}
DEBUG:file_manager:{'record': 'ATOM', 'atom_serial': '267', 'atom_name': 'O', 'residue': 'GLU', 'chain': 'B', 'num_residue': '13', 'x': '33.034', 'y': '34.686', 'z': '23.454', 'occupancy': '1.00', 'b-factor': '7.71', 'element': 'O'}
DEBUG:file_manager:{'record': 'ATOM', 'atom_serial': '268', 'atom_name': 'CB', 'residue': 'GLU', 'chain': 'B', 'num_residue': '13', 'x': '30.954', 'y': '35.279', 'z': '20.935', 'occupancy': '1.00', 'b-factor': '9.18', 'element': 'C'}
DEBUG:file_manager:{'record': 'ATOM', 'atom_serial': '269', 'atom_name': 'CG', 'residue': 'GLU', 'chain': 'B', 'num_residue': '13', 'x': '30.069', 'y': '35.045', 'z': '22.125', 'occupancy': '1.00', 'b-factor': '12.62', 'element': 'C'}
DEBUG:file_manager:{'record': 'ATOM', 'atom_serial': '270', 'atom_name': 'CD', 'residue': 'GLU', 'chain': 'B', 'num_residue': '13', 'x': '28.624', 'y': '35.023', 'z': '21.710', 'occupancy': '1.00', 'b-factor': '16.55', 'element': 'C'}
DEBUG:file_manager:{'record': 'ATOM', 'atom_serial': '271', 'atom_name': 'OE1', 'residue': 'GLU', 'chain': 'B', 'num_residue': '13', 'x': '28.150', 'y': '36.074', 'z': '21.246', 'occupancy': '1.00', 'b-factor': '16.70', 'element': 'O'}
DEBUG:file_manager:{'record': 'ATOM', 'atom_serial': '272', 'atom_name': 'OE2', 'residue': 'GLU', 'chain': 'B', 'num_residue': '13', 'x': '28.002', 'y': '33.945', 'z': '21.822', 'occupancy': '1.00', 'b-factor': '21.15', 'element': 'O'}
DEBUG:file_manager:{'record': 'ATOM', 'atom_serial': '273', 'atom_name': 'N', 'residue': 'ALA', 'chain': 'B', 'num_residue': '14', 'x': '33.179', 'y': '33.226', 'z': '21.758', 'occupancy': '1.00', 'b-factor': '7.94', 'element': 'N'}
DEBUG:file_manager:{'record': 'ATOM', 'atom_serial': '274', 'atom_name': 'CA', 'residue': 'ALA', 'chain': 'B', 'num_residue': '14', 'x': '33.659', 'y': '32.139', 'z': '22.621', 'occupancy': '1.00', 'b-factor': '7.54', 'element': 'C'}
DEBUG:file_manager:{'record': 'ATOM', 'atom_serial': '275', 'atom_name': 'C', 'residue': 'ALA', 'chain': 'B', 'num_residue': '14', 'x': '35.011', 'y': '32.489', 'z': '23.236', 'occupancy': '1.00', 'b-factor': '7.96', 'element': 'C'}
DEBUG:file_manager:{'record': 'ATOM', 'atom_serial': '276', 'atom_name': 'O', 'residue': 'ALA', 'chain': 'B', 'num_residue': '14', 'x': '35.216', 'y': '32.289', 'z': '24.444', 'occupancy': '1.00', 'b-factor': '7.67', 'element': 'O'}
DEBUG:file_manager:{'record': 'ATOM', 'atom_serial': '277', 'atom_name': 'CB', 'residue': 'ALA', 'chain': 'B', 'num_residue': '14', 'x': '33.740', 'y': '30.844', 'z': '21.824', 'occupancy': '1.00', 'b-factor': '8.11', 'element': 'C'}
DEBUG:file_manager:{'record': 'ATOM', 'atom_serial': '278', 'atom_name': 'N', 'residue': 'LEU', 'chain': 'B', 'num_residue': '15', 'x': '35.919', 'y': '33.036', 'z': '22.424', 'occupancy': '1.00', 'b-factor': '7.59', 'element': 'N'}
DEBUG:file_manager:{'record': 'ATOM', 'atom_serial': '279', 'atom_name': 'CA', 'residue': 'LEU', 'chain': 'B', 'num_residue': '15', 'x': '37.218', 'y': '33.501', 'z': '22.921', 'occupancy': '1.00', 'b-factor': '8.02', 'element': 'C'}
DEBUG:file_manager:{'record': 'ATOM', 'atom_serial': '280', 'atom_name': 'C', 'residue': 'LEU', 'chain': 'B', 'num_residue': '15', 'x': '37.062', 'y': '34.563', 'z': '23.997', 'occupancy': '1.00', 'b-factor': '8.22', 'element': 'C'}
DEBUG:file_manager:{'record': 'ATOM', 'atom_serial': '281', 'atom_name': 'O', 'residue': 'LEU', 'chain': 'B', 'num_residue': '15', 'x': '37.732', 'y': '34.532', 'z': '25.043', 'occupancy': '1.00', 'b-factor': '8.96', 'element': 'O'}
DEBUG:file_manager:{'record': 'ATOM', 'atom_serial': '282', 'atom_name': 'CB', 'residue': 'LEU', 'chain': 'B', 'num_residue': '15', 'x': '38.057', 'y': '34.073', 'z': '21.778', 'occupancy': '1.00', 'b-factor': '8.21', 'element': 'C'}
DEBUG:file_manager:{'record': 'ATOM', 'atom_serial': '283', 'atom_name': 'CG', 'residue': 'LEU', 'chain': 'B', 'num_residue': '15', 'x': '38.687', 'y': '33.044', 'z': '20.850', 'occupancy': '1.00', 'b-factor': '8.97', 'element': 'C'}
DEBUG:file_manager:{'record': 'ATOM', 'atom_serial': '284', 'atom_name': 'CD1', 'residue': 'LEU', 'chain': 'B', 'num_residue': '15', 'x': '39.085', 'y': '33.696', 'z': '19.533', 'occupancy': '1.00', 'b-factor': '10.82', 'element': 'C'}
DEBUG:file_manager:{'record': 'ATOM', 'atom_serial': '285', 'atom_name': 'CD2', 'residue': 'LEU', 'chain': 'B', 'num_residue': '15', 'x': '39.911', 'y': '32.395', 'z': '21.521', 'occupancy': '1.00', 'b-factor': '10.89', 'element': 'C'}
DEBUG:file_manager:{'record': 'ATOM', 'atom_serial': '286', 'atom_name': 'N', 'residue': 'TYR', 'chain': 'B', 'num_residue': '16', 'x': '36.163', 'y': '35.511', 'z': '23.749', 'occupancy': '1.00', 'b-factor': '7.73', 'element': 'N'}
DEBUG:file_manager:{'record': 'ATOM', 'atom_serial': '287', 'atom_name': 'CA', 'residue': 'TYR', 'chain': 'B', 'num_residue': '16', 'x': '35.896', 'y': '36.555', 'z': '24.715', 'occupancy': '1.00', 'b-factor': '7.97', 'element': 'C'}
DEBUG:file_manager:{'record': 'ATOM', 'atom_serial': '288', 'atom_name': 'C', 'residue': 'TYR', 'chain': 'B', 'num_residue': '16', 'x': '35.432', 'y': '35.980', 'z': '26.052', 'occupancy': '1.00', 'b-factor': '8.33', 'element': 'C'}
DEBUG:file_manager:{'record': 'ATOM', 'atom_serial': '289', 'atom_name': 'O', 'residue': 'TYR', 'chain': 'B', 'num_residue': '16', 'x': '35.950', 'y': '36.365', 'z': '27.113', 'occupancy': '1.00', 'b-factor': '8.89', 'element': 'O'}
DEBUG:file_manager:{'record': 'ATOM', 'atom_serial': '290', 'atom_name': 'CB', 'residue': 'TYR', 'chain': 'B', 'num_residue': '16', 'x': '34.830', 'y': '37.489', 'z': '24.143', 'occupancy': '1.00', 'b-factor': '8.38', 'element': 'C'}
DEBUG:file_manager:{'record': 'ATOM', 'atom_serial': '291', 'atom_name': 'CG', 'residue': 'TYR', 'chain': 'B', 'num_residue': '16', 'x': '34.288', 'y': '38.492', 'z': '25.135', 'occupancy': '1.00', 'b-factor': '7.50', 'element': 'C'}
DEBUG:file_manager:{'record': 'ATOM', 'atom_serial': '292', 'atom_name': 'CD1', 'residue': 'TYR', 'chain': 'B', 'num_residue': '16', 'x': '35.057', 'y': '39.589', 'z': '25.570', 'occupancy': '1.00', 'b-factor': '7.30', 'element': 'C'}
DEBUG:file_manager:{'record': 'ATOM', 'atom_serial': '293', 'atom_name': 'CD2', 'residue': 'TYR', 'chain': 'B', 'num_residue': '16', 'x': '33.002', 'y': '38.342', 'z': '25.657', 'occupancy': '1.00', 'b-factor': '6.79', 'element': 'C'}
DEBUG:file_manager:{'record': 'ATOM', 'atom_serial': '294', 'atom_name': 'CE1', 'residue': 'TYR', 'chain': 'B', 'num_residue': '16', 'x': '34.538', 'y': '40.517', 'z': '26.491', 'occupancy': '1.00', 'b-factor': '8.62', 'element': 'C'}
DEBUG:file_manager:{'record': 'ATOM', 'atom_serial': '295', 'atom_name': 'CE2', 'residue': 'TYR', 'chain': 'B', 'num_residue': '16', 'x': '32.473', 'y': '39.246', 'z': '26.569', 'occupancy': '1.00', 'b-factor': '8.69', 'element': 'C'}
DEBUG:file_manager:{'record': 'ATOM', 'atom_serial': '296', 'atom_name': 'CZ', 'residue': 'TYR', 'chain': 'B', 'num_residue': '16', 'x': '33.248', 'y': '40.335', 'z': '26.986', 'occupancy': '1.00', 'b-factor': '8.24', 'element': 'C'}
DEBUG:file_manager:{'record': 'ATOM', 'atom_serial': '297', 'atom_name': 'OH', 'residue': 'TYR', 'chain': 'B', 'num_residue': '16', 'x': '32.719', 'y': '41.222', 'z': '27.886', 'occupancy': '1.00', 'b-factor': '9.74', 'element': 'O'}
DEBUG:file_manager:{'record': 'ATOM', 'atom_serial': '298', 'atom_name': 'N', 'residue': 'LEU', 'chain': 'B', 'num_residue': '17', 'x': '34.484', 'y': '35.041', 'z': '26.000', 'occupancy': '1.00', 'b-factor': '8.87', 'element': 'N'}
DEBUG:file_manager:{'record': 'ATOM', 'atom_serial': '299', 'atom_name': 'CA', 'residue': 'LEU', 'chain': 'B', 'num_residue': '17', 'x': '33.920', 'y': '34.444', 'z': '27.227', 'occupancy': '1.00', 'b-factor': '9.20', 'element': 'C'}
DEBUG:file_manager:{'record': 'ATOM', 'atom_serial': '300', 'atom_name': 'C', 'residue': 'LEU', 'chain': 'B', 'num_residue': '17', 'x': '34.919', 'y': '33.571', 'z': '27.970', 'occupancy': '1.00', 'b-factor': '10.10', 'element': 'C'}
DEBUG:file_manager:{'record': 'ATOM', 'atom_serial': '301', 'atom_name': 'O', 'residue': 'LEU', 'chain': 'B', 'num_residue': '17', 'x': '34.981', 'y': '33.597', 'z': '29.206', 'occupancy': '1.00', 'b-factor': '10.72', 'element': 'O'}
DEBUG:file_manager:{'record': 'ATOM', 'atom_serial': '302', 'atom_name': 'CB', 'residue': 'LEU', 'chain': 'B', 'num_residue': '17', 'x': '32.676', 'y': '33.623', 'z': '26.877', 'occupancy': '1.00', 'b-factor': '9.96', 'element': 'C'}
DEBUG:file_manager:{'record': 'ATOM', 'atom_serial': '303', 'atom_name': 'CG', 'residue': 'LEU', 'chain': 'B', 'num_residue': '17', 'x': '31.474', 'y': '34.474', 'z': '26.460', 'occupancy': '1.00', 'b-factor': '9.19', 'element': 'C'}
DEBUG:file_manager:{'record': 'ATOM', 'atom_serial': '304', 'atom_name': 'CD1', 'residue': 'LEU', 'chain': 'B', 'num_residue': '17', 'x': '30.346', 'y': '33.578', 'z': '25.953', 'occupancy': '1.00', 'b-factor': '11.04', 'element': 'C'}
DEBUG:file_manager:{'record': 'ATOM', 'atom_serial': '305', 'atom_name': 'CD2', 'residue': 'LEU', 'chain': 'B', 'num_residue': '17', 'x': '30.997', 'y': '35.349', 'z': '27.626', 'occupancy': '1.00', 'b-factor': '11.41', 'element': 'C'}
DEBUG:file_manager:{'record': 'ATOM', 'atom_serial': '306', 'atom_name': 'N', 'residue': 'VAL', 'chain': 'B', 'num_residue': '18', 'x': '35.685', 'y': '32.804', 'z': '27.213', 'occupancy': '1.00', 'b-factor': '9.93', 'element': 'N'}
DEBUG:file_manager:{'record': 'ATOM', 'atom_serial': '307', 'atom_name': 'CA', 'residue': 'VAL', 'chain': 'B', 'num_residue': '18', 'x': '36.660', 'y': '31.868', 'z': '27.797', 'occupancy': '1.00', 'b-factor': '10.84', 'element': 'C'}
DEBUG:file_manager:{'record': 'ATOM', 'atom_serial': '308', 'atom_name': 'C', 'residue': 'VAL', 'chain': 'B', 'num_residue': '18', 'x': '37.833', 'y': '32.631', 'z': '28.395', 'occupancy': '1.00', 'b-factor': '11.15', 'element': 'C'}
DEBUG:file_manager:{'record': 'ATOM', 'atom_serial': '309', 'atom_name': 'O', 'residue': 'VAL', 'chain': 'B', 'num_residue': '18', 'x': '38.275', 'y': '32.338', 'z': '29.512', 'occupancy': '1.00', 'b-factor': '12.42', 'element': 'O'}
DEBUG:file_manager:{'record': 'ATOM', 'atom_serial': '310', 'atom_name': 'CB', 'residue': 'VAL', 'chain': 'B', 'num_residue': '18', 'x': '37.152', 'y': '30.843', 'z': '26.740', 'occupancy': '1.00', 'b-factor': '11.51', 'element': 'C'}
DEBUG:file_manager:{'record': 'ATOM', 'atom_serial': '311', 'atom_name': 'CG1', 'residue': 'VAL', 'chain': 'B', 'num_residue': '18', 'x': '38.448', 'y': '30.168', 'z': '27.168', 'occupancy': '1.00', 'b-factor': '13.02', 'element': 'C'}
DEBUG:file_manager:{'record': 'ATOM', 'atom_serial': '312', 'atom_name': 'CG2', 'residue': 'VAL', 'chain': 'B', 'num_residue': '18', 'x': '36.058', 'y': '29.800', 'z': '26.467', 'occupancy': '1.00', 'b-factor': '12.58', 'element': 'C'}
DEBUG:file_manager:{'record': 'ATOM', 'atom_serial': '313', 'atom_name': 'N', 'residue': 'CYS', 'chain': 'B', 'num_residue': '19', 'x': '38.343', 'y': '33.612', 'z': '27.653', 'occupancy': '1.00', 'b-factor': '10.75', 'element': 'N'}
DEBUG:file_manager:{'record': 'ATOM', 'atom_serial': '314', 'atom_name': 'CA', 'residue': 'CYS', 'chain': 'B', 'num_residue': '19', 'x': '39.606', 'y': '34.247', 'z': '28.039', 'occupancy': '1.00', 'b-factor': '11.18', 'element': 'C'}
DEBUG:file_manager:{'record': 'ATOM', 'atom_serial': '315', 'atom_name': 'C', 'residue': 'CYS', 'chain': 'B', 'num_residue': '19', 'x': '39.468', 'y': '35.323', 'z': '29.109', 'occupancy': '1.00', 'b-factor': '13.19', 'element': 'C'}
DEBUG:file_manager:{'record': 'ATOM', 'atom_serial': '316', 'atom_name': 'O', 'residue': 'CYS', 'chain': 'B', 'num_residue': '19', 'x': '40.445', 'y': '35.612', 'z': '29.818', 'occupancy': '1.00', 'b-factor': '13.54', 'element': 'O'}
DEBUG:file_manager:{'record': 'ATOM', 'atom_serial': '317', 'atom_name': 'CB', 'residue': 'CYS', 'chain': 'B', 'num_residue': '19', 'x': '40.371', 'y': '34.768', 'z': '26.815', 'occupancy': '1.00', 'b-factor': '11.28', 'element': 'C'}
DEBUG:file_manager:{'record': 'ATOM', 'atom_serial': '318', 'atom_name': 'SG', 'residue': 'CYS', 'chain': 'B', 'num_residue': '19', 'x': '40.829', 'y': '33.484', 'z': '25.655', 'occupancy': '1.00', 'b-factor': '10.50', 'element': 'S'}
DEBUG:file_manager:{'record': 'ATOM', 'atom_serial': '319', 'atom_name': 'N', 'residue': 'GLY', 'chain': 'B', 'num_residue': '20', 'x': '38.281', 'y': '35.912', 'z': '29.219', 'occupancy': '1.00', 'b-factor': '14.21', 'element': 'N'}
DEBUG:file_manager:{'record': 'ATOM', 'atom_serial': '320', 'atom_name': 'CA', 'residue': 'GLY', 'chain': 'B', 'num_residue': '20', 'x': '38.013', 'y': '36.928', 'z': '30.241', 'occupancy': '1.00', 'b-factor': '15.84', 'element': 'C'}
DEBUG:file_manager:{'record': 'ATOM', 'atom_serial': '321', 'atom_name': 'C', 'residue': 'GLY', 'chain': 'B', 'num_residue': '20', 'x': '39.017', 'y': '38.065', 'z': '30.210', 'occupancy': '1.00', 'b-factor': '17.39', 'element': 'C'}
DEBUG:file_manager:{'record': 'ATOM', 'atom_serial': '322', 'atom_name': 'O', 'residue': 'GLY', 'chain': 'B', 'num_residue': '20', 'x': '39.385', 'y': '38.562', 'z': '29.144', 'occupancy': '1.00', 'b-factor': '16.82', 'element': 'O'}
DEBUG:file_manager:{'record': 'ATOM', 'atom_serial': '323', 'atom_name': 'N', 'residue': 'GLU', 'chain': 'B', 'num_residue': '21', 'x': '39.480', 'y': '38.461', 'z': '31.392', 'occupancy': '1.00', 'b-factor': '18.82', 'element': 'N'}
DEBUG:file_manager:{'record': 'ATOM', 'atom_serial': '324', 'atom_name': 'CA', 'residue': 'GLU', 'chain': 'B', 'num_residue': '21', 'x': '40.365', 'y': '39.620', 'z': '31.525', 'occupancy': '1.00', 'b-factor': '20.77', 'element': 'C'}
DEBUG:file_manager:{'record': 'ATOM', 'atom_serial': '325', 'atom_name': 'C', 'residue': 'GLU', 'chain': 'B', 'num_residue': '21', 'x': '41.737', 'y': '39.443', 'z': '30.868', 'occupancy': '1.00', 'b-factor': '19.50', 'element': 'C'}
DEBUG:file_manager:{'record': 'ATOM', 'atom_serial': '326', 'atom_name': 'O', 'residue': 'GLU', 'chain': 'B', 'num_residue': '21', 'x': '42.455', 'y': '40.419', 'z': '30.665', 'occupancy': '1.00', 'b-factor': '20.11', 'element': 'O'}
DEBUG:file_manager:{'record': 'ATOM', 'atom_serial': '327', 'atom_name': 'CB', 'residue': 'GLU', 'chain': 'B', 'num_residue': '21', 'x': '40.494', 'y': '40.027', 'z': '32.997', 'occupancy': '1.00', 'b-factor': '20.94', 'element': 'C'}
DEBUG:file_manager:{'record': 'ATOM', 'atom_serial': '328', 'atom_name': 'CG', 'residue': 'GLU', 'chain': 'B', 'num_residue': '21', 'x': '39.190', 'y': '40.592', 'z': '33.561', 'occupancy': '1.00', 'b-factor': '24.24', 'element': 'C'}
DEBUG:file_manager:{'record': 'ATOM', 'atom_serial': '329', 'atom_name': 'CD', 'residue': 'GLU', 'chain': 'B', 'num_residue': '21', 'x': '39.307', 'y': '41.098', 'z': '34.990', 'occupancy': '1.00', 'b-factor': '25.13', 'element': 'C'}
DEBUG:file_manager:{'record': 'ATOM', 'atom_serial': '330', 'atom_name': 'OE1', 'residue': 'GLU', 'chain': 'B', 'num_residue': '21', 'x': '40.419', 'y': '41.042', 'z': '35.573', 'occupancy': '1.00', 'b-factor': '30.20', 'element': 'O'}
DEBUG:file_manager:{'record': 'ATOM', 'atom_serial': '331', 'atom_name': 'OE2', 'residue': 'GLU', 'chain': 'B', 'num_residue': '21', 'x': '38.271', 'y': '41.552', 'z': '35.526', 'occupancy': '1.00', 'b-factor': '29.89', 'element': 'O'}
DEBUG:file_manager:{'record': 'ATOM', 'atom_serial': '332', 'atom_name': 'N', 'residue': 'ARG', 'chain': 'B', 'num_residue': '22', 'x': '42.093', 'y': '38.206', 'z': '30.518', 'occupancy': '1.00', 'b-factor': '18.70', 'element': 'N'}
DEBUG:file_manager:{'record': 'ATOM', 'atom_serial': '333', 'atom_name': 'CA', 'residue': 'ARG', 'chain': 'B', 'num_residue': '22', 'x': '43.330', 'y': '37.939', 'z': '29.777', 'occupancy': '1.00', 'b-factor': '18.74', 'element': 'C'}
DEBUG:file_manager:{'record': 'ATOM', 'atom_serial': '334', 'atom_name': 'C', 'residue': 'ARG', 'chain': 'B', 'num_residue': '22', 'x': '43.278', 'y': '38.551', 'z': '28.377', 'occupancy': '1.00', 'b-factor': '17.66', 'element': 'C'}
DEBUG:file_manager:{'record': 'ATOM', 'atom_serial': '335', 'atom_name': 'O', 'residue': 'ARG', 'chain': 'B', 'num_residue': '22', 'x': '44.295', 'y': '39.001', 'z': '27.831', 'occupancy': '1.00', 'b-factor': '18.77', 'element': 'O'}
DEBUG:file_manager:{'record': 'ATOM', 'atom_serial': '336', 'atom_name': 'CB', 'residue': 'ARG', 'chain': 'B', 'num_residue': '22', 'x': '43.576', 'y': '36.429', 'z': '29.653', 'occupancy': '1.00', 'b-factor': '18.71', 'element': 'C'}
DEBUG:file_manager:{'record': 'ATOM', 'atom_serial': '337', 'atom_name': 'CG', 'residue': 'ARG', 'chain': 'B', 'num_residue': '22', 'x': '43.764', 'y': '35.700', 'z': '30.974', 'occupancy': '1.00', 'b-factor': '20.63', 'element': 'C'}
DEBUG:file_manager:{'record': 'ATOM', 'atom_serial': '338', 'atom_name': 'CD', 'residue': 'ARG', 'chain': 'B', 'num_residue': '22', 'x': '43.942', 'y': '34.199', 'z': '30.741', 'occupancy': '1.00', 'b-factor': '20.53', 'element': 'C'}
DEBUG:file_manager:{'record': 'ATOM', 'atom_serial': '339', 'atom_name': 'NE', 'residue': 'ARG', 'chain': 'B', 'num_residue': '22', 'x': '42.669', 'y': '33.475', 'z': '30.717', 'occupancy': '1.00', 'b-factor': '24.67', 'element': 'N'}
DEBUG:file_manager:{'record': 'ATOM', 'atom_serial': '340', 'atom_name': 'CZ', 'residue': 'ARG', 'chain': 'B', 'num_residue': '22', 'x': '42.546', 'y': '32.167', 'z': '30.487', 'occupancy': '1.00', 'b-factor': '24.93', 'element': 'C'}
DEBUG:file_manager:{'record': 'ATOM', 'atom_serial': '341', 'atom_name': 'NH1', 'residue': 'ARG', 'chain': 'B', 'num_residue': '22', 'x': '43.622', 'y': '31.425', 'z': '30.239', 'occupancy': '1.00', 'b-factor': '25.55', 'element': 'N'}
DEBUG:file_manager:{'record': 'ATOM', 'atom_serial': '342', 'atom_name': 'NH2', 'residue': 'ARG', 'chain': 'B', 'num_residue': '22', 'x': '41.341', 'y': '31.600', 'z': '30.490', 'occupancy': '1.00', 'b-factor': '23.64', 'element': 'N'}
DEBUG:file_manager:{'record': 'ATOM', 'atom_serial': '343', 'atom_name': 'N', 'residue': 'GLY', 'chain': 'B', 'num_residue': '23', 'x': '42.084', 'y': '38.567', 'z': '27.800', 'occupancy': '1.00', 'b-factor': '15.83', 'element': 'N'}
DEBUG:file_manager:{'record': 'ATOM', 'atom_serial': '344', 'atom_name': 'CA', 'residue': 'GLY', 'chain': 'B', 'num_residue': '23', 'x': '41.935', 'y': '38.856', 'z': '26.387', 'occupancy': '1.00', 'b-factor': '13.77', 'element': 'C'}
DEBUG:file_manager:{'record': 'ATOM', 'atom_serial': '345', 'atom_name': 'C', 'residue': 'GLY', 'chain': 'B', 'num_residue': '23', 'x': '42.504', 'y': '37.733', 'z': '25.552', 'occupancy': '1.00', 'b-factor': '13.05', 'element': 'C'}
DEBUG:file_manager:{'record': 'ATOM', 'atom_serial': '346', 'atom_name': 'O', 'residue': 'GLY', 'chain': 'B', 'num_residue': '23', 'x': '42.858', 'y': '36.663', 'z': '26.078', 'occupancy': '1.00', 'b-factor': '12.21', 'element': 'O'}
DEBUG:file_manager:{'record': 'ATOM', 'atom_serial': '347', 'atom_name': 'N', 'residue': 'PHE', 'chain': 'B', 'num_residue': '24', 'x': '42.617', 'y': '37.981', 'z': '24.256', 'occupancy': '1.00', 'b-factor': '11.58', 'element': 'N'}
DEBUG:file_manager:{'record': 'ATOM', 'atom_serial': '348', 'atom_name': 'CA', 'residue': 'PHE', 'chain': 'B', 'num_residue': '24', 'x': '42.937', 'y': '36.929', 'z': '23.309', 'occupancy': '1.00', 'b-factor': '11.09', 'element': 'C'}
DEBUG:file_manager:{'record': 'ATOM', 'atom_serial': '349', 'atom_name': 'C', 'residue': 'PHE', 'chain': 'B', 'num_residue': '24', 'x': '43.426', 'y': '37.501', 'z': '21.991', 'occupancy': '1.00', 'b-factor': '11.75', 'element': 'C'}
DEBUG:file_manager:{'record': 'ATOM', 'atom_serial': '350', 'atom_name': 'O', 'residue': 'PHE', 'chain': 'B', 'num_residue': '24', 'x': '43.352', 'y': '38.712', 'z': '21.768', 'occupancy': '1.00', 'b-factor': '12.36', 'element': 'O'}
DEBUG:file_manager:{'record': 'ATOM', 'atom_serial': '351', 'atom_name': 'CB', 'residue': 'PHE', 'chain': 'B', 'num_residue': '24', 'x': '41.693', 'y': '36.044', 'z': '23.070', 'occupancy': '1.00', 'b-factor': '10.85', 'element': 'C'}
DEBUG:file_manager:{'record': 'ATOM', 'atom_serial': '352', 'atom_name': 'CG', 'residue': 'PHE', 'chain': 'B', 'num_residue': '24', 'x': '40.513', 'y': '36.789', 'z': '22.490', 'occupancy': '1.00', 'b-factor': '9.03', 'element': 'C'}
DEBUG:file_manager:{'record': 'ATOM', 'atom_serial': '353', 'atom_name': 'CD1', 'residue': 'PHE', 'chain': 'B', 'num_residue': '24', 'x': '40.357', 'y': '36.895', 'z': '21.103', 'occupancy': '1.00', 'b-factor': '10.16', 'element': 'C'}
DEBUG:file_manager:{'record': 'ATOM', 'atom_serial': '354', 'atom_name': 'CD2', 'residue': 'PHE', 'chain': 'B', 'num_residue': '24', 'x': '39.573', 'y': '37.392', 'z': '23.321', 'occupancy': '1.00', 'b-factor': '10.49', 'element': 'C'}
DEBUG:file_manager:{'record': 'ATOM', 'atom_serial': '355', 'atom_name': 'CE1', 'residue': 'PHE', 'chain': 'B', 'num_residue': '24', 'x': '39.254', 'y': '37.583', 'z': '20.555', 'occupancy': '1.00', 'b-factor': '9.69', 'element': 'C'}
DEBUG:file_manager:{'record': 'ATOM', 'atom_serial': '356', 'atom_name': 'CE2', 'residue': 'PHE', 'chain': 'B', 'num_residue': '24', 'x': '38.474', 'y': '38.090', 'z': '22.782', 'occupancy': '1.00', 'b-factor': '10.75', 'element': 'C'}
DEBUG:file_manager:{'record': 'ATOM', 'atom_serial': '357', 'atom_name': 'CZ', 'residue': 'PHE', 'chain': 'B', 'num_residue': '24', 'x': '38.325', 'y': '38.184', 'z': '21.397', 'occupancy': '1.00', 'b-factor': '10.19', 'element': 'C'}
DEBUG:file_manager:{'record': 'ATOM', 'atom_serial': '358', 'atom_name': 'N', 'residue': 'PHE', 'chain': 'B', 'num_residue': '25', 'x': '43.933', 'y': '36.633', 'z': '21.134', 'occupancy': '1.00', 'b-factor': '12.42', 'element': 'N'}
DEBUG:file_manager:{'record': 'ATOM', 'atom_serial': '359', 'atom_name': 'CA', 'residue': 'PHE', 'chain': 'B', 'num_residue': '25', 'x': '44.214', 'y': '36.982', 'z': '19.762', 'occupancy': '1.00', 'b-factor': '13.76', 'element': 'C'}
DEBUG:file_manager:{'record': 'ATOM', 'atom_serial': '360', 'atom_name': 'C', 'residue': 'PHE', 'chain': 'B', 'num_residue': '25', 'x': '43.410', 'y': '36.105', 'z': '18.822', 'occupancy': '1.00', 'b-factor': '13.56', 'element': 'C'}
DEBUG:file_manager:{'record': 'ATOM', 'atom_serial': '361', 'atom_name': 'O', 'residue': 'PHE', 'chain': 'B', 'num_residue': '25', 'x': '43.277', 'y': '34.879', 'z': '19.028', 'occupancy': '1.00', 'b-factor': '13.20', 'element': 'O'}
DEBUG:file_manager:{'record': 'ATOM', 'atom_serial': '362', 'atom_name': 'CB', 'residue': 'PHE', 'chain': 'B', 'num_residue': '25', 'x': '45.720', 'y': '36.965', 'z': '19.452', 'occupancy': '1.00', 'b-factor': '15.31', 'element': 'C'}
DEBUG:file_manager:{'record': 'ATOM', 'atom_serial': '363', 'atom_name': 'CG', 'residue': 'PHE', 'chain': 'B', 'num_residue': '25', 'x': '46.429', 'y': '35.703', 'z': '19.853', 'occupancy': '1.00', 'b-factor': '17.34', 'element': 'C'}
DEBUG:file_manager:{'record': 'ATOM', 'atom_serial': '364', 'atom_name': 'CD1', 'residue': 'PHE', 'chain': 'B', 'num_residue': '25', 'x': '46.724', 'y': '34.728', 'z': '18.902', 'occupancy': '1.00', 'b-factor': '20.70', 'element': 'C'}
DEBUG:file_manager:{'record': 'ATOM', 'atom_serial': '365', 'atom_name': 'CD2', 'residue': 'PHE', 'chain': 'B', 'num_residue': '25', 'x': '46.836', 'y': '35.503', 'z': '21.174', 'occupancy': '1.00', 'b-factor': '20.22', 'element': 'C'}
DEBUG:file_manager:{'record': 'ATOM', 'atom_serial': '366', 'atom_name': 'CE1', 'residue': 'PHE', 'chain': 'B', 'num_residue': '25', 'x': '47.401', 'y': '33.556', 'z': '19.263', 'occupancy': '1.00', 'b-factor': '21.12', 'element': 'C'}
DEBUG:file_manager:{'record': 'ATOM', 'atom_serial': '367', 'atom_name': 'CE2', 'residue': 'PHE', 'chain': 'B', 'num_residue': '25', 'x': '47.508', 'y': '34.331', 'z': '21.545', 'occupancy': '1.00', 'b-factor': '20.64', 'element': 'C'}
DEBUG:file_manager:{'record': 'ATOM', 'atom_serial': '368', 'atom_name': 'CZ', 'residue': 'PHE', 'chain': 'B', 'num_residue': '25', 'x': '47.789', 'y': '33.360', 'z': '20.582', 'occupancy': '1.00', 'b-factor': '19.89', 'element': 'C'}
DEBUG:file_manager:{'record': 'ATOM', 'atom_serial': '369', 'atom_name': 'N', 'residue': 'TYR', 'chain': 'B', 'num_residue': '26', 'x': '42.840', 'y': '36.750', 'z': '17.811', 'occupancy': '1.00', 'b-factor': '13.31', 'element': 'N'}
DEBUG:file_manager:{'record': 'ATOM', 'atom_serial': '370', 'atom_name': 'CA', 'residue': 'TYR', 'chain': 'B', 'num_residue': '26', 'x': '42.064', 'y': '36.088', 'z': '16.786', 'occupancy': '1.00', 'b-factor': '14.17', 'element': 'C'}
DEBUG:file_manager:{'record': 'ATOM', 'atom_serial': '371', 'atom_name': 'C', 'residue': 'TYR', 'chain': 'B', 'num_residue': '26', 'x': '42.810', 'y': '36.232', 'z': '15.471', 'occupancy': '1.00', 'b-factor': '15.35', 'element': 'C'}
DEBUG:file_manager:{'record': 'ATOM', 'atom_serial': '372', 'atom_name': 'O', 'residue': 'TYR', 'chain': 'B', 'num_residue': '26', 'x': '42.919', 'y': '37.329', 'z': '14.919', 'occupancy': '1.00', 'b-factor': '14.82', 'element': 'O'}
DEBUG:file_manager:{'record': 'ATOM', 'atom_serial': '373', 'atom_name': 'CB', 'residue': 'TYR', 'chain': 'B', 'num_residue': '26', 'x': '40.669', 'y': '36.712', 'z': '16.697', 'occupancy': '1.00', 'b-factor': '13.85', 'element': 'C'}
DEBUG:file_manager:{'record': 'ATOM', 'atom_serial': '374', 'atom_name': 'CG', 'residue': 'TYR', 'chain': 'B', 'num_residue': '26', 'x': '39.824', 'y': '36.158', 'z': '15.579', 'occupancy': '1.00', 'b-factor': '14.17', 'element': 'C'}
DEBUG:file_manager:{'record': 'ATOM', 'atom_serial': '375', 'atom_name': 'CD1', 'residue': 'TYR', 'chain': 'B', 'num_residue': '26', 'x': '39.504', 'y': '34.799', 'z': '15.529', 'occupancy': '1.00', 'b-factor': '14.37', 'element': 'C'}
DEBUG:file_manager:{'record': 'ATOM', 'atom_serial': '376', 'atom_name': 'CD2', 'residue': 'TYR', 'chain': 'B', 'num_residue': '26', 'x': '39.335', 'y': '36.985', 'z': '14.569', 'occupancy': '1.00', 'b-factor': '14.38', 'element': 'C'}
DEBUG:file_manager:{'record': 'ATOM', 'atom_serial': '377', 'atom_name': 'CE1', 'residue': 'TYR', 'chain': 'B', 'num_residue': '26', 'x': '38.724', 'y': '34.280', 'z': '14.503', 'occupancy': '1.00', 'b-factor': '15.71', 'element': 'C'}
DEBUG:file_manager:{'record': 'ATOM', 'atom_serial': '378', 'atom_name': 'CE2', 'residue': 'TYR', 'chain': 'B', 'num_residue': '26', 'x': '38.558', 'y': '36.479', 'z': '13.549', 'occupancy': '1.00', 'b-factor': '14.39', 'element': 'C'}
DEBUG:file_manager:{'record': 'ATOM', 'atom_serial': '379', 'atom_name': 'CZ', 'residue': 'TYR', 'chain': 'B', 'num_residue': '26', 'x': '38.250', 'y': '35.130', 'z': '13.516', 'occupancy': '1.00', 'b-factor': '15.05', 'element': 'C'}
DEBUG:file_manager:{'record': 'ATOM', 'atom_serial': '380', 'atom_name': 'OH', 'residue': 'TYR', 'chain': 'B', 'num_residue': '26', 'x': '37.476', 'y': '34.621', 'z': '12.496', 'occupancy': '1.00', 'b-factor': '17.80', 'element': 'O'}
DEBUG:file_manager:{'record': 'ATOM', 'atom_serial': '381', 'atom_name': 'N', 'residue': 'THR', 'chain': 'B', 'num_residue': '27', 'x': '43.340', 'y': '35.116', 'z': '14.984', 'occupancy': '1.00', 'b-factor': '16.26', 'element': 'N'}
DEBUG:file_manager:{'record': 'ATOM', 'atom_serial': '382', 'atom_name': 'CA', 'residue': 'THR', 'chain': 'B', 'num_residue': '27', 'x': '44.214', 'y': '35.110', 'z': '13.817', 'occupancy': '1.00', 'b-factor': '17.93', 'element': 'C'}
DEBUG:file_manager:{'record': 'ATOM', 'atom_serial': '383', 'atom_name': 'C', 'residue': 'THR', 'chain': 'B', 'num_residue': '27', 'x': '43.681', 'y': '34.112', 'z': '12.788', 'occupancy': '1.00', 'b-factor': '18.16', 'element': 'C'}
DEBUG:file_manager:{'record': 'ATOM', 'atom_serial': '384', 'atom_name': 'O', 'residue': 'THR', 'chain': 'B', 'num_residue': '27', 'x': '44.216', 'y': '33.003', 'z': '12.670', 'occupancy': '1.00', 'b-factor': '18.88', 'element': 'O'}
DEBUG:file_manager:{'record': 'ATOM', 'atom_serial': '385', 'atom_name': 'CB', 'residue': 'THR', 'chain': 'B', 'num_residue': '27', 'x': '45.674', 'y': '34.761', 'z': '14.217', 'occupancy': '1.00', 'b-factor': '18.54', 'element': 'C'}
DEBUG:file_manager:{'record': 'ATOM', 'atom_serial': '386', 'atom_name': 'OG1', 'residue': 'THR', 'chain': 'B', 'num_residue': '27', 'x': '45.694', 'y': '33.529', 'z': '14.958', 'occupancy': '1.00', 'b-factor': '21.71', 'element': 'O'}
DEBUG:file_manager:{'record': 'ATOM', 'atom_serial': '387', 'atom_name': 'CG2', 'residue': 'THR', 'chain': 'B', 'num_residue': '27', 'x': '46.257', 'y': '35.850', 'z': '15.090', 'occupancy': '1.00', 'b-factor': '19.52', 'element': 'C'}
DEBUG:file_manager:{'record': 'ATOM', 'atom_serial': '388', 'atom_name': 'N', 'residue': 'PRO', 'chain': 'B', 'num_residue': '28', 'x': '42.619', 'y': '34.491', 'z': '12.055', 'occupancy': '1.00', 'b-factor': '18.18', 'element': 'N'}
DEBUG:file_manager:{'record': 'ATOM', 'atom_serial': '389', 'atom_name': 'CA', 'residue': 'PRO', 'chain': 'B', 'num_residue': '28', 'x': '41.968', 'y': '33.584', 'z': '11.108', 'occupancy': '1.00', 'b-factor': '18.71', 'element': 'C'}
DEBUG:file_manager:{'record': 'ATOM', 'atom_serial': '390', 'atom_name': 'C', 'residue': 'PRO', 'chain': 'B', 'num_residue': '28', 'x': '42.830', 'y': '33.197', 'z': '9.908', 'occupancy': '1.00', 'b-factor': '19.21', 'element': 'C'}
DEBUG:file_manager:{'record': 'ATOM', 'atom_serial': '391', 'atom_name': 'O', 'residue': 'PRO', 'chain': 'B', 'num_residue': '28', 'x': '42.620', 'y': '32.111', 'z': '9.362', 'occupancy': '1.00', 'b-factor': '20.27', 'element': 'O'}
DEBUG:file_manager:{'record': 'ATOM', 'atom_serial': '392', 'atom_name': 'CB', 'residue': 'PRO', 'chain': 'B', 'num_residue': '28', 'x': '40.728', 'y': '34.361', 'z': '10.660', 'occupancy': '1.00', 'b-factor': '18.86', 'element': 'C'}
DEBUG:file_manager:{'record': 'ATOM', 'atom_serial': '393', 'atom_name': 'CG', 'residue': 'PRO', 'chain': 'B', 'num_residue': '28', 'x': '41.063', 'y': '35.791', 'z': '10.904', 'occupancy': '1.00', 'b-factor': '18.16', 'element': 'C'}
DEBUG:file_manager:{'record': 'ATOM', 'atom_serial': '394', 'atom_name': 'CD', 'residue': 'PRO', 'chain': 'B', 'num_residue': '28', 'x': '41.944', 'y': '35.805', 'z': '12.107', 'occupancy': '1.00', 'b-factor': '17.60', 'element': 'C'}
DEBUG:file_manager:Data list before return : [{'record': 'ATOM', 'atom_serial': '1', 'atom_name': 'N', 'residue': 'GLY', 'chain': 'A', 'num_residue': '1', 'x': '45.287', 'y': '26.625', 'z': '11.749', 'occupancy': '1.00', 'b-factor': '18.63', 'element': 'N'}, {'record': 'ATOM', 'atom_serial': '2', 'atom_name': 'CA', 'residue': 'GLY', 'chain': 'A', 'num_residue': '1', 'x': '45.011', 'y': '27.675', 'z': '12.767', 'occupancy': '1.00', 'b-factor': '16.88', 'element': 'C'}, {'record': 'ATOM', 'atom_serial': '3', 'atom_name': 'C', 'residue': 'GLY', 'chain': 'A', 'num_residue': '1', 'x': '43.627', 'y': '27.520', 'z': '13.378', 'occupancy': '1.00', 'b-factor': '16.08', 'element': 'C'}, {'record': 'ATOM', 'atom_serial': '4', 'atom_name': 'O', 'residue': 'GLY', 'chain': 'A', 'num_residue': '1', 'x': '42.965', 'y': '26.492', 'z': '13.192', 'occupancy': '1.00', 'b-factor': '16.01', 'element': 'O'}, {'record': 'ATOM', 'atom_serial': '5', 'atom_name': 'N', 'residue': 'ILE', 'chain': 'A', 'num_residue': '2', 'x': '43.187', 'y': '28.551', 'z': '14.105', 'occupancy': '1.00', 'b-factor': '14.92', 'element': 'N'}, {'record': 'ATOM', 'atom_serial': '6', 'atom_name': 'CA', 'residue': 'ILE', 'chain': 'A', 'num_residue': '2', 'x': '41.938', 'y': '28.466', 'z': '14.864', 'occupancy': '1.00', 'b-factor': '13.99', 'element': 'C'}, {'record': 'ATOM', 'atom_serial': '7', 'atom_name': 'C', 'residue': 'ILE', 'chain': 'A', 'num_residue': '2', 'x': '40.701', 'y': '28.168', 'z': '14.012', 'occupancy': '1.00', 'b-factor': '13.32', 'element': 'C'}, {'record': 'ATOM', 'atom_serial': '8', 'atom_name': 'O', 'residue': 'ILE', 'chain': 'A', 'num_residue': '2', 'x': '39.787', 'y': '27.495', 'z': '14.459', 'occupancy': '1.00', 'b-factor': '12.70', 'element': 'O'}, {'record': 'ATOM', 'atom_serial': '9', 'atom_name': 'CB', 'residue': 'ILE', 'chain': 'A', 'num_residue': '2', 'x': '41.704', 'y': '29.735', 'z': '15.731', 'occupancy': '1.00', 'b-factor': '13.58', 'element': 'C'}, {'record': 'ATOM', 'atom_serial': '10', 'atom_name': 'CG1', 'residue': 'ILE', 'chain': 'A', 'num_residue': '2', 'x': '40.666', 'y': '29.457', 'z': '16.823', 'occupancy': '1.00', 'b-factor': '13.36', 'element': 'C'}, {'record': 'ATOM', 'atom_serial': '11', 'atom_name': 'CG2', 'residue': 'ILE', 'chain': 'A', 'num_residue': '2', 'x': '41.350', 'y': '30.978', 'z': '14.866', 'occupancy': '1.00', 'b-factor': '13.76', 'element': 'C'}, {'record': 'ATOM', 'atom_serial': '12', 'atom_name': 'CD1', 'residue': 'ILE', 'chain': 'A', 'num_residue': '2', 'x': '40.401', 'y': '30.636', 'z': '17.783', 'occupancy': '1.00', 'b-factor': '13.94', 'element': 'C'}, {'record': 'ATOM', 'atom_serial': '13', 'atom_name': 'N', 'residue': 'VAL', 'chain': 'A', 'num_residue': '3', 'x': '40.672', 'y': '28.678', 'z': '12.784', 'occupancy': '1.00', 'b-factor': '13.48', 'element': 'N'}, {'record': 'ATOM', 'atom_serial': '14', 'atom_name': 'CA', 'residue': 'VAL', 'chain': 'A', 'num_residue': '3', 'x': '39.531', 'y': '28.445', 'z': '11.915', 'occupancy': '1.00', 'b-factor': '14.36', 'element': 'C'}, {'record': 'ATOM', 'atom_serial': '15', 'atom_name': 'C', 'residue': 'VAL', 'chain': 'A', 'num_residue': '3', 'x': '39.428', 'y': '26.957', 'z': '11.558', 'occupancy': '1.00', 'b-factor': '13.95', 'element': 'C'}, {'record': 'ATOM', 'atom_serial': '16', 'atom_name': 'O', 'residue': 'VAL', 'chain': 'A', 'num_residue': '3', 'x': '38.362', 'y': '26.356', 'z': '11.641', 'occupancy': '1.00', 'b-factor': '13.81', 'element': 'O'}, {'record': 'ATOM', 'atom_serial': '17', 'atom_name': 'CB', 'residue': 'VAL', 'chain': 'A', 'num_residue': '3', 'x': '39.615', 'y': '29.341', 'z': '10.665', 'occupancy': '1.00', 'b-factor': '14.65', 'element': 'C'}, {'record': 'ATOM', 'atom_serial': '18', 'atom_name': 'CG1', 'residue': 'VAL', 'chain': 'A', 'num_residue': '3', 'x': '38.580', 'y': '28.945', 'z': '9.641', 'occupancy': '1.00', 'b-factor': '15.73', 'element': 'C'}, {'record': 'ATOM', 'atom_serial': '19', 'atom_name': 'CG2', 'residue': 'VAL', 'chain': 'A', 'num_residue': '3', 'x': '39.427', 'y': '30.792', 'z': '11.072', 'occupancy': '1.00', 'b-factor': '15.80', 'element': 'C'}, {'record': 'ATOM', 'atom_serial': '20', 'atom_name': 'N', 'residue': 'GLU', 'chain': 'A', 'num_residue': '4', 'x': '40.559', 'y': '26.366', 'z': '11.197', 'occupancy': '1.00', 'b-factor': '14.83', 'element': 'N'}, {'record': 'ATOM', 'atom_serial': '21', 'atom_name': 'CA', 'residue': 'GLU', 'chain': 'A', 'num_residue': '4', 'x': '40.613', 'y': '24.948', 'z': '10.877', 'occupancy': '1.00', 'b-factor': '15.56', 'element': 'C'}, {'record': 'ATOM', 'atom_serial': '22', 'atom_name': 'C', 'residue': 'GLU', 'chain': 'A', 'num_residue': '4', 'x': '40.194', 'y': '24.097', 'z': '12.081', 'occupancy': '1.00', 'b-factor': '14.75', 'element': 'C'}, {'record': 'ATOM', 'atom_serial': '23', 'atom_name': 'O', 'residue': 'GLU', 'chain': 'A', 'num_residue': '4', 'x': '39.462', 'y': '23.132', 'z': '11.931', 'occupancy': '1.00', 'b-factor': '15.09', 'element': 'O'}, {'record': 'ATOM', 'atom_serial': '24', 'atom_name': 'CB', 'residue': 'GLU', 'chain': 'A', 'num_residue': '4', 'x': '42.030', 'y': '24.571', 'z': '10.437', 'occupancy': '1.00', 'b-factor': '16.46', 'element': 'C'}, {'record': 'ATOM', 'atom_serial': '25', 'atom_name': 'CG', 'residue': 'GLU', 'chain': 'A', 'num_residue': '4', 'x': '42.493', 'y': '25.203', 'z': '9.122', 'occupancy': '1.00', 'b-factor': '20.40', 'element': 'C'}, {'record': 'ATOM', 'atom_serial': '26', 'atom_name': 'CD', 'residue': 'GLU', 'chain': 'A', 'num_residue': '4', 'x': '42.553', 'y': '26.730', 'z': '9.153', 'occupancy': '1.00', 'b-factor': '22.85', 'element': 'C'}, {'record': 'ATOM', 'atom_serial': '27', 'atom_name': 'OE1', 'residue': 'GLU', 'chain': 'A', 'num_residue': '4', 'x': '43.054', 'y': '27.315', 'z': '10.146', 'occupancy': '1.00', 'b-factor': '22.33', 'element': 'O'}, {'record': 'ATOM', 'atom_serial': '28', 'atom_name': 'OE2', 'residue': 'GLU', 'chain': 'A', 'num_residue': '4', 'x': '42.099', 'y': '27.345', 'z': '8.161', 'occupancy': '1.00', 'b-factor': '27.15', 'element': 'O'}, {'record': 'ATOM', 'atom_serial': '29', 'atom_name': 'N', 'residue': 'GLN', 'chain': 'A', 'num_residue': '5', 'x': '40.633', 'y': '24.491', 'z': '13.274', 'occupancy': '1.00', 'b-factor': '13.80', 'element': 'N'}, {'record': 'ATOM', 'atom_serial': '30', 'atom_name': 'CA', 'residue': 'GLN', 'chain': 'A', 'num_residue': '5', 'x': '40.395', 'y': '23.679', 'z': '14.478', 'occupancy': '1.00', 'b-factor': '13.52', 'element': 'C'}, {'record': 'ATOM', 'atom_serial': '31', 'atom_name': 'C', 'residue': 'GLN', 'chain': 'A', 'num_residue': '5', 'x': '39.037', 'y': '23.874', 'z': '15.152', 'occupancy': '1.00', 'b-factor': '12.91', 'element': 'C'}, {'record': 'ATOM', 'atom_serial': '32', 'atom_name': 'O', 'residue': 'GLN', 'chain': 'A', 'num_residue': '5', 'x': '38.522', 'y': '22.963', 'z': '15.817', 'occupancy': '1.00', 'b-factor': '12.33', 'element': 'O'}, {'record': 'ATOM', 'atom_serial': '33', 'atom_name': 'CB', 'residue': 'GLN', 'chain': 'A', 'num_residue': '5', 'x': '41.529', 'y': '23.873', 'z': '15.482', 'occupancy': '1.00', 'b-factor': '13.97', 'element': 'C'}, {'record': 'ATOM', 'atom_serial': '34', 'atom_name': 'CG', 'residue': 'GLN', 'chain': 'A', 'num_residue': '5', 'x': '42.952', 'y': '23.553', 'z': '14.930', 'occupancy': '1.00', 'b-factor': '15.12', 'element': 'C'}, {'record': 'ATOM', 'atom_serial': '35', 'atom_name': 'CD', 'residue': 'GLN', 'chain': 'A', 'num_residue': '5', 'x': '43.051', 'y': '22.244', 'z': '14.131', 'occupancy': '1.00', 'b-factor': '15.95', 'element': 'C'}, {'record': 'ATOM', 'atom_serial': '36', 'atom_name': 'OE1', 'residue': 'GLN', 'chain': 'A', 'num_residue': '5', 'x': '43.739', 'y': '22.167', 'z': '13.101', 'occupancy': '1.00', 'b-factor': '21.11', 'element': 'O'}, {'record': 'ATOM', 'atom_serial': '37', 'atom_name': 'NE2', 'residue': 'GLN', 'chain': 'A', 'num_residue': '5', 'x': '42.349', 'y': '21.227', 'z': '14.586', 'occupancy': '1.00', 'b-factor': '13.34', 'element': 'N'}, {'record': 'ATOM', 'atom_serial': '38', 'atom_name': 'N', 'residue': 'CYS', 'chain': 'A', 'num_residue': '6', 'x': '38.442', 'y': '25.058', 'z': '14.975', 'occupancy': '1.00', 'b-factor': '12.06', 'element': 'N'}, {'record': 'ATOM', 'atom_serial': '39', 'atom_name': 'CA', 'residue': 'CYS', 'chain': 'A', 'num_residue': '6', 'x': '37.251', 'y': '25.427', 'z': '15.747', 'occupancy': '1.00', 'b-factor': '11.91', 'element': 'C'}, {'record': 'ATOM', 'atom_serial': '40', 'atom_name': 'C', 'residue': 'CYS', 'chain': 'A', 'num_residue': '6', 'x': '36.023', 'y': '25.740', 'z': '14.916', 'occupancy': '1.00', 'b-factor': '11.55', 'element': 'C'}, {'record': 'ATOM', 'atom_serial': '41', 'atom_name': 'O', 'residue': 'CYS', 'chain': 'A', 'num_residue': '6', 'x': '34.905', 'y': '25.643', 'z': '15.420', 'occupancy': '1.00', 'b-factor': '10.82', 'element': 'O'}, {'record': 'ATOM', 'atom_serial': '42', 'atom_name': 'CB', 'residue': 'CYS', 'chain': 'A', 'num_residue': '6', 'x': '37.565', 'y': '26.610', 'z': '16.659', 'occupancy': '1.00', 'b-factor': '11.02', 'element': 'C'}, {'record': 'ATOM', 'atom_serial': '43', 'atom_name': 'SG', 'residue': 'CYS', 'chain': 'A', 'num_residue': '6', 'x': '38.446', 'y': '26.023', 'z': '18.125', 'occupancy': '1.00', 'b-factor': '12.80', 'element': 'S'}, {'record': 'ATOM', 'atom_serial': '44', 'atom_name': 'N', 'residue': 'CYS', 'chain': 'A', 'num_residue': '7', 'x': '36.248', 'y': '26.079', 'z': '13.647', 'occupancy': '1.00', 'b-factor': '12.90', 'element': 'N'}, {'record': 'ATOM', 'atom_serial': '45', 'atom_name': 'CA', 'residue': 'ACYS', 'chain': 'A', 'num_residue': '7', 'x': '35.177', 'y': '26.394', 'z': '12.709', 'occupancy': '0.79', 'b-factor': '13.32', 'element': 'C'}, {'record': 'ATOM', 'atom_serial': '46', 'atom_name': 'CA', 'residue': 'BCYS', 'chain': 'A', 'num_residue': '7', 'x': '35.149', 'y': '26.379', 'z': '12.748', 'occupancy': '0.21', 'b-factor': '13.45', 'element': 'C'}, {'record': 'ATOM', 'atom_serial': '47', 'atom_name': 'C', 'residue': 'CYS', 'chain': 'A', 'num_residue': '7', 'x': '34.922', 'y': '25.248', 'z': '11.737', 'occupancy': '1.00', 'b-factor': '13.35', 'element': 'C'}, {'record': 'ATOM', 'atom_serial': '48', 'atom_name': 'O', 'residue': 'CYS', 'chain': 'A', 'num_residue': '7', 'x': '33.806', 'y': '24.738', 'z': '11.635', 'occupancy': '1.00', 'b-factor': '13.85', 'element': 'O'}, {'record': 'ATOM', 'atom_serial': '49', 'atom_name': 'CB', 'residue': 'ACYS', 'chain': 'A', 'num_residue': '7', 'x': '35.528', 'y': '27.677', 'z': '11.950', 'occupancy': '0.79', 'b-factor': '13.58', 'element': 'C'}, {'record': 'ATOM', 'atom_serial': '50', 'atom_name': 'CB', 'residue': 'BCYS', 'chain': 'A', 'num_residue': '7', 'x': '35.323', 'y': '27.775', 'z': '12.119', 'occupancy': '0.21', 'b-factor': '13.50', 'element': 'C'}, {'record': 'ATOM', 'atom_serial': '51', 'atom_name': 'SG', 'residue': 'ACYS', 'chain': 'A', 'num_residue': '7', 'x': '34.438', 'y': '28.090', 'z': '10.588', 'occupancy': '0.79', 'b-factor': '15.10', 'element': 'S'}, {'record': 'ATOM', 'atom_serial': '52', 'atom_name': 'SG', 'residue': 'BCYS', 'chain': 'A', 'num_residue': '7', 'x': '35.636', 'y': '27.919', 'z': '10.353', 'occupancy': '0.21', 'b-factor': '15.81', 'element': 'S'}, {'record': 'ATOM', 'atom_serial': '53', 'atom_name': 'N', 'residue': 'THR', 'chain': 'A', 'num_residue': '8', 'x': '35.978', 'y': '24.839', 'z': '11.030', 'occupancy': '1.00', 'b-factor': '13.82', 'element': 'N'}, {'record': 'ATOM', 'atom_serial': '54', 'atom_name': 'CA', 'residue': 'THR', 'chain': 'A', 'num_residue': '8', 'x': '35.839', 'y': '23.728', 'z': '10.080', 'occupancy': '1.00', 'b-factor': '15.67', 'element': 'C'}, {'record': 'ATOM', 'atom_serial': '55', 'atom_name': 'C', 'residue': 'THR', 'chain': 'A', 'num_residue': '8', 'x': '35.726', 'y': '22.378', 'z': '10.790', 'occupancy': '1.00', 'b-factor': '14.77', 'element': 'C'}, {'record': 'ATOM', 'atom_serial': '56', 'atom_name': 'O', 'residue': 'THR', 'chain': 'A', 'num_residue': '8', 'x': '35.218', 'y': '21.421', 'z': '10.221', 'occupancy': '1.00', 'b-factor': '16.48', 'element': 'O'}, {'record': 'ATOM', 'atom_serial': '57', 'atom_name': 'CB', 'residue': 'THR', 'chain': 'A', 'num_residue': '8', 'x': '36.974', 'y': '23.676', 'z': '9.042', 'occupancy': '1.00', 'b-factor': '15.66', 'element': 'C'}, {'record': 'ATOM', 'atom_serial': '58', 'atom_name': 'OG1', 'residue': 'THR', 'chain': 'A', 'num_residue': '8', 'x': '38.232', 'y': '23.547', 'z': '9.701', 'occupancy': '1.00', 'b-factor': '22.83', 'element': 'O'}, {'record': 'ATOM', 'atom_serial': '59', 'atom_name': 'CG2', 'residue': 'THR', 'chain': 'A', 'num_residue': '8', 'x': '36.975', 'y': '24.917', 'z': '8.173', 'occupancy': '1.00', 'b-factor': '20.32', 'element': 'C'}, {'record': 'ATOM', 'atom_serial': '60', 'atom_name': 'N', 'residue': 'SER', 'chain': 'A', 'num_residue': '9', 'x': '36.207', 'y': '22.312', 'z': '12.029', 'occupancy': '1.00', 'b-factor': '13.60', 'element': 'N'}, {'record': 'ATOM', 'atom_serial': '61', 'atom_name': 'CA', 'residue': 'SER', 'chain': 'A', 'num_residue': '9', 'x': '36.019', 'y': '21.140', 'z': '12.882', 'occupancy': '1.00', 'b-factor': '12.98', 'element': 'C'}, {'record': 'ATOM', 'atom_serial': '62', 'atom_name': 'C', 'residue': 'SER', 'chain': 'A', 'num_residue': '9', 'x': '35.531', 'y': '21.600', 'z': '14.247', 'occupancy': '1.00', 'b-factor': '12.38', 'element': 'C'}, {'record': 'ATOM', 'atom_serial': '63', 'atom_name': 'O', 'residue': 'SER', 'chain': 'A', 'num_residue': '9', 'x': '35.458', 'y': '22.796', 'z': '14.496', 'occupancy': '1.00', 'b-factor': '11.87', 'element': 'O'}, {'record': 'ATOM', 'atom_serial': '64', 'atom_name': 'CB', 'residue': 'SER', 'chain': 'A', 'num_residue': '9', 'x': '37.321', 'y': '20.353', 'z': '13.007', 'occupancy': '1.00', 'b-factor': '14.17', 'element': 'C'}, {'record': 'ATOM', 'atom_serial': '65', 'atom_name': 'OG', 'residue': 'SER', 'chain': 'A', 'num_residue': '9', 'x': '38.298', 'y': '21.113', 'z': '13.661', 'occupancy': '1.00', 'b-factor': '16.93', 'element': 'O'}, {'record': 'ATOM', 'atom_serial': '66', 'atom_name': 'N', 'residue': 'ILE', 'chain': 'A', 'num_residue': '10', 'x': '35.209', 'y': '20.658', 'z': '15.123', 'occupancy': '1.00', 'b-factor': '11.87', 'element': 'N'}, {'record': 'ATOM', 'atom_serial': '67', 'atom_name': 'CA', 'residue': 'ILE', 'chain': 'A', 'num_residue': '10', 'x': '34.637', 'y': '20.971', 'z': '16.424', 'occupancy': '1.00', 'b-factor': '12.61', 'element': 'C'}, {'record': 'ATOM', 'atom_serial': '68', 'atom_name': 'C', 'residue': 'ILE', 'chain': 'A', 'num_residue': '10', 'x': '35.711', 'y': '21.556', 'z': '17.345', 'occupancy': '1.00', 'b-factor': '11.82', 'element': 'C'}, {'record': 'ATOM', 'atom_serial': '69', 'atom_name': 'O', 'residue': 'ILE', 'chain': 'A', 'num_residue': '10', 'x': '36.799', 'y': '20.995', 'z': '17.507', 'occupancy': '1.00', 'b-factor': '11.75', 'element': 'O'}, {'record': 'ATOM', 'atom_serial': '70', 'atom_name': 'CB', 'residue': 'ILE', 'chain': 'A', 'num_residue': '10', 'x': '33.984', 'y': '19.726', 'z': '17.058', 'occupancy': '1.00', 'b-factor': '12.64', 'element': 'C'}, {'record': 'ATOM', 'atom_serial': '71', 'atom_name': 'CG1', 'residue': 'ILE', 'chain': 'A', 'num_residue': '10', 'x': '32.832', 'y': '19.213', 'z': '16.182', 'occupancy': '1.00', 'b-factor': '13.29', 'element': 'C'}, {'record': 'ATOM', 'atom_serial': '72', 'atom_name': 'CG2', 'residue': 'ILE', 'chain': 'A', 'num_residue': '10', 'x': '33.454', 'y': '20.041', 'z': '18.451', 'occupancy': '1.00', 'b-factor': '13.38', 'element': 'C'}, {'record': 'ATOM', 'atom_serial': '73', 'atom_name': 'CD1', 'residue': 'ILE', 'chain': 'A', 'num_residue': '10', 'x': '32.262', 'y': '17.880', 'z': '16.613', 'occupancy': '1.00', 'b-factor': '16.80', 'element': 'C'}, {'record': 'ATOM', 'atom_serial': '74', 'atom_name': 'N', 'residue': 'CYS', 'chain': 'A', 'num_residue': '11', 'x': '35.392', 'y': '22.710', 'z': '17.930', 'occupancy': '1.00', 'b-factor': '11.80', 'element': 'N'}, {'record': 'ATOM', 'atom_serial': '75', 'atom_name': 'CA', 'residue': 'CYS', 'chain': 'A', 'num_residue': '11', 'x': '36.292', 'y': '23.386', 'z': '18.837', 'occupancy': '1.00', 'b-factor': '12.19', 'element': 'C'}, {'record': 'ATOM', 'atom_serial': '76', 'atom_name': 'C', 'residue': 'CYS', 'chain': 'A', 'num_residue': '11', 'x': '36.421', 'y': '22.639', 'z': '20.175', 'occupancy': '1.00', 'b-factor': '12.46', 'element': 'C'}, {'record': 'ATOM', 'atom_serial': '77', 'atom_name': 'O', 'residue': 'CYS', 'chain': 'A', 'num_residue': '11', 'x': '35.697', 'y': '21.666', 'z': '20.422', 'occupancy': '1.00', 'b-factor': '12.79', 'element': 'O'}, {'record': 'ATOM', 'atom_serial': '78', 'atom_name': 'CB', 'residue': 'CYS', 'chain': 'A', 'num_residue': '11', 'x': '35.776', 'y': '24.815', 'z': '19.038', 'occupancy': '1.00', 'b-factor': '12.29', 'element': 'C'}, {'record': 'ATOM', 'atom_serial': '79', 'atom_name': 'SG', 'residue': 'CYS', 'chain': 'A', 'num_residue': '11', 'x': '36.999', 'y': '26.021', 'z': '19.591', 'occupancy': '1.00', 'b-factor': '13.08', 'element': 'S'}, {'record': 'ATOM', 'atom_serial': '80', 'atom_name': 'N', 'residue': 'SER', 'chain': 'A', 'num_residue': '12', 'x': '37.366', 'y': '23.086', 'z': '21.005', 'occupancy': '1.00', 'b-factor': '12.91', 'element': 'N'}, {'record': 'ATOM', 'atom_serial': '81', 'atom_name': 'CA', 'residue': 'SER', 'chain': 'A', 'num_residue': '12', 'x': '37.544', 'y': '22.547', 'z': '22.361', 'occupancy': '1.00', 'b-factor': '13.55', 'element': 'C'}, {'record': 'ATOM', 'atom_serial': '82', 'atom_name': 'C', 'residue': 'SER', 'chain': 'A', 'num_residue': '12', 'x': '38.044', 'y': '23.660', 'z': '23.269', 'occupancy': '1.00', 'b-factor': '12.66', 'element': 'C'}, {'record': 'ATOM', 'atom_serial': '83', 'atom_name': 'O', 'residue': 'SER', 'chain': 'A', 'num_residue': '12', 'x': '38.685', 'y': '24.611', 'z': '22.809', 'occupancy': '1.00', 'b-factor': '12.59', 'element': 'O'}, {'record': 'ATOM', 'atom_serial': '84', 'atom_name': 'CB', 'residue': 'SER', 'chain': 'A', 'num_residue': '12', 'x': '38.539', 'y': '21.378', 'z': '22.370', 'occupancy': '1.00', 'b-factor': '13.30', 'element': 'C'}, {'record': 'ATOM', 'atom_serial': '85', 'atom_name': 'OG', 'residue': 'SER', 'chain': 'A', 'num_residue': '12', 'x': '39.886', 'y': '21.781', 'z': '22.184', 'occupancy': '1.00', 'b-factor': '16.19', 'element': 'O'}, {'record': 'ATOM', 'atom_serial': '86', 'atom_name': 'N', 'residue': 'LEU', 'chain': 'A', 'num_residue': '13', 'x': '37.786', 'y': '23.522', 'z': '24.564', 'occupancy': '1.00', 'b-factor': '12.20', 'element': 'N'}, {'record': 'ATOM', 'atom_serial': '87', 'atom_name': 'CA', 'residue': 'LEU', 'chain': 'A', 'num_residue': '13', 'x': '38.269', 'y': '24.518', 'z': '25.522', 'occupancy': '1.00', 'b-factor': '11.15', 'element': 'C'}, {'record': 'ATOM', 'atom_serial': '88', 'atom_name': 'C', 'residue': 'LEU', 'chain': 'A', 'num_residue': '13', 'x': '39.786', 'y': '24.514', 'z': '25.536', 'occupancy': '1.00', 'b-factor': '11.71', 'element': 'C'}, {'record': 'ATOM', 'atom_serial': '89', 'atom_name': 'O', 'residue': 'LEU', 'chain': 'A', 'num_residue': '13', 'x': '40.451', 'y': '25.559', 'z': '25.617', 'occupancy': '1.00', 'b-factor': '11.74', 'element': 'O'}, {'record': 'ATOM', 'atom_serial': '90', 'atom_name': 'CB', 'residue': 'LEU', 'chain': 'A', 'num_residue': '13', 'x': '37.714', 'y': '24.230', 'z': '26.918', 'occupancy': '1.00', 'b-factor': '10.46', 'element': 'C'}, {'record': 'ATOM', 'atom_serial': '91', 'atom_name': 'CG', 'residue': 'LEU', 'chain': 'A', 'num_residue': '13', 'x': '38.186', 'y': '25.176', 'z': '28.032', 'occupancy': '1.00', 'b-factor': '8.71', 'element': 'C'}, {'record': 'ATOM', 'atom_serial': '92', 'atom_name': 'CD1', 'residue': 'LEU', 'chain': 'A', 'num_residue': '13', 'x': '37.829', 'y': '26.620', 'z': '27.694', 'occupancy': '1.00', 'b-factor': '9.64', 'element': 'C'}, {'record': 'ATOM', 'atom_serial': '93', 'atom_name': 'CD2', 'residue': 'LEU', 'chain': 'A', 'num_residue': '13', 'x': '37.600', 'y': '24.760', 'z': '29.359', 'occupancy': '1.00', 'b-factor': '9.98', 'element': 'C'}, {'record': 'ATOM', 'atom_serial': '94', 'atom_name': 'N', 'residue': 'TYR', 'chain': 'A', 'num_residue': '14', 'x': '40.347', 'y': '23.314', 'z': '25.448', 'occupancy': '1.00', 'b-factor': '12.72', 'element': 'N'}, {'record': 'ATOM', 'atom_serial': '95', 'atom_name': 'CA', 'residue': 'TYR', 'chain': 'A', 'num_residue': '14', 'x': '41.761', 'y': '23.149', 'z': '25.398', 'occupancy': '1.00', 'b-factor': '13.90', 'element': 'C'}, {'record': 'ATOM', 'atom_serial': '96', 'atom_name': 'C', 'residue': 'TYR', 'chain': 'A', 'num_residue': '14', 'x': '42.402', 'y': '24.035', 'z': '24.315', 'occupancy': '1.00', 'b-factor': '14.14', 'element': 'C'}, {'record': 'ATOM', 'atom_serial': '97', 'atom_name': 'O', 'residue': 'TYR', 'chain': 'A', 'num_residue': '14', 'x': '43.387', 'y': '24.731', 'z': '24.560', 'occupancy': '1.00', 'b-factor': '14.59', 'element': 'O'}, {'record': 'ATOM', 'atom_serial': '98', 'atom_name': 'CB', 'residue': 'TYR', 'chain': 'A', 'num_residue': '14', 'x': '42.057', 'y': '21.672', 'z': '25.143', 'occupancy': '1.00', 'b-factor': '15.45', 'element': 'C'}, {'record': 'ATOM', 'atom_serial': '99', 'atom_name': 'CG', 'residue': 'TYR', 'chain': 'A', 'num_residue': '14', 'x': '43.515', 'y': '21.398', 'z': '25.202', 'occupancy': '1.00', 'b-factor': '16.18', 'element': 'C'}, {'record': 'ATOM', 'atom_serial': '100', 'atom_name': 'CD1', 'residue': 'TYR', 'chain': 'A', 'num_residue': '14', 'x': '44.086', 'y': '20.852', 'z': '26.350', 'occupancy': '1.00', 'b-factor': '17.33', 'element': 'C'}, {'record': 'ATOM', 'atom_serial': '101', 'atom_name': 'CD2', 'residue': 'TYR', 'chain': 'A', 'num_residue': '14', 'x': '44.349', 'y': '21.744', 'z': '24.132', 'occupancy': '1.00', 'b-factor': '16.59', 'element': 'C'}, {'record': 'ATOM', 'atom_serial': '102', 'atom_name': 'CE1', 'residue': 'TYR', 'chain': 'A', 'num_residue': '14', 'x': '45.441', 'y': '20.629', 'z': '26.414', 'occupancy': '1.00', 'b-factor': '17.09', 'element': 'C'}, {'record': 'ATOM', 'atom_serial': '103', 'atom_name': 'CE2', 'residue': 'TYR', 'chain': 'A', 'num_residue': '14', 'x': '45.695', 'y': '21.529', 'z': '24.185', 'occupancy': '1.00', 'b-factor': '18.99', 'element': 'C'}, {'record': 'ATOM', 'atom_serial': '104', 'atom_name': 'CZ', 'residue': 'TYR', 'chain': 'A', 'num_residue': '14', 'x': '46.239', 'y': '20.965', 'z': '25.330', 'occupancy': '1.00', 'b-factor': '17.31', 'element': 'C'}, {'record': 'ATOM', 'atom_serial': '105', 'atom_name': 'OH', 'residue': 'TYR', 'chain': 'A', 'num_residue': '14', 'x': '47.579', 'y': '20.736', 'z': '25.378', 'occupancy': '1.00', 'b-factor': '19.56', 'element': 'O'}, {'record': 'ATOM', 'atom_serial': '106', 'atom_name': 'N', 'residue': 'GLN', 'chain': 'A', 'num_residue': '15', 'x': '41.828', 'y': '23.984', 'z': '23.114', 'occupancy': '1.00', 'b-factor': '14.20', 'element': 'N'}, {'record': 'ATOM', 'atom_serial': '107', 'atom_name': 'CA', 'residue': 'GLN', 'chain': 'A', 'num_residue': '15', 'x': '42.358', 'y': '24.742', 'z': '21.989', 'occupancy': '1.00', 'b-factor': '14.86', 'element': 'C'}, {'record': 'ATOM', 'atom_serial': '108', 'atom_name': 'C', 'residue': 'GLN', 'chain': 'A', 'num_residue': '15', 'x': '42.039', 'y': '26.241', 'z': '22.070', 'occupancy': '1.00', 'b-factor': '13.14', 'element': 'C'}, {'record': 'ATOM', 'atom_serial': '109', 'atom_name': 'O', 'residue': 'GLN', 'chain': 'A', 'num_residue': '15', 'x': '42.901', 'y': '27.067', 'z': '21.790', 'occupancy': '1.00', 'b-factor': '14.15', 'element': 'O'}, {'record': 'ATOM', 'atom_serial': '110', 'atom_name': 'CB', 'residue': 'GLN', 'chain': 'A', 'num_residue': '15', 'x': '41.892', 'y': '24.133', 'z': '20.664', 'occupancy': '1.00', 'b-factor': '15.19', 'element': 'C'}, {'record': 'ATOM', 'atom_serial': '111', 'atom_name': 'CG', 'residue': 'GLN', 'chain': 'A', 'num_residue': '15', 'x': '42.659', 'y': '22.852', 'z': '20.292', 'occupancy': '1.00', 'b-factor': '17.00', 'element': 'C'}, {'record': 'ATOM', 'atom_serial': '112', 'atom_name': 'CD', 'residue': 'GLN', 'chain': 'A', 'num_residue': '15', 'x': '42.309', 'y': '22.341', 'z': '18.909', 'occupancy': '1.00', 'b-factor': '17.73', 'element': 'C'}, {'record': 'ATOM', 'atom_serial': '113', 'atom_name': 'OE1', 'residue': 'GLN', 'chain': 'A', 'num_residue': '15', 'x': '43.056', 'y': '22.564', 'z': '17.953', 'occupancy': '1.00', 'b-factor': '21.08', 'element': 'O'}, {'record': 'ATOM', 'atom_serial': '114', 'atom_name': 'NE2', 'residue': 'GLN', 'chain': 'A', 'num_residue': '15', 'x': '41.163', 'y': '21.677', 'z': '18.789', 'occupancy': '1.00', 'b-factor': '19.22', 'element': 'N'}, {'record': 'ATOM', 'atom_serial': '115', 'atom_name': 'N', 'residue': 'LEU', 'chain': 'A', 'num_residue': '16', 'x': '40.823', 'y': '26.589', 'z': '22.485', 'occupancy': '1.00', 'b-factor': '12.54', 'element': 'N'}, {'record': 'ATOM', 'atom_serial': '116', 'atom_name': 'CA', 'residue': 'LEU', 'chain': 'A', 'num_residue': '16', 'x': '40.487', 'y': '28.004', 'z': '22.684', 'occupancy': '1.00', 'b-factor': '11.74', 'element': 'C'}, {'record': 'ATOM', 'atom_serial': '117', 'atom_name': 'C', 'residue': 'LEU', 'chain': 'A', 'num_residue': '16', 'x': '41.439', 'y': '28.703', 'z': '23.635', 'occupancy': '1.00', 'b-factor': '11.24', 'element': 'C'}, {'record': 'ATOM', 'atom_serial': '118', 'atom_name': 'O', 'residue': 'LEU', 'chain': 'A', 'num_residue': '16', 'x': '41.863', 'y': '29.811', 'z': '23.368', 'occupancy': '1.00', 'b-factor': '10.25', 'element': 'O'}, {'record': 'ATOM', 'atom_serial': '119', 'atom_name': 'CB', 'residue': 'LEU', 'chain': 'A', 'num_residue': '16', 'x': '39.061', 'y': '28.188', 'z': '23.203', 'occupancy': '1.00', 'b-factor': '12.68', 'element': 'C'}, {'record': 'ATOM', 'atom_serial': '120', 'atom_name': 'CG', 'residue': 'LEU', 'chain': 'A', 'num_residue': '16', 'x': '37.939', 'y': '28.097', 'z': '22.185', 'occupancy': '1.00', 'b-factor': '13.49', 'element': 'C'}, {'record': 'ATOM', 'atom_serial': '121', 'atom_name': 'CD1', 'residue': 'LEU', 'chain': 'A', 'num_residue': '16', 'x': '36.599', 'y': '28.094', 'z': '22.881', 'occupancy': '1.00', 'b-factor': '14.53', 'element': 'C'}, {'record': 'ATOM', 'atom_serial': '122', 'atom_name': 'CD2', 'residue': 'LEU', 'chain': 'A', 'num_residue': '16', 'x': '38.002', 'y': '29.208', 'z': '21.123', 'occupancy': '1.00', 'b-factor': '12.90', 'element': 'C'}, {'record': 'ATOM', 'atom_serial': '123', 'atom_name': 'N', 'residue': 'GLU', 'chain': 'A', 'num_residue': '17', 'x': '41.775', 'y': '28.058', 'z': '24.758', 'occupancy': '1.00', 'b-factor': '10.30', 'element': 'N'}, {'record': 'ATOM', 'atom_serial': '124', 'atom_name': 'CA', 'residue': 'GLU', 'chain': 'A', 'num_residue': '17', 'x': '42.653', 'y': '28.682', 'z': '25.746', 'occupancy': '1.00', 'b-factor': '10.81', 'element': 'C'}, {'record': 'ATOM', 'atom_serial': '125', 'atom_name': 'C', 'residue': 'GLU', 'chain': 'A', 'num_residue': '17', 'x': '44.060', 'y': '28.975', 'z': '25.224', 'occupancy': '1.00', 'b-factor': '11.24', 'element': 'C'}, {'record': 'ATOM', 'atom_serial': '126', 'atom_name': 'O', 'residue': 'GLU', 'chain': 'A', 'num_residue': '17', 'x': '44.734', 'y': '29.873', 'z': '25.738', 'occupancy': '1.00', 'b-factor': '13.10', 'element': 'O'}, {'record': 'ATOM', 'atom_serial': '127', 'atom_name': 'CB', 'residue': 'GLU', 'chain': 'A', 'num_residue': '17', 'x': '42.711', 'y': '27.870', 'z': '27.052', 'occupancy': '1.00', 'b-factor': '10.64', 'element': 'C'}, {'record': 'ATOM', 'atom_serial': '128', 'atom_name': 'CG', 'residue': 'GLU', 'chain': 'A', 'num_residue': '17', 'x': '41.436', 'y': '28.019', 'z': '27.850', 'occupancy': '1.00', 'b-factor': '10.67', 'element': 'C'}, {'record': 'ATOM', 'atom_serial': '129', 'atom_name': 'CD', 'residue': 'GLU', 'chain': 'A', 'num_residue': '17', 'x': '41.584', 'y': '27.691', 'z': '29.326', 'occupancy': '1.00', 'b-factor': '12.36', 'element': 'C'}, {'record': 'ATOM', 'atom_serial': '130', 'atom_name': 'OE1', 'residue': 'GLU', 'chain': 'A', 'num_residue': '17', 'x': '40.906', 'y': '28.332', 'z': '30.148', 'occupancy': '1.00', 'b-factor': '13.69', 'element': 'O'}, {'record': 'ATOM', 'atom_serial': '131', 'atom_name': 'OE2', 'residue': 'GLU', 'chain': 'A', 'num_residue': '17', 'x': '42.364', 'y': '26.790', 'z': '29.665', 'occupancy': '1.00', 'b-factor': '13.10', 'element': 'O'}, {'record': 'ATOM', 'atom_serial': '132', 'atom_name': 'N', 'residue': 'ASN', 'chain': 'A', 'num_residue': '18', 'x': '44.474', 'y': '28.252', 'z': '24.193', 'occupancy': '1.00', 'b-factor': '12.19', 'element': 'N'}, {'record': 'ATOM', 'atom_serial': '133', 'atom_name': 'CA', 'residue': 'ASN', 'chain': 'A', 'num_residue': '18', 'x': '45.760', 'y': '28.546', 'z': '23.564', 'occupancy': '1.00', 'b-factor': '13.33', 'element': 'C'}, {'record': 'ATOM', 'atom_serial': '134', 'atom_name': 'C', 'residue': 'ASN', 'chain': 'A', 'num_residue': '18', 'x': '45.816', 'y': '29.888', 'z': '22.854', 'occupancy': '1.00', 'b-factor': '13.55', 'element': 'C'}, {'record': 'ATOM', 'atom_serial': '135', 'atom_name': 'O', 'residue': 'ASN', 'chain': 'A', 'num_residue': '18', 'x': '46.895', 'y': '30.347', 'z': '22.481', 'occupancy': '1.00', 'b-factor': '14.85', 'element': 'O'}, {'record': 'ATOM', 'atom_serial': '136', 'atom_name': 'CB', 'residue': 'ASN', 'chain': 'A', 'num_residue': '18', 'x': '46.169', 'y': '27.436', 'z': '22.608', 'occupancy': '1.00', 'b-factor': '13.71', 'element': 'C'}, {'record': 'ATOM', 'atom_serial': '137', 'atom_name': 'CG', 'residue': 'ASN', 'chain': 'A', 'num_residue': '18', 'x': '46.679', 'y': '26.202', 'z': '23.334', 'occupancy': '1.00', 'b-factor': '16.01', 'element': 'C'}, {'record': 'ATOM', 'atom_serial': '138', 'atom_name': 'OD1', 'residue': 'ASN', 'chain': 'A', 'num_residue': '18', 'x': '46.580', 'y': '25.066', 'z': '22.676', 'occupancy': '1.00', 'b-factor': '20.08', 'element': 'O'}, {'record': 'ATOM', 'atom_serial': '139', 'atom_name': 'ND2', 'residue': 'ASN', 'chain': 'A', 'num_residue': '18', 'x': '47.155', 'y': '26.282', 'z': '24.474', 'occupancy': '1.00', 'b-factor': '18.53', 'element': 'N'}, {'record': 'ATOM', 'atom_serial': '140', 'atom_name': 'N', 'residue': 'TYR', 'chain': 'A', 'num_residue': '19', 'x': '44.656', 'y': '30.519', 'z': '22.682', 'occupancy': '1.00', 'b-factor': '13.03', 'element': 'N'}, {'record': 'ATOM', 'atom_serial': '141', 'atom_name': 'CA', 'residue': 'TYR', 'chain': 'A', 'num_residue': '19', 'x': '44.586', 'y': '31.828', 'z': '22.052', 'occupancy': '1.00', 'b-factor': '13.84', 'element': 'C'}, {'record': 'ATOM', 'atom_serial': '142', 'atom_name': 'C', 'residue': 'TYR', 'chain': 'A', 'num_residue': '19', 'x': '44.319', 'y': '32.945', 'z': '23.062', 'occupancy': '1.00', 'b-factor': '14.29', 'element': 'C'}, {'record': 'ATOM', 'atom_serial': '143', 'atom_name': 'O', 'residue': 'TYR', 'chain': 'A', 'num_residue': '19', 'x': '44.260', 'y': '34.105', 'z': '22.680', 'occupancy': '1.00', 'b-factor': '14.60', 'element': 'O'}, {'record': 'ATOM', 'atom_serial': '144', 'atom_name': 'CB', 'residue': 'TYR', 'chain': 'A', 'num_residue': '19', 'x': '43.551', 'y': '31.812', 'z': '20.923', 'occupancy': '1.00', 'b-factor': '13.63', 'element': 'C'}, {'record': 'ATOM', 'atom_serial': '145', 'atom_name': 'CG', 'residue': 'TYR', 'chain': 'A', 'num_residue': '19', 'x': '43.941', 'y': '30.853', 'z': '19.831', 'occupancy': '1.00', 'b-factor': '15.20', 'element': 'C'}, {'record': 'ATOM', 'atom_serial': '146', 'atom_name': 'CD1', 'residue': 'TYR', 'chain': 'A', 'num_residue': '19', 'x': '43.392', 'y': '29.574', 'z': '19.772', 'occupancy': '1.00', 'b-factor': '15.41', 'element': 'C'}, {'record': 'ATOM', 'atom_serial': '147', 'atom_name': 'CD2', 'residue': 'TYR', 'chain': 'A', 'num_residue': '19', 'x': '44.914', 'y': '31.203', 'z': '18.894', 'occupancy': '1.00', 'b-factor': '15.92', 'element': 'C'}, {'record': 'ATOM', 'atom_serial': '148', 'atom_name': 'CE1', 'residue': 'TYR', 'chain': 'A', 'num_residue': '19', 'x': '43.778', 'y': '28.676', 'z': '18.789', 'occupancy': '1.00', 'b-factor': '16.11', 'element': 'C'}, {'record': 'ATOM', 'atom_serial': '149', 'atom_name': 'CE2', 'residue': 'TYR', 'chain': 'A', 'num_residue': '19', 'x': '45.301', 'y': '30.319', 'z': '17.915', 'occupancy': '1.00', 'b-factor': '16.66', 'element': 'C'}, {'record': 'ATOM', 'atom_serial': '150', 'atom_name': 'CZ', 'residue': 'TYR', 'chain': 'A', 'num_residue': '19', 'x': '44.732', 'y': '29.066', 'z': '17.863', 'occupancy': '1.00', 'b-factor': '16.10', 'element': 'C'}, {'record': 'ATOM', 'atom_serial': '151', 'atom_name': 'OH', 'residue': 'TYR', 'chain': 'A', 'num_residue': '19', 'x': '45.127', 'y': '28.194', 'z': '16.871', 'occupancy': '1.00', 'b-factor': '20.67', 'element': 'O'}, {'record': 'ATOM', 'atom_serial': '152', 'atom_name': 'N', 'residue': 'CYS', 'chain': 'A', 'num_residue': '20', 'x': '44.164', 'y': '32.615', 'z': '24.344', 'occupancy': '1.00', 'b-factor': '14.53', 'element': 'N'}, {'record': 'ATOM', 'atom_serial': '153', 'atom_name': 'CA', 'residue': 'CYS', 'chain': 'A', 'num_residue': '20', 'x': '44.122', 'y': '33.650', 'z': '25.387', 'occupancy': '1.00', 'b-factor': '15.72', 'element': 'C'}, {'record': 'ATOM', 'atom_serial': '154', 'atom_name': 'C', 'residue': 'CYS', 'chain': 'A', 'num_residue': '20', 'x': '45.515', 'y': '34.223', 'z': '25.583', 'occupancy': '1.00', 'b-factor': '17.36', 'element': 'C'}, {'record': 'ATOM', 'atom_serial': '155', 'atom_name': 'O', 'residue': 'CYS', 'chain': 'A', 'num_residue': '20', 'x': '46.503', 'y': '33.519', 'z': '25.401', 'occupancy': '1.00', 'b-factor': '18.12', 'element': 'O'}, {'record': 'ATOM', 'atom_serial': '156', 'atom_name': 'CB', 'residue': 'CYS', 'chain': 'A', 'num_residue': '20', 'x': '43.649', 'y': '33.103', 'z': '26.723', 'occupancy': '1.00', 'b-factor': '16.15', 'element': 'C'}, {'record': 'ATOM', 'atom_serial': '157', 'atom_name': 'SG', 'residue': 'CYS', 'chain': 'A', 'num_residue': '20', 'x': '42.063', 'y': '32.287', 'z': '26.729', 'occupancy': '1.00', 'b-factor': '14.53', 'element': 'S'}, {'record': 'ATOM', 'atom_serial': '158', 'atom_name': 'N', 'residue': 'ASN', 'chain': 'A', 'num_residue': '21', 'x': '45.596', 'y': '35.500', 'z': '25.947', 'occupancy': '1.00', 'b-factor': '18.37', 'element': 'N'}, {'record': 'ATOM', 'atom_serial': '159', 'atom_name': 'CA', 'residue': 'ASN', 'chain': 'A', 'num_residue': '21', 'x': '46.888', 'y': '36.103', 'z': '26.292', 'occupancy': '1.00', 'b-factor': '19.72', 'element': 'C'}, {'record': 'ATOM', 'atom_serial': '160', 'atom_name': 'C', 'residue': 'ASN', 'chain': 'A', 'num_residue': '21', 'x': '47.401', 'y': '35.559', 'z': '27.629', 'occupancy': '1.00', 'b-factor': '20.17', 'element': 'C'}, {'record': 'ATOM', 'atom_serial': '161', 'atom_name': 'O', 'residue': 'ASN', 'chain': 'A', 'num_residue': '21', 'x': '46.616', 'y': '35.117', 'z': '28.475', 'occupancy': '1.00', 'b-factor': '21.28', 'element': 'O'}, {'record': 'ATOM', 'atom_serial': '162', 'atom_name': 'CB', 'residue': 'ASN', 'chain': 'A', 'num_residue': '21', 'x': '46.783', 'y': '37.624', 'z': '26.360', 'occupancy': '1.00', 'b-factor': '20.27', 'element': 'C'}, {'record': 'ATOM', 'atom_serial': '163', 'atom_name': 'CG', 'residue': 'ASN', 'chain': 'A', 'num_residue': '21', 'x': '46.401', 'y': '38.253', 'z': '25.036', 'occupancy': '1.00', 'b-factor': '20.92', 'element': 'C'}, {'record': 'ATOM', 'atom_serial': '164', 'atom_name': 'OD1', 'residue': 'ASN', 'chain': 'A', 'num_residue': '21', 'x': '46.919', 'y': '37.888', 'z': '23.977', 'occupancy': '1.00', 'b-factor': '22.17', 'element': 'O'}, {'record': 'ATOM', 'atom_serial': '165', 'atom_name': 'ND2', 'residue': 'ASN', 'chain': 'A', 'num_residue': '21', 'x': '45.497', 'y': '39.227', 'z': '25.092', 'occupancy': '1.00', 'b-factor': '21.10', 'element': 'N'}, {'record': 'ATOM', 'atom_serial': '167', 'atom_name': 'N', 'residue': 'PHE', 'chain': 'B', 'num_residue': '1', 'x': '29.102', 'y': '25.761', 'z': '25.495', 'occupancy': '1.00', 'b-factor': '19.24', 'element': 'N'}, {'record': 'ATOM', 'atom_serial': '168', 'atom_name': 'CA', 'residue': 'PHE', 'chain': 'B', 'num_residue': '1', 'x': '29.156', 'y': '26.636', 'z': '24.296', 'occupancy': '1.00', 'b-factor': '19.05', 'element': 'C'}, {'record': 'ATOM', 'atom_serial': '169', 'atom_name': 'C', 'residue': 'PHE', 'chain': 'B', 'num_residue': '1', 'x': '30.433', 'y': '26.412', 'z': '23.483', 'occupancy': '1.00', 'b-factor': '18.23', 'element': 'C'}, {'record': 'ATOM', 'atom_serial': '170', 'atom_name': 'O', 'residue': 'PHE', 'chain': 'B', 'num_residue': '1', 'x': '30.503', 'y': '26.835', 'z': '22.329', 'occupancy': '1.00', 'b-factor': '19.35', 'element': 'O'}, {'record': 'ATOM', 'atom_serial': '171', 'atom_name': 'CB', 'residue': 'PHE', 'chain': 'B', 'num_residue': '1', 'x': '29.003', 'y': '28.118', 'z': '24.687', 'occupancy': '1.00', 'b-factor': '19.54', 'element': 'C'}, {'record': 'ATOM', 'atom_serial': '172', 'atom_name': 'CG', 'residue': 'PHE', 'chain': 'B', 'num_residue': '1', 'x': '30.061', 'y': '28.625', 'z': '25.643', 'occupancy': '1.00', 'b-factor': '20.06', 'element': 'C'}, {'record': 'ATOM', 'atom_serial': '173', 'atom_name': 'CD1', 'residue': 'PHE', 'chain': 'B', 'num_residue': '1', 'x': '31.094', 'y': '29.437', 'z': '25.182', 'occupancy': '1.00', 'b-factor': '21.86', 'element': 'C'}, {'record': 'ATOM', 'atom_serial': '174', 'atom_name': 'CD2', 'residue': 'PHE', 'chain': 'B', 'num_residue': '1', 'x': '30.011', 'y': '28.315', 'z': '27.002', 'occupancy': '1.00', 'b-factor': '21.66', 'element': 'C'}, {'record': 'ATOM', 'atom_serial': '175', 'atom_name': 'CE1', 'residue': 'PHE', 'chain': 'B', 'num_residue': '1', 'x': '32.061', 'y': '29.923', 'z': '26.055', 'occupancy': '1.00', 'b-factor': '20.87', 'element': 'C'}, {'record': 'ATOM', 'atom_serial': '176', 'atom_name': 'CE2', 'residue': 'PHE', 'chain': 'B', 'num_residue': '1', 'x': '30.981', 'y': '28.798', 'z': '27.885', 'occupancy': '1.00', 'b-factor': '21.56', 'element': 'C'}, {'record': 'ATOM', 'atom_serial': '177', 'atom_name': 'CZ', 'residue': 'PHE', 'chain': 'B', 'num_residue': '1', 'x': '32.009', 'y': '29.596', 'z': '27.408', 'occupancy': '1.00', 'b-factor': '20.52', 'element': 'C'}, {'record': 'ATOM', 'atom_serial': '178', 'atom_name': 'N', 'residue': 'VAL', 'chain': 'B', 'num_residue': '2', 'x': '31.438', 'y': '25.763', 'z': '24.070', 'occupancy': '1.00', 'b-factor': '17.03', 'element': 'N'}, {'record': 'ATOM', 'atom_serial': '179', 'atom_name': 'CA', 'residue': 'VAL', 'chain': 'B', 'num_residue': '2', 'x': '32.734', 'y': '25.636', 'z': '23.374', 'occupancy': '1.00', 'b-factor': '16.19', 'element': 'C'}, {'record': 'ATOM', 'atom_serial': '180', 'atom_name': 'C', 'residue': 'VAL', 'chain': 'B', 'num_residue': '2', 'x': '32.902', 'y': '24.392', 'z': '22.506', 'occupancy': '1.00', 'b-factor': '15.63', 'element': 'C'}, {'record': 'ATOM', 'atom_serial': '181', 'atom_name': 'O', 'residue': 'VAL', 'chain': 'B', 'num_residue': '2', 'x': '33.691', 'y': '24.393', 'z': '21.571', 'occupancy': '1.00', 'b-factor': '14.89', 'element': 'O'}, {'record': 'ATOM', 'atom_serial': '182', 'atom_name': 'CB', 'residue': 'VAL', 'chain': 'B', 'num_residue': '2', 'x': '33.970', 'y': '25.756', 'z': '24.316', 'occupancy': '1.00', 'b-factor': '16.69', 'element': 'C'}, {'record': 'ATOM', 'atom_serial': '183', 'atom_name': 'CG1', 'residue': 'VAL', 'chain': 'B', 'num_residue': '2', 'x': '33.976', 'y': '27.090', 'z': '25.026', 'occupancy': '1.00', 'b-factor': '16.54', 'element': 'C'}, {'record': 'ATOM', 'atom_serial': '184', 'atom_name': 'CG2', 'residue': 'VAL', 'chain': 'B', 'num_residue': '2', 'x': '34.017', 'y': '24.625', 'z': '25.328', 'occupancy': '1.00', 'b-factor': '18.12', 'element': 'C'}, {'record': 'ATOM', 'atom_serial': '185', 'atom_name': 'N', 'residue': 'ASN', 'chain': 'B', 'num_residue': '3', 'x': '32.174', 'y': '23.328', 'z': '22.817', 'occupancy': '1.00', 'b-factor': '15.48', 'element': 'N'}, {'record': 'ATOM', 'atom_serial': '186', 'atom_name': 'CA', 'residue': 'ASN', 'chain': 'B', 'num_residue': '3', 'x': '32.396', 'y': '22.060', 'z': '22.129', 'occupancy': '1.00', 'b-factor': '15.25', 'element': 'C'}, {'record': 'ATOM', 'atom_serial': '187', 'atom_name': 'C', 'residue': 'ASN', 'chain': 'B', 'num_residue': '3', 'x': '31.463', 'y': '21.890', 'z': '20.934', 'occupancy': '1.00', 'b-factor': '15.55', 'element': 'C'}, {'record': 'ATOM', 'atom_serial': '188', 'atom_name': 'O', 'residue': 'ASN', 'chain': 'B', 'num_residue': '3', 'x': '30.592', 'y': '21.025', 'z': '20.895', 'occupancy': '1.00', 'b-factor': '16.32', 'element': 'O'}, {'record': 'ATOM', 'atom_serial': '189', 'atom_name': 'CB', 'residue': 'ASN', 'chain': 'B', 'num_residue': '3', 'x': '32.323', 'y': '20.907', 'z': '23.126', 'occupancy': '1.00', 'b-factor': '15.52', 'element': 'C'}, {'record': 'ATOM', 'atom_serial': '190', 'atom_name': 'CG', 'residue': 'ASN', 'chain': 'B', 'num_residue': '3', 'x': '33.421', 'y': '20.995', 'z': '24.175', 'occupancy': '1.00', 'b-factor': '12.25', 'element': 'C'}, {'record': 'ATOM', 'atom_serial': '191', 'atom_name': 'OD1', 'residue': 'ASN', 'chain': 'B', 'num_residue': '3', 'x': '34.579', 'y': '20.729', 'z': '23.906', 'occupancy': '1.00', 'b-factor': '15.89', 'element': 'O'}, {'record': 'ATOM', 'atom_serial': '192', 'atom_name': 'ND2', 'residue': 'ASN', 'chain': 'B', 'num_residue': '3', 'x': '33.038', 'y': '21.414', 'z': '25.384', 'occupancy': '1.00', 'b-factor': '17.40', 'element': 'N'}, {'record': 'ATOM', 'atom_serial': '193', 'atom_name': 'N', 'residue': 'GLN', 'chain': 'B', 'num_residue': '4', 'x': '31.660', 'y': '22.764', 'z': '19.956', 'occupancy': '1.00', 'b-factor': '14.45', 'element': 'N'}, {'record': 'ATOM', 'atom_serial': '194', 'atom_name': 'CA', 'residue': 'GLN', 'chain': 'B', 'num_residue': '4', 'x': '30.844', 'y': '22.788', 'z': '18.756', 'occupancy': '1.00', 'b-factor': '14.72', 'element': 'C'}, {'record': 'ATOM', 'atom_serial': '195', 'atom_name': 'C', 'residue': 'GLN', 'chain': 'B', 'num_residue': '4', 'x': '31.637', 'y': '23.541', 'z': '17.700', 'occupancy': '1.00', 'b-factor': '12.99', 'element': 'C'}, {'record': 'ATOM', 'atom_serial': '196', 'atom_name': 'O', 'residue': 'GLN', 'chain': 'B', 'num_residue': '4', 'x': '32.711', 'y': '24.062', 'z': '17.981', 'occupancy': '1.00', 'b-factor': '11.77', 'element': 'O'}, {'record': 'ATOM', 'atom_serial': '197', 'atom_name': 'CB', 'residue': 'GLN', 'chain': 'B', 'num_residue': '4', 'x': '29.502', 'y': '23.490', 'z': '19.023', 'occupancy': '1.00', 'b-factor': '15.35', 'element': 'C'}, {'record': 'ATOM', 'atom_serial': '198', 'atom_name': 'CG', 'residue': 'GLN', 'chain': 'B', 'num_residue': '4', 'x': '29.607', 'y': '24.958', 'z': '19.452', 'occupancy': '1.00', 'b-factor': '17.45', 'element': 'C'}, {'record': 'ATOM', 'atom_serial': '199', 'atom_name': 'CD', 'residue': 'GLN', 'chain': 'B', 'num_residue': '4', 'x': '28.248', 'y': '25.582', 'z': '19.805', 'occupancy': '1.00', 'b-factor': '17.80', 'element': 'C'}, {'record': 'ATOM', 'atom_serial': '200', 'atom_name': 'OE1', 'residue': 'GLN', 'chain': 'B', 'num_residue': '4', 'x': '27.273', 'y': '25.466', 'z': '19.056', 'occupancy': '1.00', 'b-factor': '23.54', 'element': 'O'}, {'record': 'ATOM', 'atom_serial': '201', 'atom_name': 'NE2', 'residue': 'GLN', 'chain': 'B', 'num_residue': '4', 'x': '28.192', 'y': '26.259', 'z': '20.936', 'occupancy': '1.00', 'b-factor': '22.87', 'element': 'N'}, {'record': 'ATOM', 'atom_serial': '202', 'atom_name': 'N', 'residue': 'HIS', 'chain': 'B', 'num_residue': '5', 'x': '31.104', 'y': '23.578', 'z': '16.485', 'occupancy': '1.00', 'b-factor': '12.50', 'element': 'N'}, {'record': 'ATOM', 'atom_serial': '203', 'atom_name': 'CA', 'residue': 'HIS', 'chain': 'B', 'num_residue': '5', 'x': '31.687', 'y': '24.383', 'z': '15.418', 'occupancy': '1.00', 'b-factor': '11.78', 'element': 'C'}, {'record': 'ATOM', 'atom_serial': '204', 'atom_name': 'C', 'residue': 'HIS', 'chain': 'B', 'num_residue': '5', 'x': '31.387', 'y': '25.845', 'z': '15.738', 'occupancy': '1.00', 'b-factor': '11.63', 'element': 'C'}, {'record': 'ATOM', 'atom_serial': '205', 'atom_name': 'O', 'residue': 'HIS', 'chain': 'B', 'num_residue': '5', 'x': '30.222', 'y': '26.209', 'z': '15.983', 'occupancy': '1.00', 'b-factor': '12.61', 'element': 'O'}, {'record': 'ATOM', 'atom_serial': '206', 'atom_name': 'CB', 'residue': 'HIS', 'chain': 'B', 'num_residue': '5', 'x': '31.064', 'y': '24.031', 'z': '14.059', 'occupancy': '1.00', 'b-factor': '12.47', 'element': 'C'}, {'record': 'ATOM', 'atom_serial': '207', 'atom_name': 'CG', 'residue': 'HIS', 'chain': 'B', 'num_residue': '5', 'x': '31.412', 'y': '22.659', 'z': '13.556', 'occupancy': '1.00', 'b-factor': '12.41', 'element': 'C'}, {'record': 'ATOM', 'atom_serial': '208', 'atom_name': 'ND1', 'residue': 'HIS', 'chain': 'B', 'num_residue': '5', 'x': '30.632', 'y': '21.550', 'z': '13.814', 'occupancy': '1.00', 'b-factor': '16.66', 'element': 'N'}, {'record': 'ATOM', 'atom_serial': '209', 'atom_name': 'CD2', 'residue': 'HIS', 'chain': 'B', 'num_residue': '5', 'x': '32.444', 'y': '22.225', 'z': '12.797', 'occupancy': '1.00', 'b-factor': '13.65', 'element': 'C'}, {'record': 'ATOM', 'atom_serial': '210', 'atom_name': 'CE1', 'residue': 'HIS', 'chain': 'B', 'num_residue': '5', 'x': '31.175', 'y': '20.490', 'z': '13.238', 'occupancy': '1.00', 'b-factor': '15.20', 'element': 'C'}, {'record': 'ATOM', 'atom_serial': '211', 'atom_name': 'NE2', 'residue': 'HIS', 'chain': 'B', 'num_residue': '5', 'x': '32.277', 'y': '20.869', 'z': '12.618', 'occupancy': '1.00', 'b-factor': '15.57', 'element': 'N'}, {'record': 'ATOM', 'atom_serial': '212', 'atom_name': 'N', 'residue': 'LEU', 'chain': 'B', 'num_residue': '6', 'x': '32.438', 'y': '26.661', 'z': '15.758', 'occupancy': '1.00', 'b-factor': '11.20', 'element': 'N'}, {'record': 'ATOM', 'atom_serial': '213', 'atom_name': 'CA', 'residue': 'LEU', 'chain': 'B', 'num_residue': '6', 'x': '32.322', 'y': '28.083', 'z': '16.098', 'occupancy': '1.00', 'b-factor': '11.23', 'element': 'C'}, {'record': 'ATOM', 'atom_serial': '214', 'atom_name': 'C', 'residue': 'LEU', 'chain': 'B', 'num_residue': '6', 'x': '33.004', 'y': '28.875', 'z': '15.001', 'occupancy': '1.00', 'b-factor': '10.95', 'element': 'C'}, {'record': 'ATOM', 'atom_serial': '215', 'atom_name': 'O', 'residue': 'LEU', 'chain': 'B', 'num_residue': '6', 'x': '34.204', 'y': '28.754', 'z': '14.814', 'occupancy': '1.00', 'b-factor': '11.01', 'element': 'O'}, {'record': 'ATOM', 'atom_serial': '216', 'atom_name': 'CB', 'residue': 'LEU', 'chain': 'B', 'num_residue': '6', 'x': '33.004', 'y': '28.352', 'z': '17.438', 'occupancy': '1.00', 'b-factor': '11.29', 'element': 'C'}, {'record': 'ATOM', 'atom_serial': '217', 'atom_name': 'CG', 'residue': 'LEU', 'chain': 'B', 'num_residue': '6', 'x': '32.400', 'y': '27.704', 'z': '18.684', 'occupancy': '1.00', 'b-factor': '12.14', 'element': 'C'}, {'record': 'ATOM', 'atom_serial': '218', 'atom_name': 'CD1', 'residue': 'LEU', 'chain': 'B', 'num_residue': '6', 'x': '33.371', 'y': '27.788', 'z': '19.850', 'occupancy': '1.00', 'b-factor': '13.85', 'element': 'C'}, {'record': 'ATOM', 'atom_serial': '219', 'atom_name': 'CD2', 'residue': 'LEU', 'chain': 'B', 'num_residue': '6', 'x': '31.061', 'y': '28.382', 'z': '19.014', 'occupancy': '1.00', 'b-factor': '14.61', 'element': 'C'}, {'record': 'ATOM', 'atom_serial': '220', 'atom_name': 'N', 'residue': 'CYS', 'chain': 'B', 'num_residue': '7', 'x': '32.235', 'y': '29.690', 'z': '14.272', 'occupancy': '1.00', 'b-factor': '10.89', 'element': 'N'}, {'record': 'ATOM', 'atom_serial': '221', 'atom_name': 'CA', 'residue': 'ACYS', 'chain': 'B', 'num_residue': '7', 'x': '32.757', 'y': '30.432', 'z': '13.131', 'occupancy': '0.82', 'b-factor': '11.53', 'element': 'C'}, {'record': 'ATOM', 'atom_serial': '222', 'atom_name': 'CA', 'residue': 'BCYS', 'chain': 'B', 'num_residue': '7', 'x': '32.818', 'y': '30.446', 'z': '13.172', 'occupancy': '0.18', 'b-factor': '11.33', 'element': 'C'}, {'record': 'ATOM', 'atom_serial': '223', 'atom_name': 'C', 'residue': 'CYS', 'chain': 'B', 'num_residue': '7', 'x': '32.490', 'y': '31.923', 'z': '13.256', 'occupancy': '1.00', 'b-factor': '10.59', 'element': 'C'}, {'record': 'ATOM', 'atom_serial': '224', 'atom_name': 'O', 'residue': 'CYS', 'chain': 'B', 'num_residue': '7', 'x': '31.449', 'y': '32.319', 'z': '13.796', 'occupancy': '1.00', 'b-factor': '10.92', 'element': 'O'}, {'record': 'ATOM', 'atom_serial': '225', 'atom_name': 'CB', 'residue': 'ACYS', 'chain': 'B', 'num_residue': '7', 'x': '32.082', 'y': '29.914', 'z': '11.867', 'occupancy': '0.82', 'b-factor': '11.38', 'element': 'C'}, {'record': 'ATOM', 'atom_serial': '226', 'atom_name': 'CB', 'residue': 'BCYS', 'chain': 'B', 'num_residue': '7', 'x': '32.381', 'y': '29.879', 'z': '11.821', 'occupancy': '0.18', 'b-factor': '11.43', 'element': 'C'}, {'record': 'ATOM', 'atom_serial': '227', 'atom_name': 'SG', 'residue': 'ACYS', 'chain': 'B', 'num_residue': '7', 'x': '32.357', 'y': '28.133', 'z': '11.614', 'occupancy': '0.82', 'b-factor': '15.03', 'element': 'S'}, {'record': 'ATOM', 'atom_serial': '228', 'atom_name': 'SG', 'residue': 'BCYS', 'chain': 'B', 'num_residue': '7', 'x': '30.609', 'y': '29.929', 'z': '11.546', 'occupancy': '0.18', 'b-factor': '14.83', 'element': 'S'}, {'record': 'ATOM', 'atom_serial': '229', 'atom_name': 'N', 'residue': 'GLY', 'chain': 'B', 'num_residue': '8', 'x': '33.412', 'y': '32.726', 'z': '12.754', 'occupancy': '1.00', 'b-factor': '10.16', 'element': 'N'}, {'record': 'ATOM', 'atom_serial': '230', 'atom_name': 'CA', 'residue': 'GLY', 'chain': 'B', 'num_residue': '8', 'x': '33.194', 'y': '34.176', 'z': '12.679', 'occupancy': '1.00', 'b-factor': '9.75', 'element': 'C'}, {'record': 'ATOM', 'atom_serial': '231', 'atom_name': 'C', 'residue': 'GLY', 'chain': 'B', 'num_residue': '8', 'x': '32.877', 'y': '34.792', 'z': '14.026', 'occupancy': '1.00', 'b-factor': '9.24', 'element': 'C'}, {'record': 'ATOM', 'atom_serial': '232', 'atom_name': 'O', 'residue': 'GLY', 'chain': 'B', 'num_residue': '8', 'x': '33.592', 'y': '34.581', 'z': '15.002', 'occupancy': '1.00', 'b-factor': '9.67', 'element': 'O'}, {'record': 'ATOM', 'atom_serial': '233', 'atom_name': 'N', 'residue': 'SER', 'chain': 'B', 'num_residue': '9', 'x': '31.787', 'y': '35.554', 'z': '14.101', 'occupancy': '1.00', 'b-factor': '8.04', 'element': 'N'}, {'record': 'ATOM', 'atom_serial': '234', 'atom_name': 'CA', 'residue': 'SER', 'chain': 'B', 'num_residue': '9', 'x': '31.471', 'y': '36.246', 'z': '15.357', 'occupancy': '1.00', 'b-factor': '7.85', 'element': 'C'}, {'record': 'ATOM', 'atom_serial': '235', 'atom_name': 'C', 'residue': 'SER', 'chain': 'B', 'num_residue': '9', 'x': '31.235', 'y': '35.266', 'z': '16.507', 'occupancy': '1.00', 'b-factor': '8.31', 'element': 'C'}, {'record': 'ATOM', 'atom_serial': '236', 'atom_name': 'O', 'residue': 'SER', 'chain': 'B', 'num_residue': '9', 'x': '31.439', 'y': '35.614', 'z': '17.663', 'occupancy': '1.00', 'b-factor': '7.83', 'element': 'O'}, {'record': 'ATOM', 'atom_serial': '237', 'atom_name': 'CB', 'residue': 'SER', 'chain': 'B', 'num_residue': '9', 'x': '30.260', 'y': '37.178', 'z': '15.185', 'occupancy': '1.00', 'b-factor': '8.26', 'element': 'C'}, {'record': 'ATOM', 'atom_serial': '238', 'atom_name': 'OG', 'residue': 'SER', 'chain': 'B', 'num_residue': '9', 'x': '29.067', 'y': '36.447', 'z': '14.970', 'occupancy': '1.00', 'b-factor': '10.83', 'element': 'O'}, {'record': 'ATOM', 'atom_serial': '239', 'atom_name': 'N', 'residue': 'HIS', 'chain': 'B', 'num_residue': '10', 'x': '30.825', 'y': '34.052', 'z': '16.169', 'occupancy': '1.00', 'b-factor': '7.69', 'element': 'N'}, {'record': 'ATOM', 'atom_serial': '240', 'atom_name': 'CA', 'residue': 'HIS', 'chain': 'B', 'num_residue': '10', 'x': '30.544', 'y': '33.025', 'z': '17.174', 'occupancy': '1.00', 'b-factor': '8.75', 'element': 'C'}, {'record': 'ATOM', 'atom_serial': '241', 'atom_name': 'C', 'residue': 'HIS', 'chain': 'B', 'num_residue': '10', 'x': '31.845', 'y': '32.569', 'z': '17.844', 'occupancy': '1.00', 'b-factor': '8.39', 'element': 'C'}, {'record': 'ATOM', 'atom_serial': '242', 'atom_name': 'O', 'residue': 'HIS', 'chain': 'B', 'num_residue': '10', 'x': '31.868', 'y': '32.256', 'z': '19.040', 'occupancy': '1.00', 'b-factor': '9.12', 'element': 'O'}, {'record': 'ATOM', 'atom_serial': '243', 'atom_name': 'CB', 'residue': 'HIS', 'chain': 'B', 'num_residue': '10', 'x': '29.886', 'y': '31.801', 'z': '16.526', 'occupancy': '1.00', 'b-factor': '8.43', 'element': 'C'}, {'record': 'ATOM', 'atom_serial': '244', 'atom_name': 'CG', 'residue': 'HIS', 'chain': 'B', 'num_residue': '10', 'x': '28.571', 'y': '32.081', 'z': '15.865', 'occupancy': '1.00', 'b-factor': '9.93', 'element': 'C'}, {'record': 'ATOM', 'atom_serial': '245', 'atom_name': 'ND1', 'residue': 'HIS', 'chain': 'B', 'num_residue': '10', 'x': '27.686', 'y': '31.075', 'z': '15.528', 'occupancy': '1.00', 'b-factor': '13.84', 'element': 'N'}, {'record': 'ATOM', 'atom_serial': '246', 'atom_name': 'CD2', 'residue': 'HIS', 'chain': 'B', 'num_residue': '10', 'x': '27.981', 'y': '33.243', 'z': '15.490', 'occupancy': '1.00', 'b-factor': '10.60', 'element': 'C'}, {'record': 'ATOM', 'atom_serial': '247', 'atom_name': 'CE1', 'residue': 'HIS', 'chain': 'B', 'num_residue': '10', 'x': '26.613', 'y': '31.608', 'z': '14.968', 'occupancy': '1.00', 'b-factor': '12.45', 'element': 'C'}, {'record': 'ATOM', 'atom_serial': '248', 'atom_name': 'NE2', 'residue': 'HIS', 'chain': 'B', 'num_residue': '10', 'x': '26.760', 'y': '32.920', 'z': '14.941', 'occupancy': '1.00', 'b-factor': '12.10', 'element': 'N'}, {'record': 'ATOM', 'atom_serial': '249', 'atom_name': 'N', 'residue': 'LEU', 'chain': 'B', 'num_residue': '11', 'x': '32.918', 'y': '32.505', 'z': '17.056', 'occupancy': '1.00', 'b-factor': '8.51', 'element': 'N'}, {'record': 'ATOM', 'atom_serial': '250', 'atom_name': 'CA', 'residue': 'LEU', 'chain': 'B', 'num_residue': '11', 'x': '34.224', 'y': '32.107', 'z': '17.568', 'occupancy': '1.00', 'b-factor': '8.23', 'element': 'C'}, {'record': 'ATOM', 'atom_serial': '251', 'atom_name': 'C', 'residue': 'LEU', 'chain': 'B', 'num_residue': '11', 'x': '34.840', 'y': '33.218', 'z': '18.418', 'occupancy': '1.00', 'b-factor': '8.07', 'element': 'C'}, {'record': 'ATOM', 'atom_serial': '252', 'atom_name': 'O', 'residue': 'LEU', 'chain': 'B', 'num_residue': '11', 'x': '35.380', 'y': '32.973', 'z': '19.483', 'occupancy': '1.00', 'b-factor': '7.95', 'element': 'O'}, {'record': 'ATOM', 'atom_serial': '253', 'atom_name': 'CB', 'residue': 'LEU', 'chain': 'B', 'num_residue': '11', 'x': '35.130', 'y': '31.718', 'z': '16.394', 'occupancy': '1.00', 'b-factor': '8.70', 'element': 'C'}, {'record': 'ATOM', 'atom_serial': '254', 'atom_name': 'CG', 'residue': 'LEU', 'chain': 'B', 'num_residue': '11', 'x': '36.545', 'y': '31.231', 'z': '16.715', 'occupancy': '1.00', 'b-factor': '9.31', 'element': 'C'}, {'record': 'ATOM', 'atom_serial': '255', 'atom_name': 'CD1', 'residue': 'LEU', 'chain': 'B', 'num_residue': '11', 'x': '36.542', 'y': '30.102', 'z': '17.743', 'occupancy': '1.00', 'b-factor': '9.64', 'element': 'C'}, {'record': 'ATOM', 'atom_serial': '256', 'atom_name': 'CD2', 'residue': 'LEU', 'chain': 'B', 'num_residue': '11', 'x': '37.171', 'y': '30.813', 'z': '15.383', 'occupancy': '1.00', 'b-factor': '12.03', 'element': 'C'}, {'record': 'ATOM', 'atom_serial': '257', 'atom_name': 'N', 'residue': 'VAL', 'chain': 'B', 'num_residue': '12', 'x': '34.745', 'y': '34.459', 'z': '17.945', 'occupancy': '1.00', 'b-factor': '7.82', 'element': 'N'}, {'record': 'ATOM', 'atom_serial': '258', 'atom_name': 'CA', 'residue': 'VAL', 'chain': 'B', 'num_residue': '12', 'x': '35.232', 'y': '35.597', 'z': '18.693', 'occupancy': '1.00', 'b-factor': '9.36', 'element': 'C'}, {'record': 'ATOM', 'atom_serial': '259', 'atom_name': 'C', 'residue': 'VAL', 'chain': 'B', 'num_residue': '12', 'x': '34.509', 'y': '35.715', 'z': '20.049', 'occupancy': '1.00', 'b-factor': '7.93', 'element': 'C'}, {'record': 'ATOM', 'atom_serial': '260', 'atom_name': 'O', 'residue': 'VAL', 'chain': 'B', 'num_residue': '12', 'x': '35.118', 'y': '36.027', 'z': '21.073', 'occupancy': '1.00', 'b-factor': '7.60', 'element': 'O'}, {'record': 'ATOM', 'atom_serial': '261', 'atom_name': 'CB', 'residue': 'VAL', 'chain': 'B', 'num_residue': '12', 'x': '35.052', 'y': '36.874', 'z': '17.836', 'occupancy': '1.00', 'b-factor': '10.36', 'element': 'C'}, {'record': 'ATOM', 'atom_serial': '262', 'atom_name': 'CG1', 'residue': 'VAL', 'chain': 'B', 'num_residue': '12', 'x': '35.202', 'y': '38.083', 'z': '18.649', 'occupancy': '1.00', 'b-factor': '13.99', 'element': 'C'}, {'record': 'ATOM', 'atom_serial': '263', 'atom_name': 'CG2', 'residue': 'VAL', 'chain': 'B', 'num_residue': '12', 'x': '36.066', 'y': '36.870', 'z': '16.676', 'occupancy': '1.00', 'b-factor': '12.77', 'element': 'C'}, {'record': 'ATOM', 'atom_serial': '264', 'atom_name': 'N', 'residue': 'GLU', 'chain': 'B', 'num_residue': '13', 'x': '33.200', 'y': '35.467', 'z': '20.045', 'occupancy': '1.00', 'b-factor': '7.80', 'element': 'N'}, {'record': 'ATOM', 'atom_serial': '265', 'atom_name': 'CA', 'residue': 'GLU', 'chain': 'B', 'num_residue': '13', 'x': '32.419', 'y': '35.494', 'z': '21.277', 'occupancy': '1.00', 'b-factor': '8.14', 'element': 'C'}, {'record': 'ATOM', 'atom_serial': '266', 'atom_name': 'C', 'residue': 'GLU', 'chain': 'B', 'num_residue': '13', 'x': '32.908', 'y': '34.424', 'z': '22.265', 'occupancy': '1.00', 'b-factor': '7.57', 'element': 'C'}, {'record': 'ATOM', 'atom_serial': '267', 'atom_name': 'O', 'residue': 'GLU', 'chain': 'B', 'num_residue': '13', 'x': '33.034', 'y': '34.686', 'z': '23.454', 'occupancy': '1.00', 'b-factor': '7.71', 'element': 'O'}, {'record': 'ATOM', 'atom_serial': '268', 'atom_name': 'CB', 'residue': 'GLU', 'chain': 'B', 'num_residue': '13', 'x': '30.954', 'y': '35.279', 'z': '20.935', 'occupancy': '1.00', 'b-factor': '9.18', 'element': 'C'}, {'record': 'ATOM', 'atom_serial': '269', 'atom_name': 'CG', 'residue': 'GLU', 'chain': 'B', 'num_residue': '13', 'x': '30.069', 'y': '35.045', 'z': '22.125', 'occupancy': '1.00', 'b-factor': '12.62', 'element': 'C'}, {'record': 'ATOM', 'atom_serial': '270', 'atom_name': 'CD', 'residue': 'GLU', 'chain': 'B', 'num_residue': '13', 'x': '28.624', 'y': '35.023', 'z': '21.710', 'occupancy': '1.00', 'b-factor': '16.55', 'element': 'C'}, {'record': 'ATOM', 'atom_serial': '271', 'atom_name': 'OE1', 'residue': 'GLU', 'chain': 'B', 'num_residue': '13', 'x': '28.150', 'y': '36.074', 'z': '21.246', 'occupancy': '1.00', 'b-factor': '16.70', 'element': 'O'}, {'record': 'ATOM', 'atom_serial': '272', 'atom_name': 'OE2', 'residue': 'GLU', 'chain': 'B', 'num_residue': '13', 'x': '28.002', 'y': '33.945', 'z': '21.822', 'occupancy': '1.00', 'b-factor': '21.15', 'element': 'O'}, {'record': 'ATOM', 'atom_serial': '273', 'atom_name': 'N', 'residue': 'ALA', 'chain': 'B', 'num_residue': '14', 'x': '33.179', 'y': '33.226', 'z': '21.758', 'occupancy': '1.00', 'b-factor': '7.94', 'element': 'N'}, {'record': 'ATOM', 'atom_serial': '274', 'atom_name': 'CA', 'residue': 'ALA', 'chain': 'B', 'num_residue': '14', 'x': '33.659', 'y': '32.139', 'z': '22.621', 'occupancy': '1.00', 'b-factor': '7.54', 'element': 'C'}, {'record': 'ATOM', 'atom_serial': '275', 'atom_name': 'C', 'residue': 'ALA', 'chain': 'B', 'num_residue': '14', 'x': '35.011', 'y': '32.489', 'z': '23.236', 'occupancy': '1.00', 'b-factor': '7.96', 'element': 'C'}, {'record': 'ATOM', 'atom_serial': '276', 'atom_name': 'O', 'residue': 'ALA', 'chain': 'B', 'num_residue': '14', 'x': '35.216', 'y': '32.289', 'z': '24.444', 'occupancy': '1.00', 'b-factor': '7.67', 'element': 'O'}, {'record': 'ATOM', 'atom_serial': '277', 'atom_name': 'CB', 'residue': 'ALA', 'chain': 'B', 'num_residue': '14', 'x': '33.740', 'y': '30.844', 'z': '21.824', 'occupancy': '1.00', 'b-factor': '8.11', 'element': 'C'}, {'record': 'ATOM', 'atom_serial': '278', 'atom_name': 'N', 'residue': 'LEU', 'chain': 'B', 'num_residue': '15', 'x': '35.919', 'y': '33.036', 'z': '22.424', 'occupancy': '1.00', 'b-factor': '7.59', 'element': 'N'}, {'record': 'ATOM', 'atom_serial': '279', 'atom_name': 'CA', 'residue': 'LEU', 'chain': 'B', 'num_residue': '15', 'x': '37.218', 'y': '33.501', 'z': '22.921', 'occupancy': '1.00', 'b-factor': '8.02', 'element': 'C'}, {'record': 'ATOM', 'atom_serial': '280', 'atom_name': 'C', 'residue': 'LEU', 'chain': 'B', 'num_residue': '15', 'x': '37.062', 'y': '34.563', 'z': '23.997', 'occupancy': '1.00', 'b-factor': '8.22', 'element': 'C'}, {'record': 'ATOM', 'atom_serial': '281', 'atom_name': 'O', 'residue': 'LEU', 'chain': 'B', 'num_residue': '15', 'x': '37.732', 'y': '34.532', 'z': '25.043', 'occupancy': '1.00', 'b-factor': '8.96', 'element': 'O'}, {'record': 'ATOM', 'atom_serial': '282', 'atom_name': 'CB', 'residue': 'LEU', 'chain': 'B', 'num_residue': '15', 'x': '38.057', 'y': '34.073', 'z': '21.778', 'occupancy': '1.00', 'b-factor': '8.21', 'element': 'C'}, {'record': 'ATOM', 'atom_serial': '283', 'atom_name': 'CG', 'residue': 'LEU', 'chain': 'B', 'num_residue': '15', 'x': '38.687', 'y': '33.044', 'z': '20.850', 'occupancy': '1.00', 'b-factor': '8.97', 'element': 'C'}, {'record': 'ATOM', 'atom_serial': '284', 'atom_name': 'CD1', 'residue': 'LEU', 'chain': 'B', 'num_residue': '15', 'x': '39.085', 'y': '33.696', 'z': '19.533', 'occupancy': '1.00', 'b-factor': '10.82', 'element': 'C'}, {'record': 'ATOM', 'atom_serial': '285', 'atom_name': 'CD2', 'residue': 'LEU', 'chain': 'B', 'num_residue': '15', 'x': '39.911', 'y': '32.395', 'z': '21.521', 'occupancy': '1.00', 'b-factor': '10.89', 'element': 'C'}, {'record': 'ATOM', 'atom_serial': '286', 'atom_name': 'N', 'residue': 'TYR', 'chain': 'B', 'num_residue': '16', 'x': '36.163', 'y': '35.511', 'z': '23.749', 'occupancy': '1.00', 'b-factor': '7.73', 'element': 'N'}, {'record': 'ATOM', 'atom_serial': '287', 'atom_name': 'CA', 'residue': 'TYR', 'chain': 'B', 'num_residue': '16', 'x': '35.896', 'y': '36.555', 'z': '24.715', 'occupancy': '1.00', 'b-factor': '7.97', 'element': 'C'}, {'record': 'ATOM', 'atom_serial': '288', 'atom_name': 'C', 'residue': 'TYR', 'chain': 'B', 'num_residue': '16', 'x': '35.432', 'y': '35.980', 'z': '26.052', 'occupancy': '1.00', 'b-factor': '8.33', 'element': 'C'}, {'record': 'ATOM', 'atom_serial': '289', 'atom_name': 'O', 'residue': 'TYR', 'chain': 'B', 'num_residue': '16', 'x': '35.950', 'y': '36.365', 'z': '27.113', 'occupancy': '1.00', 'b-factor': '8.89', 'element': 'O'}, {'record': 'ATOM', 'atom_serial': '290', 'atom_name': 'CB', 'residue': 'TYR', 'chain': 'B', 'num_residue': '16', 'x': '34.830', 'y': '37.489', 'z': '24.143', 'occupancy': '1.00', 'b-factor': '8.38', 'element': 'C'}, {'record': 'ATOM', 'atom_serial': '291', 'atom_name': 'CG', 'residue': 'TYR', 'chain': 'B', 'num_residue': '16', 'x': '34.288', 'y': '38.492', 'z': '25.135', 'occupancy': '1.00', 'b-factor': '7.50', 'element': 'C'}, {'record': 'ATOM', 'atom_serial': '292', 'atom_name': 'CD1', 'residue': 'TYR', 'chain': 'B', 'num_residue': '16', 'x': '35.057', 'y': '39.589', 'z': '25.570', 'occupancy': '1.00', 'b-factor': '7.30', 'element': 'C'}, {'record': 'ATOM', 'atom_serial': '293', 'atom_name': 'CD2', 'residue': 'TYR', 'chain': 'B', 'num_residue': '16', 'x': '33.002', 'y': '38.342', 'z': '25.657', 'occupancy': '1.00', 'b-factor': '6.79', 'element': 'C'}, {'record': 'ATOM', 'atom_serial': '294', 'atom_name': 'CE1', 'residue': 'TYR', 'chain': 'B', 'num_residue': '16', 'x': '34.538', 'y': '40.517', 'z': '26.491', 'occupancy': '1.00', 'b-factor': '8.62', 'element': 'C'}, {'record': 'ATOM', 'atom_serial': '295', 'atom_name': 'CE2', 'residue': 'TYR', 'chain': 'B', 'num_residue': '16', 'x': '32.473', 'y': '39.246', 'z': '26.569', 'occupancy': '1.00', 'b-factor': '8.69', 'element': 'C'}, {'record': 'ATOM', 'atom_serial': '296', 'atom_name': 'CZ', 'residue': 'TYR', 'chain': 'B', 'num_residue': '16', 'x': '33.248', 'y': '40.335', 'z': '26.986', 'occupancy': '1.00', 'b-factor': '8.24', 'element': 'C'}, {'record': 'ATOM', 'atom_serial': '297', 'atom_name': 'OH', 'residue': 'TYR', 'chain': 'B', 'num_residue': '16', 'x': '32.719', 'y': '41.222', 'z': '27.886', 'occupancy': '1.00', 'b-factor': '9.74', 'element': 'O'}, {'record': 'ATOM', 'atom_serial': '298', 'atom_name': 'N', 'residue': 'LEU', 'chain': 'B', 'num_residue': '17', 'x': '34.484', 'y': '35.041', 'z': '26.000', 'occupancy': '1.00', 'b-factor': '8.87', 'element': 'N'}, {'record': 'ATOM', 'atom_serial': '299', 'atom_name': 'CA', 'residue': 'LEU', 'chain': 'B', 'num_residue': '17', 'x': '33.920', 'y': '34.444', 'z': '27.227', 'occupancy': '1.00', 'b-factor': '9.20', 'element': 'C'}, {'record': 'ATOM', 'atom_serial': '300', 'atom_name': 'C', 'residue': 'LEU', 'chain': 'B', 'num_residue': '17', 'x': '34.919', 'y': '33.571', 'z': '27.970', 'occupancy': '1.00', 'b-factor': '10.10', 'element': 'C'}, {'record': 'ATOM', 'atom_serial': '301', 'atom_name': 'O', 'residue': 'LEU', 'chain': 'B', 'num_residue': '17', 'x': '34.981', 'y': '33.597', 'z': '29.206', 'occupancy': '1.00', 'b-factor': '10.72', 'element': 'O'}, {'record': 'ATOM', 'atom_serial': '302', 'atom_name': 'CB', 'residue': 'LEU', 'chain': 'B', 'num_residue': '17', 'x': '32.676', 'y': '33.623', 'z': '26.877', 'occupancy': '1.00', 'b-factor': '9.96', 'element': 'C'}, {'record': 'ATOM', 'atom_serial': '303', 'atom_name': 'CG', 'residue': 'LEU', 'chain': 'B', 'num_residue': '17', 'x': '31.474', 'y': '34.474', 'z': '26.460', 'occupancy': '1.00', 'b-factor': '9.19', 'element': 'C'}, {'record': 'ATOM', 'atom_serial': '304', 'atom_name': 'CD1', 'residue': 'LEU', 'chain': 'B', 'num_residue': '17', 'x': '30.346', 'y': '33.578', 'z': '25.953', 'occupancy': '1.00', 'b-factor': '11.04', 'element': 'C'}, {'record': 'ATOM', 'atom_serial': '305', 'atom_name': 'CD2', 'residue': 'LEU', 'chain': 'B', 'num_residue': '17', 'x': '30.997', 'y': '35.349', 'z': '27.626', 'occupancy': '1.00', 'b-factor': '11.41', 'element': 'C'}, {'record': 'ATOM', 'atom_serial': '306', 'atom_name': 'N', 'residue': 'VAL', 'chain': 'B', 'num_residue': '18', 'x': '35.685', 'y': '32.804', 'z': '27.213', 'occupancy': '1.00', 'b-factor': '9.93', 'element': 'N'}, {'record': 'ATOM', 'atom_serial': '307', 'atom_name': 'CA', 'residue': 'VAL', 'chain': 'B', 'num_residue': '18', 'x': '36.660', 'y': '31.868', 'z': '27.797', 'occupancy': '1.00', 'b-factor': '10.84', 'element': 'C'}, {'record': 'ATOM', 'atom_serial': '308', 'atom_name': 'C', 'residue': 'VAL', 'chain': 'B', 'num_residue': '18', 'x': '37.833', 'y': '32.631', 'z': '28.395', 'occupancy': '1.00', 'b-factor': '11.15', 'element': 'C'}, {'record': 'ATOM', 'atom_serial': '309', 'atom_name': 'O', 'residue': 'VAL', 'chain': 'B', 'num_residue': '18', 'x': '38.275', 'y': '32.338', 'z': '29.512', 'occupancy': '1.00', 'b-factor': '12.42', 'element': 'O'}, {'record': 'ATOM', 'atom_serial': '310', 'atom_name': 'CB', 'residue': 'VAL', 'chain': 'B', 'num_residue': '18', 'x': '37.152', 'y': '30.843', 'z': '26.740', 'occupancy': '1.00', 'b-factor': '11.51', 'element': 'C'}, {'record': 'ATOM', 'atom_serial': '311', 'atom_name': 'CG1', 'residue': 'VAL', 'chain': 'B', 'num_residue': '18', 'x': '38.448', 'y': '30.168', 'z': '27.168', 'occupancy': '1.00', 'b-factor': '13.02', 'element': 'C'}, {'record': 'ATOM', 'atom_serial': '312', 'atom_name': 'CG2', 'residue': 'VAL', 'chain': 'B', 'num_residue': '18', 'x': '36.058', 'y': '29.800', 'z': '26.467', 'occupancy': '1.00', 'b-factor': '12.58', 'element': 'C'}, {'record': 'ATOM', 'atom_serial': '313', 'atom_name': 'N', 'residue': 'CYS', 'chain': 'B', 'num_residue': '19', 'x': '38.343', 'y': '33.612', 'z': '27.653', 'occupancy': '1.00', 'b-factor': '10.75', 'element': 'N'}, {'record': 'ATOM', 'atom_serial': '314', 'atom_name': 'CA', 'residue': 'CYS', 'chain': 'B', 'num_residue': '19', 'x': '39.606', 'y': '34.247', 'z': '28.039', 'occupancy': '1.00', 'b-factor': '11.18', 'element': 'C'}, {'record': 'ATOM', 'atom_serial': '315', 'atom_name': 'C', 'residue': 'CYS', 'chain': 'B', 'num_residue': '19', 'x': '39.468', 'y': '35.323', 'z': '29.109', 'occupancy': '1.00', 'b-factor': '13.19', 'element': 'C'}, {'record': 'ATOM', 'atom_serial': '316', 'atom_name': 'O', 'residue': 'CYS', 'chain': 'B', 'num_residue': '19', 'x': '40.445', 'y': '35.612', 'z': '29.818', 'occupancy': '1.00', 'b-factor': '13.54', 'element': 'O'}, {'record': 'ATOM', 'atom_serial': '317', 'atom_name': 'CB', 'residue': 'CYS', 'chain': 'B', 'num_residue': '19', 'x': '40.371', 'y': '34.768', 'z': '26.815', 'occupancy': '1.00', 'b-factor': '11.28', 'element': 'C'}, {'record': 'ATOM', 'atom_serial': '318', 'atom_name': 'SG', 'residue': 'CYS', 'chain': 'B', 'num_residue': '19', 'x': '40.829', 'y': '33.484', 'z': '25.655', 'occupancy': '1.00', 'b-factor': '10.50', 'element': 'S'}, {'record': 'ATOM', 'atom_serial': '319', 'atom_name': 'N', 'residue': 'GLY', 'chain': 'B', 'num_residue': '20', 'x': '38.281', 'y': '35.912', 'z': '29.219', 'occupancy': '1.00', 'b-factor': '14.21', 'element': 'N'}, {'record': 'ATOM', 'atom_serial': '320', 'atom_name': 'CA', 'residue': 'GLY', 'chain': 'B', 'num_residue': '20', 'x': '38.013', 'y': '36.928', 'z': '30.241', 'occupancy': '1.00', 'b-factor': '15.84', 'element': 'C'}, {'record': 'ATOM', 'atom_serial': '321', 'atom_name': 'C', 'residue': 'GLY', 'chain': 'B', 'num_residue': '20', 'x': '39.017', 'y': '38.065', 'z': '30.210', 'occupancy': '1.00', 'b-factor': '17.39', 'element': 'C'}, {'record': 'ATOM', 'atom_serial': '322', 'atom_name': 'O', 'residue': 'GLY', 'chain': 'B', 'num_residue': '20', 'x': '39.385', 'y': '38.562', 'z': '29.144', 'occupancy': '1.00', 'b-factor': '16.82', 'element': 'O'}, {'record': 'ATOM', 'atom_serial': '323', 'atom_name': 'N', 'residue': 'GLU', 'chain': 'B', 'num_residue': '21', 'x': '39.480', 'y': '38.461', 'z': '31.392', 'occupancy': '1.00', 'b-factor': '18.82', 'element': 'N'}, {'record': 'ATOM', 'atom_serial': '324', 'atom_name': 'CA', 'residue': 'GLU', 'chain': 'B', 'num_residue': '21', 'x': '40.365', 'y': '39.620', 'z': '31.525', 'occupancy': '1.00', 'b-factor': '20.77', 'element': 'C'}, {'record': 'ATOM', 'atom_serial': '325', 'atom_name': 'C', 'residue': 'GLU', 'chain': 'B', 'num_residue': '21', 'x': '41.737', 'y': '39.443', 'z': '30.868', 'occupancy': '1.00', 'b-factor': '19.50', 'element': 'C'}, {'record': 'ATOM', 'atom_serial': '326', 'atom_name': 'O', 'residue': 'GLU', 'chain': 'B', 'num_residue': '21', 'x': '42.455', 'y': '40.419', 'z': '30.665', 'occupancy': '1.00', 'b-factor': '20.11', 'element': 'O'}, {'record': 'ATOM', 'atom_serial': '327', 'atom_name': 'CB', 'residue': 'GLU', 'chain': 'B', 'num_residue': '21', 'x': '40.494', 'y': '40.027', 'z': '32.997', 'occupancy': '1.00', 'b-factor': '20.94', 'element': 'C'}, {'record': 'ATOM', 'atom_serial': '328', 'atom_name': 'CG', 'residue': 'GLU', 'chain': 'B', 'num_residue': '21', 'x': '39.190', 'y': '40.592', 'z': '33.561', 'occupancy': '1.00', 'b-factor': '24.24', 'element': 'C'}, {'record': 'ATOM', 'atom_serial': '329', 'atom_name': 'CD', 'residue': 'GLU', 'chain': 'B', 'num_residue': '21', 'x': '39.307', 'y': '41.098', 'z': '34.990', 'occupancy': '1.00', 'b-factor': '25.13', 'element': 'C'}, {'record': 'ATOM', 'atom_serial': '330', 'atom_name': 'OE1', 'residue': 'GLU', 'chain': 'B', 'num_residue': '21', 'x': '40.419', 'y': '41.042', 'z': '35.573', 'occupancy': '1.00', 'b-factor': '30.20', 'element': 'O'}, {'record': 'ATOM', 'atom_serial': '331', 'atom_name': 'OE2', 'residue': 'GLU', 'chain': 'B', 'num_residue': '21', 'x': '38.271', 'y': '41.552', 'z': '35.526', 'occupancy': '1.00', 'b-factor': '29.89', 'element': 'O'}, {'record': 'ATOM', 'atom_serial': '332', 'atom_name': 'N', 'residue': 'ARG', 'chain': 'B', 'num_residue': '22', 'x': '42.093', 'y': '38.206', 'z': '30.518', 'occupancy': '1.00', 'b-factor': '18.70', 'element': 'N'}, {'record': 'ATOM', 'atom_serial': '333', 'atom_name': 'CA', 'residue': 'ARG', 'chain': 'B', 'num_residue': '22', 'x': '43.330', 'y': '37.939', 'z': '29.777', 'occupancy': '1.00', 'b-factor': '18.74', 'element': 'C'}, {'record': 'ATOM', 'atom_serial': '334', 'atom_name': 'C', 'residue': 'ARG', 'chain': 'B', 'num_residue': '22', 'x': '43.278', 'y': '38.551', 'z': '28.377', 'occupancy': '1.00', 'b-factor': '17.66', 'element': 'C'}, {'record': 'ATOM', 'atom_serial': '335', 'atom_name': 'O', 'residue': 'ARG', 'chain': 'B', 'num_residue': '22', 'x': '44.295', 'y': '39.001', 'z': '27.831', 'occupancy': '1.00', 'b-factor': '18.77', 'element': 'O'}, {'record': 'ATOM', 'atom_serial': '336', 'atom_name': 'CB', 'residue': 'ARG', 'chain': 'B', 'num_residue': '22', 'x': '43.576', 'y': '36.429', 'z': '29.653', 'occupancy': '1.00', 'b-factor': '18.71', 'element': 'C'}, {'record': 'ATOM', 'atom_serial': '337', 'atom_name': 'CG', 'residue': 'ARG', 'chain': 'B', 'num_residue': '22', 'x': '43.764', 'y': '35.700', 'z': '30.974', 'occupancy': '1.00', 'b-factor': '20.63', 'element': 'C'}, {'record': 'ATOM', 'atom_serial': '338', 'atom_name': 'CD', 'residue': 'ARG', 'chain': 'B', 'num_residue': '22', 'x': '43.942', 'y': '34.199', 'z': '30.741', 'occupancy': '1.00', 'b-factor': '20.53', 'element': 'C'}, {'record': 'ATOM', 'atom_serial': '339', 'atom_name': 'NE', 'residue': 'ARG', 'chain': 'B', 'num_residue': '22', 'x': '42.669', 'y': '33.475', 'z': '30.717', 'occupancy': '1.00', 'b-factor': '24.67', 'element': 'N'}, {'record': 'ATOM', 'atom_serial': '340', 'atom_name': 'CZ', 'residue': 'ARG', 'chain': 'B', 'num_residue': '22', 'x': '42.546', 'y': '32.167', 'z': '30.487', 'occupancy': '1.00', 'b-factor': '24.93', 'element': 'C'}, {'record': 'ATOM', 'atom_serial': '341', 'atom_name': 'NH1', 'residue': 'ARG', 'chain': 'B', 'num_residue': '22', 'x': '43.622', 'y': '31.425', 'z': '30.239', 'occupancy': '1.00', 'b-factor': '25.55', 'element': 'N'}, {'record': 'ATOM', 'atom_serial': '342', 'atom_name': 'NH2', 'residue': 'ARG', 'chain': 'B', 'num_residue': '22', 'x': '41.341', 'y': '31.600', 'z': '30.490', 'occupancy': '1.00', 'b-factor': '23.64', 'element': 'N'}, {'record': 'ATOM', 'atom_serial': '343', 'atom_name': 'N', 'residue': 'GLY', 'chain': 'B', 'num_residue': '23', 'x': '42.084', 'y': '38.567', 'z': '27.800', 'occupancy': '1.00', 'b-factor': '15.83', 'element': 'N'}, {'record': 'ATOM', 'atom_serial': '344', 'atom_name': 'CA', 'residue': 'GLY', 'chain': 'B', 'num_residue': '23', 'x': '41.935', 'y': '38.856', 'z': '26.387', 'occupancy': '1.00', 'b-factor': '13.77', 'element': 'C'}, {'record': 'ATOM', 'atom_serial': '345', 'atom_name': 'C', 'residue': 'GLY', 'chain': 'B', 'num_residue': '23', 'x': '42.504', 'y': '37.733', 'z': '25.552', 'occupancy': '1.00', 'b-factor': '13.05', 'element': 'C'}, {'record': 'ATOM', 'atom_serial': '346', 'atom_name': 'O', 'residue': 'GLY', 'chain': 'B', 'num_residue': '23', 'x': '42.858', 'y': '36.663', 'z': '26.078', 'occupancy': '1.00', 'b-factor': '12.21', 'element': 'O'}, {'record': 'ATOM', 'atom_serial': '347', 'atom_name': 'N', 'residue': 'PHE', 'chain': 'B', 'num_residue': '24', 'x': '42.617', 'y': '37.981', 'z': '24.256', 'occupancy': '1.00', 'b-factor': '11.58', 'element': 'N'}, {'record': 'ATOM', 'atom_serial': '348', 'atom_name': 'CA', 'residue': 'PHE', 'chain': 'B', 'num_residue': '24', 'x': '42.937', 'y': '36.929', 'z': '23.309', 'occupancy': '1.00', 'b-factor': '11.09', 'element': 'C'}, {'record': 'ATOM', 'atom_serial': '349', 'atom_name': 'C', 'residue': 'PHE', 'chain': 'B', 'num_residue': '24', 'x': '43.426', 'y': '37.501', 'z': '21.991', 'occupancy': '1.00', 'b-factor': '11.75', 'element': 'C'}, {'record': 'ATOM', 'atom_serial': '350', 'atom_name': 'O', 'residue': 'PHE', 'chain': 'B', 'num_residue': '24', 'x': '43.352', 'y': '38.712', 'z': '21.768', 'occupancy': '1.00', 'b-factor': '12.36', 'element': 'O'}, {'record': 'ATOM', 'atom_serial': '351', 'atom_name': 'CB', 'residue': 'PHE', 'chain': 'B', 'num_residue': '24', 'x': '41.693', 'y': '36.044', 'z': '23.070', 'occupancy': '1.00', 'b-factor': '10.85', 'element': 'C'}, {'record': 'ATOM', 'atom_serial': '352', 'atom_name': 'CG', 'residue': 'PHE', 'chain': 'B', 'num_residue': '24', 'x': '40.513', 'y': '36.789', 'z': '22.490', 'occupancy': '1.00', 'b-factor': '9.03', 'element': 'C'}, {'record': 'ATOM', 'atom_serial': '353', 'atom_name': 'CD1', 'residue': 'PHE', 'chain': 'B', 'num_residue': '24', 'x': '40.357', 'y': '36.895', 'z': '21.103', 'occupancy': '1.00', 'b-factor': '10.16', 'element': 'C'}, {'record': 'ATOM', 'atom_serial': '354', 'atom_name': 'CD2', 'residue': 'PHE', 'chain': 'B', 'num_residue': '24', 'x': '39.573', 'y': '37.392', 'z': '23.321', 'occupancy': '1.00', 'b-factor': '10.49', 'element': 'C'}, {'record': 'ATOM', 'atom_serial': '355', 'atom_name': 'CE1', 'residue': 'PHE', 'chain': 'B', 'num_residue': '24', 'x': '39.254', 'y': '37.583', 'z': '20.555', 'occupancy': '1.00', 'b-factor': '9.69', 'element': 'C'}, {'record': 'ATOM', 'atom_serial': '356', 'atom_name': 'CE2', 'residue': 'PHE', 'chain': 'B', 'num_residue': '24', 'x': '38.474', 'y': '38.090', 'z': '22.782', 'occupancy': '1.00', 'b-factor': '10.75', 'element': 'C'}, {'record': 'ATOM', 'atom_serial': '357', 'atom_name': 'CZ', 'residue': 'PHE', 'chain': 'B', 'num_residue': '24', 'x': '38.325', 'y': '38.184', 'z': '21.397', 'occupancy': '1.00', 'b-factor': '10.19', 'element': 'C'}, {'record': 'ATOM', 'atom_serial': '358', 'atom_name': 'N', 'residue': 'PHE', 'chain': 'B', 'num_residue': '25', 'x': '43.933', 'y': '36.633', 'z': '21.134', 'occupancy': '1.00', 'b-factor': '12.42', 'element': 'N'}, {'record': 'ATOM', 'atom_serial': '359', 'atom_name': 'CA', 'residue': 'PHE', 'chain': 'B', 'num_residue': '25', 'x': '44.214', 'y': '36.982', 'z': '19.762', 'occupancy': '1.00', 'b-factor': '13.76', 'element': 'C'}, {'record': 'ATOM', 'atom_serial': '360', 'atom_name': 'C', 'residue': 'PHE', 'chain': 'B', 'num_residue': '25', 'x': '43.410', 'y': '36.105', 'z': '18.822', 'occupancy': '1.00', 'b-factor': '13.56', 'element': 'C'}, {'record': 'ATOM', 'atom_serial': '361', 'atom_name': 'O', 'residue': 'PHE', 'chain': 'B', 'num_residue': '25', 'x': '43.277', 'y': '34.879', 'z': '19.028', 'occupancy': '1.00', 'b-factor': '13.20', 'element': 'O'}, {'record': 'ATOM', 'atom_serial': '362', 'atom_name': 'CB', 'residue': 'PHE', 'chain': 'B', 'num_residue': '25', 'x': '45.720', 'y': '36.965', 'z': '19.452', 'occupancy': '1.00', 'b-factor': '15.31', 'element': 'C'}, {'record': 'ATOM', 'atom_serial': '363', 'atom_name': 'CG', 'residue': 'PHE', 'chain': 'B', 'num_residue': '25', 'x': '46.429', 'y': '35.703', 'z': '19.853', 'occupancy': '1.00', 'b-factor': '17.34', 'element': 'C'}, {'record': 'ATOM', 'atom_serial': '364', 'atom_name': 'CD1', 'residue': 'PHE', 'chain': 'B', 'num_residue': '25', 'x': '46.724', 'y': '34.728', 'z': '18.902', 'occupancy': '1.00', 'b-factor': '20.70', 'element': 'C'}, {'record': 'ATOM', 'atom_serial': '365', 'atom_name': 'CD2', 'residue': 'PHE', 'chain': 'B', 'num_residue': '25', 'x': '46.836', 'y': '35.503', 'z': '21.174', 'occupancy': '1.00', 'b-factor': '20.22', 'element': 'C'}, {'record': 'ATOM', 'atom_serial': '366', 'atom_name': 'CE1', 'residue': 'PHE', 'chain': 'B', 'num_residue': '25', 'x': '47.401', 'y': '33.556', 'z': '19.263', 'occupancy': '1.00', 'b-factor': '21.12', 'element': 'C'}, {'record': 'ATOM', 'atom_serial': '367', 'atom_name': 'CE2', 'residue': 'PHE', 'chain': 'B', 'num_residue': '25', 'x': '47.508', 'y': '34.331', 'z': '21.545', 'occupancy': '1.00', 'b-factor': '20.64', 'element': 'C'}, {'record': 'ATOM', 'atom_serial': '368', 'atom_name': 'CZ', 'residue': 'PHE', 'chain': 'B', 'num_residue': '25', 'x': '47.789', 'y': '33.360', 'z': '20.582', 'occupancy': '1.00', 'b-factor': '19.89', 'element': 'C'}, {'record': 'ATOM', 'atom_serial': '369', 'atom_name': 'N', 'residue': 'TYR', 'chain': 'B', 'num_residue': '26', 'x': '42.840', 'y': '36.750', 'z': '17.811', 'occupancy': '1.00', 'b-factor': '13.31', 'element': 'N'}, {'record': 'ATOM', 'atom_serial': '370', 'atom_name': 'CA', 'residue': 'TYR', 'chain': 'B', 'num_residue': '26', 'x': '42.064', 'y': '36.088', 'z': '16.786', 'occupancy': '1.00', 'b-factor': '14.17', 'element': 'C'}, {'record': 'ATOM', 'atom_serial': '371', 'atom_name': 'C', 'residue': 'TYR', 'chain': 'B', 'num_residue': '26', 'x': '42.810', 'y': '36.232', 'z': '15.471', 'occupancy': '1.00', 'b-factor': '15.35', 'element': 'C'}, {'record': 'ATOM', 'atom_serial': '372', 'atom_name': 'O', 'residue': 'TYR', 'chain': 'B', 'num_residue': '26', 'x': '42.919', 'y': '37.329', 'z': '14.919', 'occupancy': '1.00', 'b-factor': '14.82', 'element': 'O'}, {'record': 'ATOM', 'atom_serial': '373', 'atom_name': 'CB', 'residue': 'TYR', 'chain': 'B', 'num_residue': '26', 'x': '40.669', 'y': '36.712', 'z': '16.697', 'occupancy': '1.00', 'b-factor': '13.85', 'element': 'C'}, {'record': 'ATOM', 'atom_serial': '374', 'atom_name': 'CG', 'residue': 'TYR', 'chain': 'B', 'num_residue': '26', 'x': '39.824', 'y': '36.158', 'z': '15.579', 'occupancy': '1.00', 'b-factor': '14.17', 'element': 'C'}, {'record': 'ATOM', 'atom_serial': '375', 'atom_name': 'CD1', 'residue': 'TYR', 'chain': 'B', 'num_residue': '26', 'x': '39.504', 'y': '34.799', 'z': '15.529', 'occupancy': '1.00', 'b-factor': '14.37', 'element': 'C'}, {'record': 'ATOM', 'atom_serial': '376', 'atom_name': 'CD2', 'residue': 'TYR', 'chain': 'B', 'num_residue': '26', 'x': '39.335', 'y': '36.985', 'z': '14.569', 'occupancy': '1.00', 'b-factor': '14.38', 'element': 'C'}, {'record': 'ATOM', 'atom_serial': '377', 'atom_name': 'CE1', 'residue': 'TYR', 'chain': 'B', 'num_residue': '26', 'x': '38.724', 'y': '34.280', 'z': '14.503', 'occupancy': '1.00', 'b-factor': '15.71', 'element': 'C'}, {'record': 'ATOM', 'atom_serial': '378', 'atom_name': 'CE2', 'residue': 'TYR', 'chain': 'B', 'num_residue': '26', 'x': '38.558', 'y': '36.479', 'z': '13.549', 'occupancy': '1.00', 'b-factor': '14.39', 'element': 'C'}, {'record': 'ATOM', 'atom_serial': '379', 'atom_name': 'CZ', 'residue': 'TYR', 'chain': 'B', 'num_residue': '26', 'x': '38.250', 'y': '35.130', 'z': '13.516', 'occupancy': '1.00', 'b-factor': '15.05', 'element': 'C'}, {'record': 'ATOM', 'atom_serial': '380', 'atom_name': 'OH', 'residue': 'TYR', 'chain': 'B', 'num_residue': '26', 'x': '37.476', 'y': '34.621', 'z': '12.496', 'occupancy': '1.00', 'b-factor': '17.80', 'element': 'O'}, {'record': 'ATOM', 'atom_serial': '381', 'atom_name': 'N', 'residue': 'THR', 'chain': 'B', 'num_residue': '27', 'x': '43.340', 'y': '35.116', 'z': '14.984', 'occupancy': '1.00', 'b-factor': '16.26', 'element': 'N'}, {'record': 'ATOM', 'atom_serial': '382', 'atom_name': 'CA', 'residue': 'THR', 'chain': 'B', 'num_residue': '27', 'x': '44.214', 'y': '35.110', 'z': '13.817', 'occupancy': '1.00', 'b-factor': '17.93', 'element': 'C'}, {'record': 'ATOM', 'atom_serial': '383', 'atom_name': 'C', 'residue': 'THR', 'chain': 'B', 'num_residue': '27', 'x': '43.681', 'y': '34.112', 'z': '12.788', 'occupancy': '1.00', 'b-factor': '18.16', 'element': 'C'}, {'record': 'ATOM', 'atom_serial': '384', 'atom_name': 'O', 'residue': 'THR', 'chain': 'B', 'num_residue': '27', 'x': '44.216', 'y': '33.003', 'z': '12.670', 'occupancy': '1.00', 'b-factor': '18.88', 'element': 'O'}, {'record': 'ATOM', 'atom_serial': '385', 'atom_name': 'CB', 'residue': 'THR', 'chain': 'B', 'num_residue': '27', 'x': '45.674', 'y': '34.761', 'z': '14.217', 'occupancy': '1.00', 'b-factor': '18.54', 'element': 'C'}, {'record': 'ATOM', 'atom_serial': '386', 'atom_name': 'OG1', 'residue': 'THR', 'chain': 'B', 'num_residue': '27', 'x': '45.694', 'y': '33.529', 'z': '14.958', 'occupancy': '1.00', 'b-factor': '21.71', 'element': 'O'}, {'record': 'ATOM', 'atom_serial': '387', 'atom_name': 'CG2', 'residue': 'THR', 'chain': 'B', 'num_residue': '27', 'x': '46.257', 'y': '35.850', 'z': '15.090', 'occupancy': '1.00', 'b-factor': '19.52', 'element': 'C'}, {'record': 'ATOM', 'atom_serial': '388', 'atom_name': 'N', 'residue': 'PRO', 'chain': 'B', 'num_residue': '28', 'x': '42.619', 'y': '34.491', 'z': '12.055', 'occupancy': '1.00', 'b-factor': '18.18', 'element': 'N'}, {'record': 'ATOM', 'atom_serial': '389', 'atom_name': 'CA', 'residue': 'PRO', 'chain': 'B', 'num_residue': '28', 'x': '41.968', 'y': '33.584', 'z': '11.108', 'occupancy': '1.00', 'b-factor': '18.71', 'element': 'C'}, {'record': 'ATOM', 'atom_serial': '390', 'atom_name': 'C', 'residue': 'PRO', 'chain': 'B', 'num_residue': '28', 'x': '42.830', 'y': '33.197', 'z': '9.908', 'occupancy': '1.00', 'b-factor': '19.21', 'element': 'C'}, {'record': 'ATOM', 'atom_serial': '391', 'atom_name': 'O', 'residue': 'PRO', 'chain': 'B', 'num_residue': '28', 'x': '42.620', 'y': '32.111', 'z': '9.362', 'occupancy': '1.00', 'b-factor': '20.27', 'element': 'O'}, {'record': 'ATOM', 'atom_serial': '392', 'atom_name': 'CB', 'residue': 'PRO', 'chain': 'B', 'num_residue': '28', 'x': '40.728', 'y': '34.361', 'z': '10.660', 'occupancy': '1.00', 'b-factor': '18.86', 'element': 'C'}, {'record': 'ATOM', 'atom_serial': '393', 'atom_name': 'CG', 'residue': 'PRO', 'chain': 'B', 'num_residue': '28', 'x': '41.063', 'y': '35.791', 'z': '10.904', 'occupancy': '1.00', 'b-factor': '18.16', 'element': 'C'}, {'record': 'ATOM', 'atom_serial': '394', 'atom_name': 'CD', 'residue': 'PRO', 'chain': 'B', 'num_residue': '28', 'x': '41.944', 'y': '35.805', 'z': '12.107', 'occupancy': '1.00', 'b-factor': '17.60', 'element': 'C'}]
2025-06-16 00:08:38,844 - __main__ - DEBUG - Values contained in atom_list variable : [{'record': 'ATOM', 'atom_serial': '1', 'atom_name': 'N', 'residue': 'GLY', 'chain': 'A', 'num_residue': '1', 'x': '45.287', 'y': '26.625', 'z': '11.749', 'occupancy': '1.00', 'b-factor': '18.63', 'element': 'N'}, {'record': 'ATOM', 'atom_serial': '2', 'atom_name': 'CA', 'residue': 'GLY', 'chain': 'A', 'num_residue': '1', 'x': '45.011', 'y': '27.675', 'z': '12.767', 'occupancy': '1.00', 'b-factor': '16.88', 'element': 'C'}, {'record': 'ATOM', 'atom_serial': '3', 'atom_name': 'C', 'residue': 'GLY', 'chain': 'A', 'num_residue': '1', 'x': '43.627', 'y': '27.520', 'z': '13.378', 'occupancy': '1.00', 'b-factor': '16.08', 'element': 'C'}, {'record': 'ATOM', 'atom_serial': '4', 'atom_name': 'O', 'residue': 'GLY', 'chain': 'A', 'num_residue': '1', 'x': '42.965', 'y': '26.492', 'z': '13.192', 'occupancy': '1.00', 'b-factor': '16.01', 'element': 'O'}, {'record': 'ATOM', 'atom_serial': '5', 'atom_name': 'N', 'residue': 'ILE', 'chain': 'A', 'num_residue': '2', 'x': '43.187', 'y': '28.551', 'z': '14.105', 'occupancy': '1.00', 'b-factor': '14.92', 'element': 'N'}, {'record': 'ATOM', 'atom_serial': '6', 'atom_name': 'CA', 'residue': 'ILE', 'chain': 'A', 'num_residue': '2', 'x': '41.938', 'y': '28.466', 'z': '14.864', 'occupancy': '1.00', 'b-factor': '13.99', 'element': 'C'}, {'record': 'ATOM', 'atom_serial': '7', 'atom_name': 'C', 'residue': 'ILE', 'chain': 'A', 'num_residue': '2', 'x': '40.701', 'y': '28.168', 'z': '14.012', 'occupancy': '1.00', 'b-factor': '13.32', 'element': 'C'}, {'record': 'ATOM', 'atom_serial': '8', 'atom_name': 'O', 'residue': 'ILE', 'chain': 'A', 'num_residue': '2', 'x': '39.787', 'y': '27.495', 'z': '14.459', 'occupancy': '1.00', 'b-factor': '12.70', 'element': 'O'}, {'record': 'ATOM', 'atom_serial': '9', 'atom_name': 'CB', 'residue': 'ILE', 'chain': 'A', 'num_residue': '2', 'x': '41.704', 'y': '29.735', 'z': '15.731', 'occupancy': '1.00', 'b-factor': '13.58', 'element': 'C'}, {'record': 'ATOM', 'atom_serial': '10', 'atom_name': 'CG1', 'residue': 'ILE', 'chain': 'A', 'num_residue': '2', 'x': '40.666', 'y': '29.457', 'z': '16.823', 'occupancy': '1.00', 'b-factor': '13.36', 'element': 'C'}, {'record': 'ATOM', 'atom_serial': '11', 'atom_name': 'CG2', 'residue': 'ILE', 'chain': 'A', 'num_residue': '2', 'x': '41.350', 'y': '30.978', 'z': '14.866', 'occupancy': '1.00', 'b-factor': '13.76', 'element': 'C'}, {'record': 'ATOM', 'atom_serial': '12', 'atom_name': 'CD1', 'residue': 'ILE', 'chain': 'A', 'num_residue': '2', 'x': '40.401', 'y': '30.636', 'z': '17.783', 'occupancy': '1.00', 'b-factor': '13.94', 'element': 'C'}, {'record': 'ATOM', 'atom_serial': '13', 'atom_name': 'N', 'residue': 'VAL', 'chain': 'A', 'num_residue': '3', 'x': '40.672', 'y': '28.678', 'z': '12.784', 'occupancy': '1.00', 'b-factor': '13.48', 'element': 'N'}, {'record': 'ATOM', 'atom_serial': '14', 'atom_name': 'CA', 'residue': 'VAL', 'chain': 'A', 'num_residue': '3', 'x': '39.531', 'y': '28.445', 'z': '11.915', 'occupancy': '1.00', 'b-factor': '14.36', 'element': 'C'}, {'record': 'ATOM', 'atom_serial': '15', 'atom_name': 'C', 'residue': 'VAL', 'chain': 'A', 'num_residue': '3', 'x': '39.428', 'y': '26.957', 'z': '11.558', 'occupancy': '1.00', 'b-factor': '13.95', 'element': 'C'}, {'record': 'ATOM', 'atom_serial': '16', 'atom_name': 'O', 'residue': 'VAL', 'chain': 'A', 'num_residue': '3', 'x': '38.362', 'y': '26.356', 'z': '11.641', 'occupancy': '1.00', 'b-factor': '13.81', 'element': 'O'}, {'record': 'ATOM', 'atom_serial': '17', 'atom_name': 'CB', 'residue': 'VAL', 'chain': 'A', 'num_residue': '3', 'x': '39.615', 'y': '29.341', 'z': '10.665', 'occupancy': '1.00', 'b-factor': '14.65', 'element': 'C'}, {'record': 'ATOM', 'atom_serial': '18', 'atom_name': 'CG1', 'residue': 'VAL', 'chain': 'A', 'num_residue': '3', 'x': '38.580', 'y': '28.945', 'z': '9.641', 'occupancy': '1.00', 'b-factor': '15.73', 'element': 'C'}, {'record': 'ATOM', 'atom_serial': '19', 'atom_name': 'CG2', 'residue': 'VAL', 'chain': 'A', 'num_residue': '3', 'x': '39.427', 'y': '30.792', 'z': '11.072', 'occupancy': '1.00', 'b-factor': '15.80', 'element': 'C'}, {'record': 'ATOM', 'atom_serial': '20', 'atom_name': 'N', 'residue': 'GLU', 'chain': 'A', 'num_residue': '4', 'x': '40.559', 'y': '26.366', 'z': '11.197', 'occupancy': '1.00', 'b-factor': '14.83', 'element': 'N'}, {'record': 'ATOM', 'atom_serial': '21', 'atom_name': 'CA', 'residue': 'GLU', 'chain': 'A', 'num_residue': '4', 'x': '40.613', 'y': '24.948', 'z': '10.877', 'occupancy': '1.00', 'b-factor': '15.56', 'element': 'C'}, {'record': 'ATOM', 'atom_serial': '22', 'atom_name': 'C', 'residue': 'GLU', 'chain': 'A', 'num_residue': '4', 'x': '40.194', 'y': '24.097', 'z': '12.081', 'occupancy': '1.00', 'b-factor': '14.75', 'element': 'C'}, {'record': 'ATOM', 'atom_serial': '23', 'atom_name': 'O', 'residue': 'GLU', 'chain': 'A', 'num_residue': '4', 'x': '39.462', 'y': '23.132', 'z': '11.931', 'occupancy': '1.00', 'b-factor': '15.09', 'element': 'O'}, {'record': 'ATOM', 'atom_serial': '24', 'atom_name': 'CB', 'residue': 'GLU', 'chain': 'A', 'num_residue': '4', 'x': '42.030', 'y': '24.571', 'z': '10.437', 'occupancy': '1.00', 'b-factor': '16.46', 'element': 'C'}, {'record': 'ATOM', 'atom_serial': '25', 'atom_name': 'CG', 'residue': 'GLU', 'chain': 'A', 'num_residue': '4', 'x': '42.493', 'y': '25.203', 'z': '9.122', 'occupancy': '1.00', 'b-factor': '20.40', 'element': 'C'}, {'record': 'ATOM', 'atom_serial': '26', 'atom_name': 'CD', 'residue': 'GLU', 'chain': 'A', 'num_residue': '4', 'x': '42.553', 'y': '26.730', 'z': '9.153', 'occupancy': '1.00', 'b-factor': '22.85', 'element': 'C'}, {'record': 'ATOM', 'atom_serial': '27', 'atom_name': 'OE1', 'residue': 'GLU', 'chain': 'A', 'num_residue': '4', 'x': '43.054', 'y': '27.315', 'z': '10.146', 'occupancy': '1.00', 'b-factor': '22.33', 'element': 'O'}, {'record': 'ATOM', 'atom_serial': '28', 'atom_name': 'OE2', 'residue': 'GLU', 'chain': 'A', 'num_residue': '4', 'x': '42.099', 'y': '27.345', 'z': '8.161', 'occupancy': '1.00', 'b-factor': '27.15', 'element': 'O'}, {'record': 'ATOM', 'atom_serial': '29', 'atom_name': 'N', 'residue': 'GLN', 'chain': 'A', 'num_residue': '5', 'x': '40.633', 'y': '24.491', 'z': '13.274', 'occupancy': '1.00', 'b-factor': '13.80', 'element': 'N'}, {'record': 'ATOM', 'atom_serial': '30', 'atom_name': 'CA', 'residue': 'GLN', 'chain': 'A', 'num_residue': '5', 'x': '40.395', 'y': '23.679', 'z': '14.478', 'occupancy': '1.00', 'b-factor': '13.52', 'element': 'C'}, {'record': 'ATOM', 'atom_serial': '31', 'atom_name': 'C', 'residue': 'GLN', 'chain': 'A', 'num_residue': '5', 'x': '39.037', 'y': '23.874', 'z': '15.152', 'occupancy': '1.00', 'b-factor': '12.91', 'element': 'C'}, {'record': 'ATOM', 'atom_serial': '32', 'atom_name': 'O', 'residue': 'GLN', 'chain': 'A', 'num_residue': '5', 'x': '38.522', 'y': '22.963', 'z': '15.817', 'occupancy': '1.00', 'b-factor': '12.33', 'element': 'O'}, {'record': 'ATOM', 'atom_serial': '33', 'atom_name': 'CB', 'residue': 'GLN', 'chain': 'A', 'num_residue': '5', 'x': '41.529', 'y': '23.873', 'z': '15.482', 'occupancy': '1.00', 'b-factor': '13.97', 'element': 'C'}, {'record': 'ATOM', 'atom_serial': '34', 'atom_name': 'CG', 'residue': 'GLN', 'chain': 'A', 'num_residue': '5', 'x': '42.952', 'y': '23.553', 'z': '14.930', 'occupancy': '1.00', 'b-factor': '15.12', 'element': 'C'}, {'record': 'ATOM', 'atom_serial': '35', 'atom_name': 'CD', 'residue': 'GLN', 'chain': 'A', 'num_residue': '5', 'x': '43.051', 'y': '22.244', 'z': '14.131', 'occupancy': '1.00', 'b-factor': '15.95', 'element': 'C'}, {'record': 'ATOM', 'atom_serial': '36', 'atom_name': 'OE1', 'residue': 'GLN', 'chain': 'A', 'num_residue': '5', 'x': '43.739', 'y': '22.167', 'z': '13.101', 'occupancy': '1.00', 'b-factor': '21.11', 'element': 'O'}, {'record': 'ATOM', 'atom_serial': '37', 'atom_name': 'NE2', 'residue': 'GLN', 'chain': 'A', 'num_residue': '5', 'x': '42.349', 'y': '21.227', 'z': '14.586', 'occupancy': '1.00', 'b-factor': '13.34', 'element': 'N'}, {'record': 'ATOM', 'atom_serial': '38', 'atom_name': 'N', 'residue': 'CYS', 'chain': 'A', 'num_residue': '6', 'x': '38.442', 'y': '25.058', 'z': '14.975', 'occupancy': '1.00', 'b-factor': '12.06', 'element': 'N'}, {'record': 'ATOM', 'atom_serial': '39', 'atom_name': 'CA', 'residue': 'CYS', 'chain': 'A', 'num_residue': '6', 'x': '37.251', 'y': '25.427', 'z': '15.747', 'occupancy': '1.00', 'b-factor': '11.91', 'element': 'C'}, {'record': 'ATOM', 'atom_serial': '40', 'atom_name': 'C', 'residue': 'CYS', 'chain': 'A', 'num_residue': '6', 'x': '36.023', 'y': '25.740', 'z': '14.916', 'occupancy': '1.00', 'b-factor': '11.55', 'element': 'C'}, {'record': 'ATOM', 'atom_serial': '41', 'atom_name': 'O', 'residue': 'CYS', 'chain': 'A', 'num_residue': '6', 'x': '34.905', 'y': '25.643', 'z': '15.420', 'occupancy': '1.00', 'b-factor': '10.82', 'element': 'O'}, {'record': 'ATOM', 'atom_serial': '42', 'atom_name': 'CB', 'residue': 'CYS', 'chain': 'A', 'num_residue': '6', 'x': '37.565', 'y': '26.610', 'z': '16.659', 'occupancy': '1.00', 'b-factor': '11.02', 'element': 'C'}, {'record': 'ATOM', 'atom_serial': '43', 'atom_name': 'SG', 'residue': 'CYS', 'chain': 'A', 'num_residue': '6', 'x': '38.446', 'y': '26.023', 'z': '18.125', 'occupancy': '1.00', 'b-factor': '12.80', 'element': 'S'}, {'record': 'ATOM', 'atom_serial': '44', 'atom_name': 'N', 'residue': 'CYS', 'chain': 'A', 'num_residue': '7', 'x': '36.248', 'y': '26.079', 'z': '13.647', 'occupancy': '1.00', 'b-factor': '12.90', 'element': 'N'}, {'record': 'ATOM', 'atom_serial': '45', 'atom_name': 'CA', 'residue': 'ACYS', 'chain': 'A', 'num_residue': '7', 'x': '35.177', 'y': '26.394', 'z': '12.709', 'occupancy': '0.79', 'b-factor': '13.32', 'element': 'C'}, {'record': 'ATOM', 'atom_serial': '46', 'atom_name': 'CA', 'residue': 'BCYS', 'chain': 'A', 'num_residue': '7', 'x': '35.149', 'y': '26.379', 'z': '12.748', 'occupancy': '0.21', 'b-factor': '13.45', 'element': 'C'}, {'record': 'ATOM', 'atom_serial': '47', 'atom_name': 'C', 'residue': 'CYS', 'chain': 'A', 'num_residue': '7', 'x': '34.922', 'y': '25.248', 'z': '11.737', 'occupancy': '1.00', 'b-factor': '13.35', 'element': 'C'}, {'record': 'ATOM', 'atom_serial': '48', 'atom_name': 'O', 'residue': 'CYS', 'chain': 'A', 'num_residue': '7', 'x': '33.806', 'y': '24.738', 'z': '11.635', 'occupancy': '1.00', 'b-factor': '13.85', 'element': 'O'}, {'record': 'ATOM', 'atom_serial': '49', 'atom_name': 'CB', 'residue': 'ACYS', 'chain': 'A', 'num_residue': '7', 'x': '35.528', 'y': '27.677', 'z': '11.950', 'occupancy': '0.79', 'b-factor': '13.58', 'element': 'C'}, {'record': 'ATOM', 'atom_serial': '50', 'atom_name': 'CB', 'residue': 'BCYS', 'chain': 'A', 'num_residue': '7', 'x': '35.323', 'y': '27.775', 'z': '12.119', 'occupancy': '0.21', 'b-factor': '13.50', 'element': 'C'}, {'record': 'ATOM', 'atom_serial': '51', 'atom_name': 'SG', 'residue': 'ACYS', 'chain': 'A', 'num_residue': '7', 'x': '34.438', 'y': '28.090', 'z': '10.588', 'occupancy': '0.79', 'b-factor': '15.10', 'element': 'S'}, {'record': 'ATOM', 'atom_serial': '52', 'atom_name': 'SG', 'residue': 'BCYS', 'chain': 'A', 'num_residue': '7', 'x': '35.636', 'y': '27.919', 'z': '10.353', 'occupancy': '0.21', 'b-factor': '15.81', 'element': 'S'}, {'record': 'ATOM', 'atom_serial': '53', 'atom_name': 'N', 'residue': 'THR', 'chain': 'A', 'num_residue': '8', 'x': '35.978', 'y': '24.839', 'z': '11.030', 'occupancy': '1.00', 'b-factor': '13.82', 'element': 'N'}, {'record': 'ATOM', 'atom_serial': '54', 'atom_name': 'CA', 'residue': 'THR', 'chain': 'A', 'num_residue': '8', 'x': '35.839', 'y': '23.728', 'z': '10.080', 'occupancy': '1.00', 'b-factor': '15.67', 'element': 'C'}, {'record': 'ATOM', 'atom_serial': '55', 'atom_name': 'C', 'residue': 'THR', 'chain': 'A', 'num_residue': '8', 'x': '35.726', 'y': '22.378', 'z': '10.790', 'occupancy': '1.00', 'b-factor': '14.77', 'element': 'C'}, {'record': 'ATOM', 'atom_serial': '56', 'atom_name': 'O', 'residue': 'THR', 'chain': 'A', 'num_residue': '8', 'x': '35.218', 'y': '21.421', 'z': '10.221', 'occupancy': '1.00', 'b-factor': '16.48', 'element': 'O'}, {'record': 'ATOM', 'atom_serial': '57', 'atom_name': 'CB', 'residue': 'THR', 'chain': 'A', 'num_residue': '8', 'x': '36.974', 'y': '23.676', 'z': '9.042', 'occupancy': '1.00', 'b-factor': '15.66', 'element': 'C'}, {'record': 'ATOM', 'atom_serial': '58', 'atom_name': 'OG1', 'residue': 'THR', 'chain': 'A', 'num_residue': '8', 'x': '38.232', 'y': '23.547', 'z': '9.701', 'occupancy': '1.00', 'b-factor': '22.83', 'element': 'O'}, {'record': 'ATOM', 'atom_serial': '59', 'atom_name': 'CG2', 'residue': 'THR', 'chain': 'A', 'num_residue': '8', 'x': '36.975', 'y': '24.917', 'z': '8.173', 'occupancy': '1.00', 'b-factor': '20.32', 'element': 'C'}, {'record': 'ATOM', 'atom_serial': '60', 'atom_name': 'N', 'residue': 'SER', 'chain': 'A', 'num_residue': '9', 'x': '36.207', 'y': '22.312', 'z': '12.029', 'occupancy': '1.00', 'b-factor': '13.60', 'element': 'N'}, {'record': 'ATOM', 'atom_serial': '61', 'atom_name': 'CA', 'residue': 'SER', 'chain': 'A', 'num_residue': '9', 'x': '36.019', 'y': '21.140', 'z': '12.882', 'occupancy': '1.00', 'b-factor': '12.98', 'element': 'C'}, {'record': 'ATOM', 'atom_serial': '62', 'atom_name': 'C', 'residue': 'SER', 'chain': 'A', 'num_residue': '9', 'x': '35.531', 'y': '21.600', 'z': '14.247', 'occupancy': '1.00', 'b-factor': '12.38', 'element': 'C'}, {'record': 'ATOM', 'atom_serial': '63', 'atom_name': 'O', 'residue': 'SER', 'chain': 'A', 'num_residue': '9', 'x': '35.458', 'y': '22.796', 'z': '14.496', 'occupancy': '1.00', 'b-factor': '11.87', 'element': 'O'}, {'record': 'ATOM', 'atom_serial': '64', 'atom_name': 'CB', 'residue': 'SER', 'chain': 'A', 'num_residue': '9', 'x': '37.321', 'y': '20.353', 'z': '13.007', 'occupancy': '1.00', 'b-factor': '14.17', 'element': 'C'}, {'record': 'ATOM', 'atom_serial': '65', 'atom_name': 'OG', 'residue': 'SER', 'chain': 'A', 'num_residue': '9', 'x': '38.298', 'y': '21.113', 'z': '13.661', 'occupancy': '1.00', 'b-factor': '16.93', 'element': 'O'}, {'record': 'ATOM', 'atom_serial': '66', 'atom_name': 'N', 'residue': 'ILE', 'chain': 'A', 'num_residue': '10', 'x': '35.209', 'y': '20.658', 'z': '15.123', 'occupancy': '1.00', 'b-factor': '11.87', 'element': 'N'}, {'record': 'ATOM', 'atom_serial': '67', 'atom_name': 'CA', 'residue': 'ILE', 'chain': 'A', 'num_residue': '10', 'x': '34.637', 'y': '20.971', 'z': '16.424', 'occupancy': '1.00', 'b-factor': '12.61', 'element': 'C'}, {'record': 'ATOM', 'atom_serial': '68', 'atom_name': 'C', 'residue': 'ILE', 'chain': 'A', 'num_residue': '10', 'x': '35.711', 'y': '21.556', 'z': '17.345', 'occupancy': '1.00', 'b-factor': '11.82', 'element': 'C'}, {'record': 'ATOM', 'atom_serial': '69', 'atom_name': 'O', 'residue': 'ILE', 'chain': 'A', 'num_residue': '10', 'x': '36.799', 'y': '20.995', 'z': '17.507', 'occupancy': '1.00', 'b-factor': '11.75', 'element': 'O'}, {'record': 'ATOM', 'atom_serial': '70', 'atom_name': 'CB', 'residue': 'ILE', 'chain': 'A', 'num_residue': '10', 'x': '33.984', 'y': '19.726', 'z': '17.058', 'occupancy': '1.00', 'b-factor': '12.64', 'element': 'C'}, {'record': 'ATOM', 'atom_serial': '71', 'atom_name': 'CG1', 'residue': 'ILE', 'chain': 'A', 'num_residue': '10', 'x': '32.832', 'y': '19.213', 'z': '16.182', 'occupancy': '1.00', 'b-factor': '13.29', 'element': 'C'}, {'record': 'ATOM', 'atom_serial': '72', 'atom_name': 'CG2', 'residue': 'ILE', 'chain': 'A', 'num_residue': '10', 'x': '33.454', 'y': '20.041', 'z': '18.451', 'occupancy': '1.00', 'b-factor': '13.38', 'element': 'C'}, {'record': 'ATOM', 'atom_serial': '73', 'atom_name': 'CD1', 'residue': 'ILE', 'chain': 'A', 'num_residue': '10', 'x': '32.262', 'y': '17.880', 'z': '16.613', 'occupancy': '1.00', 'b-factor': '16.80', 'element': 'C'}, {'record': 'ATOM', 'atom_serial': '74', 'atom_name': 'N', 'residue': 'CYS', 'chain': 'A', 'num_residue': '11', 'x': '35.392', 'y': '22.710', 'z': '17.930', 'occupancy': '1.00', 'b-factor': '11.80', 'element': 'N'}, {'record': 'ATOM', 'atom_serial': '75', 'atom_name': 'CA', 'residue': 'CYS', 'chain': 'A', 'num_residue': '11', 'x': '36.292', 'y': '23.386', 'z': '18.837', 'occupancy': '1.00', 'b-factor': '12.19', 'element': 'C'}, {'record': 'ATOM', 'atom_serial': '76', 'atom_name': 'C', 'residue': 'CYS', 'chain': 'A', 'num_residue': '11', 'x': '36.421', 'y': '22.639', 'z': '20.175', 'occupancy': '1.00', 'b-factor': '12.46', 'element': 'C'}, {'record': 'ATOM', 'atom_serial': '77', 'atom_name': 'O', 'residue': 'CYS', 'chain': 'A', 'num_residue': '11', 'x': '35.697', 'y': '21.666', 'z': '20.422', 'occupancy': '1.00', 'b-factor': '12.79', 'element': 'O'}, {'record': 'ATOM', 'atom_serial': '78', 'atom_name': 'CB', 'residue': 'CYS', 'chain': 'A', 'num_residue': '11', 'x': '35.776', 'y': '24.815', 'z': '19.038', 'occupancy': '1.00', 'b-factor': '12.29', 'element': 'C'}, {'record': 'ATOM', 'atom_serial': '79', 'atom_name': 'SG', 'residue': 'CYS', 'chain': 'A', 'num_residue': '11', 'x': '36.999', 'y': '26.021', 'z': '19.591', 'occupancy': '1.00', 'b-factor': '13.08', 'element': 'S'}, {'record': 'ATOM', 'atom_serial': '80', 'atom_name': 'N', 'residue': 'SER', 'chain': 'A', 'num_residue': '12', 'x': '37.366', 'y': '23.086', 'z': '21.005', 'occupancy': '1.00', 'b-factor': '12.91', 'element': 'N'}, {'record': 'ATOM', 'atom_serial': '81', 'atom_name': 'CA', 'residue': 'SER', 'chain': 'A', 'num_residue': '12', 'x': '37.544', 'y': '22.547', 'z': '22.361', 'occupancy': '1.00', 'b-factor': '13.55', 'element': 'C'}, {'record': 'ATOM', 'atom_serial': '82', 'atom_name': 'C', 'residue': 'SER', 'chain': 'A', 'num_residue': '12', 'x': '38.044', 'y': '23.660', 'z': '23.269', 'occupancy': '1.00', 'b-factor': '12.66', 'element': 'C'}, {'record': 'ATOM', 'atom_serial': '83', 'atom_name': 'O', 'residue': 'SER', 'chain': 'A', 'num_residue': '12', 'x': '38.685', 'y': '24.611', 'z': '22.809', 'occupancy': '1.00', 'b-factor': '12.59', 'element': 'O'}, {'record': 'ATOM', 'atom_serial': '84', 'atom_name': 'CB', 'residue': 'SER', 'chain': 'A', 'num_residue': '12', 'x': '38.539', 'y': '21.378', 'z': '22.370', 'occupancy': '1.00', 'b-factor': '13.30', 'element': 'C'}, {'record': 'ATOM', 'atom_serial': '85', 'atom_name': 'OG', 'residue': 'SER', 'chain': 'A', 'num_residue': '12', 'x': '39.886', 'y': '21.781', 'z': '22.184', 'occupancy': '1.00', 'b-factor': '16.19', 'element': 'O'}, {'record': 'ATOM', 'atom_serial': '86', 'atom_name': 'N', 'residue': 'LEU', 'chain': 'A', 'num_residue': '13', 'x': '37.786', 'y': '23.522', 'z': '24.564', 'occupancy': '1.00', 'b-factor': '12.20', 'element': 'N'}, {'record': 'ATOM', 'atom_serial': '87', 'atom_name': 'CA', 'residue': 'LEU', 'chain': 'A', 'num_residue': '13', 'x': '38.269', 'y': '24.518', 'z': '25.522', 'occupancy': '1.00', 'b-factor': '11.15', 'element': 'C'}, {'record': 'ATOM', 'atom_serial': '88', 'atom_name': 'C', 'residue': 'LEU', 'chain': 'A', 'num_residue': '13', 'x': '39.786', 'y': '24.514', 'z': '25.536', 'occupancy': '1.00', 'b-factor': '11.71', 'element': 'C'}, {'record': 'ATOM', 'atom_serial': '89', 'atom_name': 'O', 'residue': 'LEU', 'chain': 'A', 'num_residue': '13', 'x': '40.451', 'y': '25.559', 'z': '25.617', 'occupancy': '1.00', 'b-factor': '11.74', 'element': 'O'}, {'record': 'ATOM', 'atom_serial': '90', 'atom_name': 'CB', 'residue': 'LEU', 'chain': 'A', 'num_residue': '13', 'x': '37.714', 'y': '24.230', 'z': '26.918', 'occupancy': '1.00', 'b-factor': '10.46', 'element': 'C'}, {'record': 'ATOM', 'atom_serial': '91', 'atom_name': 'CG', 'residue': 'LEU', 'chain': 'A', 'num_residue': '13', 'x': '38.186', 'y': '25.176', 'z': '28.032', 'occupancy': '1.00', 'b-factor': '8.71', 'element': 'C'}, {'record': 'ATOM', 'atom_serial': '92', 'atom_name': 'CD1', 'residue': 'LEU', 'chain': 'A', 'num_residue': '13', 'x': '37.829', 'y': '26.620', 'z': '27.694', 'occupancy': '1.00', 'b-factor': '9.64', 'element': 'C'}, {'record': 'ATOM', 'atom_serial': '93', 'atom_name': 'CD2', 'residue': 'LEU', 'chain': 'A', 'num_residue': '13', 'x': '37.600', 'y': '24.760', 'z': '29.359', 'occupancy': '1.00', 'b-factor': '9.98', 'element': 'C'}, {'record': 'ATOM', 'atom_serial': '94', 'atom_name': 'N', 'residue': 'TYR', 'chain': 'A', 'num_residue': '14', 'x': '40.347', 'y': '23.314', 'z': '25.448', 'occupancy': '1.00', 'b-factor': '12.72', 'element': 'N'}, {'record': 'ATOM', 'atom_serial': '95', 'atom_name': 'CA', 'residue': 'TYR', 'chain': 'A', 'num_residue': '14', 'x': '41.761', 'y': '23.149', 'z': '25.398', 'occupancy': '1.00', 'b-factor': '13.90', 'element': 'C'}, {'record': 'ATOM', 'atom_serial': '96', 'atom_name': 'C', 'residue': 'TYR', 'chain': 'A', 'num_residue': '14', 'x': '42.402', 'y': '24.035', 'z': '24.315', 'occupancy': '1.00', 'b-factor': '14.14', 'element': 'C'}, {'record': 'ATOM', 'atom_serial': '97', 'atom_name': 'O', 'residue': 'TYR', 'chain': 'A', 'num_residue': '14', 'x': '43.387', 'y': '24.731', 'z': '24.560', 'occupancy': '1.00', 'b-factor': '14.59', 'element': 'O'}, {'record': 'ATOM', 'atom_serial': '98', 'atom_name': 'CB', 'residue': 'TYR', 'chain': 'A', 'num_residue': '14', 'x': '42.057', 'y': '21.672', 'z': '25.143', 'occupancy': '1.00', 'b-factor': '15.45', 'element': 'C'}, {'record': 'ATOM', 'atom_serial': '99', 'atom_name': 'CG', 'residue': 'TYR', 'chain': 'A', 'num_residue': '14', 'x': '43.515', 'y': '21.398', 'z': '25.202', 'occupancy': '1.00', 'b-factor': '16.18', 'element': 'C'}, {'record': 'ATOM', 'atom_serial': '100', 'atom_name': 'CD1', 'residue': 'TYR', 'chain': 'A', 'num_residue': '14', 'x': '44.086', 'y': '20.852', 'z': '26.350', 'occupancy': '1.00', 'b-factor': '17.33', 'element': 'C'}, {'record': 'ATOM', 'atom_serial': '101', 'atom_name': 'CD2', 'residue': 'TYR', 'chain': 'A', 'num_residue': '14', 'x': '44.349', 'y': '21.744', 'z': '24.132', 'occupancy': '1.00', 'b-factor': '16.59', 'element': 'C'}, {'record': 'ATOM', 'atom_serial': '102', 'atom_name': 'CE1', 'residue': 'TYR', 'chain': 'A', 'num_residue': '14', 'x': '45.441', 'y': '20.629', 'z': '26.414', 'occupancy': '1.00', 'b-factor': '17.09', 'element': 'C'}, {'record': 'ATOM', 'atom_serial': '103', 'atom_name': 'CE2', 'residue': 'TYR', 'chain': 'A', 'num_residue': '14', 'x': '45.695', 'y': '21.529', 'z': '24.185', 'occupancy': '1.00', 'b-factor': '18.99', 'element': 'C'}, {'record': 'ATOM', 'atom_serial': '104', 'atom_name': 'CZ', 'residue': 'TYR', 'chain': 'A', 'num_residue': '14', 'x': '46.239', 'y': '20.965', 'z': '25.330', 'occupancy': '1.00', 'b-factor': '17.31', 'element': 'C'}, {'record': 'ATOM', 'atom_serial': '105', 'atom_name': 'OH', 'residue': 'TYR', 'chain': 'A', 'num_residue': '14', 'x': '47.579', 'y': '20.736', 'z': '25.378', 'occupancy': '1.00', 'b-factor': '19.56', 'element': 'O'}, {'record': 'ATOM', 'atom_serial': '106', 'atom_name': 'N', 'residue': 'GLN', 'chain': 'A', 'num_residue': '15', 'x': '41.828', 'y': '23.984', 'z': '23.114', 'occupancy': '1.00', 'b-factor': '14.20', 'element': 'N'}, {'record': 'ATOM', 'atom_serial': '107', 'atom_name': 'CA', 'residue': 'GLN', 'chain': 'A', 'num_residue': '15', 'x': '42.358', 'y': '24.742', 'z': '21.989', 'occupancy': '1.00', 'b-factor': '14.86', 'element': 'C'}, {'record': 'ATOM', 'atom_serial': '108', 'atom_name': 'C', 'residue': 'GLN', 'chain': 'A', 'num_residue': '15', 'x': '42.039', 'y': '26.241', 'z': '22.070', 'occupancy': '1.00', 'b-factor': '13.14', 'element': 'C'}, {'record': 'ATOM', 'atom_serial': '109', 'atom_name': 'O', 'residue': 'GLN', 'chain': 'A', 'num_residue': '15', 'x': '42.901', 'y': '27.067', 'z': '21.790', 'occupancy': '1.00', 'b-factor': '14.15', 'element': 'O'}, {'record': 'ATOM', 'atom_serial': '110', 'atom_name': 'CB', 'residue': 'GLN', 'chain': 'A', 'num_residue': '15', 'x': '41.892', 'y': '24.133', 'z': '20.664', 'occupancy': '1.00', 'b-factor': '15.19', 'element': 'C'}, {'record': 'ATOM', 'atom_serial': '111', 'atom_name': 'CG', 'residue': 'GLN', 'chain': 'A', 'num_residue': '15', 'x': '42.659', 'y': '22.852', 'z': '20.292', 'occupancy': '1.00', 'b-factor': '17.00', 'element': 'C'}, {'record': 'ATOM', 'atom_serial': '112', 'atom_name': 'CD', 'residue': 'GLN', 'chain': 'A', 'num_residue': '15', 'x': '42.309', 'y': '22.341', 'z': '18.909', 'occupancy': '1.00', 'b-factor': '17.73', 'element': 'C'}, {'record': 'ATOM', 'atom_serial': '113', 'atom_name': 'OE1', 'residue': 'GLN', 'chain': 'A', 'num_residue': '15', 'x': '43.056', 'y': '22.564', 'z': '17.953', 'occupancy': '1.00', 'b-factor': '21.08', 'element': 'O'}, {'record': 'ATOM', 'atom_serial': '114', 'atom_name': 'NE2', 'residue': 'GLN', 'chain': 'A', 'num_residue': '15', 'x': '41.163', 'y': '21.677', 'z': '18.789', 'occupancy': '1.00', 'b-factor': '19.22', 'element': 'N'}, {'record': 'ATOM', 'atom_serial': '115', 'atom_name': 'N', 'residue': 'LEU', 'chain': 'A', 'num_residue': '16', 'x': '40.823', 'y': '26.589', 'z': '22.485', 'occupancy': '1.00', 'b-factor': '12.54', 'element': 'N'}, {'record': 'ATOM', 'atom_serial': '116', 'atom_name': 'CA', 'residue': 'LEU', 'chain': 'A', 'num_residue': '16', 'x': '40.487', 'y': '28.004', 'z': '22.684', 'occupancy': '1.00', 'b-factor': '11.74', 'element': 'C'}, {'record': 'ATOM', 'atom_serial': '117', 'atom_name': 'C', 'residue': 'LEU', 'chain': 'A', 'num_residue': '16', 'x': '41.439', 'y': '28.703', 'z': '23.635', 'occupancy': '1.00', 'b-factor': '11.24', 'element': 'C'}, {'record': 'ATOM', 'atom_serial': '118', 'atom_name': 'O', 'residue': 'LEU', 'chain': 'A', 'num_residue': '16', 'x': '41.863', 'y': '29.811', 'z': '23.368', 'occupancy': '1.00', 'b-factor': '10.25', 'element': 'O'}, {'record': 'ATOM', 'atom_serial': '119', 'atom_name': 'CB', 'residue': 'LEU', 'chain': 'A', 'num_residue': '16', 'x': '39.061', 'y': '28.188', 'z': '23.203', 'occupancy': '1.00', 'b-factor': '12.68', 'element': 'C'}, {'record': 'ATOM', 'atom_serial': '120', 'atom_name': 'CG', 'residue': 'LEU', 'chain': 'A', 'num_residue': '16', 'x': '37.939', 'y': '28.097', 'z': '22.185', 'occupancy': '1.00', 'b-factor': '13.49', 'element': 'C'}, {'record': 'ATOM', 'atom_serial': '121', 'atom_name': 'CD1', 'residue': 'LEU', 'chain': 'A', 'num_residue': '16', 'x': '36.599', 'y': '28.094', 'z': '22.881', 'occupancy': '1.00', 'b-factor': '14.53', 'element': 'C'}, {'record': 'ATOM', 'atom_serial': '122', 'atom_name': 'CD2', 'residue': 'LEU', 'chain': 'A', 'num_residue': '16', 'x': '38.002', 'y': '29.208', 'z': '21.123', 'occupancy': '1.00', 'b-factor': '12.90', 'element': 'C'}, {'record': 'ATOM', 'atom_serial': '123', 'atom_name': 'N', 'residue': 'GLU', 'chain': 'A', 'num_residue': '17', 'x': '41.775', 'y': '28.058', 'z': '24.758', 'occupancy': '1.00', 'b-factor': '10.30', 'element': 'N'}, {'record': 'ATOM', 'atom_serial': '124', 'atom_name': 'CA', 'residue': 'GLU', 'chain': 'A', 'num_residue': '17', 'x': '42.653', 'y': '28.682', 'z': '25.746', 'occupancy': '1.00', 'b-factor': '10.81', 'element': 'C'}, {'record': 'ATOM', 'atom_serial': '125', 'atom_name': 'C', 'residue': 'GLU', 'chain': 'A', 'num_residue': '17', 'x': '44.060', 'y': '28.975', 'z': '25.224', 'occupancy': '1.00', 'b-factor': '11.24', 'element': 'C'}, {'record': 'ATOM', 'atom_serial': '126', 'atom_name': 'O', 'residue': 'GLU', 'chain': 'A', 'num_residue': '17', 'x': '44.734', 'y': '29.873', 'z': '25.738', 'occupancy': '1.00', 'b-factor': '13.10', 'element': 'O'}, {'record': 'ATOM', 'atom_serial': '127', 'atom_name': 'CB', 'residue': 'GLU', 'chain': 'A', 'num_residue': '17', 'x': '42.711', 'y': '27.870', 'z': '27.052', 'occupancy': '1.00', 'b-factor': '10.64', 'element': 'C'}, {'record': 'ATOM', 'atom_serial': '128', 'atom_name': 'CG', 'residue': 'GLU', 'chain': 'A', 'num_residue': '17', 'x': '41.436', 'y': '28.019', 'z': '27.850', 'occupancy': '1.00', 'b-factor': '10.67', 'element': 'C'}, {'record': 'ATOM', 'atom_serial': '129', 'atom_name': 'CD', 'residue': 'GLU', 'chain': 'A', 'num_residue': '17', 'x': '41.584', 'y': '27.691', 'z': '29.326', 'occupancy': '1.00', 'b-factor': '12.36', 'element': 'C'}, {'record': 'ATOM', 'atom_serial': '130', 'atom_name': 'OE1', 'residue': 'GLU', 'chain': 'A', 'num_residue': '17', 'x': '40.906', 'y': '28.332', 'z': '30.148', 'occupancy': '1.00', 'b-factor': '13.69', 'element': 'O'}, {'record': 'ATOM', 'atom_serial': '131', 'atom_name': 'OE2', 'residue': 'GLU', 'chain': 'A', 'num_residue': '17', 'x': '42.364', 'y': '26.790', 'z': '29.665', 'occupancy': '1.00', 'b-factor': '13.10', 'element': 'O'}, {'record': 'ATOM', 'atom_serial': '132', 'atom_name': 'N', 'residue': 'ASN', 'chain': 'A', 'num_residue': '18', 'x': '44.474', 'y': '28.252', 'z': '24.193', 'occupancy': '1.00', 'b-factor': '12.19', 'element': 'N'}, {'record': 'ATOM', 'atom_serial': '133', 'atom_name': 'CA', 'residue': 'ASN', 'chain': 'A', 'num_residue': '18', 'x': '45.760', 'y': '28.546', 'z': '23.564', 'occupancy': '1.00', 'b-factor': '13.33', 'element': 'C'}, {'record': 'ATOM', 'atom_serial': '134', 'atom_name': 'C', 'residue': 'ASN', 'chain': 'A', 'num_residue': '18', 'x': '45.816', 'y': '29.888', 'z': '22.854', 'occupancy': '1.00', 'b-factor': '13.55', 'element': 'C'}, {'record': 'ATOM', 'atom_serial': '135', 'atom_name': 'O', 'residue': 'ASN', 'chain': 'A', 'num_residue': '18', 'x': '46.895', 'y': '30.347', 'z': '22.481', 'occupancy': '1.00', 'b-factor': '14.85', 'element': 'O'}, {'record': 'ATOM', 'atom_serial': '136', 'atom_name': 'CB', 'residue': 'ASN', 'chain': 'A', 'num_residue': '18', 'x': '46.169', 'y': '27.436', 'z': '22.608', 'occupancy': '1.00', 'b-factor': '13.71', 'element': 'C'}, {'record': 'ATOM', 'atom_serial': '137', 'atom_name': 'CG', 'residue': 'ASN', 'chain': 'A', 'num_residue': '18', 'x': '46.679', 'y': '26.202', 'z': '23.334', 'occupancy': '1.00', 'b-factor': '16.01', 'element': 'C'}, {'record': 'ATOM', 'atom_serial': '138', 'atom_name': 'OD1', 'residue': 'ASN', 'chain': 'A', 'num_residue': '18', 'x': '46.580', 'y': '25.066', 'z': '22.676', 'occupancy': '1.00', 'b-factor': '20.08', 'element': 'O'}, {'record': 'ATOM', 'atom_serial': '139', 'atom_name': 'ND2', 'residue': 'ASN', 'chain': 'A', 'num_residue': '18', 'x': '47.155', 'y': '26.282', 'z': '24.474', 'occupancy': '1.00', 'b-factor': '18.53', 'element': 'N'}, {'record': 'ATOM', 'atom_serial': '140', 'atom_name': 'N', 'residue': 'TYR', 'chain': 'A', 'num_residue': '19', 'x': '44.656', 'y': '30.519', 'z': '22.682', 'occupancy': '1.00', 'b-factor': '13.03', 'element': 'N'}, {'record': 'ATOM', 'atom_serial': '141', 'atom_name': 'CA', 'residue': 'TYR', 'chain': 'A', 'num_residue': '19', 'x': '44.586', 'y': '31.828', 'z': '22.052', 'occupancy': '1.00', 'b-factor': '13.84', 'element': 'C'}, {'record': 'ATOM', 'atom_serial': '142', 'atom_name': 'C', 'residue': 'TYR', 'chain': 'A', 'num_residue': '19', 'x': '44.319', 'y': '32.945', 'z': '23.062', 'occupancy': '1.00', 'b-factor': '14.29', 'element': 'C'}, {'record': 'ATOM', 'atom_serial': '143', 'atom_name': 'O', 'residue': 'TYR', 'chain': 'A', 'num_residue': '19', 'x': '44.260', 'y': '34.105', 'z': '22.680', 'occupancy': '1.00', 'b-factor': '14.60', 'element': 'O'}, {'record': 'ATOM', 'atom_serial': '144', 'atom_name': 'CB', 'residue': 'TYR', 'chain': 'A', 'num_residue': '19', 'x': '43.551', 'y': '31.812', 'z': '20.923', 'occupancy': '1.00', 'b-factor': '13.63', 'element': 'C'}, {'record': 'ATOM', 'atom_serial': '145', 'atom_name': 'CG', 'residue': 'TYR', 'chain': 'A', 'num_residue': '19', 'x': '43.941', 'y': '30.853', 'z': '19.831', 'occupancy': '1.00', 'b-factor': '15.20', 'element': 'C'}, {'record': 'ATOM', 'atom_serial': '146', 'atom_name': 'CD1', 'residue': 'TYR', 'chain': 'A', 'num_residue': '19', 'x': '43.392', 'y': '29.574', 'z': '19.772', 'occupancy': '1.00', 'b-factor': '15.41', 'element': 'C'}, {'record': 'ATOM', 'atom_serial': '147', 'atom_name': 'CD2', 'residue': 'TYR', 'chain': 'A', 'num_residue': '19', 'x': '44.914', 'y': '31.203', 'z': '18.894', 'occupancy': '1.00', 'b-factor': '15.92', 'element': 'C'}, {'record': 'ATOM', 'atom_serial': '148', 'atom_name': 'CE1', 'residue': 'TYR', 'chain': 'A', 'num_residue': '19', 'x': '43.778', 'y': '28.676', 'z': '18.789', 'occupancy': '1.00', 'b-factor': '16.11', 'element': 'C'}, {'record': 'ATOM', 'atom_serial': '149', 'atom_name': 'CE2', 'residue': 'TYR', 'chain': 'A', 'num_residue': '19', 'x': '45.301', 'y': '30.319', 'z': '17.915', 'occupancy': '1.00', 'b-factor': '16.66', 'element': 'C'}, {'record': 'ATOM', 'atom_serial': '150', 'atom_name': 'CZ', 'residue': 'TYR', 'chain': 'A', 'num_residue': '19', 'x': '44.732', 'y': '29.066', 'z': '17.863', 'occupancy': '1.00', 'b-factor': '16.10', 'element': 'C'}, {'record': 'ATOM', 'atom_serial': '151', 'atom_name': 'OH', 'residue': 'TYR', 'chain': 'A', 'num_residue': '19', 'x': '45.127', 'y': '28.194', 'z': '16.871', 'occupancy': '1.00', 'b-factor': '20.67', 'element': 'O'}, {'record': 'ATOM', 'atom_serial': '152', 'atom_name': 'N', 'residue': 'CYS', 'chain': 'A', 'num_residue': '20', 'x': '44.164', 'y': '32.615', 'z': '24.344', 'occupancy': '1.00', 'b-factor': '14.53', 'element': 'N'}, {'record': 'ATOM', 'atom_serial': '153', 'atom_name': 'CA', 'residue': 'CYS', 'chain': 'A', 'num_residue': '20', 'x': '44.122', 'y': '33.650', 'z': '25.387', 'occupancy': '1.00', 'b-factor': '15.72', 'element': 'C'}, {'record': 'ATOM', 'atom_serial': '154', 'atom_name': 'C', 'residue': 'CYS', 'chain': 'A', 'num_residue': '20', 'x': '45.515', 'y': '34.223', 'z': '25.583', 'occupancy': '1.00', 'b-factor': '17.36', 'element': 'C'}, {'record': 'ATOM', 'atom_serial': '155', 'atom_name': 'O', 'residue': 'CYS', 'chain': 'A', 'num_residue': '20', 'x': '46.503', 'y': '33.519', 'z': '25.401', 'occupancy': '1.00', 'b-factor': '18.12', 'element': 'O'}, {'record': 'ATOM', 'atom_serial': '156', 'atom_name': 'CB', 'residue': 'CYS', 'chain': 'A', 'num_residue': '20', 'x': '43.649', 'y': '33.103', 'z': '26.723', 'occupancy': '1.00', 'b-factor': '16.15', 'element': 'C'}, {'record': 'ATOM', 'atom_serial': '157', 'atom_name': 'SG', 'residue': 'CYS', 'chain': 'A', 'num_residue': '20', 'x': '42.063', 'y': '32.287', 'z': '26.729', 'occupancy': '1.00', 'b-factor': '14.53', 'element': 'S'}, {'record': 'ATOM', 'atom_serial': '158', 'atom_name': 'N', 'residue': 'ASN', 'chain': 'A', 'num_residue': '21', 'x': '45.596', 'y': '35.500', 'z': '25.947', 'occupancy': '1.00', 'b-factor': '18.37', 'element': 'N'}, {'record': 'ATOM', 'atom_serial': '159', 'atom_name': 'CA', 'residue': 'ASN', 'chain': 'A', 'num_residue': '21', 'x': '46.888', 'y': '36.103', 'z': '26.292', 'occupancy': '1.00', 'b-factor': '19.72', 'element': 'C'}, {'record': 'ATOM', 'atom_serial': '160', 'atom_name': 'C', 'residue': 'ASN', 'chain': 'A', 'num_residue': '21', 'x': '47.401', 'y': '35.559', 'z': '27.629', 'occupancy': '1.00', 'b-factor': '20.17', 'element': 'C'}, {'record': 'ATOM', 'atom_serial': '161', 'atom_name': 'O', 'residue': 'ASN', 'chain': 'A', 'num_residue': '21', 'x': '46.616', 'y': '35.117', 'z': '28.475', 'occupancy': '1.00', 'b-factor': '21.28', 'element': 'O'}, {'record': 'ATOM', 'atom_serial': '162', 'atom_name': 'CB', 'residue': 'ASN', 'chain': 'A', 'num_residue': '21', 'x': '46.783', 'y': '37.624', 'z': '26.360', 'occupancy': '1.00', 'b-factor': '20.27', 'element': 'C'}, {'record': 'ATOM', 'atom_serial': '163', 'atom_name': 'CG', 'residue': 'ASN', 'chain': 'A', 'num_residue': '21', 'x': '46.401', 'y': '38.253', 'z': '25.036', 'occupancy': '1.00', 'b-factor': '20.92', 'element': 'C'}, {'record': 'ATOM', 'atom_serial': '164', 'atom_name': 'OD1', 'residue': 'ASN', 'chain': 'A', 'num_residue': '21', 'x': '46.919', 'y': '37.888', 'z': '23.977', 'occupancy': '1.00', 'b-factor': '22.17', 'element': 'O'}, {'record': 'ATOM', 'atom_serial': '165', 'atom_name': 'ND2', 'residue': 'ASN', 'chain': 'A', 'num_residue': '21', 'x': '45.497', 'y': '39.227', 'z': '25.092', 'occupancy': '1.00', 'b-factor': '21.10', 'element': 'N'}, {'record': 'ATOM', 'atom_serial': '167', 'atom_name': 'N', 'residue': 'PHE', 'chain': 'B', 'num_residue': '1', 'x': '29.102', 'y': '25.761', 'z': '25.495', 'occupancy': '1.00', 'b-factor': '19.24', 'element': 'N'}, {'record': 'ATOM', 'atom_serial': '168', 'atom_name': 'CA', 'residue': 'PHE', 'chain': 'B', 'num_residue': '1', 'x': '29.156', 'y': '26.636', 'z': '24.296', 'occupancy': '1.00', 'b-factor': '19.05', 'element': 'C'}, {'record': 'ATOM', 'atom_serial': '169', 'atom_name': 'C', 'residue': 'PHE', 'chain': 'B', 'num_residue': '1', 'x': '30.433', 'y': '26.412', 'z': '23.483', 'occupancy': '1.00', 'b-factor': '18.23', 'element': 'C'}, {'record': 'ATOM', 'atom_serial': '170', 'atom_name': 'O', 'residue': 'PHE', 'chain': 'B', 'num_residue': '1', 'x': '30.503', 'y': '26.835', 'z': '22.329', 'occupancy': '1.00', 'b-factor': '19.35', 'element': 'O'}, {'record': 'ATOM', 'atom_serial': '171', 'atom_name': 'CB', 'residue': 'PHE', 'chain': 'B', 'num_residue': '1', 'x': '29.003', 'y': '28.118', 'z': '24.687', 'occupancy': '1.00', 'b-factor': '19.54', 'element': 'C'}, {'record': 'ATOM', 'atom_serial': '172', 'atom_name': 'CG', 'residue': 'PHE', 'chain': 'B', 'num_residue': '1', 'x': '30.061', 'y': '28.625', 'z': '25.643', 'occupancy': '1.00', 'b-factor': '20.06', 'element': 'C'}, {'record': 'ATOM', 'atom_serial': '173', 'atom_name': 'CD1', 'residue': 'PHE', 'chain': 'B', 'num_residue': '1', 'x': '31.094', 'y': '29.437', 'z': '25.182', 'occupancy': '1.00', 'b-factor': '21.86', 'element': 'C'}, {'record': 'ATOM', 'atom_serial': '174', 'atom_name': 'CD2', 'residue': 'PHE', 'chain': 'B', 'num_residue': '1', 'x': '30.011', 'y': '28.315', 'z': '27.002', 'occupancy': '1.00', 'b-factor': '21.66', 'element': 'C'}, {'record': 'ATOM', 'atom_serial': '175', 'atom_name': 'CE1', 'residue': 'PHE', 'chain': 'B', 'num_residue': '1', 'x': '32.061', 'y': '29.923', 'z': '26.055', 'occupancy': '1.00', 'b-factor': '20.87', 'element': 'C'}, {'record': 'ATOM', 'atom_serial': '176', 'atom_name': 'CE2', 'residue': 'PHE', 'chain': 'B', 'num_residue': '1', 'x': '30.981', 'y': '28.798', 'z': '27.885', 'occupancy': '1.00', 'b-factor': '21.56', 'element': 'C'}, {'record': 'ATOM', 'atom_serial': '177', 'atom_name': 'CZ', 'residue': 'PHE', 'chain': 'B', 'num_residue': '1', 'x': '32.009', 'y': '29.596', 'z': '27.408', 'occupancy': '1.00', 'b-factor': '20.52', 'element': 'C'}, {'record': 'ATOM', 'atom_serial': '178', 'atom_name': 'N', 'residue': 'VAL', 'chain': 'B', 'num_residue': '2', 'x': '31.438', 'y': '25.763', 'z': '24.070', 'occupancy': '1.00', 'b-factor': '17.03', 'element': 'N'}, {'record': 'ATOM', 'atom_serial': '179', 'atom_name': 'CA', 'residue': 'VAL', 'chain': 'B', 'num_residue': '2', 'x': '32.734', 'y': '25.636', 'z': '23.374', 'occupancy': '1.00', 'b-factor': '16.19', 'element': 'C'}, {'record': 'ATOM', 'atom_serial': '180', 'atom_name': 'C', 'residue': 'VAL', 'chain': 'B', 'num_residue': '2', 'x': '32.902', 'y': '24.392', 'z': '22.506', 'occupancy': '1.00', 'b-factor': '15.63', 'element': 'C'}, {'record': 'ATOM', 'atom_serial': '181', 'atom_name': 'O', 'residue': 'VAL', 'chain': 'B', 'num_residue': '2', 'x': '33.691', 'y': '24.393', 'z': '21.571', 'occupancy': '1.00', 'b-factor': '14.89', 'element': 'O'}, {'record': 'ATOM', 'atom_serial': '182', 'atom_name': 'CB', 'residue': 'VAL', 'chain': 'B', 'num_residue': '2', 'x': '33.970', 'y': '25.756', 'z': '24.316', 'occupancy': '1.00', 'b-factor': '16.69', 'element': 'C'}, {'record': 'ATOM', 'atom_serial': '183', 'atom_name': 'CG1', 'residue': 'VAL', 'chain': 'B', 'num_residue': '2', 'x': '33.976', 'y': '27.090', 'z': '25.026', 'occupancy': '1.00', 'b-factor': '16.54', 'element': 'C'}, {'record': 'ATOM', 'atom_serial': '184', 'atom_name': 'CG2', 'residue': 'VAL', 'chain': 'B', 'num_residue': '2', 'x': '34.017', 'y': '24.625', 'z': '25.328', 'occupancy': '1.00', 'b-factor': '18.12', 'element': 'C'}, {'record': 'ATOM', 'atom_serial': '185', 'atom_name': 'N', 'residue': 'ASN', 'chain': 'B', 'num_residue': '3', 'x': '32.174', 'y': '23.328', 'z': '22.817', 'occupancy': '1.00', 'b-factor': '15.48', 'element': 'N'}, {'record': 'ATOM', 'atom_serial': '186', 'atom_name': 'CA', 'residue': 'ASN', 'chain': 'B', 'num_residue': '3', 'x': '32.396', 'y': '22.060', 'z': '22.129', 'occupancy': '1.00', 'b-factor': '15.25', 'element': 'C'}, {'record': 'ATOM', 'atom_serial': '187', 'atom_name': 'C', 'residue': 'ASN', 'chain': 'B', 'num_residue': '3', 'x': '31.463', 'y': '21.890', 'z': '20.934', 'occupancy': '1.00', 'b-factor': '15.55', 'element': 'C'}, {'record': 'ATOM', 'atom_serial': '188', 'atom_name': 'O', 'residue': 'ASN', 'chain': 'B', 'num_residue': '3', 'x': '30.592', 'y': '21.025', 'z': '20.895', 'occupancy': '1.00', 'b-factor': '16.32', 'element': 'O'}, {'record': 'ATOM', 'atom_serial': '189', 'atom_name': 'CB', 'residue': 'ASN', 'chain': 'B', 'num_residue': '3', 'x': '32.323', 'y': '20.907', 'z': '23.126', 'occupancy': '1.00', 'b-factor': '15.52', 'element': 'C'}, {'record': 'ATOM', 'atom_serial': '190', 'atom_name': 'CG', 'residue': 'ASN', 'chain': 'B', 'num_residue': '3', 'x': '33.421', 'y': '20.995', 'z': '24.175', 'occupancy': '1.00', 'b-factor': '12.25', 'element': 'C'}, {'record': 'ATOM', 'atom_serial': '191', 'atom_name': 'OD1', 'residue': 'ASN', 'chain': 'B', 'num_residue': '3', 'x': '34.579', 'y': '20.729', 'z': '23.906', 'occupancy': '1.00', 'b-factor': '15.89', 'element': 'O'}, {'record': 'ATOM', 'atom_serial': '192', 'atom_name': 'ND2', 'residue': 'ASN', 'chain': 'B', 'num_residue': '3', 'x': '33.038', 'y': '21.414', 'z': '25.384', 'occupancy': '1.00', 'b-factor': '17.40', 'element': 'N'}, {'record': 'ATOM', 'atom_serial': '193', 'atom_name': 'N', 'residue': 'GLN', 'chain': 'B', 'num_residue': '4', 'x': '31.660', 'y': '22.764', 'z': '19.956', 'occupancy': '1.00', 'b-factor': '14.45', 'element': 'N'}, {'record': 'ATOM', 'atom_serial': '194', 'atom_name': 'CA', 'residue': 'GLN', 'chain': 'B', 'num_residue': '4', 'x': '30.844', 'y': '22.788', 'z': '18.756', 'occupancy': '1.00', 'b-factor': '14.72', 'element': 'C'}, {'record': 'ATOM', 'atom_serial': '195', 'atom_name': 'C', 'residue': 'GLN', 'chain': 'B', 'num_residue': '4', 'x': '31.637', 'y': '23.541', 'z': '17.700', 'occupancy': '1.00', 'b-factor': '12.99', 'element': 'C'}, {'record': 'ATOM', 'atom_serial': '196', 'atom_name': 'O', 'residue': 'GLN', 'chain': 'B', 'num_residue': '4', 'x': '32.711', 'y': '24.062', 'z': '17.981', 'occupancy': '1.00', 'b-factor': '11.77', 'element': 'O'}, {'record': 'ATOM', 'atom_serial': '197', 'atom_name': 'CB', 'residue': 'GLN', 'chain': 'B', 'num_residue': '4', 'x': '29.502', 'y': '23.490', 'z': '19.023', 'occupancy': '1.00', 'b-factor': '15.35', 'element': 'C'}, {'record': 'ATOM', 'atom_serial': '198', 'atom_name': 'CG', 'residue': 'GLN', 'chain': 'B', 'num_residue': '4', 'x': '29.607', 'y': '24.958', 'z': '19.452', 'occupancy': '1.00', 'b-factor': '17.45', 'element': 'C'}, {'record': 'ATOM', 'atom_serial': '199', 'atom_name': 'CD', 'residue': 'GLN', 'chain': 'B', 'num_residue': '4', 'x': '28.248', 'y': '25.582', 'z': '19.805', 'occupancy': '1.00', 'b-factor': '17.80', 'element': 'C'}, {'record': 'ATOM', 'atom_serial': '200', 'atom_name': 'OE1', 'residue': 'GLN', 'chain': 'B', 'num_residue': '4', 'x': '27.273', 'y': '25.466', 'z': '19.056', 'occupancy': '1.00', 'b-factor': '23.54', 'element': 'O'}, {'record': 'ATOM', 'atom_serial': '201', 'atom_name': 'NE2', 'residue': 'GLN', 'chain': 'B', 'num_residue': '4', 'x': '28.192', 'y': '26.259', 'z': '20.936', 'occupancy': '1.00', 'b-factor': '22.87', 'element': 'N'}, {'record': 'ATOM', 'atom_serial': '202', 'atom_name': 'N', 'residue': 'HIS', 'chain': 'B', 'num_residue': '5', 'x': '31.104', 'y': '23.578', 'z': '16.485', 'occupancy': '1.00', 'b-factor': '12.50', 'element': 'N'}, {'record': 'ATOM', 'atom_serial': '203', 'atom_name': 'CA', 'residue': 'HIS', 'chain': 'B', 'num_residue': '5', 'x': '31.687', 'y': '24.383', 'z': '15.418', 'occupancy': '1.00', 'b-factor': '11.78', 'element': 'C'}, {'record': 'ATOM', 'atom_serial': '204', 'atom_name': 'C', 'residue': 'HIS', 'chain': 'B', 'num_residue': '5', 'x': '31.387', 'y': '25.845', 'z': '15.738', 'occupancy': '1.00', 'b-factor': '11.63', 'element': 'C'}, {'record': 'ATOM', 'atom_serial': '205', 'atom_name': 'O', 'residue': 'HIS', 'chain': 'B', 'num_residue': '5', 'x': '30.222', 'y': '26.209', 'z': '15.983', 'occupancy': '1.00', 'b-factor': '12.61', 'element': 'O'}, {'record': 'ATOM', 'atom_serial': '206', 'atom_name': 'CB', 'residue': 'HIS', 'chain': 'B', 'num_residue': '5', 'x': '31.064', 'y': '24.031', 'z': '14.059', 'occupancy': '1.00', 'b-factor': '12.47', 'element': 'C'}, {'record': 'ATOM', 'atom_serial': '207', 'atom_name': 'CG', 'residue': 'HIS', 'chain': 'B', 'num_residue': '5', 'x': '31.412', 'y': '22.659', 'z': '13.556', 'occupancy': '1.00', 'b-factor': '12.41', 'element': 'C'}, {'record': 'ATOM', 'atom_serial': '208', 'atom_name': 'ND1', 'residue': 'HIS', 'chain': 'B', 'num_residue': '5', 'x': '30.632', 'y': '21.550', 'z': '13.814', 'occupancy': '1.00', 'b-factor': '16.66', 'element': 'N'}, {'record': 'ATOM', 'atom_serial': '209', 'atom_name': 'CD2', 'residue': 'HIS', 'chain': 'B', 'num_residue': '5', 'x': '32.444', 'y': '22.225', 'z': '12.797', 'occupancy': '1.00', 'b-factor': '13.65', 'element': 'C'}, {'record': 'ATOM', 'atom_serial': '210', 'atom_name': 'CE1', 'residue': 'HIS', 'chain': 'B', 'num_residue': '5', 'x': '31.175', 'y': '20.490', 'z': '13.238', 'occupancy': '1.00', 'b-factor': '15.20', 'element': 'C'}, {'record': 'ATOM', 'atom_serial': '211', 'atom_name': 'NE2', 'residue': 'HIS', 'chain': 'B', 'num_residue': '5', 'x': '32.277', 'y': '20.869', 'z': '12.618', 'occupancy': '1.00', 'b-factor': '15.57', 'element': 'N'}, {'record': 'ATOM', 'atom_serial': '212', 'atom_name': 'N', 'residue': 'LEU', 'chain': 'B', 'num_residue': '6', 'x': '32.438', 'y': '26.661', 'z': '15.758', 'occupancy': '1.00', 'b-factor': '11.20', 'element': 'N'}, {'record': 'ATOM', 'atom_serial': '213', 'atom_name': 'CA', 'residue': 'LEU', 'chain': 'B', 'num_residue': '6', 'x': '32.322', 'y': '28.083', 'z': '16.098', 'occupancy': '1.00', 'b-factor': '11.23', 'element': 'C'}, {'record': 'ATOM', 'atom_serial': '214', 'atom_name': 'C', 'residue': 'LEU', 'chain': 'B', 'num_residue': '6', 'x': '33.004', 'y': '28.875', 'z': '15.001', 'occupancy': '1.00', 'b-factor': '10.95', 'element': 'C'}, {'record': 'ATOM', 'atom_serial': '215', 'atom_name': 'O', 'residue': 'LEU', 'chain': 'B', 'num_residue': '6', 'x': '34.204', 'y': '28.754', 'z': '14.814', 'occupancy': '1.00', 'b-factor': '11.01', 'element': 'O'}, {'record': 'ATOM', 'atom_serial': '216', 'atom_name': 'CB', 'residue': 'LEU', 'chain': 'B', 'num_residue': '6', 'x': '33.004', 'y': '28.352', 'z': '17.438', 'occupancy': '1.00', 'b-factor': '11.29', 'element': 'C'}, {'record': 'ATOM', 'atom_serial': '217', 'atom_name': 'CG', 'residue': 'LEU', 'chain': 'B', 'num_residue': '6', 'x': '32.400', 'y': '27.704', 'z': '18.684', 'occupancy': '1.00', 'b-factor': '12.14', 'element': 'C'}, {'record': 'ATOM', 'atom_serial': '218', 'atom_name': 'CD1', 'residue': 'LEU', 'chain': 'B', 'num_residue': '6', 'x': '33.371', 'y': '27.788', 'z': '19.850', 'occupancy': '1.00', 'b-factor': '13.85', 'element': 'C'}, {'record': 'ATOM', 'atom_serial': '219', 'atom_name': 'CD2', 'residue': 'LEU', 'chain': 'B', 'num_residue': '6', 'x': '31.061', 'y': '28.382', 'z': '19.014', 'occupancy': '1.00', 'b-factor': '14.61', 'element': 'C'}, {'record': 'ATOM', 'atom_serial': '220', 'atom_name': 'N', 'residue': 'CYS', 'chain': 'B', 'num_residue': '7', 'x': '32.235', 'y': '29.690', 'z': '14.272', 'occupancy': '1.00', 'b-factor': '10.89', 'element': 'N'}, {'record': 'ATOM', 'atom_serial': '221', 'atom_name': 'CA', 'residue': 'ACYS', 'chain': 'B', 'num_residue': '7', 'x': '32.757', 'y': '30.432', 'z': '13.131', 'occupancy': '0.82', 'b-factor': '11.53', 'element': 'C'}, {'record': 'ATOM', 'atom_serial': '222', 'atom_name': 'CA', 'residue': 'BCYS', 'chain': 'B', 'num_residue': '7', 'x': '32.818', 'y': '30.446', 'z': '13.172', 'occupancy': '0.18', 'b-factor': '11.33', 'element': 'C'}, {'record': 'ATOM', 'atom_serial': '223', 'atom_name': 'C', 'residue': 'CYS', 'chain': 'B', 'num_residue': '7', 'x': '32.490', 'y': '31.923', 'z': '13.256', 'occupancy': '1.00', 'b-factor': '10.59', 'element': 'C'}, {'record': 'ATOM', 'atom_serial': '224', 'atom_name': 'O', 'residue': 'CYS', 'chain': 'B', 'num_residue': '7', 'x': '31.449', 'y': '32.319', 'z': '13.796', 'occupancy': '1.00', 'b-factor': '10.92', 'element': 'O'}, {'record': 'ATOM', 'atom_serial': '225', 'atom_name': 'CB', 'residue': 'ACYS', 'chain': 'B', 'num_residue': '7', 'x': '32.082', 'y': '29.914', 'z': '11.867', 'occupancy': '0.82', 'b-factor': '11.38', 'element': 'C'}, {'record': 'ATOM', 'atom_serial': '226', 'atom_name': 'CB', 'residue': 'BCYS', 'chain': 'B', 'num_residue': '7', 'x': '32.381', 'y': '29.879', 'z': '11.821', 'occupancy': '0.18', 'b-factor': '11.43', 'element': 'C'}, {'record': 'ATOM', 'atom_serial': '227', 'atom_name': 'SG', 'residue': 'ACYS', 'chain': 'B', 'num_residue': '7', 'x': '32.357', 'y': '28.133', 'z': '11.614', 'occupancy': '0.82', 'b-factor': '15.03', 'element': 'S'}, {'record': 'ATOM', 'atom_serial': '228', 'atom_name': 'SG', 'residue': 'BCYS', 'chain': 'B', 'num_residue': '7', 'x': '30.609', 'y': '29.929', 'z': '11.546', 'occupancy': '0.18', 'b-factor': '14.83', 'element': 'S'}, {'record': 'ATOM', 'atom_serial': '229', 'atom_name': 'N', 'residue': 'GLY', 'chain': 'B', 'num_residue': '8', 'x': '33.412', 'y': '32.726', 'z': '12.754', 'occupancy': '1.00', 'b-factor': '10.16', 'element': 'N'}, {'record': 'ATOM', 'atom_serial': '230', 'atom_name': 'CA', 'residue': 'GLY', 'chain': 'B', 'num_residue': '8', 'x': '33.194', 'y': '34.176', 'z': '12.679', 'occupancy': '1.00', 'b-factor': '9.75', 'element': 'C'}, {'record': 'ATOM', 'atom_serial': '231', 'atom_name': 'C', 'residue': 'GLY', 'chain': 'B', 'num_residue': '8', 'x': '32.877', 'y': '34.792', 'z': '14.026', 'occupancy': '1.00', 'b-factor': '9.24', 'element': 'C'}, {'record': 'ATOM', 'atom_serial': '232', 'atom_name': 'O', 'residue': 'GLY', 'chain': 'B', 'num_residue': '8', 'x': '33.592', 'y': '34.581', 'z': '15.002', 'occupancy': '1.00', 'b-factor': '9.67', 'element': 'O'}, {'record': 'ATOM', 'atom_serial': '233', 'atom_name': 'N', 'residue': 'SER', 'chain': 'B', 'num_residue': '9', 'x': '31.787', 'y': '35.554', 'z': '14.101', 'occupancy': '1.00', 'b-factor': '8.04', 'element': 'N'}, {'record': 'ATOM', 'atom_serial': '234', 'atom_name': 'CA', 'residue': 'SER', 'chain': 'B', 'num_residue': '9', 'x': '31.471', 'y': '36.246', 'z': '15.357', 'occupancy': '1.00', 'b-factor': '7.85', 'element': 'C'}, {'record': 'ATOM', 'atom_serial': '235', 'atom_name': 'C', 'residue': 'SER', 'chain': 'B', 'num_residue': '9', 'x': '31.235', 'y': '35.266', 'z': '16.507', 'occupancy': '1.00', 'b-factor': '8.31', 'element': 'C'}, {'record': 'ATOM', 'atom_serial': '236', 'atom_name': 'O', 'residue': 'SER', 'chain': 'B', 'num_residue': '9', 'x': '31.439', 'y': '35.614', 'z': '17.663', 'occupancy': '1.00', 'b-factor': '7.83', 'element': 'O'}, {'record': 'ATOM', 'atom_serial': '237', 'atom_name': 'CB', 'residue': 'SER', 'chain': 'B', 'num_residue': '9', 'x': '30.260', 'y': '37.178', 'z': '15.185', 'occupancy': '1.00', 'b-factor': '8.26', 'element': 'C'}, {'record': 'ATOM', 'atom_serial': '238', 'atom_name': 'OG', 'residue': 'SER', 'chain': 'B', 'num_residue': '9', 'x': '29.067', 'y': '36.447', 'z': '14.970', 'occupancy': '1.00', 'b-factor': '10.83', 'element': 'O'}, {'record': 'ATOM', 'atom_serial': '239', 'atom_name': 'N', 'residue': 'HIS', 'chain': 'B', 'num_residue': '10', 'x': '30.825', 'y': '34.052', 'z': '16.169', 'occupancy': '1.00', 'b-factor': '7.69', 'element': 'N'}, {'record': 'ATOM', 'atom_serial': '240', 'atom_name': 'CA', 'residue': 'HIS', 'chain': 'B', 'num_residue': '10', 'x': '30.544', 'y': '33.025', 'z': '17.174', 'occupancy': '1.00', 'b-factor': '8.75', 'element': 'C'}, {'record': 'ATOM', 'atom_serial': '241', 'atom_name': 'C', 'residue': 'HIS', 'chain': 'B', 'num_residue': '10', 'x': '31.845', 'y': '32.569', 'z': '17.844', 'occupancy': '1.00', 'b-factor': '8.39', 'element': 'C'}, {'record': 'ATOM', 'atom_serial': '242', 'atom_name': 'O', 'residue': 'HIS', 'chain': 'B', 'num_residue': '10', 'x': '31.868', 'y': '32.256', 'z': '19.040', 'occupancy': '1.00', 'b-factor': '9.12', 'element': 'O'}, {'record': 'ATOM', 'atom_serial': '243', 'atom_name': 'CB', 'residue': 'HIS', 'chain': 'B', 'num_residue': '10', 'x': '29.886', 'y': '31.801', 'z': '16.526', 'occupancy': '1.00', 'b-factor': '8.43', 'element': 'C'}, {'record': 'ATOM', 'atom_serial': '244', 'atom_name': 'CG', 'residue': 'HIS', 'chain': 'B', 'num_residue': '10', 'x': '28.571', 'y': '32.081', 'z': '15.865', 'occupancy': '1.00', 'b-factor': '9.93', 'element': 'C'}, {'record': 'ATOM', 'atom_serial': '245', 'atom_name': 'ND1', 'residue': 'HIS', 'chain': 'B', 'num_residue': '10', 'x': '27.686', 'y': '31.075', 'z': '15.528', 'occupancy': '1.00', 'b-factor': '13.84', 'element': 'N'}, {'record': 'ATOM', 'atom_serial': '246', 'atom_name': 'CD2', 'residue': 'HIS', 'chain': 'B', 'num_residue': '10', 'x': '27.981', 'y': '33.243', 'z': '15.490', 'occupancy': '1.00', 'b-factor': '10.60', 'element': 'C'}, {'record': 'ATOM', 'atom_serial': '247', 'atom_name': 'CE1', 'residue': 'HIS', 'chain': 'B', 'num_residue': '10', 'x': '26.613', 'y': '31.608', 'z': '14.968', 'occupancy': '1.00', 'b-factor': '12.45', 'element': 'C'}, {'record': 'ATOM', 'atom_serial': '248', 'atom_name': 'NE2', 'residue': 'HIS', 'chain': 'B', 'num_residue': '10', 'x': '26.760', 'y': '32.920', 'z': '14.941', 'occupancy': '1.00', 'b-factor': '12.10', 'element': 'N'}, {'record': 'ATOM', 'atom_serial': '249', 'atom_name': 'N', 'residue': 'LEU', 'chain': 'B', 'num_residue': '11', 'x': '32.918', 'y': '32.505', 'z': '17.056', 'occupancy': '1.00', 'b-factor': '8.51', 'element': 'N'}, {'record': 'ATOM', 'atom_serial': '250', 'atom_name': 'CA', 'residue': 'LEU', 'chain': 'B', 'num_residue': '11', 'x': '34.224', 'y': '32.107', 'z': '17.568', 'occupancy': '1.00', 'b-factor': '8.23', 'element': 'C'}, {'record': 'ATOM', 'atom_serial': '251', 'atom_name': 'C', 'residue': 'LEU', 'chain': 'B', 'num_residue': '11', 'x': '34.840', 'y': '33.218', 'z': '18.418', 'occupancy': '1.00', 'b-factor': '8.07', 'element': 'C'}, {'record': 'ATOM', 'atom_serial': '252', 'atom_name': 'O', 'residue': 'LEU', 'chain': 'B', 'num_residue': '11', 'x': '35.380', 'y': '32.973', 'z': '19.483', 'occupancy': '1.00', 'b-factor': '7.95', 'element': 'O'}, {'record': 'ATOM', 'atom_serial': '253', 'atom_name': 'CB', 'residue': 'LEU', 'chain': 'B', 'num_residue': '11', 'x': '35.130', 'y': '31.718', 'z': '16.394', 'occupancy': '1.00', 'b-factor': '8.70', 'element': 'C'}, {'record': 'ATOM', 'atom_serial': '254', 'atom_name': 'CG', 'residue': 'LEU', 'chain': 'B', 'num_residue': '11', 'x': '36.545', 'y': '31.231', 'z': '16.715', 'occupancy': '1.00', 'b-factor': '9.31', 'element': 'C'}, {'record': 'ATOM', 'atom_serial': '255', 'atom_name': 'CD1', 'residue': 'LEU', 'chain': 'B', 'num_residue': '11', 'x': '36.542', 'y': '30.102', 'z': '17.743', 'occupancy': '1.00', 'b-factor': '9.64', 'element': 'C'}, {'record': 'ATOM', 'atom_serial': '256', 'atom_name': 'CD2', 'residue': 'LEU', 'chain': 'B', 'num_residue': '11', 'x': '37.171', 'y': '30.813', 'z': '15.383', 'occupancy': '1.00', 'b-factor': '12.03', 'element': 'C'}, {'record': 'ATOM', 'atom_serial': '257', 'atom_name': 'N', 'residue': 'VAL', 'chain': 'B', 'num_residue': '12', 'x': '34.745', 'y': '34.459', 'z': '17.945', 'occupancy': '1.00', 'b-factor': '7.82', 'element': 'N'}, {'record': 'ATOM', 'atom_serial': '258', 'atom_name': 'CA', 'residue': 'VAL', 'chain': 'B', 'num_residue': '12', 'x': '35.232', 'y': '35.597', 'z': '18.693', 'occupancy': '1.00', 'b-factor': '9.36', 'element': 'C'}, {'record': 'ATOM', 'atom_serial': '259', 'atom_name': 'C', 'residue': 'VAL', 'chain': 'B', 'num_residue': '12', 'x': '34.509', 'y': '35.715', 'z': '20.049', 'occupancy': '1.00', 'b-factor': '7.93', 'element': 'C'}, {'record': 'ATOM', 'atom_serial': '260', 'atom_name': 'O', 'residue': 'VAL', 'chain': 'B', 'num_residue': '12', 'x': '35.118', 'y': '36.027', 'z': '21.073', 'occupancy': '1.00', 'b-factor': '7.60', 'element': 'O'}, {'record': 'ATOM', 'atom_serial': '261', 'atom_name': 'CB', 'residue': 'VAL', 'chain': 'B', 'num_residue': '12', 'x': '35.052', 'y': '36.874', 'z': '17.836', 'occupancy': '1.00', 'b-factor': '10.36', 'element': 'C'}, {'record': 'ATOM', 'atom_serial': '262', 'atom_name': 'CG1', 'residue': 'VAL', 'chain': 'B', 'num_residue': '12', 'x': '35.202', 'y': '38.083', 'z': '18.649', 'occupancy': '1.00', 'b-factor': '13.99', 'element': 'C'}, {'record': 'ATOM', 'atom_serial': '263', 'atom_name': 'CG2', 'residue': 'VAL', 'chain': 'B', 'num_residue': '12', 'x': '36.066', 'y': '36.870', 'z': '16.676', 'occupancy': '1.00', 'b-factor': '12.77', 'element': 'C'}, {'record': 'ATOM', 'atom_serial': '264', 'atom_name': 'N', 'residue': 'GLU', 'chain': 'B', 'num_residue': '13', 'x': '33.200', 'y': '35.467', 'z': '20.045', 'occupancy': '1.00', 'b-factor': '7.80', 'element': 'N'}, {'record': 'ATOM', 'atom_serial': '265', 'atom_name': 'CA', 'residue': 'GLU', 'chain': 'B', 'num_residue': '13', 'x': '32.419', 'y': '35.494', 'z': '21.277', 'occupancy': '1.00', 'b-factor': '8.14', 'element': 'C'}, {'record': 'ATOM', 'atom_serial': '266', 'atom_name': 'C', 'residue': 'GLU', 'chain': 'B', 'num_residue': '13', 'x': '32.908', 'y': '34.424', 'z': '22.265', 'occupancy': '1.00', 'b-factor': '7.57', 'element': 'C'}, {'record': 'ATOM', 'atom_serial': '267', 'atom_name': 'O', 'residue': 'GLU', 'chain': 'B', 'num_residue': '13', 'x': '33.034', 'y': '34.686', 'z': '23.454', 'occupancy': '1.00', 'b-factor': '7.71', 'element': 'O'}, {'record': 'ATOM', 'atom_serial': '268', 'atom_name': 'CB', 'residue': 'GLU', 'chain': 'B', 'num_residue': '13', 'x': '30.954', 'y': '35.279', 'z': '20.935', 'occupancy': '1.00', 'b-factor': '9.18', 'element': 'C'}, {'record': 'ATOM', 'atom_serial': '269', 'atom_name': 'CG', 'residue': 'GLU', 'chain': 'B', 'num_residue': '13', 'x': '30.069', 'y': '35.045', 'z': '22.125', 'occupancy': '1.00', 'b-factor': '12.62', 'element': 'C'}, {'record': 'ATOM', 'atom_serial': '270', 'atom_name': 'CD', 'residue': 'GLU', 'chain': 'B', 'num_residue': '13', 'x': '28.624', 'y': '35.023', 'z': '21.710', 'occupancy': '1.00', 'b-factor': '16.55', 'element': 'C'}, {'record': 'ATOM', 'atom_serial': '271', 'atom_name': 'OE1', 'residue': 'GLU', 'chain': 'B', 'num_residue': '13', 'x': '28.150', 'y': '36.074', 'z': '21.246', 'occupancy': '1.00', 'b-factor': '16.70', 'element': 'O'}, {'record': 'ATOM', 'atom_serial': '272', 'atom_name': 'OE2', 'residue': 'GLU', 'chain': 'B', 'num_residue': '13', 'x': '28.002', 'y': '33.945', 'z': '21.822', 'occupancy': '1.00', 'b-factor': '21.15', 'element': 'O'}, {'record': 'ATOM', 'atom_serial': '273', 'atom_name': 'N', 'residue': 'ALA', 'chain': 'B', 'num_residue': '14', 'x': '33.179', 'y': '33.226', 'z': '21.758', 'occupancy': '1.00', 'b-factor': '7.94', 'element': 'N'}, {'record': 'ATOM', 'atom_serial': '274', 'atom_name': 'CA', 'residue': 'ALA', 'chain': 'B', 'num_residue': '14', 'x': '33.659', 'y': '32.139', 'z': '22.621', 'occupancy': '1.00', 'b-factor': '7.54', 'element': 'C'}, {'record': 'ATOM', 'atom_serial': '275', 'atom_name': 'C', 'residue': 'ALA', 'chain': 'B', 'num_residue': '14', 'x': '35.011', 'y': '32.489', 'z': '23.236', 'occupancy': '1.00', 'b-factor': '7.96', 'element': 'C'}, {'record': 'ATOM', 'atom_serial': '276', 'atom_name': 'O', 'residue': 'ALA', 'chain': 'B', 'num_residue': '14', 'x': '35.216', 'y': '32.289', 'z': '24.444', 'occupancy': '1.00', 'b-factor': '7.67', 'element': 'O'}, {'record': 'ATOM', 'atom_serial': '277', 'atom_name': 'CB', 'residue': 'ALA', 'chain': 'B', 'num_residue': '14', 'x': '33.740', 'y': '30.844', 'z': '21.824', 'occupancy': '1.00', 'b-factor': '8.11', 'element': 'C'}, {'record': 'ATOM', 'atom_serial': '278', 'atom_name': 'N', 'residue': 'LEU', 'chain': 'B', 'num_residue': '15', 'x': '35.919', 'y': '33.036', 'z': '22.424', 'occupancy': '1.00', 'b-factor': '7.59', 'element': 'N'}, {'record': 'ATOM', 'atom_serial': '279', 'atom_name': 'CA', 'residue': 'LEU', 'chain': 'B', 'num_residue': '15', 'x': '37.218', 'y': '33.501', 'z': '22.921', 'occupancy': '1.00', 'b-factor': '8.02', 'element': 'C'}, {'record': 'ATOM', 'atom_serial': '280', 'atom_name': 'C', 'residue': 'LEU', 'chain': 'B', 'num_residue': '15', 'x': '37.062', 'y': '34.563', 'z': '23.997', 'occupancy': '1.00', 'b-factor': '8.22', 'element': 'C'}, {'record': 'ATOM', 'atom_serial': '281', 'atom_name': 'O', 'residue': 'LEU', 'chain': 'B', 'num_residue': '15', 'x': '37.732', 'y': '34.532', 'z': '25.043', 'occupancy': '1.00', 'b-factor': '8.96', 'element': 'O'}, {'record': 'ATOM', 'atom_serial': '282', 'atom_name': 'CB', 'residue': 'LEU', 'chain': 'B', 'num_residue': '15', 'x': '38.057', 'y': '34.073', 'z': '21.778', 'occupancy': '1.00', 'b-factor': '8.21', 'element': 'C'}, {'record': 'ATOM', 'atom_serial': '283', 'atom_name': 'CG', 'residue': 'LEU', 'chain': 'B', 'num_residue': '15', 'x': '38.687', 'y': '33.044', 'z': '20.850', 'occupancy': '1.00', 'b-factor': '8.97', 'element': 'C'}, {'record': 'ATOM', 'atom_serial': '284', 'atom_name': 'CD1', 'residue': 'LEU', 'chain': 'B', 'num_residue': '15', 'x': '39.085', 'y': '33.696', 'z': '19.533', 'occupancy': '1.00', 'b-factor': '10.82', 'element': 'C'}, {'record': 'ATOM', 'atom_serial': '285', 'atom_name': 'CD2', 'residue': 'LEU', 'chain': 'B', 'num_residue': '15', 'x': '39.911', 'y': '32.395', 'z': '21.521', 'occupancy': '1.00', 'b-factor': '10.89', 'element': 'C'}, {'record': 'ATOM', 'atom_serial': '286', 'atom_name': 'N', 'residue': 'TYR', 'chain': 'B', 'num_residue': '16', 'x': '36.163', 'y': '35.511', 'z': '23.749', 'occupancy': '1.00', 'b-factor': '7.73', 'element': 'N'}, {'record': 'ATOM', 'atom_serial': '287', 'atom_name': 'CA', 'residue': 'TYR', 'chain': 'B', 'num_residue': '16', 'x': '35.896', 'y': '36.555', 'z': '24.715', 'occupancy': '1.00', 'b-factor': '7.97', 'element': 'C'}, {'record': 'ATOM', 'atom_serial': '288', 'atom_name': 'C', 'residue': 'TYR', 'chain': 'B', 'num_residue': '16', 'x': '35.432', 'y': '35.980', 'z': '26.052', 'occupancy': '1.00', 'b-factor': '8.33', 'element': 'C'}, {'record': 'ATOM', 'atom_serial': '289', 'atom_name': 'O', 'residue': 'TYR', 'chain': 'B', 'num_residue': '16', 'x': '35.950', 'y': '36.365', 'z': '27.113', 'occupancy': '1.00', 'b-factor': '8.89', 'element': 'O'}, {'record': 'ATOM', 'atom_serial': '290', 'atom_name': 'CB', 'residue': 'TYR', 'chain': 'B', 'num_residue': '16', 'x': '34.830', 'y': '37.489', 'z': '24.143', 'occupancy': '1.00', 'b-factor': '8.38', 'element': 'C'}, {'record': 'ATOM', 'atom_serial': '291', 'atom_name': 'CG', 'residue': 'TYR', 'chain': 'B', 'num_residue': '16', 'x': '34.288', 'y': '38.492', 'z': '25.135', 'occupancy': '1.00', 'b-factor': '7.50', 'element': 'C'}, {'record': 'ATOM', 'atom_serial': '292', 'atom_name': 'CD1', 'residue': 'TYR', 'chain': 'B', 'num_residue': '16', 'x': '35.057', 'y': '39.589', 'z': '25.570', 'occupancy': '1.00', 'b-factor': '7.30', 'element': 'C'}, {'record': 'ATOM', 'atom_serial': '293', 'atom_name': 'CD2', 'residue': 'TYR', 'chain': 'B', 'num_residue': '16', 'x': '33.002', 'y': '38.342', 'z': '25.657', 'occupancy': '1.00', 'b-factor': '6.79', 'element': 'C'}, {'record': 'ATOM', 'atom_serial': '294', 'atom_name': 'CE1', 'residue': 'TYR', 'chain': 'B', 'num_residue': '16', 'x': '34.538', 'y': '40.517', 'z': '26.491', 'occupancy': '1.00', 'b-factor': '8.62', 'element': 'C'}, {'record': 'ATOM', 'atom_serial': '295', 'atom_name': 'CE2', 'residue': 'TYR', 'chain': 'B', 'num_residue': '16', 'x': '32.473', 'y': '39.246', 'z': '26.569', 'occupancy': '1.00', 'b-factor': '8.69', 'element': 'C'}, {'record': 'ATOM', 'atom_serial': '296', 'atom_name': 'CZ', 'residue': 'TYR', 'chain': 'B', 'num_residue': '16', 'x': '33.248', 'y': '40.335', 'z': '26.986', 'occupancy': '1.00', 'b-factor': '8.24', 'element': 'C'}, {'record': 'ATOM', 'atom_serial': '297', 'atom_name': 'OH', 'residue': 'TYR', 'chain': 'B', 'num_residue': '16', 'x': '32.719', 'y': '41.222', 'z': '27.886', 'occupancy': '1.00', 'b-factor': '9.74', 'element': 'O'}, {'record': 'ATOM', 'atom_serial': '298', 'atom_name': 'N', 'residue': 'LEU', 'chain': 'B', 'num_residue': '17', 'x': '34.484', 'y': '35.041', 'z': '26.000', 'occupancy': '1.00', 'b-factor': '8.87', 'element': 'N'}, {'record': 'ATOM', 'atom_serial': '299', 'atom_name': 'CA', 'residue': 'LEU', 'chain': 'B', 'num_residue': '17', 'x': '33.920', 'y': '34.444', 'z': '27.227', 'occupancy': '1.00', 'b-factor': '9.20', 'element': 'C'}, {'record': 'ATOM', 'atom_serial': '300', 'atom_name': 'C', 'residue': 'LEU', 'chain': 'B', 'num_residue': '17', 'x': '34.919', 'y': '33.571', 'z': '27.970', 'occupancy': '1.00', 'b-factor': '10.10', 'element': 'C'}, {'record': 'ATOM', 'atom_serial': '301', 'atom_name': 'O', 'residue': 'LEU', 'chain': 'B', 'num_residue': '17', 'x': '34.981', 'y': '33.597', 'z': '29.206', 'occupancy': '1.00', 'b-factor': '10.72', 'element': 'O'}, {'record': 'ATOM', 'atom_serial': '302', 'atom_name': 'CB', 'residue': 'LEU', 'chain': 'B', 'num_residue': '17', 'x': '32.676', 'y': '33.623', 'z': '26.877', 'occupancy': '1.00', 'b-factor': '9.96', 'element': 'C'}, {'record': 'ATOM', 'atom_serial': '303', 'atom_name': 'CG', 'residue': 'LEU', 'chain': 'B', 'num_residue': '17', 'x': '31.474', 'y': '34.474', 'z': '26.460', 'occupancy': '1.00', 'b-factor': '9.19', 'element': 'C'}, {'record': 'ATOM', 'atom_serial': '304', 'atom_name': 'CD1', 'residue': 'LEU', 'chain': 'B', 'num_residue': '17', 'x': '30.346', 'y': '33.578', 'z': '25.953', 'occupancy': '1.00', 'b-factor': '11.04', 'element': 'C'}, {'record': 'ATOM', 'atom_serial': '305', 'atom_name': 'CD2', 'residue': 'LEU', 'chain': 'B', 'num_residue': '17', 'x': '30.997', 'y': '35.349', 'z': '27.626', 'occupancy': '1.00', 'b-factor': '11.41', 'element': 'C'}, {'record': 'ATOM', 'atom_serial': '306', 'atom_name': 'N', 'residue': 'VAL', 'chain': 'B', 'num_residue': '18', 'x': '35.685', 'y': '32.804', 'z': '27.213', 'occupancy': '1.00', 'b-factor': '9.93', 'element': 'N'}, {'record': 'ATOM', 'atom_serial': '307', 'atom_name': 'CA', 'residue': 'VAL', 'chain': 'B', 'num_residue': '18', 'x': '36.660', 'y': '31.868', 'z': '27.797', 'occupancy': '1.00', 'b-factor': '10.84', 'element': 'C'}, {'record': 'ATOM', 'atom_serial': '308', 'atom_name': 'C', 'residue': 'VAL', 'chain': 'B', 'num_residue': '18', 'x': '37.833', 'y': '32.631', 'z': '28.395', 'occupancy': '1.00', 'b-factor': '11.15', 'element': 'C'}, {'record': 'ATOM', 'atom_serial': '309', 'atom_name': 'O', 'residue': 'VAL', 'chain': 'B', 'num_residue': '18', 'x': '38.275', 'y': '32.338', 'z': '29.512', 'occupancy': '1.00', 'b-factor': '12.42', 'element': 'O'}, {'record': 'ATOM', 'atom_serial': '310', 'atom_name': 'CB', 'residue': 'VAL', 'chain': 'B', 'num_residue': '18', 'x': '37.152', 'y': '30.843', 'z': '26.740', 'occupancy': '1.00', 'b-factor': '11.51', 'element': 'C'}, {'record': 'ATOM', 'atom_serial': '311', 'atom_name': 'CG1', 'residue': 'VAL', 'chain': 'B', 'num_residue': '18', 'x': '38.448', 'y': '30.168', 'z': '27.168', 'occupancy': '1.00', 'b-factor': '13.02', 'element': 'C'}, {'record': 'ATOM', 'atom_serial': '312', 'atom_name': 'CG2', 'residue': 'VAL', 'chain': 'B', 'num_residue': '18', 'x': '36.058', 'y': '29.800', 'z': '26.467', 'occupancy': '1.00', 'b-factor': '12.58', 'element': 'C'}, {'record': 'ATOM', 'atom_serial': '313', 'atom_name': 'N', 'residue': 'CYS', 'chain': 'B', 'num_residue': '19', 'x': '38.343', 'y': '33.612', 'z': '27.653', 'occupancy': '1.00', 'b-factor': '10.75', 'element': 'N'}, {'record': 'ATOM', 'atom_serial': '314', 'atom_name': 'CA', 'residue': 'CYS', 'chain': 'B', 'num_residue': '19', 'x': '39.606', 'y': '34.247', 'z': '28.039', 'occupancy': '1.00', 'b-factor': '11.18', 'element': 'C'}, {'record': 'ATOM', 'atom_serial': '315', 'atom_name': 'C', 'residue': 'CYS', 'chain': 'B', 'num_residue': '19', 'x': '39.468', 'y': '35.323', 'z': '29.109', 'occupancy': '1.00', 'b-factor': '13.19', 'element': 'C'}, {'record': 'ATOM', 'atom_serial': '316', 'atom_name': 'O', 'residue': 'CYS', 'chain': 'B', 'num_residue': '19', 'x': '40.445', 'y': '35.612', 'z': '29.818', 'occupancy': '1.00', 'b-factor': '13.54', 'element': 'O'}, {'record': 'ATOM', 'atom_serial': '317', 'atom_name': 'CB', 'residue': 'CYS', 'chain': 'B', 'num_residue': '19', 'x': '40.371', 'y': '34.768', 'z': '26.815', 'occupancy': '1.00', 'b-factor': '11.28', 'element': 'C'}, {'record': 'ATOM', 'atom_serial': '318', 'atom_name': 'SG', 'residue': 'CYS', 'chain': 'B', 'num_residue': '19', 'x': '40.829', 'y': '33.484', 'z': '25.655', 'occupancy': '1.00', 'b-factor': '10.50', 'element': 'S'}, {'record': 'ATOM', 'atom_serial': '319', 'atom_name': 'N', 'residue': 'GLY', 'chain': 'B', 'num_residue': '20', 'x': '38.281', 'y': '35.912', 'z': '29.219', 'occupancy': '1.00', 'b-factor': '14.21', 'element': 'N'}, {'record': 'ATOM', 'atom_serial': '320', 'atom_name': 'CA', 'residue': 'GLY', 'chain': 'B', 'num_residue': '20', 'x': '38.013', 'y': '36.928', 'z': '30.241', 'occupancy': '1.00', 'b-factor': '15.84', 'element': 'C'}, {'record': 'ATOM', 'atom_serial': '321', 'atom_name': 'C', 'residue': 'GLY', 'chain': 'B', 'num_residue': '20', 'x': '39.017', 'y': '38.065', 'z': '30.210', 'occupancy': '1.00', 'b-factor': '17.39', 'element': 'C'}, {'record': 'ATOM', 'atom_serial': '322', 'atom_name': 'O', 'residue': 'GLY', 'chain': 'B', 'num_residue': '20', 'x': '39.385', 'y': '38.562', 'z': '29.144', 'occupancy': '1.00', 'b-factor': '16.82', 'element': 'O'}, {'record': 'ATOM', 'atom_serial': '323', 'atom_name': 'N', 'residue': 'GLU', 'chain': 'B', 'num_residue': '21', 'x': '39.480', 'y': '38.461', 'z': '31.392', 'occupancy': '1.00', 'b-factor': '18.82', 'element': 'N'}, {'record': 'ATOM', 'atom_serial': '324', 'atom_name': 'CA', 'residue': 'GLU', 'chain': 'B', 'num_residue': '21', 'x': '40.365', 'y': '39.620', 'z': '31.525', 'occupancy': '1.00', 'b-factor': '20.77', 'element': 'C'}, {'record': 'ATOM', 'atom_serial': '325', 'atom_name': 'C', 'residue': 'GLU', 'chain': 'B', 'num_residue': '21', 'x': '41.737', 'y': '39.443', 'z': '30.868', 'occupancy': '1.00', 'b-factor': '19.50', 'element': 'C'}, {'record': 'ATOM', 'atom_serial': '326', 'atom_name': 'O', 'residue': 'GLU', 'chain': 'B', 'num_residue': '21', 'x': '42.455', 'y': '40.419', 'z': '30.665', 'occupancy': '1.00', 'b-factor': '20.11', 'element': 'O'}, {'record': 'ATOM', 'atom_serial': '327', 'atom_name': 'CB', 'residue': 'GLU', 'chain': 'B', 'num_residue': '21', 'x': '40.494', 'y': '40.027', 'z': '32.997', 'occupancy': '1.00', 'b-factor': '20.94', 'element': 'C'}, {'record': 'ATOM', 'atom_serial': '328', 'atom_name': 'CG', 'residue': 'GLU', 'chain': 'B', 'num_residue': '21', 'x': '39.190', 'y': '40.592', 'z': '33.561', 'occupancy': '1.00', 'b-factor': '24.24', 'element': 'C'}, {'record': 'ATOM', 'atom_serial': '329', 'atom_name': 'CD', 'residue': 'GLU', 'chain': 'B', 'num_residue': '21', 'x': '39.307', 'y': '41.098', 'z': '34.990', 'occupancy': '1.00', 'b-factor': '25.13', 'element': 'C'}, {'record': 'ATOM', 'atom_serial': '330', 'atom_name': 'OE1', 'residue': 'GLU', 'chain': 'B', 'num_residue': '21', 'x': '40.419', 'y': '41.042', 'z': '35.573', 'occupancy': '1.00', 'b-factor': '30.20', 'element': 'O'}, {'record': 'ATOM', 'atom_serial': '331', 'atom_name': 'OE2', 'residue': 'GLU', 'chain': 'B', 'num_residue': '21', 'x': '38.271', 'y': '41.552', 'z': '35.526', 'occupancy': '1.00', 'b-factor': '29.89', 'element': 'O'}, {'record': 'ATOM', 'atom_serial': '332', 'atom_name': 'N', 'residue': 'ARG', 'chain': 'B', 'num_residue': '22', 'x': '42.093', 'y': '38.206', 'z': '30.518', 'occupancy': '1.00', 'b-factor': '18.70', 'element': 'N'}, {'record': 'ATOM', 'atom_serial': '333', 'atom_name': 'CA', 'residue': 'ARG', 'chain': 'B', 'num_residue': '22', 'x': '43.330', 'y': '37.939', 'z': '29.777', 'occupancy': '1.00', 'b-factor': '18.74', 'element': 'C'}, {'record': 'ATOM', 'atom_serial': '334', 'atom_name': 'C', 'residue': 'ARG', 'chain': 'B', 'num_residue': '22', 'x': '43.278', 'y': '38.551', 'z': '28.377', 'occupancy': '1.00', 'b-factor': '17.66', 'element': 'C'}, {'record': 'ATOM', 'atom_serial': '335', 'atom_name': 'O', 'residue': 'ARG', 'chain': 'B', 'num_residue': '22', 'x': '44.295', 'y': '39.001', 'z': '27.831', 'occupancy': '1.00', 'b-factor': '18.77', 'element': 'O'}, {'record': 'ATOM', 'atom_serial': '336', 'atom_name': 'CB', 'residue': 'ARG', 'chain': 'B', 'num_residue': '22', 'x': '43.576', 'y': '36.429', 'z': '29.653', 'occupancy': '1.00', 'b-factor': '18.71', 'element': 'C'}, {'record': 'ATOM', 'atom_serial': '337', 'atom_name': 'CG', 'residue': 'ARG', 'chain': 'B', 'num_residue': '22', 'x': '43.764', 'y': '35.700', 'z': '30.974', 'occupancy': '1.00', 'b-factor': '20.63', 'element': 'C'}, {'record': 'ATOM', 'atom_serial': '338', 'atom_name': 'CD', 'residue': 'ARG', 'chain': 'B', 'num_residue': '22', 'x': '43.942', 'y': '34.199', 'z': '30.741', 'occupancy': '1.00', 'b-factor': '20.53', 'element': 'C'}, {'record': 'ATOM', 'atom_serial': '339', 'atom_name': 'NE', 'residue': 'ARG', 'chain': 'B', 'num_residue': '22', 'x': '42.669', 'y': '33.475', 'z': '30.717', 'occupancy': '1.00', 'b-factor': '24.67', 'element': 'N'}, {'record': 'ATOM', 'atom_serial': '340', 'atom_name': 'CZ', 'residue': 'ARG', 'chain': 'B', 'num_residue': '22', 'x': '42.546', 'y': '32.167', 'z': '30.487', 'occupancy': '1.00', 'b-factor': '24.93', 'element': 'C'}, {'record': 'ATOM', 'atom_serial': '341', 'atom_name': 'NH1', 'residue': 'ARG', 'chain': 'B', 'num_residue': '22', 'x': '43.622', 'y': '31.425', 'z': '30.239', 'occupancy': '1.00', 'b-factor': '25.55', 'element': 'N'}, {'record': 'ATOM', 'atom_serial': '342', 'atom_name': 'NH2', 'residue': 'ARG', 'chain': 'B', 'num_residue': '22', 'x': '41.341', 'y': '31.600', 'z': '30.490', 'occupancy': '1.00', 'b-factor': '23.64', 'element': 'N'}, {'record': 'ATOM', 'atom_serial': '343', 'atom_name': 'N', 'residue': 'GLY', 'chain': 'B', 'num_residue': '23', 'x': '42.084', 'y': '38.567', 'z': '27.800', 'occupancy': '1.00', 'b-factor': '15.83', 'element': 'N'}, {'record': 'ATOM', 'atom_serial': '344', 'atom_name': 'CA', 'residue': 'GLY', 'chain': 'B', 'num_residue': '23', 'x': '41.935', 'y': '38.856', 'z': '26.387', 'occupancy': '1.00', 'b-factor': '13.77', 'element': 'C'}, {'record': 'ATOM', 'atom_serial': '345', 'atom_name': 'C', 'residue': 'GLY', 'chain': 'B', 'num_residue': '23', 'x': '42.504', 'y': '37.733', 'z': '25.552', 'occupancy': '1.00', 'b-factor': '13.05', 'element': 'C'}, {'record': 'ATOM', 'atom_serial': '346', 'atom_name': 'O', 'residue': 'GLY', 'chain': 'B', 'num_residue': '23', 'x': '42.858', 'y': '36.663', 'z': '26.078', 'occupancy': '1.00', 'b-factor': '12.21', 'element': 'O'}, {'record': 'ATOM', 'atom_serial': '347', 'atom_name': 'N', 'residue': 'PHE', 'chain': 'B', 'num_residue': '24', 'x': '42.617', 'y': '37.981', 'z': '24.256', 'occupancy': '1.00', 'b-factor': '11.58', 'element': 'N'}, {'record': 'ATOM', 'atom_serial': '348', 'atom_name': 'CA', 'residue': 'PHE', 'chain': 'B', 'num_residue': '24', 'x': '42.937', 'y': '36.929', 'z': '23.309', 'occupancy': '1.00', 'b-factor': '11.09', 'element': 'C'}, {'record': 'ATOM', 'atom_serial': '349', 'atom_name': 'C', 'residue': 'PHE', 'chain': 'B', 'num_residue': '24', 'x': '43.426', 'y': '37.501', 'z': '21.991', 'occupancy': '1.00', 'b-factor': '11.75', 'element': 'C'}, {'record': 'ATOM', 'atom_serial': '350', 'atom_name': 'O', 'residue': 'PHE', 'chain': 'B', 'num_residue': '24', 'x': '43.352', 'y': '38.712', 'z': '21.768', 'occupancy': '1.00', 'b-factor': '12.36', 'element': 'O'}, {'record': 'ATOM', 'atom_serial': '351', 'atom_name': 'CB', 'residue': 'PHE', 'chain': 'B', 'num_residue': '24', 'x': '41.693', 'y': '36.044', 'z': '23.070', 'occupancy': '1.00', 'b-factor': '10.85', 'element': 'C'}, {'record': 'ATOM', 'atom_serial': '352', 'atom_name': 'CG', 'residue': 'PHE', 'chain': 'B', 'num_residue': '24', 'x': '40.513', 'y': '36.789', 'z': '22.490', 'occupancy': '1.00', 'b-factor': '9.03', 'element': 'C'}, {'record': 'ATOM', 'atom_serial': '353', 'atom_name': 'CD1', 'residue': 'PHE', 'chain': 'B', 'num_residue': '24', 'x': '40.357', 'y': '36.895', 'z': '21.103', 'occupancy': '1.00', 'b-factor': '10.16', 'element': 'C'}, {'record': 'ATOM', 'atom_serial': '354', 'atom_name': 'CD2', 'residue': 'PHE', 'chain': 'B', 'num_residue': '24', 'x': '39.573', 'y': '37.392', 'z': '23.321', 'occupancy': '1.00', 'b-factor': '10.49', 'element': 'C'}, {'record': 'ATOM', 'atom_serial': '355', 'atom_name': 'CE1', 'residue': 'PHE', 'chain': 'B', 'num_residue': '24', 'x': '39.254', 'y': '37.583', 'z': '20.555', 'occupancy': '1.00', 'b-factor': '9.69', 'element': 'C'}, {'record': 'ATOM', 'atom_serial': '356', 'atom_name': 'CE2', 'residue': 'PHE', 'chain': 'B', 'num_residue': '24', 'x': '38.474', 'y': '38.090', 'z': '22.782', 'occupancy': '1.00', 'b-factor': '10.75', 'element': 'C'}, {'record': 'ATOM', 'atom_serial': '357', 'atom_name': 'CZ', 'residue': 'PHE', 'chain': 'B', 'num_residue': '24', 'x': '38.325', 'y': '38.184', 'z': '21.397', 'occupancy': '1.00', 'b-factor': '10.19', 'element': 'C'}, {'record': 'ATOM', 'atom_serial': '358', 'atom_name': 'N', 'residue': 'PHE', 'chain': 'B', 'num_residue': '25', 'x': '43.933', 'y': '36.633', 'z': '21.134', 'occupancy': '1.00', 'b-factor': '12.42', 'element': 'N'}, {'record': 'ATOM', 'atom_serial': '359', 'atom_name': 'CA', 'residue': 'PHE', 'chain': 'B', 'num_residue': '25', 'x': '44.214', 'y': '36.982', 'z': '19.762', 'occupancy': '1.00', 'b-factor': '13.76', 'element': 'C'}, {'record': 'ATOM', 'atom_serial': '360', 'atom_name': 'C', 'residue': 'PHE', 'chain': 'B', 'num_residue': '25', 'x': '43.410', 'y': '36.105', 'z': '18.822', 'occupancy': '1.00', 'b-factor': '13.56', 'element': 'C'}, {'record': 'ATOM', 'atom_serial': '361', 'atom_name': 'O', 'residue': 'PHE', 'chain': 'B', 'num_residue': '25', 'x': '43.277', 'y': '34.879', 'z': '19.028', 'occupancy': '1.00', 'b-factor': '13.20', 'element': 'O'}, {'record': 'ATOM', 'atom_serial': '362', 'atom_name': 'CB', 'residue': 'PHE', 'chain': 'B', 'num_residue': '25', 'x': '45.720', 'y': '36.965', 'z': '19.452', 'occupancy': '1.00', 'b-factor': '15.31', 'element': 'C'}, {'record': 'ATOM', 'atom_serial': '363', 'atom_name': 'CG', 'residue': 'PHE', 'chain': 'B', 'num_residue': '25', 'x': '46.429', 'y': '35.703', 'z': '19.853', 'occupancy': '1.00', 'b-factor': '17.34', 'element': 'C'}, {'record': 'ATOM', 'atom_serial': '364', 'atom_name': 'CD1', 'residue': 'PHE', 'chain': 'B', 'num_residue': '25', 'x': '46.724', 'y': '34.728', 'z': '18.902', 'occupancy': '1.00', 'b-factor': '20.70', 'element': 'C'}, {'record': 'ATOM', 'atom_serial': '365', 'atom_name': 'CD2', 'residue': 'PHE', 'chain': 'B', 'num_residue': '25', 'x': '46.836', 'y': '35.503', 'z': '21.174', 'occupancy': '1.00', 'b-factor': '20.22', 'element': 'C'}, {'record': 'ATOM', 'atom_serial': '366', 'atom_name': 'CE1', 'residue': 'PHE', 'chain': 'B', 'num_residue': '25', 'x': '47.401', 'y': '33.556', 'z': '19.263', 'occupancy': '1.00', 'b-factor': '21.12', 'element': 'C'}, {'record': 'ATOM', 'atom_serial': '367', 'atom_name': 'CE2', 'residue': 'PHE', 'chain': 'B', 'num_residue': '25', 'x': '47.508', 'y': '34.331', 'z': '21.545', 'occupancy': '1.00', 'b-factor': '20.64', 'element': 'C'}, {'record': 'ATOM', 'atom_serial': '368', 'atom_name': 'CZ', 'residue': 'PHE', 'chain': 'B', 'num_residue': '25', 'x': '47.789', 'y': '33.360', 'z': '20.582', 'occupancy': '1.00', 'b-factor': '19.89', 'element': 'C'}, {'record': 'ATOM', 'atom_serial': '369', 'atom_name': 'N', 'residue': 'TYR', 'chain': 'B', 'num_residue': '26', 'x': '42.840', 'y': '36.750', 'z': '17.811', 'occupancy': '1.00', 'b-factor': '13.31', 'element': 'N'}, {'record': 'ATOM', 'atom_serial': '370', 'atom_name': 'CA', 'residue': 'TYR', 'chain': 'B', 'num_residue': '26', 'x': '42.064', 'y': '36.088', 'z': '16.786', 'occupancy': '1.00', 'b-factor': '14.17', 'element': 'C'}, {'record': 'ATOM', 'atom_serial': '371', 'atom_name': 'C', 'residue': 'TYR', 'chain': 'B', 'num_residue': '26', 'x': '42.810', 'y': '36.232', 'z': '15.471', 'occupancy': '1.00', 'b-factor': '15.35', 'element': 'C'}, {'record': 'ATOM', 'atom_serial': '372', 'atom_name': 'O', 'residue': 'TYR', 'chain': 'B', 'num_residue': '26', 'x': '42.919', 'y': '37.329', 'z': '14.919', 'occupancy': '1.00', 'b-factor': '14.82', 'element': 'O'}, {'record': 'ATOM', 'atom_serial': '373', 'atom_name': 'CB', 'residue': 'TYR', 'chain': 'B', 'num_residue': '26', 'x': '40.669', 'y': '36.712', 'z': '16.697', 'occupancy': '1.00', 'b-factor': '13.85', 'element': 'C'}, {'record': 'ATOM', 'atom_serial': '374', 'atom_name': 'CG', 'residue': 'TYR', 'chain': 'B', 'num_residue': '26', 'x': '39.824', 'y': '36.158', 'z': '15.579', 'occupancy': '1.00', 'b-factor': '14.17', 'element': 'C'}, {'record': 'ATOM', 'atom_serial': '375', 'atom_name': 'CD1', 'residue': 'TYR', 'chain': 'B', 'num_residue': '26', 'x': '39.504', 'y': '34.799', 'z': '15.529', 'occupancy': '1.00', 'b-factor': '14.37', 'element': 'C'}, {'record': 'ATOM', 'atom_serial': '376', 'atom_name': 'CD2', 'residue': 'TYR', 'chain': 'B', 'num_residue': '26', 'x': '39.335', 'y': '36.985', 'z': '14.569', 'occupancy': '1.00', 'b-factor': '14.38', 'element': 'C'}, {'record': 'ATOM', 'atom_serial': '377', 'atom_name': 'CE1', 'residue': 'TYR', 'chain': 'B', 'num_residue': '26', 'x': '38.724', 'y': '34.280', 'z': '14.503', 'occupancy': '1.00', 'b-factor': '15.71', 'element': 'C'}, {'record': 'ATOM', 'atom_serial': '378', 'atom_name': 'CE2', 'residue': 'TYR', 'chain': 'B', 'num_residue': '26', 'x': '38.558', 'y': '36.479', 'z': '13.549', 'occupancy': '1.00', 'b-factor': '14.39', 'element': 'C'}, {'record': 'ATOM', 'atom_serial': '379', 'atom_name': 'CZ', 'residue': 'TYR', 'chain': 'B', 'num_residue': '26', 'x': '38.250', 'y': '35.130', 'z': '13.516', 'occupancy': '1.00', 'b-factor': '15.05', 'element': 'C'}, {'record': 'ATOM', 'atom_serial': '380', 'atom_name': 'OH', 'residue': 'TYR', 'chain': 'B', 'num_residue': '26', 'x': '37.476', 'y': '34.621', 'z': '12.496', 'occupancy': '1.00', 'b-factor': '17.80', 'element': 'O'}, {'record': 'ATOM', 'atom_serial': '381', 'atom_name': 'N', 'residue': 'THR', 'chain': 'B', 'num_residue': '27', 'x': '43.340', 'y': '35.116', 'z': '14.984', 'occupancy': '1.00', 'b-factor': '16.26', 'element': 'N'}, {'record': 'ATOM', 'atom_serial': '382', 'atom_name': 'CA', 'residue': 'THR', 'chain': 'B', 'num_residue': '27', 'x': '44.214', 'y': '35.110', 'z': '13.817', 'occupancy': '1.00', 'b-factor': '17.93', 'element': 'C'}, {'record': 'ATOM', 'atom_serial': '383', 'atom_name': 'C', 'residue': 'THR', 'chain': 'B', 'num_residue': '27', 'x': '43.681', 'y': '34.112', 'z': '12.788', 'occupancy': '1.00', 'b-factor': '18.16', 'element': 'C'}, {'record': 'ATOM', 'atom_serial': '384', 'atom_name': 'O', 'residue': 'THR', 'chain': 'B', 'num_residue': '27', 'x': '44.216', 'y': '33.003', 'z': '12.670', 'occupancy': '1.00', 'b-factor': '18.88', 'element': 'O'}, {'record': 'ATOM', 'atom_serial': '385', 'atom_name': 'CB', 'residue': 'THR', 'chain': 'B', 'num_residue': '27', 'x': '45.674', 'y': '34.761', 'z': '14.217', 'occupancy': '1.00', 'b-factor': '18.54', 'element': 'C'}, {'record': 'ATOM', 'atom_serial': '386', 'atom_name': 'OG1', 'residue': 'THR', 'chain': 'B', 'num_residue': '27', 'x': '45.694', 'y': '33.529', 'z': '14.958', 'occupancy': '1.00', 'b-factor': '21.71', 'element': 'O'}, {'record': 'ATOM', 'atom_serial': '387', 'atom_name': 'CG2', 'residue': 'THR', 'chain': 'B', 'num_residue': '27', 'x': '46.257', 'y': '35.850', 'z': '15.090', 'occupancy': '1.00', 'b-factor': '19.52', 'element': 'C'}, {'record': 'ATOM', 'atom_serial': '388', 'atom_name': 'N', 'residue': 'PRO', 'chain': 'B', 'num_residue': '28', 'x': '42.619', 'y': '34.491', 'z': '12.055', 'occupancy': '1.00', 'b-factor': '18.18', 'element': 'N'}, {'record': 'ATOM', 'atom_serial': '389', 'atom_name': 'CA', 'residue': 'PRO', 'chain': 'B', 'num_residue': '28', 'x': '41.968', 'y': '33.584', 'z': '11.108', 'occupancy': '1.00', 'b-factor': '18.71', 'element': 'C'}, {'record': 'ATOM', 'atom_serial': '390', 'atom_name': 'C', 'residue': 'PRO', 'chain': 'B', 'num_residue': '28', 'x': '42.830', 'y': '33.197', 'z': '9.908', 'occupancy': '1.00', 'b-factor': '19.21', 'element': 'C'}, {'record': 'ATOM', 'atom_serial': '391', 'atom_name': 'O', 'residue': 'PRO', 'chain': 'B', 'num_residue': '28', 'x': '42.620', 'y': '32.111', 'z': '9.362', 'occupancy': '1.00', 'b-factor': '20.27', 'element': 'O'}, {'record': 'ATOM', 'atom_serial': '392', 'atom_name': 'CB', 'residue': 'PRO', 'chain': 'B', 'num_residue': '28', 'x': '40.728', 'y': '34.361', 'z': '10.660', 'occupancy': '1.00', 'b-factor': '18.86', 'element': 'C'}, {'record': 'ATOM', 'atom_serial': '393', 'atom_name': 'CG', 'residue': 'PRO', 'chain': 'B', 'num_residue': '28', 'x': '41.063', 'y': '35.791', 'z': '10.904', 'occupancy': '1.00', 'b-factor': '18.16', 'element': 'C'}, {'record': 'ATOM', 'atom_serial': '394', 'atom_name': 'CD', 'residue': 'PRO', 'chain': 'B', 'num_residue': '28', 'x': '41.944', 'y': '35.805', 'z': '12.107', 'occupancy': '1.00', 'b-factor': '17.60', 'element': 'C'}]
DEBUG:__main__:Values contained in atom_list variable : [{'record': 'ATOM', 'atom_serial': '1', 'atom_name': 'N', 'residue': 'GLY', 'chain': 'A', 'num_residue': '1', 'x': '45.287', 'y': '26.625', 'z': '11.749', 'occupancy': '1.00', 'b-factor': '18.63', 'element': 'N'}, {'record': 'ATOM', 'atom_serial': '2', 'atom_name': 'CA', 'residue': 'GLY', 'chain': 'A', 'num_residue': '1', 'x': '45.011', 'y': '27.675', 'z': '12.767', 'occupancy': '1.00', 'b-factor': '16.88', 'element': 'C'}, {'record': 'ATOM', 'atom_serial': '3', 'atom_name': 'C', 'residue': 'GLY', 'chain': 'A', 'num_residue': '1', 'x': '43.627', 'y': '27.520', 'z': '13.378', 'occupancy': '1.00', 'b-factor': '16.08', 'element': 'C'}, {'record': 'ATOM', 'atom_serial': '4', 'atom_name': 'O', 'residue': 'GLY', 'chain': 'A', 'num_residue': '1', 'x': '42.965', 'y': '26.492', 'z': '13.192', 'occupancy': '1.00', 'b-factor': '16.01', 'element': 'O'}, {'record': 'ATOM', 'atom_serial': '5', 'atom_name': 'N', 'residue': 'ILE', 'chain': 'A', 'num_residue': '2', 'x': '43.187', 'y': '28.551', 'z': '14.105', 'occupancy': '1.00', 'b-factor': '14.92', 'element': 'N'}, {'record': 'ATOM', 'atom_serial': '6', 'atom_name': 'CA', 'residue': 'ILE', 'chain': 'A', 'num_residue': '2', 'x': '41.938', 'y': '28.466', 'z': '14.864', 'occupancy': '1.00', 'b-factor': '13.99', 'element': 'C'}, {'record': 'ATOM', 'atom_serial': '7', 'atom_name': 'C', 'residue': 'ILE', 'chain': 'A', 'num_residue': '2', 'x': '40.701', 'y': '28.168', 'z': '14.012', 'occupancy': '1.00', 'b-factor': '13.32', 'element': 'C'}, {'record': 'ATOM', 'atom_serial': '8', 'atom_name': 'O', 'residue': 'ILE', 'chain': 'A', 'num_residue': '2', 'x': '39.787', 'y': '27.495', 'z': '14.459', 'occupancy': '1.00', 'b-factor': '12.70', 'element': 'O'}, {'record': 'ATOM', 'atom_serial': '9', 'atom_name': 'CB', 'residue': 'ILE', 'chain': 'A', 'num_residue': '2', 'x': '41.704', 'y': '29.735', 'z': '15.731', 'occupancy': '1.00', 'b-factor': '13.58', 'element': 'C'}, {'record': 'ATOM', 'atom_serial': '10', 'atom_name': 'CG1', 'residue': 'ILE', 'chain': 'A', 'num_residue': '2', 'x': '40.666', 'y': '29.457', 'z': '16.823', 'occupancy': '1.00', 'b-factor': '13.36', 'element': 'C'}, {'record': 'ATOM', 'atom_serial': '11', 'atom_name': 'CG2', 'residue': 'ILE', 'chain': 'A', 'num_residue': '2', 'x': '41.350', 'y': '30.978', 'z': '14.866', 'occupancy': '1.00', 'b-factor': '13.76', 'element': 'C'}, {'record': 'ATOM', 'atom_serial': '12', 'atom_name': 'CD1', 'residue': 'ILE', 'chain': 'A', 'num_residue': '2', 'x': '40.401', 'y': '30.636', 'z': '17.783', 'occupancy': '1.00', 'b-factor': '13.94', 'element': 'C'}, {'record': 'ATOM', 'atom_serial': '13', 'atom_name': 'N', 'residue': 'VAL', 'chain': 'A', 'num_residue': '3', 'x': '40.672', 'y': '28.678', 'z': '12.784', 'occupancy': '1.00', 'b-factor': '13.48', 'element': 'N'}, {'record': 'ATOM', 'atom_serial': '14', 'atom_name': 'CA', 'residue': 'VAL', 'chain': 'A', 'num_residue': '3', 'x': '39.531', 'y': '28.445', 'z': '11.915', 'occupancy': '1.00', 'b-factor': '14.36', 'element': 'C'}, {'record': 'ATOM', 'atom_serial': '15', 'atom_name': 'C', 'residue': 'VAL', 'chain': 'A', 'num_residue': '3', 'x': '39.428', 'y': '26.957', 'z': '11.558', 'occupancy': '1.00', 'b-factor': '13.95', 'element': 'C'}, {'record': 'ATOM', 'atom_serial': '16', 'atom_name': 'O', 'residue': 'VAL', 'chain': 'A', 'num_residue': '3', 'x': '38.362', 'y': '26.356', 'z': '11.641', 'occupancy': '1.00', 'b-factor': '13.81', 'element': 'O'}, {'record': 'ATOM', 'atom_serial': '17', 'atom_name': 'CB', 'residue': 'VAL', 'chain': 'A', 'num_residue': '3', 'x': '39.615', 'y': '29.341', 'z': '10.665', 'occupancy': '1.00', 'b-factor': '14.65', 'element': 'C'}, {'record': 'ATOM', 'atom_serial': '18', 'atom_name': 'CG1', 'residue': 'VAL', 'chain': 'A', 'num_residue': '3', 'x': '38.580', 'y': '28.945', 'z': '9.641', 'occupancy': '1.00', 'b-factor': '15.73', 'element': 'C'}, {'record': 'ATOM', 'atom_serial': '19', 'atom_name': 'CG2', 'residue': 'VAL', 'chain': 'A', 'num_residue': '3', 'x': '39.427', 'y': '30.792', 'z': '11.072', 'occupancy': '1.00', 'b-factor': '15.80', 'element': 'C'}, {'record': 'ATOM', 'atom_serial': '20', 'atom_name': 'N', 'residue': 'GLU', 'chain': 'A', 'num_residue': '4', 'x': '40.559', 'y': '26.366', 'z': '11.197', 'occupancy': '1.00', 'b-factor': '14.83', 'element': 'N'}, {'record': 'ATOM', 'atom_serial': '21', 'atom_name': 'CA', 'residue': 'GLU', 'chain': 'A', 'num_residue': '4', 'x': '40.613', 'y': '24.948', 'z': '10.877', 'occupancy': '1.00', 'b-factor': '15.56', 'element': 'C'}, {'record': 'ATOM', 'atom_serial': '22', 'atom_name': 'C', 'residue': 'GLU', 'chain': 'A', 'num_residue': '4', 'x': '40.194', 'y': '24.097', 'z': '12.081', 'occupancy': '1.00', 'b-factor': '14.75', 'element': 'C'}, {'record': 'ATOM', 'atom_serial': '23', 'atom_name': 'O', 'residue': 'GLU', 'chain': 'A', 'num_residue': '4', 'x': '39.462', 'y': '23.132', 'z': '11.931', 'occupancy': '1.00', 'b-factor': '15.09', 'element': 'O'}, {'record': 'ATOM', 'atom_serial': '24', 'atom_name': 'CB', 'residue': 'GLU', 'chain': 'A', 'num_residue': '4', 'x': '42.030', 'y': '24.571', 'z': '10.437', 'occupancy': '1.00', 'b-factor': '16.46', 'element': 'C'}, {'record': 'ATOM', 'atom_serial': '25', 'atom_name': 'CG', 'residue': 'GLU', 'chain': 'A', 'num_residue': '4', 'x': '42.493', 'y': '25.203', 'z': '9.122', 'occupancy': '1.00', 'b-factor': '20.40', 'element': 'C'}, {'record': 'ATOM', 'atom_serial': '26', 'atom_name': 'CD', 'residue': 'GLU', 'chain': 'A', 'num_residue': '4', 'x': '42.553', 'y': '26.730', 'z': '9.153', 'occupancy': '1.00', 'b-factor': '22.85', 'element': 'C'}, {'record': 'ATOM', 'atom_serial': '27', 'atom_name': 'OE1', 'residue': 'GLU', 'chain': 'A', 'num_residue': '4', 'x': '43.054', 'y': '27.315', 'z': '10.146', 'occupancy': '1.00', 'b-factor': '22.33', 'element': 'O'}, {'record': 'ATOM', 'atom_serial': '28', 'atom_name': 'OE2', 'residue': 'GLU', 'chain': 'A', 'num_residue': '4', 'x': '42.099', 'y': '27.345', 'z': '8.161', 'occupancy': '1.00', 'b-factor': '27.15', 'element': 'O'}, {'record': 'ATOM', 'atom_serial': '29', 'atom_name': 'N', 'residue': 'GLN', 'chain': 'A', 'num_residue': '5', 'x': '40.633', 'y': '24.491', 'z': '13.274', 'occupancy': '1.00', 'b-factor': '13.80', 'element': 'N'}, {'record': 'ATOM', 'atom_serial': '30', 'atom_name': 'CA', 'residue': 'GLN', 'chain': 'A', 'num_residue': '5', 'x': '40.395', 'y': '23.679', 'z': '14.478', 'occupancy': '1.00', 'b-factor': '13.52', 'element': 'C'}, {'record': 'ATOM', 'atom_serial': '31', 'atom_name': 'C', 'residue': 'GLN', 'chain': 'A', 'num_residue': '5', 'x': '39.037', 'y': '23.874', 'z': '15.152', 'occupancy': '1.00', 'b-factor': '12.91', 'element': 'C'}, {'record': 'ATOM', 'atom_serial': '32', 'atom_name': 'O', 'residue': 'GLN', 'chain': 'A', 'num_residue': '5', 'x': '38.522', 'y': '22.963', 'z': '15.817', 'occupancy': '1.00', 'b-factor': '12.33', 'element': 'O'}, {'record': 'ATOM', 'atom_serial': '33', 'atom_name': 'CB', 'residue': 'GLN', 'chain': 'A', 'num_residue': '5', 'x': '41.529', 'y': '23.873', 'z': '15.482', 'occupancy': '1.00', 'b-factor': '13.97', 'element': 'C'}, {'record': 'ATOM', 'atom_serial': '34', 'atom_name': 'CG', 'residue': 'GLN', 'chain': 'A', 'num_residue': '5', 'x': '42.952', 'y': '23.553', 'z': '14.930', 'occupancy': '1.00', 'b-factor': '15.12', 'element': 'C'}, {'record': 'ATOM', 'atom_serial': '35', 'atom_name': 'CD', 'residue': 'GLN', 'chain': 'A', 'num_residue': '5', 'x': '43.051', 'y': '22.244', 'z': '14.131', 'occupancy': '1.00', 'b-factor': '15.95', 'element': 'C'}, {'record': 'ATOM', 'atom_serial': '36', 'atom_name': 'OE1', 'residue': 'GLN', 'chain': 'A', 'num_residue': '5', 'x': '43.739', 'y': '22.167', 'z': '13.101', 'occupancy': '1.00', 'b-factor': '21.11', 'element': 'O'}, {'record': 'ATOM', 'atom_serial': '37', 'atom_name': 'NE2', 'residue': 'GLN', 'chain': 'A', 'num_residue': '5', 'x': '42.349', 'y': '21.227', 'z': '14.586', 'occupancy': '1.00', 'b-factor': '13.34', 'element': 'N'}, {'record': 'ATOM', 'atom_serial': '38', 'atom_name': 'N', 'residue': 'CYS', 'chain': 'A', 'num_residue': '6', 'x': '38.442', 'y': '25.058', 'z': '14.975', 'occupancy': '1.00', 'b-factor': '12.06', 'element': 'N'}, {'record': 'ATOM', 'atom_serial': '39', 'atom_name': 'CA', 'residue': 'CYS', 'chain': 'A', 'num_residue': '6', 'x': '37.251', 'y': '25.427', 'z': '15.747', 'occupancy': '1.00', 'b-factor': '11.91', 'element': 'C'}, {'record': 'ATOM', 'atom_serial': '40', 'atom_name': 'C', 'residue': 'CYS', 'chain': 'A', 'num_residue': '6', 'x': '36.023', 'y': '25.740', 'z': '14.916', 'occupancy': '1.00', 'b-factor': '11.55', 'element': 'C'}, {'record': 'ATOM', 'atom_serial': '41', 'atom_name': 'O', 'residue': 'CYS', 'chain': 'A', 'num_residue': '6', 'x': '34.905', 'y': '25.643', 'z': '15.420', 'occupancy': '1.00', 'b-factor': '10.82', 'element': 'O'}, {'record': 'ATOM', 'atom_serial': '42', 'atom_name': 'CB', 'residue': 'CYS', 'chain': 'A', 'num_residue': '6', 'x': '37.565', 'y': '26.610', 'z': '16.659', 'occupancy': '1.00', 'b-factor': '11.02', 'element': 'C'}, {'record': 'ATOM', 'atom_serial': '43', 'atom_name': 'SG', 'residue': 'CYS', 'chain': 'A', 'num_residue': '6', 'x': '38.446', 'y': '26.023', 'z': '18.125', 'occupancy': '1.00', 'b-factor': '12.80', 'element': 'S'}, {'record': 'ATOM', 'atom_serial': '44', 'atom_name': 'N', 'residue': 'CYS', 'chain': 'A', 'num_residue': '7', 'x': '36.248', 'y': '26.079', 'z': '13.647', 'occupancy': '1.00', 'b-factor': '12.90', 'element': 'N'}, {'record': 'ATOM', 'atom_serial': '45', 'atom_name': 'CA', 'residue': 'ACYS', 'chain': 'A', 'num_residue': '7', 'x': '35.177', 'y': '26.394', 'z': '12.709', 'occupancy': '0.79', 'b-factor': '13.32', 'element': 'C'}, {'record': 'ATOM', 'atom_serial': '46', 'atom_name': 'CA', 'residue': 'BCYS', 'chain': 'A', 'num_residue': '7', 'x': '35.149', 'y': '26.379', 'z': '12.748', 'occupancy': '0.21', 'b-factor': '13.45', 'element': 'C'}, {'record': 'ATOM', 'atom_serial': '47', 'atom_name': 'C', 'residue': 'CYS', 'chain': 'A', 'num_residue': '7', 'x': '34.922', 'y': '25.248', 'z': '11.737', 'occupancy': '1.00', 'b-factor': '13.35', 'element': 'C'}, {'record': 'ATOM', 'atom_serial': '48', 'atom_name': 'O', 'residue': 'CYS', 'chain': 'A', 'num_residue': '7', 'x': '33.806', 'y': '24.738', 'z': '11.635', 'occupancy': '1.00', 'b-factor': '13.85', 'element': 'O'}, {'record': 'ATOM', 'atom_serial': '49', 'atom_name': 'CB', 'residue': 'ACYS', 'chain': 'A', 'num_residue': '7', 'x': '35.528', 'y': '27.677', 'z': '11.950', 'occupancy': '0.79', 'b-factor': '13.58', 'element': 'C'}, {'record': 'ATOM', 'atom_serial': '50', 'atom_name': 'CB', 'residue': 'BCYS', 'chain': 'A', 'num_residue': '7', 'x': '35.323', 'y': '27.775', 'z': '12.119', 'occupancy': '0.21', 'b-factor': '13.50', 'element': 'C'}, {'record': 'ATOM', 'atom_serial': '51', 'atom_name': 'SG', 'residue': 'ACYS', 'chain': 'A', 'num_residue': '7', 'x': '34.438', 'y': '28.090', 'z': '10.588', 'occupancy': '0.79', 'b-factor': '15.10', 'element': 'S'}, {'record': 'ATOM', 'atom_serial': '52', 'atom_name': 'SG', 'residue': 'BCYS', 'chain': 'A', 'num_residue': '7', 'x': '35.636', 'y': '27.919', 'z': '10.353', 'occupancy': '0.21', 'b-factor': '15.81', 'element': 'S'}, {'record': 'ATOM', 'atom_serial': '53', 'atom_name': 'N', 'residue': 'THR', 'chain': 'A', 'num_residue': '8', 'x': '35.978', 'y': '24.839', 'z': '11.030', 'occupancy': '1.00', 'b-factor': '13.82', 'element': 'N'}, {'record': 'ATOM', 'atom_serial': '54', 'atom_name': 'CA', 'residue': 'THR', 'chain': 'A', 'num_residue': '8', 'x': '35.839', 'y': '23.728', 'z': '10.080', 'occupancy': '1.00', 'b-factor': '15.67', 'element': 'C'}, {'record': 'ATOM', 'atom_serial': '55', 'atom_name': 'C', 'residue': 'THR', 'chain': 'A', 'num_residue': '8', 'x': '35.726', 'y': '22.378', 'z': '10.790', 'occupancy': '1.00', 'b-factor': '14.77', 'element': 'C'}, {'record': 'ATOM', 'atom_serial': '56', 'atom_name': 'O', 'residue': 'THR', 'chain': 'A', 'num_residue': '8', 'x': '35.218', 'y': '21.421', 'z': '10.221', 'occupancy': '1.00', 'b-factor': '16.48', 'element': 'O'}, {'record': 'ATOM', 'atom_serial': '57', 'atom_name': 'CB', 'residue': 'THR', 'chain': 'A', 'num_residue': '8', 'x': '36.974', 'y': '23.676', 'z': '9.042', 'occupancy': '1.00', 'b-factor': '15.66', 'element': 'C'}, {'record': 'ATOM', 'atom_serial': '58', 'atom_name': 'OG1', 'residue': 'THR', 'chain': 'A', 'num_residue': '8', 'x': '38.232', 'y': '23.547', 'z': '9.701', 'occupancy': '1.00', 'b-factor': '22.83', 'element': 'O'}, {'record': 'ATOM', 'atom_serial': '59', 'atom_name': 'CG2', 'residue': 'THR', 'chain': 'A', 'num_residue': '8', 'x': '36.975', 'y': '24.917', 'z': '8.173', 'occupancy': '1.00', 'b-factor': '20.32', 'element': 'C'}, {'record': 'ATOM', 'atom_serial': '60', 'atom_name': 'N', 'residue': 'SER', 'chain': 'A', 'num_residue': '9', 'x': '36.207', 'y': '22.312', 'z': '12.029', 'occupancy': '1.00', 'b-factor': '13.60', 'element': 'N'}, {'record': 'ATOM', 'atom_serial': '61', 'atom_name': 'CA', 'residue': 'SER', 'chain': 'A', 'num_residue': '9', 'x': '36.019', 'y': '21.140', 'z': '12.882', 'occupancy': '1.00', 'b-factor': '12.98', 'element': 'C'}, {'record': 'ATOM', 'atom_serial': '62', 'atom_name': 'C', 'residue': 'SER', 'chain': 'A', 'num_residue': '9', 'x': '35.531', 'y': '21.600', 'z': '14.247', 'occupancy': '1.00', 'b-factor': '12.38', 'element': 'C'}, {'record': 'ATOM', 'atom_serial': '63', 'atom_name': 'O', 'residue': 'SER', 'chain': 'A', 'num_residue': '9', 'x': '35.458', 'y': '22.796', 'z': '14.496', 'occupancy': '1.00', 'b-factor': '11.87', 'element': 'O'}, {'record': 'ATOM', 'atom_serial': '64', 'atom_name': 'CB', 'residue': 'SER', 'chain': 'A', 'num_residue': '9', 'x': '37.321', 'y': '20.353', 'z': '13.007', 'occupancy': '1.00', 'b-factor': '14.17', 'element': 'C'}, {'record': 'ATOM', 'atom_serial': '65', 'atom_name': 'OG', 'residue': 'SER', 'chain': 'A', 'num_residue': '9', 'x': '38.298', 'y': '21.113', 'z': '13.661', 'occupancy': '1.00', 'b-factor': '16.93', 'element': 'O'}, {'record': 'ATOM', 'atom_serial': '66', 'atom_name': 'N', 'residue': 'ILE', 'chain': 'A', 'num_residue': '10', 'x': '35.209', 'y': '20.658', 'z': '15.123', 'occupancy': '1.00', 'b-factor': '11.87', 'element': 'N'}, {'record': 'ATOM', 'atom_serial': '67', 'atom_name': 'CA', 'residue': 'ILE', 'chain': 'A', 'num_residue': '10', 'x': '34.637', 'y': '20.971', 'z': '16.424', 'occupancy': '1.00', 'b-factor': '12.61', 'element': 'C'}, {'record': 'ATOM', 'atom_serial': '68', 'atom_name': 'C', 'residue': 'ILE', 'chain': 'A', 'num_residue': '10', 'x': '35.711', 'y': '21.556', 'z': '17.345', 'occupancy': '1.00', 'b-factor': '11.82', 'element': 'C'}, {'record': 'ATOM', 'atom_serial': '69', 'atom_name': 'O', 'residue': 'ILE', 'chain': 'A', 'num_residue': '10', 'x': '36.799', 'y': '20.995', 'z': '17.507', 'occupancy': '1.00', 'b-factor': '11.75', 'element': 'O'}, {'record': 'ATOM', 'atom_serial': '70', 'atom_name': 'CB', 'residue': 'ILE', 'chain': 'A', 'num_residue': '10', 'x': '33.984', 'y': '19.726', 'z': '17.058', 'occupancy': '1.00', 'b-factor': '12.64', 'element': 'C'}, {'record': 'ATOM', 'atom_serial': '71', 'atom_name': 'CG1', 'residue': 'ILE', 'chain': 'A', 'num_residue': '10', 'x': '32.832', 'y': '19.213', 'z': '16.182', 'occupancy': '1.00', 'b-factor': '13.29', 'element': 'C'}, {'record': 'ATOM', 'atom_serial': '72', 'atom_name': 'CG2', 'residue': 'ILE', 'chain': 'A', 'num_residue': '10', 'x': '33.454', 'y': '20.041', 'z': '18.451', 'occupancy': '1.00', 'b-factor': '13.38', 'element': 'C'}, {'record': 'ATOM', 'atom_serial': '73', 'atom_name': 'CD1', 'residue': 'ILE', 'chain': 'A', 'num_residue': '10', 'x': '32.262', 'y': '17.880', 'z': '16.613', 'occupancy': '1.00', 'b-factor': '16.80', 'element': 'C'}, {'record': 'ATOM', 'atom_serial': '74', 'atom_name': 'N', 'residue': 'CYS', 'chain': 'A', 'num_residue': '11', 'x': '35.392', 'y': '22.710', 'z': '17.930', 'occupancy': '1.00', 'b-factor': '11.80', 'element': 'N'}, {'record': 'ATOM', 'atom_serial': '75', 'atom_name': 'CA', 'residue': 'CYS', 'chain': 'A', 'num_residue': '11', 'x': '36.292', 'y': '23.386', 'z': '18.837', 'occupancy': '1.00', 'b-factor': '12.19', 'element': 'C'}, {'record': 'ATOM', 'atom_serial': '76', 'atom_name': 'C', 'residue': 'CYS', 'chain': 'A', 'num_residue': '11', 'x': '36.421', 'y': '22.639', 'z': '20.175', 'occupancy': '1.00', 'b-factor': '12.46', 'element': 'C'}, {'record': 'ATOM', 'atom_serial': '77', 'atom_name': 'O', 'residue': 'CYS', 'chain': 'A', 'num_residue': '11', 'x': '35.697', 'y': '21.666', 'z': '20.422', 'occupancy': '1.00', 'b-factor': '12.79', 'element': 'O'}, {'record': 'ATOM', 'atom_serial': '78', 'atom_name': 'CB', 'residue': 'CYS', 'chain': 'A', 'num_residue': '11', 'x': '35.776', 'y': '24.815', 'z': '19.038', 'occupancy': '1.00', 'b-factor': '12.29', 'element': 'C'}, {'record': 'ATOM', 'atom_serial': '79', 'atom_name': 'SG', 'residue': 'CYS', 'chain': 'A', 'num_residue': '11', 'x': '36.999', 'y': '26.021', 'z': '19.591', 'occupancy': '1.00', 'b-factor': '13.08', 'element': 'S'}, {'record': 'ATOM', 'atom_serial': '80', 'atom_name': 'N', 'residue': 'SER', 'chain': 'A', 'num_residue': '12', 'x': '37.366', 'y': '23.086', 'z': '21.005', 'occupancy': '1.00', 'b-factor': '12.91', 'element': 'N'}, {'record': 'ATOM', 'atom_serial': '81', 'atom_name': 'CA', 'residue': 'SER', 'chain': 'A', 'num_residue': '12', 'x': '37.544', 'y': '22.547', 'z': '22.361', 'occupancy': '1.00', 'b-factor': '13.55', 'element': 'C'}, {'record': 'ATOM', 'atom_serial': '82', 'atom_name': 'C', 'residue': 'SER', 'chain': 'A', 'num_residue': '12', 'x': '38.044', 'y': '23.660', 'z': '23.269', 'occupancy': '1.00', 'b-factor': '12.66', 'element': 'C'}, {'record': 'ATOM', 'atom_serial': '83', 'atom_name': 'O', 'residue': 'SER', 'chain': 'A', 'num_residue': '12', 'x': '38.685', 'y': '24.611', 'z': '22.809', 'occupancy': '1.00', 'b-factor': '12.59', 'element': 'O'}, {'record': 'ATOM', 'atom_serial': '84', 'atom_name': 'CB', 'residue': 'SER', 'chain': 'A', 'num_residue': '12', 'x': '38.539', 'y': '21.378', 'z': '22.370', 'occupancy': '1.00', 'b-factor': '13.30', 'element': 'C'}, {'record': 'ATOM', 'atom_serial': '85', 'atom_name': 'OG', 'residue': 'SER', 'chain': 'A', 'num_residue': '12', 'x': '39.886', 'y': '21.781', 'z': '22.184', 'occupancy': '1.00', 'b-factor': '16.19', 'element': 'O'}, {'record': 'ATOM', 'atom_serial': '86', 'atom_name': 'N', 'residue': 'LEU', 'chain': 'A', 'num_residue': '13', 'x': '37.786', 'y': '23.522', 'z': '24.564', 'occupancy': '1.00', 'b-factor': '12.20', 'element': 'N'}, {'record': 'ATOM', 'atom_serial': '87', 'atom_name': 'CA', 'residue': 'LEU', 'chain': 'A', 'num_residue': '13', 'x': '38.269', 'y': '24.518', 'z': '25.522', 'occupancy': '1.00', 'b-factor': '11.15', 'element': 'C'}, {'record': 'ATOM', 'atom_serial': '88', 'atom_name': 'C', 'residue': 'LEU', 'chain': 'A', 'num_residue': '13', 'x': '39.786', 'y': '24.514', 'z': '25.536', 'occupancy': '1.00', 'b-factor': '11.71', 'element': 'C'}, {'record': 'ATOM', 'atom_serial': '89', 'atom_name': 'O', 'residue': 'LEU', 'chain': 'A', 'num_residue': '13', 'x': '40.451', 'y': '25.559', 'z': '25.617', 'occupancy': '1.00', 'b-factor': '11.74', 'element': 'O'}, {'record': 'ATOM', 'atom_serial': '90', 'atom_name': 'CB', 'residue': 'LEU', 'chain': 'A', 'num_residue': '13', 'x': '37.714', 'y': '24.230', 'z': '26.918', 'occupancy': '1.00', 'b-factor': '10.46', 'element': 'C'}, {'record': 'ATOM', 'atom_serial': '91', 'atom_name': 'CG', 'residue': 'LEU', 'chain': 'A', 'num_residue': '13', 'x': '38.186', 'y': '25.176', 'z': '28.032', 'occupancy': '1.00', 'b-factor': '8.71', 'element': 'C'}, {'record': 'ATOM', 'atom_serial': '92', 'atom_name': 'CD1', 'residue': 'LEU', 'chain': 'A', 'num_residue': '13', 'x': '37.829', 'y': '26.620', 'z': '27.694', 'occupancy': '1.00', 'b-factor': '9.64', 'element': 'C'}, {'record': 'ATOM', 'atom_serial': '93', 'atom_name': 'CD2', 'residue': 'LEU', 'chain': 'A', 'num_residue': '13', 'x': '37.600', 'y': '24.760', 'z': '29.359', 'occupancy': '1.00', 'b-factor': '9.98', 'element': 'C'}, {'record': 'ATOM', 'atom_serial': '94', 'atom_name': 'N', 'residue': 'TYR', 'chain': 'A', 'num_residue': '14', 'x': '40.347', 'y': '23.314', 'z': '25.448', 'occupancy': '1.00', 'b-factor': '12.72', 'element': 'N'}, {'record': 'ATOM', 'atom_serial': '95', 'atom_name': 'CA', 'residue': 'TYR', 'chain': 'A', 'num_residue': '14', 'x': '41.761', 'y': '23.149', 'z': '25.398', 'occupancy': '1.00', 'b-factor': '13.90', 'element': 'C'}, {'record': 'ATOM', 'atom_serial': '96', 'atom_name': 'C', 'residue': 'TYR', 'chain': 'A', 'num_residue': '14', 'x': '42.402', 'y': '24.035', 'z': '24.315', 'occupancy': '1.00', 'b-factor': '14.14', 'element': 'C'}, {'record': 'ATOM', 'atom_serial': '97', 'atom_name': 'O', 'residue': 'TYR', 'chain': 'A', 'num_residue': '14', 'x': '43.387', 'y': '24.731', 'z': '24.560', 'occupancy': '1.00', 'b-factor': '14.59', 'element': 'O'}, {'record': 'ATOM', 'atom_serial': '98', 'atom_name': 'CB', 'residue': 'TYR', 'chain': 'A', 'num_residue': '14', 'x': '42.057', 'y': '21.672', 'z': '25.143', 'occupancy': '1.00', 'b-factor': '15.45', 'element': 'C'}, {'record': 'ATOM', 'atom_serial': '99', 'atom_name': 'CG', 'residue': 'TYR', 'chain': 'A', 'num_residue': '14', 'x': '43.515', 'y': '21.398', 'z': '25.202', 'occupancy': '1.00', 'b-factor': '16.18', 'element': 'C'}, {'record': 'ATOM', 'atom_serial': '100', 'atom_name': 'CD1', 'residue': 'TYR', 'chain': 'A', 'num_residue': '14', 'x': '44.086', 'y': '20.852', 'z': '26.350', 'occupancy': '1.00', 'b-factor': '17.33', 'element': 'C'}, {'record': 'ATOM', 'atom_serial': '101', 'atom_name': 'CD2', 'residue': 'TYR', 'chain': 'A', 'num_residue': '14', 'x': '44.349', 'y': '21.744', 'z': '24.132', 'occupancy': '1.00', 'b-factor': '16.59', 'element': 'C'}, {'record': 'ATOM', 'atom_serial': '102', 'atom_name': 'CE1', 'residue': 'TYR', 'chain': 'A', 'num_residue': '14', 'x': '45.441', 'y': '20.629', 'z': '26.414', 'occupancy': '1.00', 'b-factor': '17.09', 'element': 'C'}, {'record': 'ATOM', 'atom_serial': '103', 'atom_name': 'CE2', 'residue': 'TYR', 'chain': 'A', 'num_residue': '14', 'x': '45.695', 'y': '21.529', 'z': '24.185', 'occupancy': '1.00', 'b-factor': '18.99', 'element': 'C'}, {'record': 'ATOM', 'atom_serial': '104', 'atom_name': 'CZ', 'residue': 'TYR', 'chain': 'A', 'num_residue': '14', 'x': '46.239', 'y': '20.965', 'z': '25.330', 'occupancy': '1.00', 'b-factor': '17.31', 'element': 'C'}, {'record': 'ATOM', 'atom_serial': '105', 'atom_name': 'OH', 'residue': 'TYR', 'chain': 'A', 'num_residue': '14', 'x': '47.579', 'y': '20.736', 'z': '25.378', 'occupancy': '1.00', 'b-factor': '19.56', 'element': 'O'}, {'record': 'ATOM', 'atom_serial': '106', 'atom_name': 'N', 'residue': 'GLN', 'chain': 'A', 'num_residue': '15', 'x': '41.828', 'y': '23.984', 'z': '23.114', 'occupancy': '1.00', 'b-factor': '14.20', 'element': 'N'}, {'record': 'ATOM', 'atom_serial': '107', 'atom_name': 'CA', 'residue': 'GLN', 'chain': 'A', 'num_residue': '15', 'x': '42.358', 'y': '24.742', 'z': '21.989', 'occupancy': '1.00', 'b-factor': '14.86', 'element': 'C'}, {'record': 'ATOM', 'atom_serial': '108', 'atom_name': 'C', 'residue': 'GLN', 'chain': 'A', 'num_residue': '15', 'x': '42.039', 'y': '26.241', 'z': '22.070', 'occupancy': '1.00', 'b-factor': '13.14', 'element': 'C'}, {'record': 'ATOM', 'atom_serial': '109', 'atom_name': 'O', 'residue': 'GLN', 'chain': 'A', 'num_residue': '15', 'x': '42.901', 'y': '27.067', 'z': '21.790', 'occupancy': '1.00', 'b-factor': '14.15', 'element': 'O'}, {'record': 'ATOM', 'atom_serial': '110', 'atom_name': 'CB', 'residue': 'GLN', 'chain': 'A', 'num_residue': '15', 'x': '41.892', 'y': '24.133', 'z': '20.664', 'occupancy': '1.00', 'b-factor': '15.19', 'element': 'C'}, {'record': 'ATOM', 'atom_serial': '111', 'atom_name': 'CG', 'residue': 'GLN', 'chain': 'A', 'num_residue': '15', 'x': '42.659', 'y': '22.852', 'z': '20.292', 'occupancy': '1.00', 'b-factor': '17.00', 'element': 'C'}, {'record': 'ATOM', 'atom_serial': '112', 'atom_name': 'CD', 'residue': 'GLN', 'chain': 'A', 'num_residue': '15', 'x': '42.309', 'y': '22.341', 'z': '18.909', 'occupancy': '1.00', 'b-factor': '17.73', 'element': 'C'}, {'record': 'ATOM', 'atom_serial': '113', 'atom_name': 'OE1', 'residue': 'GLN', 'chain': 'A', 'num_residue': '15', 'x': '43.056', 'y': '22.564', 'z': '17.953', 'occupancy': '1.00', 'b-factor': '21.08', 'element': 'O'}, {'record': 'ATOM', 'atom_serial': '114', 'atom_name': 'NE2', 'residue': 'GLN', 'chain': 'A', 'num_residue': '15', 'x': '41.163', 'y': '21.677', 'z': '18.789', 'occupancy': '1.00', 'b-factor': '19.22', 'element': 'N'}, {'record': 'ATOM', 'atom_serial': '115', 'atom_name': 'N', 'residue': 'LEU', 'chain': 'A', 'num_residue': '16', 'x': '40.823', 'y': '26.589', 'z': '22.485', 'occupancy': '1.00', 'b-factor': '12.54', 'element': 'N'}, {'record': 'ATOM', 'atom_serial': '116', 'atom_name': 'CA', 'residue': 'LEU', 'chain': 'A', 'num_residue': '16', 'x': '40.487', 'y': '28.004', 'z': '22.684', 'occupancy': '1.00', 'b-factor': '11.74', 'element': 'C'}, {'record': 'ATOM', 'atom_serial': '117', 'atom_name': 'C', 'residue': 'LEU', 'chain': 'A', 'num_residue': '16', 'x': '41.439', 'y': '28.703', 'z': '23.635', 'occupancy': '1.00', 'b-factor': '11.24', 'element': 'C'}, {'record': 'ATOM', 'atom_serial': '118', 'atom_name': 'O', 'residue': 'LEU', 'chain': 'A', 'num_residue': '16', 'x': '41.863', 'y': '29.811', 'z': '23.368', 'occupancy': '1.00', 'b-factor': '10.25', 'element': 'O'}, {'record': 'ATOM', 'atom_serial': '119', 'atom_name': 'CB', 'residue': 'LEU', 'chain': 'A', 'num_residue': '16', 'x': '39.061', 'y': '28.188', 'z': '23.203', 'occupancy': '1.00', 'b-factor': '12.68', 'element': 'C'}, {'record': 'ATOM', 'atom_serial': '120', 'atom_name': 'CG', 'residue': 'LEU', 'chain': 'A', 'num_residue': '16', 'x': '37.939', 'y': '28.097', 'z': '22.185', 'occupancy': '1.00', 'b-factor': '13.49', 'element': 'C'}, {'record': 'ATOM', 'atom_serial': '121', 'atom_name': 'CD1', 'residue': 'LEU', 'chain': 'A', 'num_residue': '16', 'x': '36.599', 'y': '28.094', 'z': '22.881', 'occupancy': '1.00', 'b-factor': '14.53', 'element': 'C'}, {'record': 'ATOM', 'atom_serial': '122', 'atom_name': 'CD2', 'residue': 'LEU', 'chain': 'A', 'num_residue': '16', 'x': '38.002', 'y': '29.208', 'z': '21.123', 'occupancy': '1.00', 'b-factor': '12.90', 'element': 'C'}, {'record': 'ATOM', 'atom_serial': '123', 'atom_name': 'N', 'residue': 'GLU', 'chain': 'A', 'num_residue': '17', 'x': '41.775', 'y': '28.058', 'z': '24.758', 'occupancy': '1.00', 'b-factor': '10.30', 'element': 'N'}, {'record': 'ATOM', 'atom_serial': '124', 'atom_name': 'CA', 'residue': 'GLU', 'chain': 'A', 'num_residue': '17', 'x': '42.653', 'y': '28.682', 'z': '25.746', 'occupancy': '1.00', 'b-factor': '10.81', 'element': 'C'}, {'record': 'ATOM', 'atom_serial': '125', 'atom_name': 'C', 'residue': 'GLU', 'chain': 'A', 'num_residue': '17', 'x': '44.060', 'y': '28.975', 'z': '25.224', 'occupancy': '1.00', 'b-factor': '11.24', 'element': 'C'}, {'record': 'ATOM', 'atom_serial': '126', 'atom_name': 'O', 'residue': 'GLU', 'chain': 'A', 'num_residue': '17', 'x': '44.734', 'y': '29.873', 'z': '25.738', 'occupancy': '1.00', 'b-factor': '13.10', 'element': 'O'}, {'record': 'ATOM', 'atom_serial': '127', 'atom_name': 'CB', 'residue': 'GLU', 'chain': 'A', 'num_residue': '17', 'x': '42.711', 'y': '27.870', 'z': '27.052', 'occupancy': '1.00', 'b-factor': '10.64', 'element': 'C'}, {'record': 'ATOM', 'atom_serial': '128', 'atom_name': 'CG', 'residue': 'GLU', 'chain': 'A', 'num_residue': '17', 'x': '41.436', 'y': '28.019', 'z': '27.850', 'occupancy': '1.00', 'b-factor': '10.67', 'element': 'C'}, {'record': 'ATOM', 'atom_serial': '129', 'atom_name': 'CD', 'residue': 'GLU', 'chain': 'A', 'num_residue': '17', 'x': '41.584', 'y': '27.691', 'z': '29.326', 'occupancy': '1.00', 'b-factor': '12.36', 'element': 'C'}, {'record': 'ATOM', 'atom_serial': '130', 'atom_name': 'OE1', 'residue': 'GLU', 'chain': 'A', 'num_residue': '17', 'x': '40.906', 'y': '28.332', 'z': '30.148', 'occupancy': '1.00', 'b-factor': '13.69', 'element': 'O'}, {'record': 'ATOM', 'atom_serial': '131', 'atom_name': 'OE2', 'residue': 'GLU', 'chain': 'A', 'num_residue': '17', 'x': '42.364', 'y': '26.790', 'z': '29.665', 'occupancy': '1.00', 'b-factor': '13.10', 'element': 'O'}, {'record': 'ATOM', 'atom_serial': '132', 'atom_name': 'N', 'residue': 'ASN', 'chain': 'A', 'num_residue': '18', 'x': '44.474', 'y': '28.252', 'z': '24.193', 'occupancy': '1.00', 'b-factor': '12.19', 'element': 'N'}, {'record': 'ATOM', 'atom_serial': '133', 'atom_name': 'CA', 'residue': 'ASN', 'chain': 'A', 'num_residue': '18', 'x': '45.760', 'y': '28.546', 'z': '23.564', 'occupancy': '1.00', 'b-factor': '13.33', 'element': 'C'}, {'record': 'ATOM', 'atom_serial': '134', 'atom_name': 'C', 'residue': 'ASN', 'chain': 'A', 'num_residue': '18', 'x': '45.816', 'y': '29.888', 'z': '22.854', 'occupancy': '1.00', 'b-factor': '13.55', 'element': 'C'}, {'record': 'ATOM', 'atom_serial': '135', 'atom_name': 'O', 'residue': 'ASN', 'chain': 'A', 'num_residue': '18', 'x': '46.895', 'y': '30.347', 'z': '22.481', 'occupancy': '1.00', 'b-factor': '14.85', 'element': 'O'}, {'record': 'ATOM', 'atom_serial': '136', 'atom_name': 'CB', 'residue': 'ASN', 'chain': 'A', 'num_residue': '18', 'x': '46.169', 'y': '27.436', 'z': '22.608', 'occupancy': '1.00', 'b-factor': '13.71', 'element': 'C'}, {'record': 'ATOM', 'atom_serial': '137', 'atom_name': 'CG', 'residue': 'ASN', 'chain': 'A', 'num_residue': '18', 'x': '46.679', 'y': '26.202', 'z': '23.334', 'occupancy': '1.00', 'b-factor': '16.01', 'element': 'C'}, {'record': 'ATOM', 'atom_serial': '138', 'atom_name': 'OD1', 'residue': 'ASN', 'chain': 'A', 'num_residue': '18', 'x': '46.580', 'y': '25.066', 'z': '22.676', 'occupancy': '1.00', 'b-factor': '20.08', 'element': 'O'}, {'record': 'ATOM', 'atom_serial': '139', 'atom_name': 'ND2', 'residue': 'ASN', 'chain': 'A', 'num_residue': '18', 'x': '47.155', 'y': '26.282', 'z': '24.474', 'occupancy': '1.00', 'b-factor': '18.53', 'element': 'N'}, {'record': 'ATOM', 'atom_serial': '140', 'atom_name': 'N', 'residue': 'TYR', 'chain': 'A', 'num_residue': '19', 'x': '44.656', 'y': '30.519', 'z': '22.682', 'occupancy': '1.00', 'b-factor': '13.03', 'element': 'N'}, {'record': 'ATOM', 'atom_serial': '141', 'atom_name': 'CA', 'residue': 'TYR', 'chain': 'A', 'num_residue': '19', 'x': '44.586', 'y': '31.828', 'z': '22.052', 'occupancy': '1.00', 'b-factor': '13.84', 'element': 'C'}, {'record': 'ATOM', 'atom_serial': '142', 'atom_name': 'C', 'residue': 'TYR', 'chain': 'A', 'num_residue': '19', 'x': '44.319', 'y': '32.945', 'z': '23.062', 'occupancy': '1.00', 'b-factor': '14.29', 'element': 'C'}, {'record': 'ATOM', 'atom_serial': '143', 'atom_name': 'O', 'residue': 'TYR', 'chain': 'A', 'num_residue': '19', 'x': '44.260', 'y': '34.105', 'z': '22.680', 'occupancy': '1.00', 'b-factor': '14.60', 'element': 'O'}, {'record': 'ATOM', 'atom_serial': '144', 'atom_name': 'CB', 'residue': 'TYR', 'chain': 'A', 'num_residue': '19', 'x': '43.551', 'y': '31.812', 'z': '20.923', 'occupancy': '1.00', 'b-factor': '13.63', 'element': 'C'}, {'record': 'ATOM', 'atom_serial': '145', 'atom_name': 'CG', 'residue': 'TYR', 'chain': 'A', 'num_residue': '19', 'x': '43.941', 'y': '30.853', 'z': '19.831', 'occupancy': '1.00', 'b-factor': '15.20', 'element': 'C'}, {'record': 'ATOM', 'atom_serial': '146', 'atom_name': 'CD1', 'residue': 'TYR', 'chain': 'A', 'num_residue': '19', 'x': '43.392', 'y': '29.574', 'z': '19.772', 'occupancy': '1.00', 'b-factor': '15.41', 'element': 'C'}, {'record': 'ATOM', 'atom_serial': '147', 'atom_name': 'CD2', 'residue': 'TYR', 'chain': 'A', 'num_residue': '19', 'x': '44.914', 'y': '31.203', 'z': '18.894', 'occupancy': '1.00', 'b-factor': '15.92', 'element': 'C'}, {'record': 'ATOM', 'atom_serial': '148', 'atom_name': 'CE1', 'residue': 'TYR', 'chain': 'A', 'num_residue': '19', 'x': '43.778', 'y': '28.676', 'z': '18.789', 'occupancy': '1.00', 'b-factor': '16.11', 'element': 'C'}, {'record': 'ATOM', 'atom_serial': '149', 'atom_name': 'CE2', 'residue': 'TYR', 'chain': 'A', 'num_residue': '19', 'x': '45.301', 'y': '30.319', 'z': '17.915', 'occupancy': '1.00', 'b-factor': '16.66', 'element': 'C'}, {'record': 'ATOM', 'atom_serial': '150', 'atom_name': 'CZ', 'residue': 'TYR', 'chain': 'A', 'num_residue': '19', 'x': '44.732', 'y': '29.066', 'z': '17.863', 'occupancy': '1.00', 'b-factor': '16.10', 'element': 'C'}, {'record': 'ATOM', 'atom_serial': '151', 'atom_name': 'OH', 'residue': 'TYR', 'chain': 'A', 'num_residue': '19', 'x': '45.127', 'y': '28.194', 'z': '16.871', 'occupancy': '1.00', 'b-factor': '20.67', 'element': 'O'}, {'record': 'ATOM', 'atom_serial': '152', 'atom_name': 'N', 'residue': 'CYS', 'chain': 'A', 'num_residue': '20', 'x': '44.164', 'y': '32.615', 'z': '24.344', 'occupancy': '1.00', 'b-factor': '14.53', 'element': 'N'}, {'record': 'ATOM', 'atom_serial': '153', 'atom_name': 'CA', 'residue': 'CYS', 'chain': 'A', 'num_residue': '20', 'x': '44.122', 'y': '33.650', 'z': '25.387', 'occupancy': '1.00', 'b-factor': '15.72', 'element': 'C'}, {'record': 'ATOM', 'atom_serial': '154', 'atom_name': 'C', 'residue': 'CYS', 'chain': 'A', 'num_residue': '20', 'x': '45.515', 'y': '34.223', 'z': '25.583', 'occupancy': '1.00', 'b-factor': '17.36', 'element': 'C'}, {'record': 'ATOM', 'atom_serial': '155', 'atom_name': 'O', 'residue': 'CYS', 'chain': 'A', 'num_residue': '20', 'x': '46.503', 'y': '33.519', 'z': '25.401', 'occupancy': '1.00', 'b-factor': '18.12', 'element': 'O'}, {'record': 'ATOM', 'atom_serial': '156', 'atom_name': 'CB', 'residue': 'CYS', 'chain': 'A', 'num_residue': '20', 'x': '43.649', 'y': '33.103', 'z': '26.723', 'occupancy': '1.00', 'b-factor': '16.15', 'element': 'C'}, {'record': 'ATOM', 'atom_serial': '157', 'atom_name': 'SG', 'residue': 'CYS', 'chain': 'A', 'num_residue': '20', 'x': '42.063', 'y': '32.287', 'z': '26.729', 'occupancy': '1.00', 'b-factor': '14.53', 'element': 'S'}, {'record': 'ATOM', 'atom_serial': '158', 'atom_name': 'N', 'residue': 'ASN', 'chain': 'A', 'num_residue': '21', 'x': '45.596', 'y': '35.500', 'z': '25.947', 'occupancy': '1.00', 'b-factor': '18.37', 'element': 'N'}, {'record': 'ATOM', 'atom_serial': '159', 'atom_name': 'CA', 'residue': 'ASN', 'chain': 'A', 'num_residue': '21', 'x': '46.888', 'y': '36.103', 'z': '26.292', 'occupancy': '1.00', 'b-factor': '19.72', 'element': 'C'}, {'record': 'ATOM', 'atom_serial': '160', 'atom_name': 'C', 'residue': 'ASN', 'chain': 'A', 'num_residue': '21', 'x': '47.401', 'y': '35.559', 'z': '27.629', 'occupancy': '1.00', 'b-factor': '20.17', 'element': 'C'}, {'record': 'ATOM', 'atom_serial': '161', 'atom_name': 'O', 'residue': 'ASN', 'chain': 'A', 'num_residue': '21', 'x': '46.616', 'y': '35.117', 'z': '28.475', 'occupancy': '1.00', 'b-factor': '21.28', 'element': 'O'}, {'record': 'ATOM', 'atom_serial': '162', 'atom_name': 'CB', 'residue': 'ASN', 'chain': 'A', 'num_residue': '21', 'x': '46.783', 'y': '37.624', 'z': '26.360', 'occupancy': '1.00', 'b-factor': '20.27', 'element': 'C'}, {'record': 'ATOM', 'atom_serial': '163', 'atom_name': 'CG', 'residue': 'ASN', 'chain': 'A', 'num_residue': '21', 'x': '46.401', 'y': '38.253', 'z': '25.036', 'occupancy': '1.00', 'b-factor': '20.92', 'element': 'C'}, {'record': 'ATOM', 'atom_serial': '164', 'atom_name': 'OD1', 'residue': 'ASN', 'chain': 'A', 'num_residue': '21', 'x': '46.919', 'y': '37.888', 'z': '23.977', 'occupancy': '1.00', 'b-factor': '22.17', 'element': 'O'}, {'record': 'ATOM', 'atom_serial': '165', 'atom_name': 'ND2', 'residue': 'ASN', 'chain': 'A', 'num_residue': '21', 'x': '45.497', 'y': '39.227', 'z': '25.092', 'occupancy': '1.00', 'b-factor': '21.10', 'element': 'N'}, {'record': 'ATOM', 'atom_serial': '167', 'atom_name': 'N', 'residue': 'PHE', 'chain': 'B', 'num_residue': '1', 'x': '29.102', 'y': '25.761', 'z': '25.495', 'occupancy': '1.00', 'b-factor': '19.24', 'element': 'N'}, {'record': 'ATOM', 'atom_serial': '168', 'atom_name': 'CA', 'residue': 'PHE', 'chain': 'B', 'num_residue': '1', 'x': '29.156', 'y': '26.636', 'z': '24.296', 'occupancy': '1.00', 'b-factor': '19.05', 'element': 'C'}, {'record': 'ATOM', 'atom_serial': '169', 'atom_name': 'C', 'residue': 'PHE', 'chain': 'B', 'num_residue': '1', 'x': '30.433', 'y': '26.412', 'z': '23.483', 'occupancy': '1.00', 'b-factor': '18.23', 'element': 'C'}, {'record': 'ATOM', 'atom_serial': '170', 'atom_name': 'O', 'residue': 'PHE', 'chain': 'B', 'num_residue': '1', 'x': '30.503', 'y': '26.835', 'z': '22.329', 'occupancy': '1.00', 'b-factor': '19.35', 'element': 'O'}, {'record': 'ATOM', 'atom_serial': '171', 'atom_name': 'CB', 'residue': 'PHE', 'chain': 'B', 'num_residue': '1', 'x': '29.003', 'y': '28.118', 'z': '24.687', 'occupancy': '1.00', 'b-factor': '19.54', 'element': 'C'}, {'record': 'ATOM', 'atom_serial': '172', 'atom_name': 'CG', 'residue': 'PHE', 'chain': 'B', 'num_residue': '1', 'x': '30.061', 'y': '28.625', 'z': '25.643', 'occupancy': '1.00', 'b-factor': '20.06', 'element': 'C'}, {'record': 'ATOM', 'atom_serial': '173', 'atom_name': 'CD1', 'residue': 'PHE', 'chain': 'B', 'num_residue': '1', 'x': '31.094', 'y': '29.437', 'z': '25.182', 'occupancy': '1.00', 'b-factor': '21.86', 'element': 'C'}, {'record': 'ATOM', 'atom_serial': '174', 'atom_name': 'CD2', 'residue': 'PHE', 'chain': 'B', 'num_residue': '1', 'x': '30.011', 'y': '28.315', 'z': '27.002', 'occupancy': '1.00', 'b-factor': '21.66', 'element': 'C'}, {'record': 'ATOM', 'atom_serial': '175', 'atom_name': 'CE1', 'residue': 'PHE', 'chain': 'B', 'num_residue': '1', 'x': '32.061', 'y': '29.923', 'z': '26.055', 'occupancy': '1.00', 'b-factor': '20.87', 'element': 'C'}, {'record': 'ATOM', 'atom_serial': '176', 'atom_name': 'CE2', 'residue': 'PHE', 'chain': 'B', 'num_residue': '1', 'x': '30.981', 'y': '28.798', 'z': '27.885', 'occupancy': '1.00', 'b-factor': '21.56', 'element': 'C'}, {'record': 'ATOM', 'atom_serial': '177', 'atom_name': 'CZ', 'residue': 'PHE', 'chain': 'B', 'num_residue': '1', 'x': '32.009', 'y': '29.596', 'z': '27.408', 'occupancy': '1.00', 'b-factor': '20.52', 'element': 'C'}, {'record': 'ATOM', 'atom_serial': '178', 'atom_name': 'N', 'residue': 'VAL', 'chain': 'B', 'num_residue': '2', 'x': '31.438', 'y': '25.763', 'z': '24.070', 'occupancy': '1.00', 'b-factor': '17.03', 'element': 'N'}, {'record': 'ATOM', 'atom_serial': '179', 'atom_name': 'CA', 'residue': 'VAL', 'chain': 'B', 'num_residue': '2', 'x': '32.734', 'y': '25.636', 'z': '23.374', 'occupancy': '1.00', 'b-factor': '16.19', 'element': 'C'}, {'record': 'ATOM', 'atom_serial': '180', 'atom_name': 'C', 'residue': 'VAL', 'chain': 'B', 'num_residue': '2', 'x': '32.902', 'y': '24.392', 'z': '22.506', 'occupancy': '1.00', 'b-factor': '15.63', 'element': 'C'}, {'record': 'ATOM', 'atom_serial': '181', 'atom_name': 'O', 'residue': 'VAL', 'chain': 'B', 'num_residue': '2', 'x': '33.691', 'y': '24.393', 'z': '21.571', 'occupancy': '1.00', 'b-factor': '14.89', 'element': 'O'}, {'record': 'ATOM', 'atom_serial': '182', 'atom_name': 'CB', 'residue': 'VAL', 'chain': 'B', 'num_residue': '2', 'x': '33.970', 'y': '25.756', 'z': '24.316', 'occupancy': '1.00', 'b-factor': '16.69', 'element': 'C'}, {'record': 'ATOM', 'atom_serial': '183', 'atom_name': 'CG1', 'residue': 'VAL', 'chain': 'B', 'num_residue': '2', 'x': '33.976', 'y': '27.090', 'z': '25.026', 'occupancy': '1.00', 'b-factor': '16.54', 'element': 'C'}, {'record': 'ATOM', 'atom_serial': '184', 'atom_name': 'CG2', 'residue': 'VAL', 'chain': 'B', 'num_residue': '2', 'x': '34.017', 'y': '24.625', 'z': '25.328', 'occupancy': '1.00', 'b-factor': '18.12', 'element': 'C'}, {'record': 'ATOM', 'atom_serial': '185', 'atom_name': 'N', 'residue': 'ASN', 'chain': 'B', 'num_residue': '3', 'x': '32.174', 'y': '23.328', 'z': '22.817', 'occupancy': '1.00', 'b-factor': '15.48', 'element': 'N'}, {'record': 'ATOM', 'atom_serial': '186', 'atom_name': 'CA', 'residue': 'ASN', 'chain': 'B', 'num_residue': '3', 'x': '32.396', 'y': '22.060', 'z': '22.129', 'occupancy': '1.00', 'b-factor': '15.25', 'element': 'C'}, {'record': 'ATOM', 'atom_serial': '187', 'atom_name': 'C', 'residue': 'ASN', 'chain': 'B', 'num_residue': '3', 'x': '31.463', 'y': '21.890', 'z': '20.934', 'occupancy': '1.00', 'b-factor': '15.55', 'element': 'C'}, {'record': 'ATOM', 'atom_serial': '188', 'atom_name': 'O', 'residue': 'ASN', 'chain': 'B', 'num_residue': '3', 'x': '30.592', 'y': '21.025', 'z': '20.895', 'occupancy': '1.00', 'b-factor': '16.32', 'element': 'O'}, {'record': 'ATOM', 'atom_serial': '189', 'atom_name': 'CB', 'residue': 'ASN', 'chain': 'B', 'num_residue': '3', 'x': '32.323', 'y': '20.907', 'z': '23.126', 'occupancy': '1.00', 'b-factor': '15.52', 'element': 'C'}, {'record': 'ATOM', 'atom_serial': '190', 'atom_name': 'CG', 'residue': 'ASN', 'chain': 'B', 'num_residue': '3', 'x': '33.421', 'y': '20.995', 'z': '24.175', 'occupancy': '1.00', 'b-factor': '12.25', 'element': 'C'}, {'record': 'ATOM', 'atom_serial': '191', 'atom_name': 'OD1', 'residue': 'ASN', 'chain': 'B', 'num_residue': '3', 'x': '34.579', 'y': '20.729', 'z': '23.906', 'occupancy': '1.00', 'b-factor': '15.89', 'element': 'O'}, {'record': 'ATOM', 'atom_serial': '192', 'atom_name': 'ND2', 'residue': 'ASN', 'chain': 'B', 'num_residue': '3', 'x': '33.038', 'y': '21.414', 'z': '25.384', 'occupancy': '1.00', 'b-factor': '17.40', 'element': 'N'}, {'record': 'ATOM', 'atom_serial': '193', 'atom_name': 'N', 'residue': 'GLN', 'chain': 'B', 'num_residue': '4', 'x': '31.660', 'y': '22.764', 'z': '19.956', 'occupancy': '1.00', 'b-factor': '14.45', 'element': 'N'}, {'record': 'ATOM', 'atom_serial': '194', 'atom_name': 'CA', 'residue': 'GLN', 'chain': 'B', 'num_residue': '4', 'x': '30.844', 'y': '22.788', 'z': '18.756', 'occupancy': '1.00', 'b-factor': '14.72', 'element': 'C'}, {'record': 'ATOM', 'atom_serial': '195', 'atom_name': 'C', 'residue': 'GLN', 'chain': 'B', 'num_residue': '4', 'x': '31.637', 'y': '23.541', 'z': '17.700', 'occupancy': '1.00', 'b-factor': '12.99', 'element': 'C'}, {'record': 'ATOM', 'atom_serial': '196', 'atom_name': 'O', 'residue': 'GLN', 'chain': 'B', 'num_residue': '4', 'x': '32.711', 'y': '24.062', 'z': '17.981', 'occupancy': '1.00', 'b-factor': '11.77', 'element': 'O'}, {'record': 'ATOM', 'atom_serial': '197', 'atom_name': 'CB', 'residue': 'GLN', 'chain': 'B', 'num_residue': '4', 'x': '29.502', 'y': '23.490', 'z': '19.023', 'occupancy': '1.00', 'b-factor': '15.35', 'element': 'C'}, {'record': 'ATOM', 'atom_serial': '198', 'atom_name': 'CG', 'residue': 'GLN', 'chain': 'B', 'num_residue': '4', 'x': '29.607', 'y': '24.958', 'z': '19.452', 'occupancy': '1.00', 'b-factor': '17.45', 'element': 'C'}, {'record': 'ATOM', 'atom_serial': '199', 'atom_name': 'CD', 'residue': 'GLN', 'chain': 'B', 'num_residue': '4', 'x': '28.248', 'y': '25.582', 'z': '19.805', 'occupancy': '1.00', 'b-factor': '17.80', 'element': 'C'}, {'record': 'ATOM', 'atom_serial': '200', 'atom_name': 'OE1', 'residue': 'GLN', 'chain': 'B', 'num_residue': '4', 'x': '27.273', 'y': '25.466', 'z': '19.056', 'occupancy': '1.00', 'b-factor': '23.54', 'element': 'O'}, {'record': 'ATOM', 'atom_serial': '201', 'atom_name': 'NE2', 'residue': 'GLN', 'chain': 'B', 'num_residue': '4', 'x': '28.192', 'y': '26.259', 'z': '20.936', 'occupancy': '1.00', 'b-factor': '22.87', 'element': 'N'}, {'record': 'ATOM', 'atom_serial': '202', 'atom_name': 'N', 'residue': 'HIS', 'chain': 'B', 'num_residue': '5', 'x': '31.104', 'y': '23.578', 'z': '16.485', 'occupancy': '1.00', 'b-factor': '12.50', 'element': 'N'}, {'record': 'ATOM', 'atom_serial': '203', 'atom_name': 'CA', 'residue': 'HIS', 'chain': 'B', 'num_residue': '5', 'x': '31.687', 'y': '24.383', 'z': '15.418', 'occupancy': '1.00', 'b-factor': '11.78', 'element': 'C'}, {'record': 'ATOM', 'atom_serial': '204', 'atom_name': 'C', 'residue': 'HIS', 'chain': 'B', 'num_residue': '5', 'x': '31.387', 'y': '25.845', 'z': '15.738', 'occupancy': '1.00', 'b-factor': '11.63', 'element': 'C'}, {'record': 'ATOM', 'atom_serial': '205', 'atom_name': 'O', 'residue': 'HIS', 'chain': 'B', 'num_residue': '5', 'x': '30.222', 'y': '26.209', 'z': '15.983', 'occupancy': '1.00', 'b-factor': '12.61', 'element': 'O'}, {'record': 'ATOM', 'atom_serial': '206', 'atom_name': 'CB', 'residue': 'HIS', 'chain': 'B', 'num_residue': '5', 'x': '31.064', 'y': '24.031', 'z': '14.059', 'occupancy': '1.00', 'b-factor': '12.47', 'element': 'C'}, {'record': 'ATOM', 'atom_serial': '207', 'atom_name': 'CG', 'residue': 'HIS', 'chain': 'B', 'num_residue': '5', 'x': '31.412', 'y': '22.659', 'z': '13.556', 'occupancy': '1.00', 'b-factor': '12.41', 'element': 'C'}, {'record': 'ATOM', 'atom_serial': '208', 'atom_name': 'ND1', 'residue': 'HIS', 'chain': 'B', 'num_residue': '5', 'x': '30.632', 'y': '21.550', 'z': '13.814', 'occupancy': '1.00', 'b-factor': '16.66', 'element': 'N'}, {'record': 'ATOM', 'atom_serial': '209', 'atom_name': 'CD2', 'residue': 'HIS', 'chain': 'B', 'num_residue': '5', 'x': '32.444', 'y': '22.225', 'z': '12.797', 'occupancy': '1.00', 'b-factor': '13.65', 'element': 'C'}, {'record': 'ATOM', 'atom_serial': '210', 'atom_name': 'CE1', 'residue': 'HIS', 'chain': 'B', 'num_residue': '5', 'x': '31.175', 'y': '20.490', 'z': '13.238', 'occupancy': '1.00', 'b-factor': '15.20', 'element': 'C'}, {'record': 'ATOM', 'atom_serial': '211', 'atom_name': 'NE2', 'residue': 'HIS', 'chain': 'B', 'num_residue': '5', 'x': '32.277', 'y': '20.869', 'z': '12.618', 'occupancy': '1.00', 'b-factor': '15.57', 'element': 'N'}, {'record': 'ATOM', 'atom_serial': '212', 'atom_name': 'N', 'residue': 'LEU', 'chain': 'B', 'num_residue': '6', 'x': '32.438', 'y': '26.661', 'z': '15.758', 'occupancy': '1.00', 'b-factor': '11.20', 'element': 'N'}, {'record': 'ATOM', 'atom_serial': '213', 'atom_name': 'CA', 'residue': 'LEU', 'chain': 'B', 'num_residue': '6', 'x': '32.322', 'y': '28.083', 'z': '16.098', 'occupancy': '1.00', 'b-factor': '11.23', 'element': 'C'}, {'record': 'ATOM', 'atom_serial': '214', 'atom_name': 'C', 'residue': 'LEU', 'chain': 'B', 'num_residue': '6', 'x': '33.004', 'y': '28.875', 'z': '15.001', 'occupancy': '1.00', 'b-factor': '10.95', 'element': 'C'}, {'record': 'ATOM', 'atom_serial': '215', 'atom_name': 'O', 'residue': 'LEU', 'chain': 'B', 'num_residue': '6', 'x': '34.204', 'y': '28.754', 'z': '14.814', 'occupancy': '1.00', 'b-factor': '11.01', 'element': 'O'}, {'record': 'ATOM', 'atom_serial': '216', 'atom_name': 'CB', 'residue': 'LEU', 'chain': 'B', 'num_residue': '6', 'x': '33.004', 'y': '28.352', 'z': '17.438', 'occupancy': '1.00', 'b-factor': '11.29', 'element': 'C'}, {'record': 'ATOM', 'atom_serial': '217', 'atom_name': 'CG', 'residue': 'LEU', 'chain': 'B', 'num_residue': '6', 'x': '32.400', 'y': '27.704', 'z': '18.684', 'occupancy': '1.00', 'b-factor': '12.14', 'element': 'C'}, {'record': 'ATOM', 'atom_serial': '218', 'atom_name': 'CD1', 'residue': 'LEU', 'chain': 'B', 'num_residue': '6', 'x': '33.371', 'y': '27.788', 'z': '19.850', 'occupancy': '1.00', 'b-factor': '13.85', 'element': 'C'}, {'record': 'ATOM', 'atom_serial': '219', 'atom_name': 'CD2', 'residue': 'LEU', 'chain': 'B', 'num_residue': '6', 'x': '31.061', 'y': '28.382', 'z': '19.014', 'occupancy': '1.00', 'b-factor': '14.61', 'element': 'C'}, {'record': 'ATOM', 'atom_serial': '220', 'atom_name': 'N', 'residue': 'CYS', 'chain': 'B', 'num_residue': '7', 'x': '32.235', 'y': '29.690', 'z': '14.272', 'occupancy': '1.00', 'b-factor': '10.89', 'element': 'N'}, {'record': 'ATOM', 'atom_serial': '221', 'atom_name': 'CA', 'residue': 'ACYS', 'chain': 'B', 'num_residue': '7', 'x': '32.757', 'y': '30.432', 'z': '13.131', 'occupancy': '0.82', 'b-factor': '11.53', 'element': 'C'}, {'record': 'ATOM', 'atom_serial': '222', 'atom_name': 'CA', 'residue': 'BCYS', 'chain': 'B', 'num_residue': '7', 'x': '32.818', 'y': '30.446', 'z': '13.172', 'occupancy': '0.18', 'b-factor': '11.33', 'element': 'C'}, {'record': 'ATOM', 'atom_serial': '223', 'atom_name': 'C', 'residue': 'CYS', 'chain': 'B', 'num_residue': '7', 'x': '32.490', 'y': '31.923', 'z': '13.256', 'occupancy': '1.00', 'b-factor': '10.59', 'element': 'C'}, {'record': 'ATOM', 'atom_serial': '224', 'atom_name': 'O', 'residue': 'CYS', 'chain': 'B', 'num_residue': '7', 'x': '31.449', 'y': '32.319', 'z': '13.796', 'occupancy': '1.00', 'b-factor': '10.92', 'element': 'O'}, {'record': 'ATOM', 'atom_serial': '225', 'atom_name': 'CB', 'residue': 'ACYS', 'chain': 'B', 'num_residue': '7', 'x': '32.082', 'y': '29.914', 'z': '11.867', 'occupancy': '0.82', 'b-factor': '11.38', 'element': 'C'}, {'record': 'ATOM', 'atom_serial': '226', 'atom_name': 'CB', 'residue': 'BCYS', 'chain': 'B', 'num_residue': '7', 'x': '32.381', 'y': '29.879', 'z': '11.821', 'occupancy': '0.18', 'b-factor': '11.43', 'element': 'C'}, {'record': 'ATOM', 'atom_serial': '227', 'atom_name': 'SG', 'residue': 'ACYS', 'chain': 'B', 'num_residue': '7', 'x': '32.357', 'y': '28.133', 'z': '11.614', 'occupancy': '0.82', 'b-factor': '15.03', 'element': 'S'}, {'record': 'ATOM', 'atom_serial': '228', 'atom_name': 'SG', 'residue': 'BCYS', 'chain': 'B', 'num_residue': '7', 'x': '30.609', 'y': '29.929', 'z': '11.546', 'occupancy': '0.18', 'b-factor': '14.83', 'element': 'S'}, {'record': 'ATOM', 'atom_serial': '229', 'atom_name': 'N', 'residue': 'GLY', 'chain': 'B', 'num_residue': '8', 'x': '33.412', 'y': '32.726', 'z': '12.754', 'occupancy': '1.00', 'b-factor': '10.16', 'element': 'N'}, {'record': 'ATOM', 'atom_serial': '230', 'atom_name': 'CA', 'residue': 'GLY', 'chain': 'B', 'num_residue': '8', 'x': '33.194', 'y': '34.176', 'z': '12.679', 'occupancy': '1.00', 'b-factor': '9.75', 'element': 'C'}, {'record': 'ATOM', 'atom_serial': '231', 'atom_name': 'C', 'residue': 'GLY', 'chain': 'B', 'num_residue': '8', 'x': '32.877', 'y': '34.792', 'z': '14.026', 'occupancy': '1.00', 'b-factor': '9.24', 'element': 'C'}, {'record': 'ATOM', 'atom_serial': '232', 'atom_name': 'O', 'residue': 'GLY', 'chain': 'B', 'num_residue': '8', 'x': '33.592', 'y': '34.581', 'z': '15.002', 'occupancy': '1.00', 'b-factor': '9.67', 'element': 'O'}, {'record': 'ATOM', 'atom_serial': '233', 'atom_name': 'N', 'residue': 'SER', 'chain': 'B', 'num_residue': '9', 'x': '31.787', 'y': '35.554', 'z': '14.101', 'occupancy': '1.00', 'b-factor': '8.04', 'element': 'N'}, {'record': 'ATOM', 'atom_serial': '234', 'atom_name': 'CA', 'residue': 'SER', 'chain': 'B', 'num_residue': '9', 'x': '31.471', 'y': '36.246', 'z': '15.357', 'occupancy': '1.00', 'b-factor': '7.85', 'element': 'C'}, {'record': 'ATOM', 'atom_serial': '235', 'atom_name': 'C', 'residue': 'SER', 'chain': 'B', 'num_residue': '9', 'x': '31.235', 'y': '35.266', 'z': '16.507', 'occupancy': '1.00', 'b-factor': '8.31', 'element': 'C'}, {'record': 'ATOM', 'atom_serial': '236', 'atom_name': 'O', 'residue': 'SER', 'chain': 'B', 'num_residue': '9', 'x': '31.439', 'y': '35.614', 'z': '17.663', 'occupancy': '1.00', 'b-factor': '7.83', 'element': 'O'}, {'record': 'ATOM', 'atom_serial': '237', 'atom_name': 'CB', 'residue': 'SER', 'chain': 'B', 'num_residue': '9', 'x': '30.260', 'y': '37.178', 'z': '15.185', 'occupancy': '1.00', 'b-factor': '8.26', 'element': 'C'}, {'record': 'ATOM', 'atom_serial': '238', 'atom_name': 'OG', 'residue': 'SER', 'chain': 'B', 'num_residue': '9', 'x': '29.067', 'y': '36.447', 'z': '14.970', 'occupancy': '1.00', 'b-factor': '10.83', 'element': 'O'}, {'record': 'ATOM', 'atom_serial': '239', 'atom_name': 'N', 'residue': 'HIS', 'chain': 'B', 'num_residue': '10', 'x': '30.825', 'y': '34.052', 'z': '16.169', 'occupancy': '1.00', 'b-factor': '7.69', 'element': 'N'}, {'record': 'ATOM', 'atom_serial': '240', 'atom_name': 'CA', 'residue': 'HIS', 'chain': 'B', 'num_residue': '10', 'x': '30.544', 'y': '33.025', 'z': '17.174', 'occupancy': '1.00', 'b-factor': '8.75', 'element': 'C'}, {'record': 'ATOM', 'atom_serial': '241', 'atom_name': 'C', 'residue': 'HIS', 'chain': 'B', 'num_residue': '10', 'x': '31.845', 'y': '32.569', 'z': '17.844', 'occupancy': '1.00', 'b-factor': '8.39', 'element': 'C'}, {'record': 'ATOM', 'atom_serial': '242', 'atom_name': 'O', 'residue': 'HIS', 'chain': 'B', 'num_residue': '10', 'x': '31.868', 'y': '32.256', 'z': '19.040', 'occupancy': '1.00', 'b-factor': '9.12', 'element': 'O'}, {'record': 'ATOM', 'atom_serial': '243', 'atom_name': 'CB', 'residue': 'HIS', 'chain': 'B', 'num_residue': '10', 'x': '29.886', 'y': '31.801', 'z': '16.526', 'occupancy': '1.00', 'b-factor': '8.43', 'element': 'C'}, {'record': 'ATOM', 'atom_serial': '244', 'atom_name': 'CG', 'residue': 'HIS', 'chain': 'B', 'num_residue': '10', 'x': '28.571', 'y': '32.081', 'z': '15.865', 'occupancy': '1.00', 'b-factor': '9.93', 'element': 'C'}, {'record': 'ATOM', 'atom_serial': '245', 'atom_name': 'ND1', 'residue': 'HIS', 'chain': 'B', 'num_residue': '10', 'x': '27.686', 'y': '31.075', 'z': '15.528', 'occupancy': '1.00', 'b-factor': '13.84', 'element': 'N'}, {'record': 'ATOM', 'atom_serial': '246', 'atom_name': 'CD2', 'residue': 'HIS', 'chain': 'B', 'num_residue': '10', 'x': '27.981', 'y': '33.243', 'z': '15.490', 'occupancy': '1.00', 'b-factor': '10.60', 'element': 'C'}, {'record': 'ATOM', 'atom_serial': '247', 'atom_name': 'CE1', 'residue': 'HIS', 'chain': 'B', 'num_residue': '10', 'x': '26.613', 'y': '31.608', 'z': '14.968', 'occupancy': '1.00', 'b-factor': '12.45', 'element': 'C'}, {'record': 'ATOM', 'atom_serial': '248', 'atom_name': 'NE2', 'residue': 'HIS', 'chain': 'B', 'num_residue': '10', 'x': '26.760', 'y': '32.920', 'z': '14.941', 'occupancy': '1.00', 'b-factor': '12.10', 'element': 'N'}, {'record': 'ATOM', 'atom_serial': '249', 'atom_name': 'N', 'residue': 'LEU', 'chain': 'B', 'num_residue': '11', 'x': '32.918', 'y': '32.505', 'z': '17.056', 'occupancy': '1.00', 'b-factor': '8.51', 'element': 'N'}, {'record': 'ATOM', 'atom_serial': '250', 'atom_name': 'CA', 'residue': 'LEU', 'chain': 'B', 'num_residue': '11', 'x': '34.224', 'y': '32.107', 'z': '17.568', 'occupancy': '1.00', 'b-factor': '8.23', 'element': 'C'}, {'record': 'ATOM', 'atom_serial': '251', 'atom_name': 'C', 'residue': 'LEU', 'chain': 'B', 'num_residue': '11', 'x': '34.840', 'y': '33.218', 'z': '18.418', 'occupancy': '1.00', 'b-factor': '8.07', 'element': 'C'}, {'record': 'ATOM', 'atom_serial': '252', 'atom_name': 'O', 'residue': 'LEU', 'chain': 'B', 'num_residue': '11', 'x': '35.380', 'y': '32.973', 'z': '19.483', 'occupancy': '1.00', 'b-factor': '7.95', 'element': 'O'}, {'record': 'ATOM', 'atom_serial': '253', 'atom_name': 'CB', 'residue': 'LEU', 'chain': 'B', 'num_residue': '11', 'x': '35.130', 'y': '31.718', 'z': '16.394', 'occupancy': '1.00', 'b-factor': '8.70', 'element': 'C'}, {'record': 'ATOM', 'atom_serial': '254', 'atom_name': 'CG', 'residue': 'LEU', 'chain': 'B', 'num_residue': '11', 'x': '36.545', 'y': '31.231', 'z': '16.715', 'occupancy': '1.00', 'b-factor': '9.31', 'element': 'C'}, {'record': 'ATOM', 'atom_serial': '255', 'atom_name': 'CD1', 'residue': 'LEU', 'chain': 'B', 'num_residue': '11', 'x': '36.542', 'y': '30.102', 'z': '17.743', 'occupancy': '1.00', 'b-factor': '9.64', 'element': 'C'}, {'record': 'ATOM', 'atom_serial': '256', 'atom_name': 'CD2', 'residue': 'LEU', 'chain': 'B', 'num_residue': '11', 'x': '37.171', 'y': '30.813', 'z': '15.383', 'occupancy': '1.00', 'b-factor': '12.03', 'element': 'C'}, {'record': 'ATOM', 'atom_serial': '257', 'atom_name': 'N', 'residue': 'VAL', 'chain': 'B', 'num_residue': '12', 'x': '34.745', 'y': '34.459', 'z': '17.945', 'occupancy': '1.00', 'b-factor': '7.82', 'element': 'N'}, {'record': 'ATOM', 'atom_serial': '258', 'atom_name': 'CA', 'residue': 'VAL', 'chain': 'B', 'num_residue': '12', 'x': '35.232', 'y': '35.597', 'z': '18.693', 'occupancy': '1.00', 'b-factor': '9.36', 'element': 'C'}, {'record': 'ATOM', 'atom_serial': '259', 'atom_name': 'C', 'residue': 'VAL', 'chain': 'B', 'num_residue': '12', 'x': '34.509', 'y': '35.715', 'z': '20.049', 'occupancy': '1.00', 'b-factor': '7.93', 'element': 'C'}, {'record': 'ATOM', 'atom_serial': '260', 'atom_name': 'O', 'residue': 'VAL', 'chain': 'B', 'num_residue': '12', 'x': '35.118', 'y': '36.027', 'z': '21.073', 'occupancy': '1.00', 'b-factor': '7.60', 'element': 'O'}, {'record': 'ATOM', 'atom_serial': '261', 'atom_name': 'CB', 'residue': 'VAL', 'chain': 'B', 'num_residue': '12', 'x': '35.052', 'y': '36.874', 'z': '17.836', 'occupancy': '1.00', 'b-factor': '10.36', 'element': 'C'}, {'record': 'ATOM', 'atom_serial': '262', 'atom_name': 'CG1', 'residue': 'VAL', 'chain': 'B', 'num_residue': '12', 'x': '35.202', 'y': '38.083', 'z': '18.649', 'occupancy': '1.00', 'b-factor': '13.99', 'element': 'C'}, {'record': 'ATOM', 'atom_serial': '263', 'atom_name': 'CG2', 'residue': 'VAL', 'chain': 'B', 'num_residue': '12', 'x': '36.066', 'y': '36.870', 'z': '16.676', 'occupancy': '1.00', 'b-factor': '12.77', 'element': 'C'}, {'record': 'ATOM', 'atom_serial': '264', 'atom_name': 'N', 'residue': 'GLU', 'chain': 'B', 'num_residue': '13', 'x': '33.200', 'y': '35.467', 'z': '20.045', 'occupancy': '1.00', 'b-factor': '7.80', 'element': 'N'}, {'record': 'ATOM', 'atom_serial': '265', 'atom_name': 'CA', 'residue': 'GLU', 'chain': 'B', 'num_residue': '13', 'x': '32.419', 'y': '35.494', 'z': '21.277', 'occupancy': '1.00', 'b-factor': '8.14', 'element': 'C'}, {'record': 'ATOM', 'atom_serial': '266', 'atom_name': 'C', 'residue': 'GLU', 'chain': 'B', 'num_residue': '13', 'x': '32.908', 'y': '34.424', 'z': '22.265', 'occupancy': '1.00', 'b-factor': '7.57', 'element': 'C'}, {'record': 'ATOM', 'atom_serial': '267', 'atom_name': 'O', 'residue': 'GLU', 'chain': 'B', 'num_residue': '13', 'x': '33.034', 'y': '34.686', 'z': '23.454', 'occupancy': '1.00', 'b-factor': '7.71', 'element': 'O'}, {'record': 'ATOM', 'atom_serial': '268', 'atom_name': 'CB', 'residue': 'GLU', 'chain': 'B', 'num_residue': '13', 'x': '30.954', 'y': '35.279', 'z': '20.935', 'occupancy': '1.00', 'b-factor': '9.18', 'element': 'C'}, {'record': 'ATOM', 'atom_serial': '269', 'atom_name': 'CG', 'residue': 'GLU', 'chain': 'B', 'num_residue': '13', 'x': '30.069', 'y': '35.045', 'z': '22.125', 'occupancy': '1.00', 'b-factor': '12.62', 'element': 'C'}, {'record': 'ATOM', 'atom_serial': '270', 'atom_name': 'CD', 'residue': 'GLU', 'chain': 'B', 'num_residue': '13', 'x': '28.624', 'y': '35.023', 'z': '21.710', 'occupancy': '1.00', 'b-factor': '16.55', 'element': 'C'}, {'record': 'ATOM', 'atom_serial': '271', 'atom_name': 'OE1', 'residue': 'GLU', 'chain': 'B', 'num_residue': '13', 'x': '28.150', 'y': '36.074', 'z': '21.246', 'occupancy': '1.00', 'b-factor': '16.70', 'element': 'O'}, {'record': 'ATOM', 'atom_serial': '272', 'atom_name': 'OE2', 'residue': 'GLU', 'chain': 'B', 'num_residue': '13', 'x': '28.002', 'y': '33.945', 'z': '21.822', 'occupancy': '1.00', 'b-factor': '21.15', 'element': 'O'}, {'record': 'ATOM', 'atom_serial': '273', 'atom_name': 'N', 'residue': 'ALA', 'chain': 'B', 'num_residue': '14', 'x': '33.179', 'y': '33.226', 'z': '21.758', 'occupancy': '1.00', 'b-factor': '7.94', 'element': 'N'}, {'record': 'ATOM', 'atom_serial': '274', 'atom_name': 'CA', 'residue': 'ALA', 'chain': 'B', 'num_residue': '14', 'x': '33.659', 'y': '32.139', 'z': '22.621', 'occupancy': '1.00', 'b-factor': '7.54', 'element': 'C'}, {'record': 'ATOM', 'atom_serial': '275', 'atom_name': 'C', 'residue': 'ALA', 'chain': 'B', 'num_residue': '14', 'x': '35.011', 'y': '32.489', 'z': '23.236', 'occupancy': '1.00', 'b-factor': '7.96', 'element': 'C'}, {'record': 'ATOM', 'atom_serial': '276', 'atom_name': 'O', 'residue': 'ALA', 'chain': 'B', 'num_residue': '14', 'x': '35.216', 'y': '32.289', 'z': '24.444', 'occupancy': '1.00', 'b-factor': '7.67', 'element': 'O'}, {'record': 'ATOM', 'atom_serial': '277', 'atom_name': 'CB', 'residue': 'ALA', 'chain': 'B', 'num_residue': '14', 'x': '33.740', 'y': '30.844', 'z': '21.824', 'occupancy': '1.00', 'b-factor': '8.11', 'element': 'C'}, {'record': 'ATOM', 'atom_serial': '278', 'atom_name': 'N', 'residue': 'LEU', 'chain': 'B', 'num_residue': '15', 'x': '35.919', 'y': '33.036', 'z': '22.424', 'occupancy': '1.00', 'b-factor': '7.59', 'element': 'N'}, {'record': 'ATOM', 'atom_serial': '279', 'atom_name': 'CA', 'residue': 'LEU', 'chain': 'B', 'num_residue': '15', 'x': '37.218', 'y': '33.501', 'z': '22.921', 'occupancy': '1.00', 'b-factor': '8.02', 'element': 'C'}, {'record': 'ATOM', 'atom_serial': '280', 'atom_name': 'C', 'residue': 'LEU', 'chain': 'B', 'num_residue': '15', 'x': '37.062', 'y': '34.563', 'z': '23.997', 'occupancy': '1.00', 'b-factor': '8.22', 'element': 'C'}, {'record': 'ATOM', 'atom_serial': '281', 'atom_name': 'O', 'residue': 'LEU', 'chain': 'B', 'num_residue': '15', 'x': '37.732', 'y': '34.532', 'z': '25.043', 'occupancy': '1.00', 'b-factor': '8.96', 'element': 'O'}, {'record': 'ATOM', 'atom_serial': '282', 'atom_name': 'CB', 'residue': 'LEU', 'chain': 'B', 'num_residue': '15', 'x': '38.057', 'y': '34.073', 'z': '21.778', 'occupancy': '1.00', 'b-factor': '8.21', 'element': 'C'}, {'record': 'ATOM', 'atom_serial': '283', 'atom_name': 'CG', 'residue': 'LEU', 'chain': 'B', 'num_residue': '15', 'x': '38.687', 'y': '33.044', 'z': '20.850', 'occupancy': '1.00', 'b-factor': '8.97', 'element': 'C'}, {'record': 'ATOM', 'atom_serial': '284', 'atom_name': 'CD1', 'residue': 'LEU', 'chain': 'B', 'num_residue': '15', 'x': '39.085', 'y': '33.696', 'z': '19.533', 'occupancy': '1.00', 'b-factor': '10.82', 'element': 'C'}, {'record': 'ATOM', 'atom_serial': '285', 'atom_name': 'CD2', 'residue': 'LEU', 'chain': 'B', 'num_residue': '15', 'x': '39.911', 'y': '32.395', 'z': '21.521', 'occupancy': '1.00', 'b-factor': '10.89', 'element': 'C'}, {'record': 'ATOM', 'atom_serial': '286', 'atom_name': 'N', 'residue': 'TYR', 'chain': 'B', 'num_residue': '16', 'x': '36.163', 'y': '35.511', 'z': '23.749', 'occupancy': '1.00', 'b-factor': '7.73', 'element': 'N'}, {'record': 'ATOM', 'atom_serial': '287', 'atom_name': 'CA', 'residue': 'TYR', 'chain': 'B', 'num_residue': '16', 'x': '35.896', 'y': '36.555', 'z': '24.715', 'occupancy': '1.00', 'b-factor': '7.97', 'element': 'C'}, {'record': 'ATOM', 'atom_serial': '288', 'atom_name': 'C', 'residue': 'TYR', 'chain': 'B', 'num_residue': '16', 'x': '35.432', 'y': '35.980', 'z': '26.052', 'occupancy': '1.00', 'b-factor': '8.33', 'element': 'C'}, {'record': 'ATOM', 'atom_serial': '289', 'atom_name': 'O', 'residue': 'TYR', 'chain': 'B', 'num_residue': '16', 'x': '35.950', 'y': '36.365', 'z': '27.113', 'occupancy': '1.00', 'b-factor': '8.89', 'element': 'O'}, {'record': 'ATOM', 'atom_serial': '290', 'atom_name': 'CB', 'residue': 'TYR', 'chain': 'B', 'num_residue': '16', 'x': '34.830', 'y': '37.489', 'z': '24.143', 'occupancy': '1.00', 'b-factor': '8.38', 'element': 'C'}, {'record': 'ATOM', 'atom_serial': '291', 'atom_name': 'CG', 'residue': 'TYR', 'chain': 'B', 'num_residue': '16', 'x': '34.288', 'y': '38.492', 'z': '25.135', 'occupancy': '1.00', 'b-factor': '7.50', 'element': 'C'}, {'record': 'ATOM', 'atom_serial': '292', 'atom_name': 'CD1', 'residue': 'TYR', 'chain': 'B', 'num_residue': '16', 'x': '35.057', 'y': '39.589', 'z': '25.570', 'occupancy': '1.00', 'b-factor': '7.30', 'element': 'C'}, {'record': 'ATOM', 'atom_serial': '293', 'atom_name': 'CD2', 'residue': 'TYR', 'chain': 'B', 'num_residue': '16', 'x': '33.002', 'y': '38.342', 'z': '25.657', 'occupancy': '1.00', 'b-factor': '6.79', 'element': 'C'}, {'record': 'ATOM', 'atom_serial': '294', 'atom_name': 'CE1', 'residue': 'TYR', 'chain': 'B', 'num_residue': '16', 'x': '34.538', 'y': '40.517', 'z': '26.491', 'occupancy': '1.00', 'b-factor': '8.62', 'element': 'C'}, {'record': 'ATOM', 'atom_serial': '295', 'atom_name': 'CE2', 'residue': 'TYR', 'chain': 'B', 'num_residue': '16', 'x': '32.473', 'y': '39.246', 'z': '26.569', 'occupancy': '1.00', 'b-factor': '8.69', 'element': 'C'}, {'record': 'ATOM', 'atom_serial': '296', 'atom_name': 'CZ', 'residue': 'TYR', 'chain': 'B', 'num_residue': '16', 'x': '33.248', 'y': '40.335', 'z': '26.986', 'occupancy': '1.00', 'b-factor': '8.24', 'element': 'C'}, {'record': 'ATOM', 'atom_serial': '297', 'atom_name': 'OH', 'residue': 'TYR', 'chain': 'B', 'num_residue': '16', 'x': '32.719', 'y': '41.222', 'z': '27.886', 'occupancy': '1.00', 'b-factor': '9.74', 'element': 'O'}, {'record': 'ATOM', 'atom_serial': '298', 'atom_name': 'N', 'residue': 'LEU', 'chain': 'B', 'num_residue': '17', 'x': '34.484', 'y': '35.041', 'z': '26.000', 'occupancy': '1.00', 'b-factor': '8.87', 'element': 'N'}, {'record': 'ATOM', 'atom_serial': '299', 'atom_name': 'CA', 'residue': 'LEU', 'chain': 'B', 'num_residue': '17', 'x': '33.920', 'y': '34.444', 'z': '27.227', 'occupancy': '1.00', 'b-factor': '9.20', 'element': 'C'}, {'record': 'ATOM', 'atom_serial': '300', 'atom_name': 'C', 'residue': 'LEU', 'chain': 'B', 'num_residue': '17', 'x': '34.919', 'y': '33.571', 'z': '27.970', 'occupancy': '1.00', 'b-factor': '10.10', 'element': 'C'}, {'record': 'ATOM', 'atom_serial': '301', 'atom_name': 'O', 'residue': 'LEU', 'chain': 'B', 'num_residue': '17', 'x': '34.981', 'y': '33.597', 'z': '29.206', 'occupancy': '1.00', 'b-factor': '10.72', 'element': 'O'}, {'record': 'ATOM', 'atom_serial': '302', 'atom_name': 'CB', 'residue': 'LEU', 'chain': 'B', 'num_residue': '17', 'x': '32.676', 'y': '33.623', 'z': '26.877', 'occupancy': '1.00', 'b-factor': '9.96', 'element': 'C'}, {'record': 'ATOM', 'atom_serial': '303', 'atom_name': 'CG', 'residue': 'LEU', 'chain': 'B', 'num_residue': '17', 'x': '31.474', 'y': '34.474', 'z': '26.460', 'occupancy': '1.00', 'b-factor': '9.19', 'element': 'C'}, {'record': 'ATOM', 'atom_serial': '304', 'atom_name': 'CD1', 'residue': 'LEU', 'chain': 'B', 'num_residue': '17', 'x': '30.346', 'y': '33.578', 'z': '25.953', 'occupancy': '1.00', 'b-factor': '11.04', 'element': 'C'}, {'record': 'ATOM', 'atom_serial': '305', 'atom_name': 'CD2', 'residue': 'LEU', 'chain': 'B', 'num_residue': '17', 'x': '30.997', 'y': '35.349', 'z': '27.626', 'occupancy': '1.00', 'b-factor': '11.41', 'element': 'C'}, {'record': 'ATOM', 'atom_serial': '306', 'atom_name': 'N', 'residue': 'VAL', 'chain': 'B', 'num_residue': '18', 'x': '35.685', 'y': '32.804', 'z': '27.213', 'occupancy': '1.00', 'b-factor': '9.93', 'element': 'N'}, {'record': 'ATOM', 'atom_serial': '307', 'atom_name': 'CA', 'residue': 'VAL', 'chain': 'B', 'num_residue': '18', 'x': '36.660', 'y': '31.868', 'z': '27.797', 'occupancy': '1.00', 'b-factor': '10.84', 'element': 'C'}, {'record': 'ATOM', 'atom_serial': '308', 'atom_name': 'C', 'residue': 'VAL', 'chain': 'B', 'num_residue': '18', 'x': '37.833', 'y': '32.631', 'z': '28.395', 'occupancy': '1.00', 'b-factor': '11.15', 'element': 'C'}, {'record': 'ATOM', 'atom_serial': '309', 'atom_name': 'O', 'residue': 'VAL', 'chain': 'B', 'num_residue': '18', 'x': '38.275', 'y': '32.338', 'z': '29.512', 'occupancy': '1.00', 'b-factor': '12.42', 'element': 'O'}, {'record': 'ATOM', 'atom_serial': '310', 'atom_name': 'CB', 'residue': 'VAL', 'chain': 'B', 'num_residue': '18', 'x': '37.152', 'y': '30.843', 'z': '26.740', 'occupancy': '1.00', 'b-factor': '11.51', 'element': 'C'}, {'record': 'ATOM', 'atom_serial': '311', 'atom_name': 'CG1', 'residue': 'VAL', 'chain': 'B', 'num_residue': '18', 'x': '38.448', 'y': '30.168', 'z': '27.168', 'occupancy': '1.00', 'b-factor': '13.02', 'element': 'C'}, {'record': 'ATOM', 'atom_serial': '312', 'atom_name': 'CG2', 'residue': 'VAL', 'chain': 'B', 'num_residue': '18', 'x': '36.058', 'y': '29.800', 'z': '26.467', 'occupancy': '1.00', 'b-factor': '12.58', 'element': 'C'}, {'record': 'ATOM', 'atom_serial': '313', 'atom_name': 'N', 'residue': 'CYS', 'chain': 'B', 'num_residue': '19', 'x': '38.343', 'y': '33.612', 'z': '27.653', 'occupancy': '1.00', 'b-factor': '10.75', 'element': 'N'}, {'record': 'ATOM', 'atom_serial': '314', 'atom_name': 'CA', 'residue': 'CYS', 'chain': 'B', 'num_residue': '19', 'x': '39.606', 'y': '34.247', 'z': '28.039', 'occupancy': '1.00', 'b-factor': '11.18', 'element': 'C'}, {'record': 'ATOM', 'atom_serial': '315', 'atom_name': 'C', 'residue': 'CYS', 'chain': 'B', 'num_residue': '19', 'x': '39.468', 'y': '35.323', 'z': '29.109', 'occupancy': '1.00', 'b-factor': '13.19', 'element': 'C'}, {'record': 'ATOM', 'atom_serial': '316', 'atom_name': 'O', 'residue': 'CYS', 'chain': 'B', 'num_residue': '19', 'x': '40.445', 'y': '35.612', 'z': '29.818', 'occupancy': '1.00', 'b-factor': '13.54', 'element': 'O'}, {'record': 'ATOM', 'atom_serial': '317', 'atom_name': 'CB', 'residue': 'CYS', 'chain': 'B', 'num_residue': '19', 'x': '40.371', 'y': '34.768', 'z': '26.815', 'occupancy': '1.00', 'b-factor': '11.28', 'element': 'C'}, {'record': 'ATOM', 'atom_serial': '318', 'atom_name': 'SG', 'residue': 'CYS', 'chain': 'B', 'num_residue': '19', 'x': '40.829', 'y': '33.484', 'z': '25.655', 'occupancy': '1.00', 'b-factor': '10.50', 'element': 'S'}, {'record': 'ATOM', 'atom_serial': '319', 'atom_name': 'N', 'residue': 'GLY', 'chain': 'B', 'num_residue': '20', 'x': '38.281', 'y': '35.912', 'z': '29.219', 'occupancy': '1.00', 'b-factor': '14.21', 'element': 'N'}, {'record': 'ATOM', 'atom_serial': '320', 'atom_name': 'CA', 'residue': 'GLY', 'chain': 'B', 'num_residue': '20', 'x': '38.013', 'y': '36.928', 'z': '30.241', 'occupancy': '1.00', 'b-factor': '15.84', 'element': 'C'}, {'record': 'ATOM', 'atom_serial': '321', 'atom_name': 'C', 'residue': 'GLY', 'chain': 'B', 'num_residue': '20', 'x': '39.017', 'y': '38.065', 'z': '30.210', 'occupancy': '1.00', 'b-factor': '17.39', 'element': 'C'}, {'record': 'ATOM', 'atom_serial': '322', 'atom_name': 'O', 'residue': 'GLY', 'chain': 'B', 'num_residue': '20', 'x': '39.385', 'y': '38.562', 'z': '29.144', 'occupancy': '1.00', 'b-factor': '16.82', 'element': 'O'}, {'record': 'ATOM', 'atom_serial': '323', 'atom_name': 'N', 'residue': 'GLU', 'chain': 'B', 'num_residue': '21', 'x': '39.480', 'y': '38.461', 'z': '31.392', 'occupancy': '1.00', 'b-factor': '18.82', 'element': 'N'}, {'record': 'ATOM', 'atom_serial': '324', 'atom_name': 'CA', 'residue': 'GLU', 'chain': 'B', 'num_residue': '21', 'x': '40.365', 'y': '39.620', 'z': '31.525', 'occupancy': '1.00', 'b-factor': '20.77', 'element': 'C'}, {'record': 'ATOM', 'atom_serial': '325', 'atom_name': 'C', 'residue': 'GLU', 'chain': 'B', 'num_residue': '21', 'x': '41.737', 'y': '39.443', 'z': '30.868', 'occupancy': '1.00', 'b-factor': '19.50', 'element': 'C'}, {'record': 'ATOM', 'atom_serial': '326', 'atom_name': 'O', 'residue': 'GLU', 'chain': 'B', 'num_residue': '21', 'x': '42.455', 'y': '40.419', 'z': '30.665', 'occupancy': '1.00', 'b-factor': '20.11', 'element': 'O'}, {'record': 'ATOM', 'atom_serial': '327', 'atom_name': 'CB', 'residue': 'GLU', 'chain': 'B', 'num_residue': '21', 'x': '40.494', 'y': '40.027', 'z': '32.997', 'occupancy': '1.00', 'b-factor': '20.94', 'element': 'C'}, {'record': 'ATOM', 'atom_serial': '328', 'atom_name': 'CG', 'residue': 'GLU', 'chain': 'B', 'num_residue': '21', 'x': '39.190', 'y': '40.592', 'z': '33.561', 'occupancy': '1.00', 'b-factor': '24.24', 'element': 'C'}, {'record': 'ATOM', 'atom_serial': '329', 'atom_name': 'CD', 'residue': 'GLU', 'chain': 'B', 'num_residue': '21', 'x': '39.307', 'y': '41.098', 'z': '34.990', 'occupancy': '1.00', 'b-factor': '25.13', 'element': 'C'}, {'record': 'ATOM', 'atom_serial': '330', 'atom_name': 'OE1', 'residue': 'GLU', 'chain': 'B', 'num_residue': '21', 'x': '40.419', 'y': '41.042', 'z': '35.573', 'occupancy': '1.00', 'b-factor': '30.20', 'element': 'O'}, {'record': 'ATOM', 'atom_serial': '331', 'atom_name': 'OE2', 'residue': 'GLU', 'chain': 'B', 'num_residue': '21', 'x': '38.271', 'y': '41.552', 'z': '35.526', 'occupancy': '1.00', 'b-factor': '29.89', 'element': 'O'}, {'record': 'ATOM', 'atom_serial': '332', 'atom_name': 'N', 'residue': 'ARG', 'chain': 'B', 'num_residue': '22', 'x': '42.093', 'y': '38.206', 'z': '30.518', 'occupancy': '1.00', 'b-factor': '18.70', 'element': 'N'}, {'record': 'ATOM', 'atom_serial': '333', 'atom_name': 'CA', 'residue': 'ARG', 'chain': 'B', 'num_residue': '22', 'x': '43.330', 'y': '37.939', 'z': '29.777', 'occupancy': '1.00', 'b-factor': '18.74', 'element': 'C'}, {'record': 'ATOM', 'atom_serial': '334', 'atom_name': 'C', 'residue': 'ARG', 'chain': 'B', 'num_residue': '22', 'x': '43.278', 'y': '38.551', 'z': '28.377', 'occupancy': '1.00', 'b-factor': '17.66', 'element': 'C'}, {'record': 'ATOM', 'atom_serial': '335', 'atom_name': 'O', 'residue': 'ARG', 'chain': 'B', 'num_residue': '22', 'x': '44.295', 'y': '39.001', 'z': '27.831', 'occupancy': '1.00', 'b-factor': '18.77', 'element': 'O'}, {'record': 'ATOM', 'atom_serial': '336', 'atom_name': 'CB', 'residue': 'ARG', 'chain': 'B', 'num_residue': '22', 'x': '43.576', 'y': '36.429', 'z': '29.653', 'occupancy': '1.00', 'b-factor': '18.71', 'element': 'C'}, {'record': 'ATOM', 'atom_serial': '337', 'atom_name': 'CG', 'residue': 'ARG', 'chain': 'B', 'num_residue': '22', 'x': '43.764', 'y': '35.700', 'z': '30.974', 'occupancy': '1.00', 'b-factor': '20.63', 'element': 'C'}, {'record': 'ATOM', 'atom_serial': '338', 'atom_name': 'CD', 'residue': 'ARG', 'chain': 'B', 'num_residue': '22', 'x': '43.942', 'y': '34.199', 'z': '30.741', 'occupancy': '1.00', 'b-factor': '20.53', 'element': 'C'}, {'record': 'ATOM', 'atom_serial': '339', 'atom_name': 'NE', 'residue': 'ARG', 'chain': 'B', 'num_residue': '22', 'x': '42.669', 'y': '33.475', 'z': '30.717', 'occupancy': '1.00', 'b-factor': '24.67', 'element': 'N'}, {'record': 'ATOM', 'atom_serial': '340', 'atom_name': 'CZ', 'residue': 'ARG', 'chain': 'B', 'num_residue': '22', 'x': '42.546', 'y': '32.167', 'z': '30.487', 'occupancy': '1.00', 'b-factor': '24.93', 'element': 'C'}, {'record': 'ATOM', 'atom_serial': '341', 'atom_name': 'NH1', 'residue': 'ARG', 'chain': 'B', 'num_residue': '22', 'x': '43.622', 'y': '31.425', 'z': '30.239', 'occupancy': '1.00', 'b-factor': '25.55', 'element': 'N'}, {'record': 'ATOM', 'atom_serial': '342', 'atom_name': 'NH2', 'residue': 'ARG', 'chain': 'B', 'num_residue': '22', 'x': '41.341', 'y': '31.600', 'z': '30.490', 'occupancy': '1.00', 'b-factor': '23.64', 'element': 'N'}, {'record': 'ATOM', 'atom_serial': '343', 'atom_name': 'N', 'residue': 'GLY', 'chain': 'B', 'num_residue': '23', 'x': '42.084', 'y': '38.567', 'z': '27.800', 'occupancy': '1.00', 'b-factor': '15.83', 'element': 'N'}, {'record': 'ATOM', 'atom_serial': '344', 'atom_name': 'CA', 'residue': 'GLY', 'chain': 'B', 'num_residue': '23', 'x': '41.935', 'y': '38.856', 'z': '26.387', 'occupancy': '1.00', 'b-factor': '13.77', 'element': 'C'}, {'record': 'ATOM', 'atom_serial': '345', 'atom_name': 'C', 'residue': 'GLY', 'chain': 'B', 'num_residue': '23', 'x': '42.504', 'y': '37.733', 'z': '25.552', 'occupancy': '1.00', 'b-factor': '13.05', 'element': 'C'}, {'record': 'ATOM', 'atom_serial': '346', 'atom_name': 'O', 'residue': 'GLY', 'chain': 'B', 'num_residue': '23', 'x': '42.858', 'y': '36.663', 'z': '26.078', 'occupancy': '1.00', 'b-factor': '12.21', 'element': 'O'}, {'record': 'ATOM', 'atom_serial': '347', 'atom_name': 'N', 'residue': 'PHE', 'chain': 'B', 'num_residue': '24', 'x': '42.617', 'y': '37.981', 'z': '24.256', 'occupancy': '1.00', 'b-factor': '11.58', 'element': 'N'}, {'record': 'ATOM', 'atom_serial': '348', 'atom_name': 'CA', 'residue': 'PHE', 'chain': 'B', 'num_residue': '24', 'x': '42.937', 'y': '36.929', 'z': '23.309', 'occupancy': '1.00', 'b-factor': '11.09', 'element': 'C'}, {'record': 'ATOM', 'atom_serial': '349', 'atom_name': 'C', 'residue': 'PHE', 'chain': 'B', 'num_residue': '24', 'x': '43.426', 'y': '37.501', 'z': '21.991', 'occupancy': '1.00', 'b-factor': '11.75', 'element': 'C'}, {'record': 'ATOM', 'atom_serial': '350', 'atom_name': 'O', 'residue': 'PHE', 'chain': 'B', 'num_residue': '24', 'x': '43.352', 'y': '38.712', 'z': '21.768', 'occupancy': '1.00', 'b-factor': '12.36', 'element': 'O'}, {'record': 'ATOM', 'atom_serial': '351', 'atom_name': 'CB', 'residue': 'PHE', 'chain': 'B', 'num_residue': '24', 'x': '41.693', 'y': '36.044', 'z': '23.070', 'occupancy': '1.00', 'b-factor': '10.85', 'element': 'C'}, {'record': 'ATOM', 'atom_serial': '352', 'atom_name': 'CG', 'residue': 'PHE', 'chain': 'B', 'num_residue': '24', 'x': '40.513', 'y': '36.789', 'z': '22.490', 'occupancy': '1.00', 'b-factor': '9.03', 'element': 'C'}, {'record': 'ATOM', 'atom_serial': '353', 'atom_name': 'CD1', 'residue': 'PHE', 'chain': 'B', 'num_residue': '24', 'x': '40.357', 'y': '36.895', 'z': '21.103', 'occupancy': '1.00', 'b-factor': '10.16', 'element': 'C'}, {'record': 'ATOM', 'atom_serial': '354', 'atom_name': 'CD2', 'residue': 'PHE', 'chain': 'B', 'num_residue': '24', 'x': '39.573', 'y': '37.392', 'z': '23.321', 'occupancy': '1.00', 'b-factor': '10.49', 'element': 'C'}, {'record': 'ATOM', 'atom_serial': '355', 'atom_name': 'CE1', 'residue': 'PHE', 'chain': 'B', 'num_residue': '24', 'x': '39.254', 'y': '37.583', 'z': '20.555', 'occupancy': '1.00', 'b-factor': '9.69', 'element': 'C'}, {'record': 'ATOM', 'atom_serial': '356', 'atom_name': 'CE2', 'residue': 'PHE', 'chain': 'B', 'num_residue': '24', 'x': '38.474', 'y': '38.090', 'z': '22.782', 'occupancy': '1.00', 'b-factor': '10.75', 'element': 'C'}, {'record': 'ATOM', 'atom_serial': '357', 'atom_name': 'CZ', 'residue': 'PHE', 'chain': 'B', 'num_residue': '24', 'x': '38.325', 'y': '38.184', 'z': '21.397', 'occupancy': '1.00', 'b-factor': '10.19', 'element': 'C'}, {'record': 'ATOM', 'atom_serial': '358', 'atom_name': 'N', 'residue': 'PHE', 'chain': 'B', 'num_residue': '25', 'x': '43.933', 'y': '36.633', 'z': '21.134', 'occupancy': '1.00', 'b-factor': '12.42', 'element': 'N'}, {'record': 'ATOM', 'atom_serial': '359', 'atom_name': 'CA', 'residue': 'PHE', 'chain': 'B', 'num_residue': '25', 'x': '44.214', 'y': '36.982', 'z': '19.762', 'occupancy': '1.00', 'b-factor': '13.76', 'element': 'C'}, {'record': 'ATOM', 'atom_serial': '360', 'atom_name': 'C', 'residue': 'PHE', 'chain': 'B', 'num_residue': '25', 'x': '43.410', 'y': '36.105', 'z': '18.822', 'occupancy': '1.00', 'b-factor': '13.56', 'element': 'C'}, {'record': 'ATOM', 'atom_serial': '361', 'atom_name': 'O', 'residue': 'PHE', 'chain': 'B', 'num_residue': '25', 'x': '43.277', 'y': '34.879', 'z': '19.028', 'occupancy': '1.00', 'b-factor': '13.20', 'element': 'O'}, {'record': 'ATOM', 'atom_serial': '362', 'atom_name': 'CB', 'residue': 'PHE', 'chain': 'B', 'num_residue': '25', 'x': '45.720', 'y': '36.965', 'z': '19.452', 'occupancy': '1.00', 'b-factor': '15.31', 'element': 'C'}, {'record': 'ATOM', 'atom_serial': '363', 'atom_name': 'CG', 'residue': 'PHE', 'chain': 'B', 'num_residue': '25', 'x': '46.429', 'y': '35.703', 'z': '19.853', 'occupancy': '1.00', 'b-factor': '17.34', 'element': 'C'}, {'record': 'ATOM', 'atom_serial': '364', 'atom_name': 'CD1', 'residue': 'PHE', 'chain': 'B', 'num_residue': '25', 'x': '46.724', 'y': '34.728', 'z': '18.902', 'occupancy': '1.00', 'b-factor': '20.70', 'element': 'C'}, {'record': 'ATOM', 'atom_serial': '365', 'atom_name': 'CD2', 'residue': 'PHE', 'chain': 'B', 'num_residue': '25', 'x': '46.836', 'y': '35.503', 'z': '21.174', 'occupancy': '1.00', 'b-factor': '20.22', 'element': 'C'}, {'record': 'ATOM', 'atom_serial': '366', 'atom_name': 'CE1', 'residue': 'PHE', 'chain': 'B', 'num_residue': '25', 'x': '47.401', 'y': '33.556', 'z': '19.263', 'occupancy': '1.00', 'b-factor': '21.12', 'element': 'C'}, {'record': 'ATOM', 'atom_serial': '367', 'atom_name': 'CE2', 'residue': 'PHE', 'chain': 'B', 'num_residue': '25', 'x': '47.508', 'y': '34.331', 'z': '21.545', 'occupancy': '1.00', 'b-factor': '20.64', 'element': 'C'}, {'record': 'ATOM', 'atom_serial': '368', 'atom_name': 'CZ', 'residue': 'PHE', 'chain': 'B', 'num_residue': '25', 'x': '47.789', 'y': '33.360', 'z': '20.582', 'occupancy': '1.00', 'b-factor': '19.89', 'element': 'C'}, {'record': 'ATOM', 'atom_serial': '369', 'atom_name': 'N', 'residue': 'TYR', 'chain': 'B', 'num_residue': '26', 'x': '42.840', 'y': '36.750', 'z': '17.811', 'occupancy': '1.00', 'b-factor': '13.31', 'element': 'N'}, {'record': 'ATOM', 'atom_serial': '370', 'atom_name': 'CA', 'residue': 'TYR', 'chain': 'B', 'num_residue': '26', 'x': '42.064', 'y': '36.088', 'z': '16.786', 'occupancy': '1.00', 'b-factor': '14.17', 'element': 'C'}, {'record': 'ATOM', 'atom_serial': '371', 'atom_name': 'C', 'residue': 'TYR', 'chain': 'B', 'num_residue': '26', 'x': '42.810', 'y': '36.232', 'z': '15.471', 'occupancy': '1.00', 'b-factor': '15.35', 'element': 'C'}, {'record': 'ATOM', 'atom_serial': '372', 'atom_name': 'O', 'residue': 'TYR', 'chain': 'B', 'num_residue': '26', 'x': '42.919', 'y': '37.329', 'z': '14.919', 'occupancy': '1.00', 'b-factor': '14.82', 'element': 'O'}, {'record': 'ATOM', 'atom_serial': '373', 'atom_name': 'CB', 'residue': 'TYR', 'chain': 'B', 'num_residue': '26', 'x': '40.669', 'y': '36.712', 'z': '16.697', 'occupancy': '1.00', 'b-factor': '13.85', 'element': 'C'}, {'record': 'ATOM', 'atom_serial': '374', 'atom_name': 'CG', 'residue': 'TYR', 'chain': 'B', 'num_residue': '26', 'x': '39.824', 'y': '36.158', 'z': '15.579', 'occupancy': '1.00', 'b-factor': '14.17', 'element': 'C'}, {'record': 'ATOM', 'atom_serial': '375', 'atom_name': 'CD1', 'residue': 'TYR', 'chain': 'B', 'num_residue': '26', 'x': '39.504', 'y': '34.799', 'z': '15.529', 'occupancy': '1.00', 'b-factor': '14.37', 'element': 'C'}, {'record': 'ATOM', 'atom_serial': '376', 'atom_name': 'CD2', 'residue': 'TYR', 'chain': 'B', 'num_residue': '26', 'x': '39.335', 'y': '36.985', 'z': '14.569', 'occupancy': '1.00', 'b-factor': '14.38', 'element': 'C'}, {'record': 'ATOM', 'atom_serial': '377', 'atom_name': 'CE1', 'residue': 'TYR', 'chain': 'B', 'num_residue': '26', 'x': '38.724', 'y': '34.280', 'z': '14.503', 'occupancy': '1.00', 'b-factor': '15.71', 'element': 'C'}, {'record': 'ATOM', 'atom_serial': '378', 'atom_name': 'CE2', 'residue': 'TYR', 'chain': 'B', 'num_residue': '26', 'x': '38.558', 'y': '36.479', 'z': '13.549', 'occupancy': '1.00', 'b-factor': '14.39', 'element': 'C'}, {'record': 'ATOM', 'atom_serial': '379', 'atom_name': 'CZ', 'residue': 'TYR', 'chain': 'B', 'num_residue': '26', 'x': '38.250', 'y': '35.130', 'z': '13.516', 'occupancy': '1.00', 'b-factor': '15.05', 'element': 'C'}, {'record': 'ATOM', 'atom_serial': '380', 'atom_name': 'OH', 'residue': 'TYR', 'chain': 'B', 'num_residue': '26', 'x': '37.476', 'y': '34.621', 'z': '12.496', 'occupancy': '1.00', 'b-factor': '17.80', 'element': 'O'}, {'record': 'ATOM', 'atom_serial': '381', 'atom_name': 'N', 'residue': 'THR', 'chain': 'B', 'num_residue': '27', 'x': '43.340', 'y': '35.116', 'z': '14.984', 'occupancy': '1.00', 'b-factor': '16.26', 'element': 'N'}, {'record': 'ATOM', 'atom_serial': '382', 'atom_name': 'CA', 'residue': 'THR', 'chain': 'B', 'num_residue': '27', 'x': '44.214', 'y': '35.110', 'z': '13.817', 'occupancy': '1.00', 'b-factor': '17.93', 'element': 'C'}, {'record': 'ATOM', 'atom_serial': '383', 'atom_name': 'C', 'residue': 'THR', 'chain': 'B', 'num_residue': '27', 'x': '43.681', 'y': '34.112', 'z': '12.788', 'occupancy': '1.00', 'b-factor': '18.16', 'element': 'C'}, {'record': 'ATOM', 'atom_serial': '384', 'atom_name': 'O', 'residue': 'THR', 'chain': 'B', 'num_residue': '27', 'x': '44.216', 'y': '33.003', 'z': '12.670', 'occupancy': '1.00', 'b-factor': '18.88', 'element': 'O'}, {'record': 'ATOM', 'atom_serial': '385', 'atom_name': 'CB', 'residue': 'THR', 'chain': 'B', 'num_residue': '27', 'x': '45.674', 'y': '34.761', 'z': '14.217', 'occupancy': '1.00', 'b-factor': '18.54', 'element': 'C'}, {'record': 'ATOM', 'atom_serial': '386', 'atom_name': 'OG1', 'residue': 'THR', 'chain': 'B', 'num_residue': '27', 'x': '45.694', 'y': '33.529', 'z': '14.958', 'occupancy': '1.00', 'b-factor': '21.71', 'element': 'O'}, {'record': 'ATOM', 'atom_serial': '387', 'atom_name': 'CG2', 'residue': 'THR', 'chain': 'B', 'num_residue': '27', 'x': '46.257', 'y': '35.850', 'z': '15.090', 'occupancy': '1.00', 'b-factor': '19.52', 'element': 'C'}, {'record': 'ATOM', 'atom_serial': '388', 'atom_name': 'N', 'residue': 'PRO', 'chain': 'B', 'num_residue': '28', 'x': '42.619', 'y': '34.491', 'z': '12.055', 'occupancy': '1.00', 'b-factor': '18.18', 'element': 'N'}, {'record': 'ATOM', 'atom_serial': '389', 'atom_name': 'CA', 'residue': 'PRO', 'chain': 'B', 'num_residue': '28', 'x': '41.968', 'y': '33.584', 'z': '11.108', 'occupancy': '1.00', 'b-factor': '18.71', 'element': 'C'}, {'record': 'ATOM', 'atom_serial': '390', 'atom_name': 'C', 'residue': 'PRO', 'chain': 'B', 'num_residue': '28', 'x': '42.830', 'y': '33.197', 'z': '9.908', 'occupancy': '1.00', 'b-factor': '19.21', 'element': 'C'}, {'record': 'ATOM', 'atom_serial': '391', 'atom_name': 'O', 'residue': 'PRO', 'chain': 'B', 'num_residue': '28', 'x': '42.620', 'y': '32.111', 'z': '9.362', 'occupancy': '1.00', 'b-factor': '20.27', 'element': 'O'}, {'record': 'ATOM', 'atom_serial': '392', 'atom_name': 'CB', 'residue': 'PRO', 'chain': 'B', 'num_residue': '28', 'x': '40.728', 'y': '34.361', 'z': '10.660', 'occupancy': '1.00', 'b-factor': '18.86', 'element': 'C'}, {'record': 'ATOM', 'atom_serial': '393', 'atom_name': 'CG', 'residue': 'PRO', 'chain': 'B', 'num_residue': '28', 'x': '41.063', 'y': '35.791', 'z': '10.904', 'occupancy': '1.00', 'b-factor': '18.16', 'element': 'C'}, {'record': 'ATOM', 'atom_serial': '394', 'atom_name': 'CD', 'residue': 'PRO', 'chain': 'B', 'num_residue': '28', 'x': '41.944', 'y': '35.805', 'z': '12.107', 'occupancy': '1.00', 'b-factor': '17.60', 'element': 'C'}]
INFO:file_manager:Loading data from './Data/vdw.radii' ...
DEBUG:file_manager:{'type': 'ATOM', 'element': 'N', 'radius': '1.65', 'polarity': '1'}
DEBUG:file_manager:{'type': 'ATOM', 'element': 'CA', 'radius': '1.87', 'polarity': '0'}
DEBUG:file_manager:{'type': 'ATOM', 'element': 'C', 'radius': '1.76', 'polarity': '0'}
DEBUG:file_manager:{'type': 'ATOM', 'element': 'O', 'radius': '1.40', 'polarity': '1'}
DEBUG:file_manager:{'type': 'ATOM', 'element': 'CB', 'radius': '1.87', 'polarity': '0'}
DEBUG:file_manager:{'type': 'ATOM', 'element': 'N', 'radius': '1.65', 'polarity': '1'}
DEBUG:file_manager:{'type': 'ATOM', 'element': 'CA', 'radius': '1.87', 'polarity': '0'}
DEBUG:file_manager:{'type': 'ATOM', 'element': 'C', 'radius': '1.76', 'polarity': '0'}
DEBUG:file_manager:{'type': 'ATOM', 'element': 'O', 'radius': '1.40', 'polarity': '1'}
DEBUG:file_manager:{'type': 'ATOM', 'element': 'CB', 'radius': '1.87', 'polarity': '0'}
DEBUG:file_manager:{'type': 'ATOM', 'element': 'CG', 'radius': '1.87', 'polarity': '0'}
DEBUG:file_manager:{'type': 'ATOM', 'element': 'CD', 'radius': '1.87', 'polarity': '0'}
DEBUG:file_manager:{'type': 'ATOM', 'element': 'NE', 'radius': '1.65', 'polarity': '1'}
DEBUG:file_manager:{'type': 'ATOM', 'element': 'CZ', 'radius': '1.76', 'polarity': '0'}
DEBUG:file_manager:{'type': 'ATOM', 'element': 'NH1', 'radius': '1.65', 'polarity': '1'}
DEBUG:file_manager:{'type': 'ATOM', 'element': 'NH2', 'radius': '1.65', 'polarity': '1'}
DEBUG:file_manager:{'type': 'ATOM', 'element': 'N', 'radius': '1.65', 'polarity': '1'}
DEBUG:file_manager:{'type': 'ATOM', 'element': 'CA', 'radius': '1.87', 'polarity': '0'}
DEBUG:file_manager:{'type': 'ATOM', 'element': 'C', 'radius': '1.76', 'polarity': '0'}
DEBUG:file_manager:{'type': 'ATOM', 'element': 'O', 'radius': '1.40', 'polarity': '1'}
DEBUG:file_manager:{'type': 'ATOM', 'element': 'CB', 'radius': '1.87', 'polarity': '0'}
DEBUG:file_manager:{'type': 'ATOM', 'element': 'CG', 'radius': '1.76', 'polarity': '0'}
DEBUG:file_manager:{'type': 'ATOM', 'element': 'OD1', 'radius': '1.40', 'polarity': '1'}
DEBUG:file_manager:{'type': 'ATOM', 'element': 'OD2', 'radius': '1.40', 'polarity': '1'}
DEBUG:file_manager:{'type': 'ATOM', 'element': 'N', 'radius': '1.65', 'polarity': '1'}
DEBUG:file_manager:{'type': 'ATOM', 'element': 'CA', 'radius': '1.87', 'polarity': '0'}
DEBUG:file_manager:{'type': 'ATOM', 'element': 'C', 'radius': '1.76', 'polarity': '0'}
DEBUG:file_manager:{'type': 'ATOM', 'element': 'O', 'radius': '1.40', 'polarity': '1'}
DEBUG:file_manager:{'type': 'ATOM', 'element': 'CB', 'radius': '1.87', 'polarity': '0'}
DEBUG:file_manager:{'type': 'ATOM', 'element': 'CG', 'radius': '1.76', 'polarity': '0'}
DEBUG:file_manager:{'type': 'ATOM', 'element': 'OD1', 'radius': '1.40', 'polarity': '1'}
DEBUG:file_manager:{'type': 'ATOM', 'element': 'ND2', 'radius': '1.65', 'polarity': '1'}
DEBUG:file_manager:{'type': 'ATOM', 'element': 'N', 'radius': '1.65', 'polarity': '1'}
DEBUG:file_manager:{'type': 'ATOM', 'element': 'CA', 'radius': '1.87', 'polarity': '0'}
DEBUG:file_manager:{'type': 'ATOM', 'element': 'C', 'radius': '1.76', 'polarity': '0'}
DEBUG:file_manager:{'type': 'ATOM', 'element': 'O', 'radius': '1.40', 'polarity': '1'}
DEBUG:file_manager:{'type': 'ATOM', 'element': 'CB', 'radius': '1.87', 'polarity': '0'}
DEBUG:file_manager:{'type': 'ATOM', 'element': 'SG', 'radius': '1.85', 'polarity': '0'}
DEBUG:file_manager:{'type': 'ATOM', 'element': 'N', 'radius': '1.65', 'polarity': '1'}
DEBUG:file_manager:{'type': 'ATOM', 'element': 'CA', 'radius': '1.87', 'polarity': '0'}
DEBUG:file_manager:{'type': 'ATOM', 'element': 'C', 'radius': '1.76', 'polarity': '0'}
DEBUG:file_manager:{'type': 'ATOM', 'element': 'O', 'radius': '1.40', 'polarity': '1'}
DEBUG:file_manager:{'type': 'ATOM', 'element': 'CB', 'radius': '1.87', 'polarity': '0'}
DEBUG:file_manager:{'type': 'ATOM', 'element': 'CG', 'radius': '1.87', 'polarity': '0'}
DEBUG:file_manager:{'type': 'ATOM', 'element': 'CD', 'radius': '1.76', 'polarity': '0'}
DEBUG:file_manager:{'type': 'ATOM', 'element': 'OE1', 'radius': '1.40', 'polarity': '1'}
DEBUG:file_manager:{'type': 'ATOM', 'element': 'OE2', 'radius': '1.40', 'polarity': '1'}
DEBUG:file_manager:{'type': 'ATOM', 'element': 'N', 'radius': '1.65', 'polarity': '1'}
DEBUG:file_manager:{'type': 'ATOM', 'element': 'CA', 'radius': '1.87', 'polarity': '0'}
DEBUG:file_manager:{'type': 'ATOM', 'element': 'C', 'radius': '1.76', 'polarity': '0'}
DEBUG:file_manager:{'type': 'ATOM', 'element': 'O', 'radius': '1.40', 'polarity': '1'}
DEBUG:file_manager:{'type': 'ATOM', 'element': 'CB', 'radius': '1.87', 'polarity': '0'}
DEBUG:file_manager:{'type': 'ATOM', 'element': 'CG', 'radius': '1.87', 'polarity': '0'}
DEBUG:file_manager:{'type': 'ATOM', 'element': 'CD', 'radius': '1.76', 'polarity': '0'}
DEBUG:file_manager:{'type': 'ATOM', 'element': 'OE1', 'radius': '1.40', 'polarity': '1'}
DEBUG:file_manager:{'type': 'ATOM', 'element': 'NE2', 'radius': '1.65', 'polarity': '1'}
DEBUG:file_manager:{'type': 'ATOM', 'element': 'N', 'radius': '1.65', 'polarity': '1'}
DEBUG:file_manager:{'type': 'ATOM', 'element': 'CA', 'radius': '1.87', 'polarity': '0'}
DEBUG:file_manager:{'type': 'ATOM', 'element': 'C', 'radius': '1.76', 'polarity': '0'}
DEBUG:file_manager:{'type': 'ATOM', 'element': 'O', 'radius': '1.40', 'polarity': '1'}
DEBUG:file_manager:{'type': 'ATOM', 'element': 'N', 'radius': '1.65', 'polarity': '1'}
DEBUG:file_manager:{'type': 'ATOM', 'element': 'CA', 'radius': '1.87', 'polarity': '0'}
DEBUG:file_manager:{'type': 'ATOM', 'element': 'C', 'radius': '1.76', 'polarity': '0'}
DEBUG:file_manager:{'type': 'ATOM', 'element': 'O', 'radius': '1.40', 'polarity': '1'}
DEBUG:file_manager:{'type': 'ATOM', 'element': 'CB', 'radius': '1.87', 'polarity': '0'}
DEBUG:file_manager:{'type': 'ATOM', 'element': 'CG', 'radius': '1.76', 'polarity': '0'}
DEBUG:file_manager:{'type': 'ATOM', 'element': 'ND1', 'radius': '1.65', 'polarity': '1'}
DEBUG:file_manager:{'type': 'ATOM', 'element': 'CD2', 'radius': '1.76', 'polarity': '0'}
DEBUG:file_manager:{'type': 'ATOM', 'element': 'CE1', 'radius': '1.76', 'polarity': '0'}
DEBUG:file_manager:{'type': 'ATOM', 'element': 'NE2', 'radius': '1.65', 'polarity': '1'}
DEBUG:file_manager:{'type': 'ATOM', 'element': 'N', 'radius': '1.65', 'polarity': '1'}
DEBUG:file_manager:{'type': 'ATOM', 'element': 'CA', 'radius': '1.87', 'polarity': '0'}
DEBUG:file_manager:{'type': 'ATOM', 'element': 'C', 'radius': '1.76', 'polarity': '0'}
DEBUG:file_manager:{'type': 'ATOM', 'element': 'O', 'radius': '1.40', 'polarity': '1'}
DEBUG:file_manager:{'type': 'ATOM', 'element': 'CB', 'radius': '1.87', 'polarity': '0'}
DEBUG:file_manager:{'type': 'ATOM', 'element': 'CG1', 'radius': '1.87', 'polarity': '0'}
DEBUG:file_manager:{'type': 'ATOM', 'element': 'CG2', 'radius': '1.87', 'polarity': '0'}
DEBUG:file_manager:{'type': 'ATOM', 'element': 'CD1', 'radius': '1.87', 'polarity': '0'}
DEBUG:file_manager:{'type': 'ATOM', 'element': 'N', 'radius': '1.65', 'polarity': '1'}
DEBUG:file_manager:{'type': 'ATOM', 'element': 'CA', 'radius': '1.87', 'polarity': '0'}
DEBUG:file_manager:{'type': 'ATOM', 'element': 'C', 'radius': '1.76', 'polarity': '0'}
DEBUG:file_manager:{'type': 'ATOM', 'element': 'O', 'radius': '1.40', 'polarity': '1'}
DEBUG:file_manager:{'type': 'ATOM', 'element': 'CB', 'radius': '1.87', 'polarity': '0'}
DEBUG:file_manager:{'type': 'ATOM', 'element': 'CG', 'radius': '1.87', 'polarity': '0'}
DEBUG:file_manager:{'type': 'ATOM', 'element': 'CD1', 'radius': '1.87', 'polarity': '0'}
DEBUG:file_manager:{'type': 'ATOM', 'element': 'CD2', 'radius': '1.87', 'polarity': '0'}
DEBUG:file_manager:{'type': 'ATOM', 'element': 'N', 'radius': '1.65', 'polarity': '1'}
DEBUG:file_manager:{'type': 'ATOM', 'element': 'CA', 'radius': '1.87', 'polarity': '0'}
DEBUG:file_manager:{'type': 'ATOM', 'element': 'C', 'radius': '1.76', 'polarity': '0'}
DEBUG:file_manager:{'type': 'ATOM', 'element': 'O', 'radius': '1.40', 'polarity': '1'}
DEBUG:file_manager:{'type': 'ATOM', 'element': 'CB', 'radius': '1.87', 'polarity': '0'}
DEBUG:file_manager:{'type': 'ATOM', 'element': 'CG', 'radius': '1.87', 'polarity': '0'}
DEBUG:file_manager:{'type': 'ATOM', 'element': 'CD', 'radius': '1.87', 'polarity': '0'}
DEBUG:file_manager:{'type': 'ATOM', 'element': 'CE', 'radius': '1.87', 'polarity': '0'}
DEBUG:file_manager:{'type': 'ATOM', 'element': 'NZ', 'radius': '1.50', 'polarity': '1'}
DEBUG:file_manager:{'type': 'ATOM', 'element': 'N', 'radius': '1.65', 'polarity': '1'}
DEBUG:file_manager:{'type': 'ATOM', 'element': 'CA', 'radius': '1.87', 'polarity': '0'}
DEBUG:file_manager:{'type': 'ATOM', 'element': 'C', 'radius': '1.76', 'polarity': '0'}
DEBUG:file_manager:{'type': 'ATOM', 'element': 'O', 'radius': '1.40', 'polarity': '1'}
DEBUG:file_manager:{'type': 'ATOM', 'element': 'CB', 'radius': '1.87', 'polarity': '0'}
DEBUG:file_manager:{'type': 'ATOM', 'element': 'CG', 'radius': '1.87', 'polarity': '0'}
DEBUG:file_manager:{'type': 'ATOM', 'element': 'SD', 'radius': '1.85', 'polarity': '0'}
DEBUG:file_manager:{'type': 'ATOM', 'element': 'CE', 'radius': '1.87', 'polarity': '0'}
DEBUG:file_manager:{'type': 'ATOM', 'element': 'N', 'radius': '1.65', 'polarity': '1'}
DEBUG:file_manager:{'type': 'ATOM', 'element': 'CA', 'radius': '1.87', 'polarity': '0'}
DEBUG:file_manager:{'type': 'ATOM', 'element': 'C', 'radius': '1.76', 'polarity': '0'}
DEBUG:file_manager:{'type': 'ATOM', 'element': 'O', 'radius': '1.40', 'polarity': '1'}
DEBUG:file_manager:{'type': 'ATOM', 'element': 'CB', 'radius': '1.87', 'polarity': '0'}
DEBUG:file_manager:{'type': 'ATOM', 'element': 'CG', 'radius': '1.76', 'polarity': '0'}
DEBUG:file_manager:{'type': 'ATOM', 'element': 'CD1', 'radius': '1.76', 'polarity': '0'}
DEBUG:file_manager:{'type': 'ATOM', 'element': 'CD2', 'radius': '1.76', 'polarity': '0'}
DEBUG:file_manager:{'type': 'ATOM', 'element': 'CE1', 'radius': '1.76', 'polarity': '0'}
DEBUG:file_manager:{'type': 'ATOM', 'element': 'CE2', 'radius': '1.76', 'polarity': '0'}
DEBUG:file_manager:{'type': 'ATOM', 'element': 'CZ', 'radius': '1.76', 'polarity': '0'}
DEBUG:file_manager:{'type': 'ATOM', 'element': 'N', 'radius': '1.65', 'polarity': '1'}
DEBUG:file_manager:{'type': 'ATOM', 'element': 'CA', 'radius': '1.87', 'polarity': '0'}
DEBUG:file_manager:{'type': 'ATOM', 'element': 'C', 'radius': '1.76', 'polarity': '0'}
DEBUG:file_manager:{'type': 'ATOM', 'element': 'O', 'radius': '1.40', 'polarity': '1'}
DEBUG:file_manager:{'type': 'ATOM', 'element': 'CB', 'radius': '1.87', 'polarity': '0'}
DEBUG:file_manager:{'type': 'ATOM', 'element': 'CG', 'radius': '1.87', 'polarity': '0'}
DEBUG:file_manager:{'type': 'ATOM', 'element': 'CD', 'radius': '1.87', 'polarity': '0'}
DEBUG:file_manager:{'type': 'ATOM', 'element': 'N', 'radius': '1.65', 'polarity': '1'}
DEBUG:file_manager:{'type': 'ATOM', 'element': 'CA', 'radius': '1.87', 'polarity': '0'}
DEBUG:file_manager:{'type': 'ATOM', 'element': 'C', 'radius': '1.76', 'polarity': '0'}
DEBUG:file_manager:{'type': 'ATOM', 'element': 'O', 'radius': '1.40', 'polarity': '1'}
DEBUG:file_manager:{'type': 'ATOM', 'element': 'CB', 'radius': '1.87', 'polarity': '0'}
DEBUG:file_manager:{'type': 'ATOM', 'element': 'OG', 'radius': '1.40', 'polarity': '1'}
DEBUG:file_manager:{'type': 'ATOM', 'element': 'N', 'radius': '1.65', 'polarity': '1'}
DEBUG:file_manager:{'type': 'ATOM', 'element': 'CA', 'radius': '1.87', 'polarity': '0'}
DEBUG:file_manager:{'type': 'ATOM', 'element': 'C', 'radius': '1.76', 'polarity': '0'}
DEBUG:file_manager:{'type': 'ATOM', 'element': 'O', 'radius': '1.40', 'polarity': '1'}
DEBUG:file_manager:{'type': 'ATOM', 'element': 'CB', 'radius': '1.87', 'polarity': '0'}
DEBUG:file_manager:{'type': 'ATOM', 'element': 'OG1', 'radius': '1.40', 'polarity': '1'}
DEBUG:file_manager:{'type': 'ATOM', 'element': 'CG2', 'radius': '1.87', 'polarity': '0'}
DEBUG:file_manager:{'type': 'ATOM', 'element': 'N', 'radius': '1.65', 'polarity': '1'}
DEBUG:file_manager:{'type': 'ATOM', 'element': 'CA', 'radius': '1.87', 'polarity': '0'}
DEBUG:file_manager:{'type': 'ATOM', 'element': 'C', 'radius': '1.76', 'polarity': '0'}
DEBUG:file_manager:{'type': 'ATOM', 'element': 'O', 'radius': '1.40', 'polarity': '1'}
DEBUG:file_manager:{'type': 'ATOM', 'element': 'CB', 'radius': '1.87', 'polarity': '0'}
DEBUG:file_manager:{'type': 'ATOM', 'element': 'CG', 'radius': '1.76', 'polarity': '0'}
DEBUG:file_manager:{'type': 'ATOM', 'element': 'CD1', 'radius': '1.76', 'polarity': '0'}
DEBUG:file_manager:{'type': 'ATOM', 'element': 'CD2', 'radius': '1.76', 'polarity': '0'}
DEBUG:file_manager:{'type': 'ATOM', 'element': 'NE1', 'radius': '1.65', 'polarity': '1'}
DEBUG:file_manager:{'type': 'ATOM', 'element': 'CE2', 'radius': '1.76', 'polarity': '0'}
DEBUG:file_manager:{'type': 'ATOM', 'element': 'CE3', 'radius': '1.76', 'polarity': '0'}
DEBUG:file_manager:{'type': 'ATOM', 'element': 'CZ2', 'radius': '1.76', 'polarity': '0'}
DEBUG:file_manager:{'type': 'ATOM', 'element': 'CZ3', 'radius': '1.76', 'polarity': '0'}
DEBUG:file_manager:{'type': 'ATOM', 'element': 'CH2', 'radius': '1.76', 'polarity': '0'}
DEBUG:file_manager:{'type': 'ATOM', 'element': 'N', 'radius': '1.65', 'polarity': '1'}
DEBUG:file_manager:{'type': 'ATOM', 'element': 'CA', 'radius': '1.87', 'polarity': '0'}
DEBUG:file_manager:{'type': 'ATOM', 'element': 'C', 'radius': '1.76', 'polarity': '0'}
DEBUG:file_manager:{'type': 'ATOM', 'element': 'O', 'radius': '1.40', 'polarity': '1'}
DEBUG:file_manager:{'type': 'ATOM', 'element': 'CB', 'radius': '1.87', 'polarity': '0'}
DEBUG:file_manager:{'type': 'ATOM', 'element': 'CG', 'radius': '1.76', 'polarity': '0'}
DEBUG:file_manager:{'type': 'ATOM', 'element': 'CD1', 'radius': '1.76', 'polarity': '0'}
DEBUG:file_manager:{'type': 'ATOM', 'element': 'CD2', 'radius': '1.76', 'polarity': '0'}
DEBUG:file_manager:{'type': 'ATOM', 'element': 'CE1', 'radius': '1.76', 'polarity': '0'}
DEBUG:file_manager:{'type': 'ATOM', 'element': 'CE2', 'radius': '1.76', 'polarity': '0'}
DEBUG:file_manager:{'type': 'ATOM', 'element': 'CZ', 'radius': '1.76', 'polarity': '0'}
DEBUG:file_manager:{'type': 'ATOM', 'element': 'OH', 'radius': '1.40', 'polarity': '1'}
DEBUG:file_manager:{'type': 'ATOM', 'element': 'N', 'radius': '1.65', 'polarity': '1'}
DEBUG:file_manager:{'type': 'ATOM', 'element': 'CA', 'radius': '1.87', 'polarity': '0'}
DEBUG:file_manager:{'type': 'ATOM', 'element': 'C', 'radius': '1.76', 'polarity': '0'}
DEBUG:file_manager:{'type': 'ATOM', 'element': 'O', 'radius': '1.40', 'polarity': '1'}
DEBUG:file_manager:{'type': 'ATOM', 'element': 'CB', 'radius': '1.87', 'polarity': '0'}
DEBUG:file_manager:{'type': 'ATOM', 'element': 'CG1', 'radius': '1.87', 'polarity': '0'}
DEBUG:file_manager:{'type': 'ATOM', 'element': 'CG2', 'radius': '1.87', 'polarity': '0'}
DEBUG:file_manager:{'type': 'ATOM', 'element': 'N', 'radius': '1.65', 'polarity': '1'}
DEBUG:file_manager:{'type': 'ATOM', 'element': 'CA', 'radius': '1.87', 'polarity': '0'}
DEBUG:file_manager:{'type': 'ATOM', 'element': 'C', 'radius': '1.76', 'polarity': '0'}
DEBUG:file_manager:{'type': 'ATOM', 'element': 'O', 'radius': '1.40', 'polarity': '1'}
DEBUG:file_manager:{'type': 'ATOM', 'element': 'CB', 'radius': '1.87', 'polarity': '0'}
DEBUG:file_manager:{'type': 'ATOM', 'element': 'CG', 'radius': '1.76', 'polarity': '0'}
DEBUG:file_manager:{'type': 'ATOM', 'element': 'AD1', 'radius': '1.50', 'polarity': '0'}
DEBUG:file_manager:{'type': 'ATOM', 'element': 'AD2', 'radius': '1.50', 'polarity': '0'}
DEBUG:file_manager:{'type': 'ATOM', 'element': 'N', 'radius': '1.65', 'polarity': '1'}
DEBUG:file_manager:{'type': 'ATOM', 'element': 'CA', 'radius': '1.87', 'polarity': '0'}
DEBUG:file_manager:{'type': 'ATOM', 'element': 'C', 'radius': '1.76', 'polarity': '0'}
DEBUG:file_manager:{'type': 'ATOM', 'element': 'O', 'radius': '1.40', 'polarity': '1'}
DEBUG:file_manager:{'type': 'ATOM', 'element': 'CB', 'radius': '1.87', 'polarity': '0'}
DEBUG:file_manager:{'type': 'ATOM', 'element': 'CG', 'radius': '1.76', 'polarity': '0'}
DEBUG:file_manager:{'type': 'ATOM', 'element': 'CD', 'radius': '1.87', 'polarity': '0'}
DEBUG:file_manager:{'type': 'ATOM', 'element': 'AE1', 'radius': '1.50', 'polarity': '0'}
DEBUG:file_manager:{'type': 'ATOM', 'element': 'AE2', 'radius': '1.50', 'polarity': '0'}
DEBUG:file_manager:{'type': 'ATOM', 'element': 'C', 'radius': '1.76', 'polarity': '0'}
DEBUG:file_manager:{'type': 'ATOM', 'element': 'O', 'radius': '1.40', 'polarity': '1'}
DEBUG:file_manager:{'type': 'ATOM', 'element': 'CH3', 'radius': '1.87', 'polarity': '0'}
DEBUG:file_manager:{'type': 'ATOM', 'element': 'P', 'radius': '1.90', 'polarity': '0'}
DEBUG:file_manager:{'type': 'ATOM', 'element': 'O1P', 'radius': '1.40', 'polarity': '1'}
DEBUG:file_manager:{'type': 'ATOM', 'element': 'O2P', 'radius': '1.40', 'polarity': '1'}
DEBUG:file_manager:{'type': 'ATOM', 'element': 'O5*', 'radius': '1.40', 'polarity': '1'}
DEBUG:file_manager:{'type': 'ATOM', 'element': 'C5*', 'radius': '1.80', 'polarity': '0'}
DEBUG:file_manager:{'type': 'ATOM', 'element': 'C4*', 'radius': '1.80', 'polarity': '0'}
DEBUG:file_manager:{'type': 'ATOM', 'element': 'O4*', 'radius': '1.40', 'polarity': '1'}
DEBUG:file_manager:{'type': 'ATOM', 'element': 'C3*', 'radius': '1.80', 'polarity': '0'}
DEBUG:file_manager:{'type': 'ATOM', 'element': 'O3*', 'radius': '1.40', 'polarity': '1'}
DEBUG:file_manager:{'type': 'ATOM', 'element': 'C2*', 'radius': '1.80', 'polarity': '0'}
DEBUG:file_manager:{'type': 'ATOM', 'element': 'C1*', 'radius': '1.80', 'polarity': '0'}
DEBUG:file_manager:{'type': 'ATOM', 'element': 'N9', 'radius': '1.60', 'polarity': '1'}
DEBUG:file_manager:{'type': 'ATOM', 'element': 'C8', 'radius': '1.80', 'polarity': '0'}
DEBUG:file_manager:{'type': 'ATOM', 'element': 'N7', 'radius': '1.60', 'polarity': '1'}
DEBUG:file_manager:{'type': 'ATOM', 'element': 'C5', 'radius': '1.80', 'polarity': '0'}
DEBUG:file_manager:{'type': 'ATOM', 'element': 'C6', 'radius': '1.80', 'polarity': '0'}
DEBUG:file_manager:{'type': 'ATOM', 'element': 'N6', 'radius': '1.60', 'polarity': '1'}
DEBUG:file_manager:{'type': 'ATOM', 'element': 'N1', 'radius': '1.60', 'polarity': '1'}
DEBUG:file_manager:{'type': 'ATOM', 'element': 'C2', 'radius': '1.80', 'polarity': '0'}
DEBUG:file_manager:{'type': 'ATOM', 'element': 'N3', 'radius': '1.60', 'polarity': '1'}
DEBUG:file_manager:{'type': 'ATOM', 'element': 'C4', 'radius': '1.80', 'polarity': '0'}
DEBUG:file_manager:{'type': 'ATOM', 'element': 'P', 'radius': '1.90', 'polarity': '0'}
DEBUG:file_manager:{'type': 'ATOM', 'element': 'O1P', 'radius': '1.40', 'polarity': '1'}
DEBUG:file_manager:{'type': 'ATOM', 'element': 'O2P', 'radius': '1.40', 'polarity': '1'}
DEBUG:file_manager:{'type': 'ATOM', 'element': 'O5*', 'radius': '1.40', 'polarity': '1'}
DEBUG:file_manager:{'type': 'ATOM', 'element': 'C5*', 'radius': '1.80', 'polarity': '0'}
DEBUG:file_manager:{'type': 'ATOM', 'element': 'C4*', 'radius': '1.80', 'polarity': '0'}
DEBUG:file_manager:{'type': 'ATOM', 'element': 'O4*', 'radius': '1.40', 'polarity': '1'}
DEBUG:file_manager:{'type': 'ATOM', 'element': 'C3*', 'radius': '1.80', 'polarity': '0'}
DEBUG:file_manager:{'type': 'ATOM', 'element': 'O3*', 'radius': '1.40', 'polarity': '1'}
DEBUG:file_manager:{'type': 'ATOM', 'element': 'C2*', 'radius': '1.80', 'polarity': '0'}
DEBUG:file_manager:{'type': 'ATOM', 'element': 'C1*', 'radius': '1.80', 'polarity': '0'}
DEBUG:file_manager:{'type': 'ATOM', 'element': 'N1', 'radius': '1.60', 'polarity': '1'}
DEBUG:file_manager:{'type': 'ATOM', 'element': 'C2', 'radius': '1.80', 'polarity': '0'}
DEBUG:file_manager:{'type': 'ATOM', 'element': 'O2', 'radius': '1.40', 'polarity': '1'}
DEBUG:file_manager:{'type': 'ATOM', 'element': 'N3', 'radius': '1.60', 'polarity': '1'}
DEBUG:file_manager:{'type': 'ATOM', 'element': 'C4', 'radius': '1.80', 'polarity': '0'}
DEBUG:file_manager:{'type': 'ATOM', 'element': 'N4', 'radius': '1.60', 'polarity': '1'}
DEBUG:file_manager:{'type': 'ATOM', 'element': 'C5', 'radius': '1.80', 'polarity': '0'}
DEBUG:file_manager:{'type': 'ATOM', 'element': 'C6', 'radius': '1.80', 'polarity': '0'}
DEBUG:file_manager:{'type': 'ATOM', 'element': 'P', 'radius': '1.90', 'polarity': '0'}
DEBUG:file_manager:{'type': 'ATOM', 'element': 'O1P', 'radius': '1.40', 'polarity': '1'}
DEBUG:file_manager:{'type': 'ATOM', 'element': 'O2P', 'radius': '1.40', 'polarity': '1'}
DEBUG:file_manager:{'type': 'ATOM', 'element': 'O5*', 'radius': '1.40', 'polarity': '1'}
DEBUG:file_manager:{'type': 'ATOM', 'element': 'C5*', 'radius': '1.80', 'polarity': '0'}
DEBUG:file_manager:{'type': 'ATOM', 'element': 'C4*', 'radius': '1.80', 'polarity': '0'}
DEBUG:file_manager:{'type': 'ATOM', 'element': 'O4*', 'radius': '1.40', 'polarity': '1'}
DEBUG:file_manager:{'type': 'ATOM', 'element': 'C3*', 'radius': '1.80', 'polarity': '0'}
DEBUG:file_manager:{'type': 'ATOM', 'element': 'O3*', 'radius': '1.40', 'polarity': '1'}
DEBUG:file_manager:{'type': 'ATOM', 'element': 'C2*', 'radius': '1.80', 'polarity': '0'}
DEBUG:file_manager:{'type': 'ATOM', 'element': 'C1*', 'radius': '1.80', 'polarity': '0'}
DEBUG:file_manager:{'type': 'ATOM', 'element': 'N9', 'radius': '1.60', 'polarity': '1'}
DEBUG:file_manager:{'type': 'ATOM', 'element': 'C8', 'radius': '1.80', 'polarity': '0'}
DEBUG:file_manager:{'type': 'ATOM', 'element': 'N7', 'radius': '1.60', 'polarity': '1'}
DEBUG:file_manager:{'type': 'ATOM', 'element': 'C5', 'radius': '1.80', 'polarity': '0'}
DEBUG:file_manager:{'type': 'ATOM', 'element': 'C6', 'radius': '1.80', 'polarity': '0'}
DEBUG:file_manager:{'type': 'ATOM', 'element': 'O6', 'radius': '1.40', 'polarity': '1'}
DEBUG:file_manager:{'type': 'ATOM', 'element': 'N1', 'radius': '1.60', 'polarity': '1'}
DEBUG:file_manager:{'type': 'ATOM', 'element': 'C2', 'radius': '1.80', 'polarity': '0'}
DEBUG:file_manager:{'type': 'ATOM', 'element': 'N2', 'radius': '1.60', 'polarity': '1'}
DEBUG:file_manager:{'type': 'ATOM', 'element': 'N3', 'radius': '1.60', 'polarity': '1'}
DEBUG:file_manager:{'type': 'ATOM', 'element': 'C4', 'radius': '1.80', 'polarity': '0'}
DEBUG:file_manager:{'type': 'ATOM', 'element': 'P', 'radius': '1.90', 'polarity': '0'}
DEBUG:file_manager:{'type': 'ATOM', 'element': 'O1P', 'radius': '1.40', 'polarity': '1'}
DEBUG:file_manager:{'type': 'ATOM', 'element': 'O2P', 'radius': '1.40', 'polarity': '1'}
DEBUG:file_manager:{'type': 'ATOM', 'element': 'O5*', 'radius': '1.40', 'polarity': '1'}
DEBUG:file_manager:{'type': 'ATOM', 'element': 'C5*', 'radius': '1.80', 'polarity': '0'}
DEBUG:file_manager:{'type': 'ATOM', 'element': 'C4*', 'radius': '1.80', 'polarity': '0'}
DEBUG:file_manager:{'type': 'ATOM', 'element': 'O4*', 'radius': '1.40', 'polarity': '1'}
DEBUG:file_manager:{'type': 'ATOM', 'element': 'C3*', 'radius': '1.80', 'polarity': '0'}
DEBUG:file_manager:{'type': 'ATOM', 'element': 'O3*', 'radius': '1.40', 'polarity': '1'}
DEBUG:file_manager:{'type': 'ATOM', 'element': 'C2*', 'radius': '1.80', 'polarity': '0'}
DEBUG:file_manager:{'type': 'ATOM', 'element': 'C1*', 'radius': '1.80', 'polarity': '0'}
DEBUG:file_manager:{'type': 'ATOM', 'element': 'N1', 'radius': '1.60', 'polarity': '1'}
DEBUG:file_manager:{'type': 'ATOM', 'element': 'C2', 'radius': '1.80', 'polarity': '0'}
DEBUG:file_manager:{'type': 'ATOM', 'element': 'O2', 'radius': '1.40', 'polarity': '1'}
DEBUG:file_manager:{'type': 'ATOM', 'element': 'N3', 'radius': '1.60', 'polarity': '1'}
DEBUG:file_manager:{'type': 'ATOM', 'element': 'C4', 'radius': '1.80', 'polarity': '0'}
DEBUG:file_manager:{'type': 'ATOM', 'element': 'O4', 'radius': '1.40', 'polarity': '1'}
DEBUG:file_manager:{'type': 'ATOM', 'element': 'C5', 'radius': '1.80', 'polarity': '0'}
DEBUG:file_manager:{'type': 'ATOM', 'element': 'C5M', 'radius': '1.80', 'polarity': '0'}
DEBUG:file_manager:{'type': 'ATOM', 'element': 'C6', 'radius': '1.80', 'polarity': '0'}
DEBUG:file_manager:{'type': 'ATOM', 'element': 'P', 'radius': '1.90', 'polarity': '0'}
DEBUG:file_manager:{'type': 'ATOM', 'element': 'O1P', 'radius': '1.40', 'polarity': '1'}
DEBUG:file_manager:{'type': 'ATOM', 'element': 'O2P', 'radius': '1.40', 'polarity': '1'}
DEBUG:file_manager:{'type': 'ATOM', 'element': 'O5*', 'radius': '1.40', 'polarity': '1'}
DEBUG:file_manager:{'type': 'ATOM', 'element': 'C5*', 'radius': '1.80', 'polarity': '0'}
DEBUG:file_manager:{'type': 'ATOM', 'element': 'C4*', 'radius': '1.80', 'polarity': '0'}
DEBUG:file_manager:{'type': 'ATOM', 'element': 'O4*', 'radius': '1.40', 'polarity': '1'}
DEBUG:file_manager:{'type': 'ATOM', 'element': 'C3*', 'radius': '1.80', 'polarity': '0'}
DEBUG:file_manager:{'type': 'ATOM', 'element': 'O3*', 'radius': '1.40', 'polarity': '1'}
DEBUG:file_manager:{'type': 'ATOM', 'element': 'C2*', 'radius': '1.80', 'polarity': '0'}
DEBUG:file_manager:{'type': 'ATOM', 'element': 'O2*', 'radius': '1.40', 'polarity': '1'}
DEBUG:file_manager:{'type': 'ATOM', 'element': 'C1*', 'radius': '1.80', 'polarity': '0'}
DEBUG:file_manager:{'type': 'ATOM', 'element': 'N1', 'radius': '1.60', 'polarity': '1'}
DEBUG:file_manager:{'type': 'ATOM', 'element': 'C2', 'radius': '1.80', 'polarity': '0'}
DEBUG:file_manager:{'type': 'ATOM', 'element': 'O2', 'radius': '1.40', 'polarity': '1'}
DEBUG:file_manager:{'type': 'ATOM', 'element': 'N3', 'radius': '1.60', 'polarity': '1'}
DEBUG:file_manager:{'type': 'ATOM', 'element': 'C4', 'radius': '1.80', 'polarity': '0'}
DEBUG:file_manager:{'type': 'ATOM', 'element': 'O4', 'radius': '1.40', 'polarity': '1'}
DEBUG:file_manager:{'type': 'ATOM', 'element': 'C5', 'radius': '1.80', 'polarity': '0'}
DEBUG:file_manager:{'type': 'ATOM', 'element': 'C6', 'radius': '1.80', 'polarity': '0'}
DEBUG:file_manager:{'type': 'ATOM', 'element': 'P', 'radius': '1.90', 'polarity': '0'}
DEBUG:file_manager:{'type': 'ATOM', 'element': 'O1P', 'radius': '1.40', 'polarity': '1'}
DEBUG:file_manager:{'type': 'ATOM', 'element': 'O2P', 'radius': '1.40', 'polarity': '1'}
DEBUG:file_manager:{'type': 'ATOM', 'element': 'O5*', 'radius': '1.40', 'polarity': '1'}
DEBUG:file_manager:{'type': 'ATOM', 'element': 'C5*', 'radius': '1.80', 'polarity': '0'}
DEBUG:file_manager:{'type': 'ATOM', 'element': 'C4*', 'radius': '1.80', 'polarity': '0'}
DEBUG:file_manager:{'type': 'ATOM', 'element': 'O4*', 'radius': '1.40', 'polarity': '1'}
DEBUG:file_manager:{'type': 'ATOM', 'element': 'C3*', 'radius': '1.80', 'polarity': '0'}
DEBUG:file_manager:{'type': 'ATOM', 'element': 'O3*', 'radius': '1.40', 'polarity': '1'}
DEBUG:file_manager:{'type': 'ATOM', 'element': 'C2*', 'radius': '1.80', 'polarity': '0'}
DEBUG:file_manager:{'type': 'ATOM', 'element': 'O2*', 'radius': '1.40', 'polarity': '1'}
DEBUG:file_manager:{'type': 'ATOM', 'element': 'C1*', 'radius': '1.80', 'polarity': '0'}
DEBUG:file_manager:{'type': 'ATOM', 'element': 'N9', 'radius': '1.60', 'polarity': '1'}
DEBUG:file_manager:{'type': 'ATOM', 'element': 'C8', 'radius': '1.80', 'polarity': '0'}
DEBUG:file_manager:{'type': 'ATOM', 'element': 'N7', 'radius': '1.60', 'polarity': '1'}
DEBUG:file_manager:{'type': 'ATOM', 'element': 'C5', 'radius': '1.80', 'polarity': '0'}
DEBUG:file_manager:{'type': 'ATOM', 'element': 'C6', 'radius': '1.80', 'polarity': '0'}
DEBUG:file_manager:{'type': 'ATOM', 'element': 'O6', 'radius': '1.40', 'polarity': '1'}
DEBUG:file_manager:{'type': 'ATOM', 'element': 'N1', 'radius': '1.60', 'polarity': '1'}
DEBUG:file_manager:{'type': 'ATOM', 'element': 'C2', 'radius': '1.80', 'polarity': '0'}
DEBUG:file_manager:{'type': 'ATOM', 'element': 'N2', 'radius': '1.60', 'polarity': '1'}
DEBUG:file_manager:{'type': 'ATOM', 'element': 'C2A', 'radius': '1.80', 'polarity': '0'}
DEBUG:file_manager:{'type': 'ATOM', 'element': 'N3', 'radius': '1.60', 'polarity': '1'}
DEBUG:file_manager:{'type': 'ATOM', 'element': 'C4', 'radius': '1.80', 'polarity': '0'}
DEBUG:file_manager:{'type': 'ATOM', 'element': 'P', 'radius': '1.90', 'polarity': '0'}
DEBUG:file_manager:{'type': 'ATOM', 'element': 'O1P', 'radius': '1.40', 'polarity': '1'}
DEBUG:file_manager:{'type': 'ATOM', 'element': 'O2P', 'radius': '1.40', 'polarity': '1'}
DEBUG:file_manager:{'type': 'ATOM', 'element': 'O5*', 'radius': '1.40', 'polarity': '1'}
DEBUG:file_manager:{'type': 'ATOM', 'element': 'C5*', 'radius': '1.80', 'polarity': '0'}
DEBUG:file_manager:{'type': 'ATOM', 'element': 'C4*', 'radius': '1.80', 'polarity': '0'}
DEBUG:file_manager:{'type': 'ATOM', 'element': 'O4*', 'radius': '1.40', 'polarity': '1'}
DEBUG:file_manager:{'type': 'ATOM', 'element': 'C3*', 'radius': '1.80', 'polarity': '0'}
DEBUG:file_manager:{'type': 'ATOM', 'element': 'O3*', 'radius': '1.40', 'polarity': '1'}
DEBUG:file_manager:{'type': 'ATOM', 'element': 'C2*', 'radius': '1.80', 'polarity': '0'}
DEBUG:file_manager:{'type': 'ATOM', 'element': 'O2*', 'radius': '1.40', 'polarity': '1'}
DEBUG:file_manager:{'type': 'ATOM', 'element': 'C1*', 'radius': '1.80', 'polarity': '0'}
DEBUG:file_manager:{'type': 'ATOM', 'element': 'N1', 'radius': '1.60', 'polarity': '1'}
DEBUG:file_manager:{'type': 'ATOM', 'element': 'C2', 'radius': '1.80', 'polarity': '0'}
DEBUG:file_manager:{'type': 'ATOM', 'element': 'O2', 'radius': '1.40', 'polarity': '1'}
DEBUG:file_manager:{'type': 'ATOM', 'element': 'N3', 'radius': '1.60', 'polarity': '1'}
DEBUG:file_manager:{'type': 'ATOM', 'element': 'C4', 'radius': '1.80', 'polarity': '0'}
DEBUG:file_manager:{'type': 'ATOM', 'element': 'O4', 'radius': '1.40', 'polarity': '1'}
DEBUG:file_manager:{'type': 'ATOM', 'element': 'C5', 'radius': '1.80', 'polarity': '0'}
DEBUG:file_manager:{'type': 'ATOM', 'element': 'C6', 'radius': '1.80', 'polarity': '0'}
DEBUG:file_manager:{'type': 'ATOM', 'element': 'FE', 'radius': '1.47', 'polarity': '0'}
DEBUG:file_manager:{'type': 'ATOM', 'element': 'CHA', 'radius': '2.00', 'polarity': '0'}
DEBUG:file_manager:{'type': 'ATOM', 'element': 'CHB', 'radius': '2.00', 'polarity': '0'}
DEBUG:file_manager:{'type': 'ATOM', 'element': 'CHC', 'radius': '2.00', 'polarity': '0'}
DEBUG:file_manager:{'type': 'ATOM', 'element': 'CHD', 'radius': '2.00', 'polarity': '0'}
WARNING:file_manager:Invalid structure. ATOM  N A 1.55 1 

DEBUG:file_manager:{'type': 'ATOM', 'element': 'C1A', 'radius': '1.78', 'polarity': '0'}
DEBUG:file_manager:{'type': 'ATOM', 'element': 'C2A', 'radius': '1.78', 'polarity': '0'}
DEBUG:file_manager:{'type': 'ATOM', 'element': 'C3A', 'radius': '1.78', 'polarity': '0'}
DEBUG:file_manager:{'type': 'ATOM', 'element': 'C4A', 'radius': '1.78', 'polarity': '0'}
DEBUG:file_manager:{'type': 'ATOM', 'element': 'CMA', 'radius': '1.90', 'polarity': '0'}
DEBUG:file_manager:{'type': 'ATOM', 'element': 'CAA', 'radius': '1.90', 'polarity': '0'}
DEBUG:file_manager:{'type': 'ATOM', 'element': 'CBA', 'radius': '1.90', 'polarity': '0'}
DEBUG:file_manager:{'type': 'ATOM', 'element': 'CGA', 'radius': '1.90', 'polarity': '0'}
WARNING:file_manager:Invalid structure. ATOM  N B 1.55 1 

DEBUG:file_manager:{'type': 'ATOM', 'element': 'C1B', 'radius': '1.78', 'polarity': '0'}
DEBUG:file_manager:{'type': 'ATOM', 'element': 'C2B', 'radius': '1.78', 'polarity': '0'}
DEBUG:file_manager:{'type': 'ATOM', 'element': 'C3B', 'radius': '1.78', 'polarity': '0'}
DEBUG:file_manager:{'type': 'ATOM', 'element': 'C4B', 'radius': '1.78', 'polarity': '0'}
DEBUG:file_manager:{'type': 'ATOM', 'element': 'CMB', 'radius': '1.90', 'polarity': '0'}
DEBUG:file_manager:{'type': 'ATOM', 'element': 'CAB', 'radius': '1.90', 'polarity': '0'}
DEBUG:file_manager:{'type': 'ATOM', 'element': 'CBB', 'radius': '1.90', 'polarity': '0'}
WARNING:file_manager:Invalid structure. ATOM  N C 1.55 1 

DEBUG:file_manager:{'type': 'ATOM', 'element': 'C1C', 'radius': '1.78', 'polarity': '0'}
DEBUG:file_manager:{'type': 'ATOM', 'element': 'C2C', 'radius': '1.78', 'polarity': '0'}
DEBUG:file_manager:{'type': 'ATOM', 'element': 'C3C', 'radius': '1.78', 'polarity': '0'}
DEBUG:file_manager:{'type': 'ATOM', 'element': 'C4C', 'radius': '1.78', 'polarity': '0'}
DEBUG:file_manager:{'type': 'ATOM', 'element': 'CMC', 'radius': '1.90', 'polarity': '0'}
DEBUG:file_manager:{'type': 'ATOM', 'element': 'CAC', 'radius': '1.90', 'polarity': '0'}
DEBUG:file_manager:{'type': 'ATOM', 'element': 'CBC', 'radius': '1.90', 'polarity': '0'}
WARNING:file_manager:Invalid structure. ATOM  N D 1.55 1 

DEBUG:file_manager:{'type': 'ATOM', 'element': 'C1D', 'radius': '1.78', 'polarity': '0'}
DEBUG:file_manager:{'type': 'ATOM', 'element': 'C2D', 'radius': '1.78', 'polarity': '0'}
DEBUG:file_manager:{'type': 'ATOM', 'element': 'C3D', 'radius': '1.78', 'polarity': '0'}
DEBUG:file_manager:{'type': 'ATOM', 'element': 'C4D', 'radius': '1.78', 'polarity': '0'}
DEBUG:file_manager:{'type': 'ATOM', 'element': 'CMD', 'radius': '1.90', 'polarity': '0'}
DEBUG:file_manager:{'type': 'ATOM', 'element': 'CAD', 'radius': '1.90', 'polarity': '0'}
DEBUG:file_manager:{'type': 'ATOM', 'element': 'CBD', 'radius': '1.90', 'polarity': '0'}
DEBUG:file_manager:{'type': 'ATOM', 'element': 'CGD', 'radius': '1.90', 'polarity': '0'}
DEBUG:file_manager:{'type': 'ATOM', 'element': 'O1A', 'radius': '1.35', 'polarity': '1'}
DEBUG:file_manager:{'type': 'ATOM', 'element': 'O2A', 'radius': '1.35', 'polarity': '1'}
DEBUG:file_manager:{'type': 'ATOM', 'element': 'O1D', 'radius': '1.35', 'polarity': '1'}
DEBUG:file_manager:{'type': 'ATOM', 'element': 'O2D', 'radius': '1.35', 'polarity': '1'}
DEBUG:file_manager:{'type': 'ATOM', 'element': 'O', 'radius': '1.40', 'polarity': '1'}
DEBUG:file_manager:Data list before return : [{'type': 'ATOM', 'element': 'N', 'radius': '1.65', 'polarity': '1'}, {'type': 'ATOM', 'element': 'CA', 'radius': '1.87', 'polarity': '0'}, {'type': 'ATOM', 'element': 'C', 'radius': '1.76', 'polarity': '0'}, {'type': 'ATOM', 'element': 'O', 'radius': '1.40', 'polarity': '1'}, {'type': 'ATOM', 'element': 'CB', 'radius': '1.87', 'polarity': '0'}, {'type': 'ATOM', 'element': 'N', 'radius': '1.65', 'polarity': '1'}, {'type': 'ATOM', 'element': 'CA', 'radius': '1.87', 'polarity': '0'}, {'type': 'ATOM', 'element': 'C', 'radius': '1.76', 'polarity': '0'}, {'type': 'ATOM', 'element': 'O', 'radius': '1.40', 'polarity': '1'}, {'type': 'ATOM', 'element': 'CB', 'radius': '1.87', 'polarity': '0'}, {'type': 'ATOM', 'element': 'CG', 'radius': '1.87', 'polarity': '0'}, {'type': 'ATOM', 'element': 'CD', 'radius': '1.87', 'polarity': '0'}, {'type': 'ATOM', 'element': 'NE', 'radius': '1.65', 'polarity': '1'}, {'type': 'ATOM', 'element': 'CZ', 'radius': '1.76', 'polarity': '0'}, {'type': 'ATOM', 'element': 'NH1', 'radius': '1.65', 'polarity': '1'}, {'type': 'ATOM', 'element': 'NH2', 'radius': '1.65', 'polarity': '1'}, {'type': 'ATOM', 'element': 'N', 'radius': '1.65', 'polarity': '1'}, {'type': 'ATOM', 'element': 'CA', 'radius': '1.87', 'polarity': '0'}, {'type': 'ATOM', 'element': 'C', 'radius': '1.76', 'polarity': '0'}, {'type': 'ATOM', 'element': 'O', 'radius': '1.40', 'polarity': '1'}, {'type': 'ATOM', 'element': 'CB', 'radius': '1.87', 'polarity': '0'}, {'type': 'ATOM', 'element': 'CG', 'radius': '1.76', 'polarity': '0'}, {'type': 'ATOM', 'element': 'OD1', 'radius': '1.40', 'polarity': '1'}, {'type': 'ATOM', 'element': 'OD2', 'radius': '1.40', 'polarity': '1'}, {'type': 'ATOM', 'element': 'N', 'radius': '1.65', 'polarity': '1'}, {'type': 'ATOM', 'element': 'CA', 'radius': '1.87', 'polarity': '0'}, {'type': 'ATOM', 'element': 'C', 'radius': '1.76', 'polarity': '0'}, {'type': 'ATOM', 'element': 'O', 'radius': '1.40', 'polarity': '1'}, {'type': 'ATOM', 'element': 'CB', 'radius': '1.87', 'polarity': '0'}, {'type': 'ATOM', 'element': 'CG', 'radius': '1.76', 'polarity': '0'}, {'type': 'ATOM', 'element': 'OD1', 'radius': '1.40', 'polarity': '1'}, {'type': 'ATOM', 'element': 'ND2', 'radius': '1.65', 'polarity': '1'}, {'type': 'ATOM', 'element': 'N', 'radius': '1.65', 'polarity': '1'}, {'type': 'ATOM', 'element': 'CA', 'radius': '1.87', 'polarity': '0'}, {'type': 'ATOM', 'element': 'C', 'radius': '1.76', 'polarity': '0'}, {'type': 'ATOM', 'element': 'O', 'radius': '1.40', 'polarity': '1'}, {'type': 'ATOM', 'element': 'CB', 'radius': '1.87', 'polarity': '0'}, {'type': 'ATOM', 'element': 'SG', 'radius': '1.85', 'polarity': '0'}, {'type': 'ATOM', 'element': 'N', 'radius': '1.65', 'polarity': '1'}, {'type': 'ATOM', 'element': 'CA', 'radius': '1.87', 'polarity': '0'}, {'type': 'ATOM', 'element': 'C', 'radius': '1.76', 'polarity': '0'}, {'type': 'ATOM', 'element': 'O', 'radius': '1.40', 'polarity': '1'}, {'type': 'ATOM', 'element': 'CB', 'radius': '1.87', 'polarity': '0'}, {'type': 'ATOM', 'element': 'CG', 'radius': '1.87', 'polarity': '0'}, {'type': 'ATOM', 'element': 'CD', 'radius': '1.76', 'polarity': '0'}, {'type': 'ATOM', 'element': 'OE1', 'radius': '1.40', 'polarity': '1'}, {'type': 'ATOM', 'element': 'OE2', 'radius': '1.40', 'polarity': '1'}, {'type': 'ATOM', 'element': 'N', 'radius': '1.65', 'polarity': '1'}, {'type': 'ATOM', 'element': 'CA', 'radius': '1.87', 'polarity': '0'}, {'type': 'ATOM', 'element': 'C', 'radius': '1.76', 'polarity': '0'}, {'type': 'ATOM', 'element': 'O', 'radius': '1.40', 'polarity': '1'}, {'type': 'ATOM', 'element': 'CB', 'radius': '1.87', 'polarity': '0'}, {'type': 'ATOM', 'element': 'CG', 'radius': '1.87', 'polarity': '0'}, {'type': 'ATOM', 'element': 'CD', 'radius': '1.76', 'polarity': '0'}, {'type': 'ATOM', 'element': 'OE1', 'radius': '1.40', 'polarity': '1'}, {'type': 'ATOM', 'element': 'NE2', 'radius': '1.65', 'polarity': '1'}, {'type': 'ATOM', 'element': 'N', 'radius': '1.65', 'polarity': '1'}, {'type': 'ATOM', 'element': 'CA', 'radius': '1.87', 'polarity': '0'}, {'type': 'ATOM', 'element': 'C', 'radius': '1.76', 'polarity': '0'}, {'type': 'ATOM', 'element': 'O', 'radius': '1.40', 'polarity': '1'}, {'type': 'ATOM', 'element': 'N', 'radius': '1.65', 'polarity': '1'}, {'type': 'ATOM', 'element': 'CA', 'radius': '1.87', 'polarity': '0'}, {'type': 'ATOM', 'element': 'C', 'radius': '1.76', 'polarity': '0'}, {'type': 'ATOM', 'element': 'O', 'radius': '1.40', 'polarity': '1'}, {'type': 'ATOM', 'element': 'CB', 'radius': '1.87', 'polarity': '0'}, {'type': 'ATOM', 'element': 'CG', 'radius': '1.76', 'polarity': '0'}, {'type': 'ATOM', 'element': 'ND1', 'radius': '1.65', 'polarity': '1'}, {'type': 'ATOM', 'element': 'CD2', 'radius': '1.76', 'polarity': '0'}, {'type': 'ATOM', 'element': 'CE1', 'radius': '1.76', 'polarity': '0'}, {'type': 'ATOM', 'element': 'NE2', 'radius': '1.65', 'polarity': '1'}, {'type': 'ATOM', 'element': 'N', 'radius': '1.65', 'polarity': '1'}, {'type': 'ATOM', 'element': 'CA', 'radius': '1.87', 'polarity': '0'}, {'type': 'ATOM', 'element': 'C', 'radius': '1.76', 'polarity': '0'}, {'type': 'ATOM', 'element': 'O', 'radius': '1.40', 'polarity': '1'}, {'type': 'ATOM', 'element': 'CB', 'radius': '1.87', 'polarity': '0'}, {'type': 'ATOM', 'element': 'CG1', 'radius': '1.87', 'polarity': '0'}, {'type': 'ATOM', 'element': 'CG2', 'radius': '1.87', 'polarity': '0'}, {'type': 'ATOM', 'element': 'CD1', 'radius': '1.87', 'polarity': '0'}, {'type': 'ATOM', 'element': 'N', 'radius': '1.65', 'polarity': '1'}, {'type': 'ATOM', 'element': 'CA', 'radius': '1.87', 'polarity': '0'}, {'type': 'ATOM', 'element': 'C', 'radius': '1.76', 'polarity': '0'}, {'type': 'ATOM', 'element': 'O', 'radius': '1.40', 'polarity': '1'}, {'type': 'ATOM', 'element': 'CB', 'radius': '1.87', 'polarity': '0'}, {'type': 'ATOM', 'element': 'CG', 'radius': '1.87', 'polarity': '0'}, {'type': 'ATOM', 'element': 'CD1', 'radius': '1.87', 'polarity': '0'}, {'type': 'ATOM', 'element': 'CD2', 'radius': '1.87', 'polarity': '0'}, {'type': 'ATOM', 'element': 'N', 'radius': '1.65', 'polarity': '1'}, {'type': 'ATOM', 'element': 'CA', 'radius': '1.87', 'polarity': '0'}, {'type': 'ATOM', 'element': 'C', 'radius': '1.76', 'polarity': '0'}, {'type': 'ATOM', 'element': 'O', 'radius': '1.40', 'polarity': '1'}, {'type': 'ATOM', 'element': 'CB', 'radius': '1.87', 'polarity': '0'}, {'type': 'ATOM', 'element': 'CG', 'radius': '1.87', 'polarity': '0'}, {'type': 'ATOM', 'element': 'CD', 'radius': '1.87', 'polarity': '0'}, {'type': 'ATOM', 'element': 'CE', 'radius': '1.87', 'polarity': '0'}, {'type': 'ATOM', 'element': 'NZ', 'radius': '1.50', 'polarity': '1'}, {'type': 'ATOM', 'element': 'N', 'radius': '1.65', 'polarity': '1'}, {'type': 'ATOM', 'element': 'CA', 'radius': '1.87', 'polarity': '0'}, {'type': 'ATOM', 'element': 'C', 'radius': '1.76', 'polarity': '0'}, {'type': 'ATOM', 'element': 'O', 'radius': '1.40', 'polarity': '1'}, {'type': 'ATOM', 'element': 'CB', 'radius': '1.87', 'polarity': '0'}, {'type': 'ATOM', 'element': 'CG', 'radius': '1.87', 'polarity': '0'}, {'type': 'ATOM', 'element': 'SD', 'radius': '1.85', 'polarity': '0'}, {'type': 'ATOM', 'element': 'CE', 'radius': '1.87', 'polarity': '0'}, {'type': 'ATOM', 'element': 'N', 'radius': '1.65', 'polarity': '1'}, {'type': 'ATOM', 'element': 'CA', 'radius': '1.87', 'polarity': '0'}, {'type': 'ATOM', 'element': 'C', 'radius': '1.76', 'polarity': '0'}, {'type': 'ATOM', 'element': 'O', 'radius': '1.40', 'polarity': '1'}, {'type': 'ATOM', 'element': 'CB', 'radius': '1.87', 'polarity': '0'}, {'type': 'ATOM', 'element': 'CG', 'radius': '1.76', 'polarity': '0'}, {'type': 'ATOM', 'element': 'CD1', 'radius': '1.76', 'polarity': '0'}, {'type': 'ATOM', 'element': 'CD2', 'radius': '1.76', 'polarity': '0'}, {'type': 'ATOM', 'element': 'CE1', 'radius': '1.76', 'polarity': '0'}, {'type': 'ATOM', 'element': 'CE2', 'radius': '1.76', 'polarity': '0'}, {'type': 'ATOM', 'element': 'CZ', 'radius': '1.76', 'polarity': '0'}, {'type': 'ATOM', 'element': 'N', 'radius': '1.65', 'polarity': '1'}, {'type': 'ATOM', 'element': 'CA', 'radius': '1.87', 'polarity': '0'}, {'type': 'ATOM', 'element': 'C', 'radius': '1.76', 'polarity': '0'}, {'type': 'ATOM', 'element': 'O', 'radius': '1.40', 'polarity': '1'}, {'type': 'ATOM', 'element': 'CB', 'radius': '1.87', 'polarity': '0'}, {'type': 'ATOM', 'element': 'CG', 'radius': '1.87', 'polarity': '0'}, {'type': 'ATOM', 'element': 'CD', 'radius': '1.87', 'polarity': '0'}, {'type': 'ATOM', 'element': 'N', 'radius': '1.65', 'polarity': '1'}, {'type': 'ATOM', 'element': 'CA', 'radius': '1.87', 'polarity': '0'}, {'type': 'ATOM', 'element': 'C', 'radius': '1.76', 'polarity': '0'}, {'type': 'ATOM', 'element': 'O', 'radius': '1.40', 'polarity': '1'}, {'type': 'ATOM', 'element': 'CB', 'radius': '1.87', 'polarity': '0'}, {'type': 'ATOM', 'element': 'OG', 'radius': '1.40', 'polarity': '1'}, {'type': 'ATOM', 'element': 'N', 'radius': '1.65', 'polarity': '1'}, {'type': 'ATOM', 'element': 'CA', 'radius': '1.87', 'polarity': '0'}, {'type': 'ATOM', 'element': 'C', 'radius': '1.76', 'polarity': '0'}, {'type': 'ATOM', 'element': 'O', 'radius': '1.40', 'polarity': '1'}, {'type': 'ATOM', 'element': 'CB', 'radius': '1.87', 'polarity': '0'}, {'type': 'ATOM', 'element': 'OG1', 'radius': '1.40', 'polarity': '1'}, {'type': 'ATOM', 'element': 'CG2', 'radius': '1.87', 'polarity': '0'}, {'type': 'ATOM', 'element': 'N', 'radius': '1.65', 'polarity': '1'}, {'type': 'ATOM', 'element': 'CA', 'radius': '1.87', 'polarity': '0'}, {'type': 'ATOM', 'element': 'C', 'radius': '1.76', 'polarity': '0'}, {'type': 'ATOM', 'element': 'O', 'radius': '1.40', 'polarity': '1'}, {'type': 'ATOM', 'element': 'CB', 'radius': '1.87', 'polarity': '0'}, {'type': 'ATOM', 'element': 'CG', 'radius': '1.76', 'polarity': '0'}, {'type': 'ATOM', 'element': 'CD1', 'radius': '1.76', 'polarity': '0'}, {'type': 'ATOM', 'element': 'CD2', 'radius': '1.76', 'polarity': '0'}, {'type': 'ATOM', 'element': 'NE1', 'radius': '1.65', 'polarity': '1'}, {'type': 'ATOM', 'element': 'CE2', 'radius': '1.76', 'polarity': '0'}, {'type': 'ATOM', 'element': 'CE3', 'radius': '1.76', 'polarity': '0'}, {'type': 'ATOM', 'element': 'CZ2', 'radius': '1.76', 'polarity': '0'}, {'type': 'ATOM', 'element': 'CZ3', 'radius': '1.76', 'polarity': '0'}, {'type': 'ATOM', 'element': 'CH2', 'radius': '1.76', 'polarity': '0'}, {'type': 'ATOM', 'element': 'N', 'radius': '1.65', 'polarity': '1'}, {'type': 'ATOM', 'element': 'CA', 'radius': '1.87', 'polarity': '0'}, {'type': 'ATOM', 'element': 'C', 'radius': '1.76', 'polarity': '0'}, {'type': 'ATOM', 'element': 'O', 'radius': '1.40', 'polarity': '1'}, {'type': 'ATOM', 'element': 'CB', 'radius': '1.87', 'polarity': '0'}, {'type': 'ATOM', 'element': 'CG', 'radius': '1.76', 'polarity': '0'}, {'type': 'ATOM', 'element': 'CD1', 'radius': '1.76', 'polarity': '0'}, {'type': 'ATOM', 'element': 'CD2', 'radius': '1.76', 'polarity': '0'}, {'type': 'ATOM', 'element': 'CE1', 'radius': '1.76', 'polarity': '0'}, {'type': 'ATOM', 'element': 'CE2', 'radius': '1.76', 'polarity': '0'}, {'type': 'ATOM', 'element': 'CZ', 'radius': '1.76', 'polarity': '0'}, {'type': 'ATOM', 'element': 'OH', 'radius': '1.40', 'polarity': '1'}, {'type': 'ATOM', 'element': 'N', 'radius': '1.65', 'polarity': '1'}, {'type': 'ATOM', 'element': 'CA', 'radius': '1.87', 'polarity': '0'}, {'type': 'ATOM', 'element': 'C', 'radius': '1.76', 'polarity': '0'}, {'type': 'ATOM', 'element': 'O', 'radius': '1.40', 'polarity': '1'}, {'type': 'ATOM', 'element': 'CB', 'radius': '1.87', 'polarity': '0'}, {'type': 'ATOM', 'element': 'CG1', 'radius': '1.87', 'polarity': '0'}, {'type': 'ATOM', 'element': 'CG2', 'radius': '1.87', 'polarity': '0'}, {'type': 'ATOM', 'element': 'N', 'radius': '1.65', 'polarity': '1'}, {'type': 'ATOM', 'element': 'CA', 'radius': '1.87', 'polarity': '0'}, {'type': 'ATOM', 'element': 'C', 'radius': '1.76', 'polarity': '0'}, {'type': 'ATOM', 'element': 'O', 'radius': '1.40', 'polarity': '1'}, {'type': 'ATOM', 'element': 'CB', 'radius': '1.87', 'polarity': '0'}, {'type': 'ATOM', 'element': 'CG', 'radius': '1.76', 'polarity': '0'}, {'type': 'ATOM', 'element': 'AD1', 'radius': '1.50', 'polarity': '0'}, {'type': 'ATOM', 'element': 'AD2', 'radius': '1.50', 'polarity': '0'}, {'type': 'ATOM', 'element': 'N', 'radius': '1.65', 'polarity': '1'}, {'type': 'ATOM', 'element': 'CA', 'radius': '1.87', 'polarity': '0'}, {'type': 'ATOM', 'element': 'C', 'radius': '1.76', 'polarity': '0'}, {'type': 'ATOM', 'element': 'O', 'radius': '1.40', 'polarity': '1'}, {'type': 'ATOM', 'element': 'CB', 'radius': '1.87', 'polarity': '0'}, {'type': 'ATOM', 'element': 'CG', 'radius': '1.76', 'polarity': '0'}, {'type': 'ATOM', 'element': 'CD', 'radius': '1.87', 'polarity': '0'}, {'type': 'ATOM', 'element': 'AE1', 'radius': '1.50', 'polarity': '0'}, {'type': 'ATOM', 'element': 'AE2', 'radius': '1.50', 'polarity': '0'}, {'type': 'ATOM', 'element': 'C', 'radius': '1.76', 'polarity': '0'}, {'type': 'ATOM', 'element': 'O', 'radius': '1.40', 'polarity': '1'}, {'type': 'ATOM', 'element': 'CH3', 'radius': '1.87', 'polarity': '0'}, {'type': 'ATOM', 'element': 'P', 'radius': '1.90', 'polarity': '0'}, {'type': 'ATOM', 'element': 'O1P', 'radius': '1.40', 'polarity': '1'}, {'type': 'ATOM', 'element': 'O2P', 'radius': '1.40', 'polarity': '1'}, {'type': 'ATOM', 'element': 'O5*', 'radius': '1.40', 'polarity': '1'}, {'type': 'ATOM', 'element': 'C5*', 'radius': '1.80', 'polarity': '0'}, {'type': 'ATOM', 'element': 'C4*', 'radius': '1.80', 'polarity': '0'}, {'type': 'ATOM', 'element': 'O4*', 'radius': '1.40', 'polarity': '1'}, {'type': 'ATOM', 'element': 'C3*', 'radius': '1.80', 'polarity': '0'}, {'type': 'ATOM', 'element': 'O3*', 'radius': '1.40', 'polarity': '1'}, {'type': 'ATOM', 'element': 'C2*', 'radius': '1.80', 'polarity': '0'}, {'type': 'ATOM', 'element': 'C1*', 'radius': '1.80', 'polarity': '0'}, {'type': 'ATOM', 'element': 'N9', 'radius': '1.60', 'polarity': '1'}, {'type': 'ATOM', 'element': 'C8', 'radius': '1.80', 'polarity': '0'}, {'type': 'ATOM', 'element': 'N7', 'radius': '1.60', 'polarity': '1'}, {'type': 'ATOM', 'element': 'C5', 'radius': '1.80', 'polarity': '0'}, {'type': 'ATOM', 'element': 'C6', 'radius': '1.80', 'polarity': '0'}, {'type': 'ATOM', 'element': 'N6', 'radius': '1.60', 'polarity': '1'}, {'type': 'ATOM', 'element': 'N1', 'radius': '1.60', 'polarity': '1'}, {'type': 'ATOM', 'element': 'C2', 'radius': '1.80', 'polarity': '0'}, {'type': 'ATOM', 'element': 'N3', 'radius': '1.60', 'polarity': '1'}, {'type': 'ATOM', 'element': 'C4', 'radius': '1.80', 'polarity': '0'}, {'type': 'ATOM', 'element': 'P', 'radius': '1.90', 'polarity': '0'}, {'type': 'ATOM', 'element': 'O1P', 'radius': '1.40', 'polarity': '1'}, {'type': 'ATOM', 'element': 'O2P', 'radius': '1.40', 'polarity': '1'}, {'type': 'ATOM', 'element': 'O5*', 'radius': '1.40', 'polarity': '1'}, {'type': 'ATOM', 'element': 'C5*', 'radius': '1.80', 'polarity': '0'}, {'type': 'ATOM', 'element': 'C4*', 'radius': '1.80', 'polarity': '0'}, {'type': 'ATOM', 'element': 'O4*', 'radius': '1.40', 'polarity': '1'}, {'type': 'ATOM', 'element': 'C3*', 'radius': '1.80', 'polarity': '0'}, {'type': 'ATOM', 'element': 'O3*', 'radius': '1.40', 'polarity': '1'}, {'type': 'ATOM', 'element': 'C2*', 'radius': '1.80', 'polarity': '0'}, {'type': 'ATOM', 'element': 'C1*', 'radius': '1.80', 'polarity': '0'}, {'type': 'ATOM', 'element': 'N1', 'radius': '1.60', 'polarity': '1'}, {'type': 'ATOM', 'element': 'C2', 'radius': '1.80', 'polarity': '0'}, {'type': 'ATOM', 'element': 'O2', 'radius': '1.40', 'polarity': '1'}, {'type': 'ATOM', 'element': 'N3', 'radius': '1.60', 'polarity': '1'}, {'type': 'ATOM', 'element': 'C4', 'radius': '1.80', 'polarity': '0'}, {'type': 'ATOM', 'element': 'N4', 'radius': '1.60', 'polarity': '1'}, {'type': 'ATOM', 'element': 'C5', 'radius': '1.80', 'polarity': '0'}, {'type': 'ATOM', 'element': 'C6', 'radius': '1.80', 'polarity': '0'}, {'type': 'ATOM', 'element': 'P', 'radius': '1.90', 'polarity': '0'}, {'type': 'ATOM', 'element': 'O1P', 'radius': '1.40', 'polarity': '1'}, {'type': 'ATOM', 'element': 'O2P', 'radius': '1.40', 'polarity': '1'}, {'type': 'ATOM', 'element': 'O5*', 'radius': '1.40', 'polarity': '1'}, {'type': 'ATOM', 'element': 'C5*', 'radius': '1.80', 'polarity': '0'}, {'type': 'ATOM', 'element': 'C4*', 'radius': '1.80', 'polarity': '0'}, {'type': 'ATOM', 'element': 'O4*', 'radius': '1.40', 'polarity': '1'}, {'type': 'ATOM', 'element': 'C3*', 'radius': '1.80', 'polarity': '0'}, {'type': 'ATOM', 'element': 'O3*', 'radius': '1.40', 'polarity': '1'}, {'type': 'ATOM', 'element': 'C2*', 'radius': '1.80', 'polarity': '0'}, {'type': 'ATOM', 'element': 'C1*', 'radius': '1.80', 'polarity': '0'}, {'type': 'ATOM', 'element': 'N9', 'radius': '1.60', 'polarity': '1'}, {'type': 'ATOM', 'element': 'C8', 'radius': '1.80', 'polarity': '0'}, {'type': 'ATOM', 'element': 'N7', 'radius': '1.60', 'polarity': '1'}, {'type': 'ATOM', 'element': 'C5', 'radius': '1.80', 'polarity': '0'}, {'type': 'ATOM', 'element': 'C6', 'radius': '1.80', 'polarity': '0'}, {'type': 'ATOM', 'element': 'O6', 'radius': '1.40', 'polarity': '1'}, {'type': 'ATOM', 'element': 'N1', 'radius': '1.60', 'polarity': '1'}, {'type': 'ATOM', 'element': 'C2', 'radius': '1.80', 'polarity': '0'}, {'type': 'ATOM', 'element': 'N2', 'radius': '1.60', 'polarity': '1'}, {'type': 'ATOM', 'element': 'N3', 'radius': '1.60', 'polarity': '1'}, {'type': 'ATOM', 'element': 'C4', 'radius': '1.80', 'polarity': '0'}, {'type': 'ATOM', 'element': 'P', 'radius': '1.90', 'polarity': '0'}, {'type': 'ATOM', 'element': 'O1P', 'radius': '1.40', 'polarity': '1'}, {'type': 'ATOM', 'element': 'O2P', 'radius': '1.40', 'polarity': '1'}, {'type': 'ATOM', 'element': 'O5*', 'radius': '1.40', 'polarity': '1'}, {'type': 'ATOM', 'element': 'C5*', 'radius': '1.80', 'polarity': '0'}, {'type': 'ATOM', 'element': 'C4*', 'radius': '1.80', 'polarity': '0'}, {'type': 'ATOM', 'element': 'O4*', 'radius': '1.40', 'polarity': '1'}, {'type': 'ATOM', 'element': 'C3*', 'radius': '1.80', 'polarity': '0'}, {'type': 'ATOM', 'element': 'O3*', 'radius': '1.40', 'polarity': '1'}, {'type': 'ATOM', 'element': 'C2*', 'radius': '1.80', 'polarity': '0'}, {'type': 'ATOM', 'element': 'C1*', 'radius': '1.80', 'polarity': '0'}, {'type': 'ATOM', 'element': 'N1', 'radius': '1.60', 'polarity': '1'}, {'type': 'ATOM', 'element': 'C2', 'radius': '1.80', 'polarity': '0'}, {'type': 'ATOM', 'element': 'O2', 'radius': '1.40', 'polarity': '1'}, {'type': 'ATOM', 'element': 'N3', 'radius': '1.60', 'polarity': '1'}, {'type': 'ATOM', 'element': 'C4', 'radius': '1.80', 'polarity': '0'}, {'type': 'ATOM', 'element': 'O4', 'radius': '1.40', 'polarity': '1'}, {'type': 'ATOM', 'element': 'C5', 'radius': '1.80', 'polarity': '0'}, {'type': 'ATOM', 'element': 'C5M', 'radius': '1.80', 'polarity': '0'}, {'type': 'ATOM', 'element': 'C6', 'radius': '1.80', 'polarity': '0'}, {'type': 'ATOM', 'element': 'P', 'radius': '1.90', 'polarity': '0'}, {'type': 'ATOM', 'element': 'O1P', 'radius': '1.40', 'polarity': '1'}, {'type': 'ATOM', 'element': 'O2P', 'radius': '1.40', 'polarity': '1'}, {'type': 'ATOM', 'element': 'O5*', 'radius': '1.40', 'polarity': '1'}, {'type': 'ATOM', 'element': 'C5*', 'radius': '1.80', 'polarity': '0'}, {'type': 'ATOM', 'element': 'C4*', 'radius': '1.80', 'polarity': '0'}, {'type': 'ATOM', 'element': 'O4*', 'radius': '1.40', 'polarity': '1'}, {'type': 'ATOM', 'element': 'C3*', 'radius': '1.80', 'polarity': '0'}, {'type': 'ATOM', 'element': 'O3*', 'radius': '1.40', 'polarity': '1'}, {'type': 'ATOM', 'element': 'C2*', 'radius': '1.80', 'polarity': '0'}, {'type': 'ATOM', 'element': 'O2*', 'radius': '1.40', 'polarity': '1'}, {'type': 'ATOM', 'element': 'C1*', 'radius': '1.80', 'polarity': '0'}, {'type': 'ATOM', 'element': 'N1', 'radius': '1.60', 'polarity': '1'}, {'type': 'ATOM', 'element': 'C2', 'radius': '1.80', 'polarity': '0'}, {'type': 'ATOM', 'element': 'O2', 'radius': '1.40', 'polarity': '1'}, {'type': 'ATOM', 'element': 'N3', 'radius': '1.60', 'polarity': '1'}, {'type': 'ATOM', 'element': 'C4', 'radius': '1.80', 'polarity': '0'}, {'type': 'ATOM', 'element': 'O4', 'radius': '1.40', 'polarity': '1'}, {'type': 'ATOM', 'element': 'C5', 'radius': '1.80', 'polarity': '0'}, {'type': 'ATOM', 'element': 'C6', 'radius': '1.80', 'polarity': '0'}, {'type': 'ATOM', 'element': 'P', 'radius': '1.90', 'polarity': '0'}, {'type': 'ATOM', 'element': 'O1P', 'radius': '1.40', 'polarity': '1'}, {'type': 'ATOM', 'element': 'O2P', 'radius': '1.40', 'polarity': '1'}, {'type': 'ATOM', 'element': 'O5*', 'radius': '1.40', 'polarity': '1'}, {'type': 'ATOM', 'element': 'C5*', 'radius': '1.80', 'polarity': '0'}, {'type': 'ATOM', 'element': 'C4*', 'radius': '1.80', 'polarity': '0'}, {'type': 'ATOM', 'element': 'O4*', 'radius': '1.40', 'polarity': '1'}, {'type': 'ATOM', 'element': 'C3*', 'radius': '1.80', 'polarity': '0'}, {'type': 'ATOM', 'element': 'O3*', 'radius': '1.40', 'polarity': '1'}, {'type': 'ATOM', 'element': 'C2*', 'radius': '1.80', 'polarity': '0'}, {'type': 'ATOM', 'element': 'O2*', 'radius': '1.40', 'polarity': '1'}, {'type': 'ATOM', 'element': 'C1*', 'radius': '1.80', 'polarity': '0'}, {'type': 'ATOM', 'element': 'N9', 'radius': '1.60', 'polarity': '1'}, {'type': 'ATOM', 'element': 'C8', 'radius': '1.80', 'polarity': '0'}, {'type': 'ATOM', 'element': 'N7', 'radius': '1.60', 'polarity': '1'}, {'type': 'ATOM', 'element': 'C5', 'radius': '1.80', 'polarity': '0'}, {'type': 'ATOM', 'element': 'C6', 'radius': '1.80', 'polarity': '0'}, {'type': 'ATOM', 'element': 'O6', 'radius': '1.40', 'polarity': '1'}, {'type': 'ATOM', 'element': 'N1', 'radius': '1.60', 'polarity': '1'}, {'type': 'ATOM', 'element': 'C2', 'radius': '1.80', 'polarity': '0'}, {'type': 'ATOM', 'element': 'N2', 'radius': '1.60', 'polarity': '1'}, {'type': 'ATOM', 'element': 'C2A', 'radius': '1.80', 'polarity': '0'}, {'type': 'ATOM', 'element': 'N3', 'radius': '1.60', 'polarity': '1'}, {'type': 'ATOM', 'element': 'C4', 'radius': '1.80', 'polarity': '0'}, {'type': 'ATOM', 'element': 'P', 'radius': '1.90', 'polarity': '0'}, {'type': 'ATOM', 'element': 'O1P', 'radius': '1.40', 'polarity': '1'}, {'type': 'ATOM', 'element': 'O2P', 'radius': '1.40', 'polarity': '1'}, {'type': 'ATOM', 'element': 'O5*', 'radius': '1.40', 'polarity': '1'}, {'type': 'ATOM', 'element': 'C5*', 'radius': '1.80', 'polarity': '0'}, {'type': 'ATOM', 'element': 'C4*', 'radius': '1.80', 'polarity': '0'}, {'type': 'ATOM', 'element': 'O4*', 'radius': '1.40', 'polarity': '1'}, {'type': 'ATOM', 'element': 'C3*', 'radius': '1.80', 'polarity': '0'}, {'type': 'ATOM', 'element': 'O3*', 'radius': '1.40', 'polarity': '1'}, {'type': 'ATOM', 'element': 'C2*', 'radius': '1.80', 'polarity': '0'}, {'type': 'ATOM', 'element': 'O2*', 'radius': '1.40', 'polarity': '1'}, {'type': 'ATOM', 'element': 'C1*', 'radius': '1.80', 'polarity': '0'}, {'type': 'ATOM', 'element': 'N1', 'radius': '1.60', 'polarity': '1'}, {'type': 'ATOM', 'element': 'C2', 'radius': '1.80', 'polarity': '0'}, {'type': 'ATOM', 'element': 'O2', 'radius': '1.40', 'polarity': '1'}, {'type': 'ATOM', 'element': 'N3', 'radius': '1.60', 'polarity': '1'}, {'type': 'ATOM', 'element': 'C4', 'radius': '1.80', 'polarity': '0'}, {'type': 'ATOM', 'element': 'O4', 'radius': '1.40', 'polarity': '1'}, {'type': 'ATOM', 'element': 'C5', 'radius': '1.80', 'polarity': '0'}, {'type': 'ATOM', 'element': 'C6', 'radius': '1.80', 'polarity': '0'}, {'type': 'ATOM', 'element': 'FE', 'radius': '1.47', 'polarity': '0'}, {'type': 'ATOM', 'element': 'CHA', 'radius': '2.00', 'polarity': '0'}, {'type': 'ATOM', 'element': 'CHB', 'radius': '2.00', 'polarity': '0'}, {'type': 'ATOM', 'element': 'CHC', 'radius': '2.00', 'polarity': '0'}, {'type': 'ATOM', 'element': 'CHD', 'radius': '2.00', 'polarity': '0'}, {'type': 'ATOM', 'element': 'C1A', 'radius': '1.78', 'polarity': '0'}, {'type': 'ATOM', 'element': 'C2A', 'radius': '1.78', 'polarity': '0'}, {'type': 'ATOM', 'element': 'C3A', 'radius': '1.78', 'polarity': '0'}, {'type': 'ATOM', 'element': 'C4A', 'radius': '1.78', 'polarity': '0'}, {'type': 'ATOM', 'element': 'CMA', 'radius': '1.90', 'polarity': '0'}, {'type': 'ATOM', 'element': 'CAA', 'radius': '1.90', 'polarity': '0'}, {'type': 'ATOM', 'element': 'CBA', 'radius': '1.90', 'polarity': '0'}, {'type': 'ATOM', 'element': 'CGA', 'radius': '1.90', 'polarity': '0'}, {'type': 'ATOM', 'element': 'C1B', 'radius': '1.78', 'polarity': '0'}, {'type': 'ATOM', 'element': 'C2B', 'radius': '1.78', 'polarity': '0'}, {'type': 'ATOM', 'element': 'C3B', 'radius': '1.78', 'polarity': '0'}, {'type': 'ATOM', 'element': 'C4B', 'radius': '1.78', 'polarity': '0'}, {'type': 'ATOM', 'element': 'CMB', 'radius': '1.90', 'polarity': '0'}, {'type': 'ATOM', 'element': 'CAB', 'radius': '1.90', 'polarity': '0'}, {'type': 'ATOM', 'element': 'CBB', 'radius': '1.90', 'polarity': '0'}, {'type': 'ATOM', 'element': 'C1C', 'radius': '1.78', 'polarity': '0'}, {'type': 'ATOM', 'element': 'C2C', 'radius': '1.78', 'polarity': '0'}, {'type': 'ATOM', 'element': 'C3C', 'radius': '1.78', 'polarity': '0'}, {'type': 'ATOM', 'element': 'C4C', 'radius': '1.78', 'polarity': '0'}, {'type': 'ATOM', 'element': 'CMC', 'radius': '1.90', 'polarity': '0'}, {'type': 'ATOM', 'element': 'CAC', 'radius': '1.90', 'polarity': '0'}, {'type': 'ATOM', 'element': 'CBC', 'radius': '1.90', 'polarity': '0'}, {'type': 'ATOM', 'element': 'C1D', 'radius': '1.78', 'polarity': '0'}, {'type': 'ATOM', 'element': 'C2D', 'radius': '1.78', 'polarity': '0'}, {'type': 'ATOM', 'element': 'C3D', 'radius': '1.78', 'polarity': '0'}, {'type': 'ATOM', 'element': 'C4D', 'radius': '1.78', 'polarity': '0'}, {'type': 'ATOM', 'element': 'CMD', 'radius': '1.90', 'polarity': '0'}, {'type': 'ATOM', 'element': 'CAD', 'radius': '1.90', 'polarity': '0'}, {'type': 'ATOM', 'element': 'CBD', 'radius': '1.90', 'polarity': '0'}, {'type': 'ATOM', 'element': 'CGD', 'radius': '1.90', 'polarity': '0'}, {'type': 'ATOM', 'element': 'O1A', 'radius': '1.35', 'polarity': '1'}, {'type': 'ATOM', 'element': 'O2A', 'radius': '1.35', 'polarity': '1'}, {'type': 'ATOM', 'element': 'O1D', 'radius': '1.35', 'polarity': '1'}, {'type': 'ATOM', 'element': 'O2D', 'radius': '1.35', 'polarity': '1'}, {'type': 'ATOM', 'element': 'O', 'radius': '1.40', 'polarity': '1'}]
2025-06-16 00:08:38,860 - __main__ - DEBUG - Values contained in atom_caracteristics variable : [{'type': 'ATOM', 'element': 'N', 'radius': '1.65', 'polarity': '1'}, {'type': 'ATOM', 'element': 'CA', 'radius': '1.87', 'polarity': '0'}, {'type': 'ATOM', 'element': 'C', 'radius': '1.76', 'polarity': '0'}, {'type': 'ATOM', 'element': 'O', 'radius': '1.40', 'polarity': '1'}, {'type': 'ATOM', 'element': 'CB', 'radius': '1.87', 'polarity': '0'}, {'type': 'ATOM', 'element': 'N', 'radius': '1.65', 'polarity': '1'}, {'type': 'ATOM', 'element': 'CA', 'radius': '1.87', 'polarity': '0'}, {'type': 'ATOM', 'element': 'C', 'radius': '1.76', 'polarity': '0'}, {'type': 'ATOM', 'element': 'O', 'radius': '1.40', 'polarity': '1'}, {'type': 'ATOM', 'element': 'CB', 'radius': '1.87', 'polarity': '0'}, {'type': 'ATOM', 'element': 'CG', 'radius': '1.87', 'polarity': '0'}, {'type': 'ATOM', 'element': 'CD', 'radius': '1.87', 'polarity': '0'}, {'type': 'ATOM', 'element': 'NE', 'radius': '1.65', 'polarity': '1'}, {'type': 'ATOM', 'element': 'CZ', 'radius': '1.76', 'polarity': '0'}, {'type': 'ATOM', 'element': 'NH1', 'radius': '1.65', 'polarity': '1'}, {'type': 'ATOM', 'element': 'NH2', 'radius': '1.65', 'polarity': '1'}, {'type': 'ATOM', 'element': 'N', 'radius': '1.65', 'polarity': '1'}, {'type': 'ATOM', 'element': 'CA', 'radius': '1.87', 'polarity': '0'}, {'type': 'ATOM', 'element': 'C', 'radius': '1.76', 'polarity': '0'}, {'type': 'ATOM', 'element': 'O', 'radius': '1.40', 'polarity': '1'}, {'type': 'ATOM', 'element': 'CB', 'radius': '1.87', 'polarity': '0'}, {'type': 'ATOM', 'element': 'CG', 'radius': '1.76', 'polarity': '0'}, {'type': 'ATOM', 'element': 'OD1', 'radius': '1.40', 'polarity': '1'}, {'type': 'ATOM', 'element': 'OD2', 'radius': '1.40', 'polarity': '1'}, {'type': 'ATOM', 'element': 'N', 'radius': '1.65', 'polarity': '1'}, {'type': 'ATOM', 'element': 'CA', 'radius': '1.87', 'polarity': '0'}, {'type': 'ATOM', 'element': 'C', 'radius': '1.76', 'polarity': '0'}, {'type': 'ATOM', 'element': 'O', 'radius': '1.40', 'polarity': '1'}, {'type': 'ATOM', 'element': 'CB', 'radius': '1.87', 'polarity': '0'}, {'type': 'ATOM', 'element': 'CG', 'radius': '1.76', 'polarity': '0'}, {'type': 'ATOM', 'element': 'OD1', 'radius': '1.40', 'polarity': '1'}, {'type': 'ATOM', 'element': 'ND2', 'radius': '1.65', 'polarity': '1'}, {'type': 'ATOM', 'element': 'N', 'radius': '1.65', 'polarity': '1'}, {'type': 'ATOM', 'element': 'CA', 'radius': '1.87', 'polarity': '0'}, {'type': 'ATOM', 'element': 'C', 'radius': '1.76', 'polarity': '0'}, {'type': 'ATOM', 'element': 'O', 'radius': '1.40', 'polarity': '1'}, {'type': 'ATOM', 'element': 'CB', 'radius': '1.87', 'polarity': '0'}, {'type': 'ATOM', 'element': 'SG', 'radius': '1.85', 'polarity': '0'}, {'type': 'ATOM', 'element': 'N', 'radius': '1.65', 'polarity': '1'}, {'type': 'ATOM', 'element': 'CA', 'radius': '1.87', 'polarity': '0'}, {'type': 'ATOM', 'element': 'C', 'radius': '1.76', 'polarity': '0'}, {'type': 'ATOM', 'element': 'O', 'radius': '1.40', 'polarity': '1'}, {'type': 'ATOM', 'element': 'CB', 'radius': '1.87', 'polarity': '0'}, {'type': 'ATOM', 'element': 'CG', 'radius': '1.87', 'polarity': '0'}, {'type': 'ATOM', 'element': 'CD', 'radius': '1.76', 'polarity': '0'}, {'type': 'ATOM', 'element': 'OE1', 'radius': '1.40', 'polarity': '1'}, {'type': 'ATOM', 'element': 'OE2', 'radius': '1.40', 'polarity': '1'}, {'type': 'ATOM', 'element': 'N', 'radius': '1.65', 'polarity': '1'}, {'type': 'ATOM', 'element': 'CA', 'radius': '1.87', 'polarity': '0'}, {'type': 'ATOM', 'element': 'C', 'radius': '1.76', 'polarity': '0'}, {'type': 'ATOM', 'element': 'O', 'radius': '1.40', 'polarity': '1'}, {'type': 'ATOM', 'element': 'CB', 'radius': '1.87', 'polarity': '0'}, {'type': 'ATOM', 'element': 'CG', 'radius': '1.87', 'polarity': '0'}, {'type': 'ATOM', 'element': 'CD', 'radius': '1.76', 'polarity': '0'}, {'type': 'ATOM', 'element': 'OE1', 'radius': '1.40', 'polarity': '1'}, {'type': 'ATOM', 'element': 'NE2', 'radius': '1.65', 'polarity': '1'}, {'type': 'ATOM', 'element': 'N', 'radius': '1.65', 'polarity': '1'}, {'type': 'ATOM', 'element': 'CA', 'radius': '1.87', 'polarity': '0'}, {'type': 'ATOM', 'element': 'C', 'radius': '1.76', 'polarity': '0'}, {'type': 'ATOM', 'element': 'O', 'radius': '1.40', 'polarity': '1'}, {'type': 'ATOM', 'element': 'N', 'radius': '1.65', 'polarity': '1'}, {'type': 'ATOM', 'element': 'CA', 'radius': '1.87', 'polarity': '0'}, {'type': 'ATOM', 'element': 'C', 'radius': '1.76', 'polarity': '0'}, {'type': 'ATOM', 'element': 'O', 'radius': '1.40', 'polarity': '1'}, {'type': 'ATOM', 'element': 'CB', 'radius': '1.87', 'polarity': '0'}, {'type': 'ATOM', 'element': 'CG', 'radius': '1.76', 'polarity': '0'}, {'type': 'ATOM', 'element': 'ND1', 'radius': '1.65', 'polarity': '1'}, {'type': 'ATOM', 'element': 'CD2', 'radius': '1.76', 'polarity': '0'}, {'type': 'ATOM', 'element': 'CE1', 'radius': '1.76', 'polarity': '0'}, {'type': 'ATOM', 'element': 'NE2', 'radius': '1.65', 'polarity': '1'}, {'type': 'ATOM', 'element': 'N', 'radius': '1.65', 'polarity': '1'}, {'type': 'ATOM', 'element': 'CA', 'radius': '1.87', 'polarity': '0'}, {'type': 'ATOM', 'element': 'C', 'radius': '1.76', 'polarity': '0'}, {'type': 'ATOM', 'element': 'O', 'radius': '1.40', 'polarity': '1'}, {'type': 'ATOM', 'element': 'CB', 'radius': '1.87', 'polarity': '0'}, {'type': 'ATOM', 'element': 'CG1', 'radius': '1.87', 'polarity': '0'}, {'type': 'ATOM', 'element': 'CG2', 'radius': '1.87', 'polarity': '0'}, {'type': 'ATOM', 'element': 'CD1', 'radius': '1.87', 'polarity': '0'}, {'type': 'ATOM', 'element': 'N', 'radius': '1.65', 'polarity': '1'}, {'type': 'ATOM', 'element': 'CA', 'radius': '1.87', 'polarity': '0'}, {'type': 'ATOM', 'element': 'C', 'radius': '1.76', 'polarity': '0'}, {'type': 'ATOM', 'element': 'O', 'radius': '1.40', 'polarity': '1'}, {'type': 'ATOM', 'element': 'CB', 'radius': '1.87', 'polarity': '0'}, {'type': 'ATOM', 'element': 'CG', 'radius': '1.87', 'polarity': '0'}, {'type': 'ATOM', 'element': 'CD1', 'radius': '1.87', 'polarity': '0'}, {'type': 'ATOM', 'element': 'CD2', 'radius': '1.87', 'polarity': '0'}, {'type': 'ATOM', 'element': 'N', 'radius': '1.65', 'polarity': '1'}, {'type': 'ATOM', 'element': 'CA', 'radius': '1.87', 'polarity': '0'}, {'type': 'ATOM', 'element': 'C', 'radius': '1.76', 'polarity': '0'}, {'type': 'ATOM', 'element': 'O', 'radius': '1.40', 'polarity': '1'}, {'type': 'ATOM', 'element': 'CB', 'radius': '1.87', 'polarity': '0'}, {'type': 'ATOM', 'element': 'CG', 'radius': '1.87', 'polarity': '0'}, {'type': 'ATOM', 'element': 'CD', 'radius': '1.87', 'polarity': '0'}, {'type': 'ATOM', 'element': 'CE', 'radius': '1.87', 'polarity': '0'}, {'type': 'ATOM', 'element': 'NZ', 'radius': '1.50', 'polarity': '1'}, {'type': 'ATOM', 'element': 'N', 'radius': '1.65', 'polarity': '1'}, {'type': 'ATOM', 'element': 'CA', 'radius': '1.87', 'polarity': '0'}, {'type': 'ATOM', 'element': 'C', 'radius': '1.76', 'polarity': '0'}, {'type': 'ATOM', 'element': 'O', 'radius': '1.40', 'polarity': '1'}, {'type': 'ATOM', 'element': 'CB', 'radius': '1.87', 'polarity': '0'}, {'type': 'ATOM', 'element': 'CG', 'radius': '1.87', 'polarity': '0'}, {'type': 'ATOM', 'element': 'SD', 'radius': '1.85', 'polarity': '0'}, {'type': 'ATOM', 'element': 'CE', 'radius': '1.87', 'polarity': '0'}, {'type': 'ATOM', 'element': 'N', 'radius': '1.65', 'polarity': '1'}, {'type': 'ATOM', 'element': 'CA', 'radius': '1.87', 'polarity': '0'}, {'type': 'ATOM', 'element': 'C', 'radius': '1.76', 'polarity': '0'}, {'type': 'ATOM', 'element': 'O', 'radius': '1.40', 'polarity': '1'}, {'type': 'ATOM', 'element': 'CB', 'radius': '1.87', 'polarity': '0'}, {'type': 'ATOM', 'element': 'CG', 'radius': '1.76', 'polarity': '0'}, {'type': 'ATOM', 'element': 'CD1', 'radius': '1.76', 'polarity': '0'}, {'type': 'ATOM', 'element': 'CD2', 'radius': '1.76', 'polarity': '0'}, {'type': 'ATOM', 'element': 'CE1', 'radius': '1.76', 'polarity': '0'}, {'type': 'ATOM', 'element': 'CE2', 'radius': '1.76', 'polarity': '0'}, {'type': 'ATOM', 'element': 'CZ', 'radius': '1.76', 'polarity': '0'}, {'type': 'ATOM', 'element': 'N', 'radius': '1.65', 'polarity': '1'}, {'type': 'ATOM', 'element': 'CA', 'radius': '1.87', 'polarity': '0'}, {'type': 'ATOM', 'element': 'C', 'radius': '1.76', 'polarity': '0'}, {'type': 'ATOM', 'element': 'O', 'radius': '1.40', 'polarity': '1'}, {'type': 'ATOM', 'element': 'CB', 'radius': '1.87', 'polarity': '0'}, {'type': 'ATOM', 'element': 'CG', 'radius': '1.87', 'polarity': '0'}, {'type': 'ATOM', 'element': 'CD', 'radius': '1.87', 'polarity': '0'}, {'type': 'ATOM', 'element': 'N', 'radius': '1.65', 'polarity': '1'}, {'type': 'ATOM', 'element': 'CA', 'radius': '1.87', 'polarity': '0'}, {'type': 'ATOM', 'element': 'C', 'radius': '1.76', 'polarity': '0'}, {'type': 'ATOM', 'element': 'O', 'radius': '1.40', 'polarity': '1'}, {'type': 'ATOM', 'element': 'CB', 'radius': '1.87', 'polarity': '0'}, {'type': 'ATOM', 'element': 'OG', 'radius': '1.40', 'polarity': '1'}, {'type': 'ATOM', 'element': 'N', 'radius': '1.65', 'polarity': '1'}, {'type': 'ATOM', 'element': 'CA', 'radius': '1.87', 'polarity': '0'}, {'type': 'ATOM', 'element': 'C', 'radius': '1.76', 'polarity': '0'}, {'type': 'ATOM', 'element': 'O', 'radius': '1.40', 'polarity': '1'}, {'type': 'ATOM', 'element': 'CB', 'radius': '1.87', 'polarity': '0'}, {'type': 'ATOM', 'element': 'OG1', 'radius': '1.40', 'polarity': '1'}, {'type': 'ATOM', 'element': 'CG2', 'radius': '1.87', 'polarity': '0'}, {'type': 'ATOM', 'element': 'N', 'radius': '1.65', 'polarity': '1'}, {'type': 'ATOM', 'element': 'CA', 'radius': '1.87', 'polarity': '0'}, {'type': 'ATOM', 'element': 'C', 'radius': '1.76', 'polarity': '0'}, {'type': 'ATOM', 'element': 'O', 'radius': '1.40', 'polarity': '1'}, {'type': 'ATOM', 'element': 'CB', 'radius': '1.87', 'polarity': '0'}, {'type': 'ATOM', 'element': 'CG', 'radius': '1.76', 'polarity': '0'}, {'type': 'ATOM', 'element': 'CD1', 'radius': '1.76', 'polarity': '0'}, {'type': 'ATOM', 'element': 'CD2', 'radius': '1.76', 'polarity': '0'}, {'type': 'ATOM', 'element': 'NE1', 'radius': '1.65', 'polarity': '1'}, {'type': 'ATOM', 'element': 'CE2', 'radius': '1.76', 'polarity': '0'}, {'type': 'ATOM', 'element': 'CE3', 'radius': '1.76', 'polarity': '0'}, {'type': 'ATOM', 'element': 'CZ2', 'radius': '1.76', 'polarity': '0'}, {'type': 'ATOM', 'element': 'CZ3', 'radius': '1.76', 'polarity': '0'}, {'type': 'ATOM', 'element': 'CH2', 'radius': '1.76', 'polarity': '0'}, {'type': 'ATOM', 'element': 'N', 'radius': '1.65', 'polarity': '1'}, {'type': 'ATOM', 'element': 'CA', 'radius': '1.87', 'polarity': '0'}, {'type': 'ATOM', 'element': 'C', 'radius': '1.76', 'polarity': '0'}, {'type': 'ATOM', 'element': 'O', 'radius': '1.40', 'polarity': '1'}, {'type': 'ATOM', 'element': 'CB', 'radius': '1.87', 'polarity': '0'}, {'type': 'ATOM', 'element': 'CG', 'radius': '1.76', 'polarity': '0'}, {'type': 'ATOM', 'element': 'CD1', 'radius': '1.76', 'polarity': '0'}, {'type': 'ATOM', 'element': 'CD2', 'radius': '1.76', 'polarity': '0'}, {'type': 'ATOM', 'element': 'CE1', 'radius': '1.76', 'polarity': '0'}, {'type': 'ATOM', 'element': 'CE2', 'radius': '1.76', 'polarity': '0'}, {'type': 'ATOM', 'element': 'CZ', 'radius': '1.76', 'polarity': '0'}, {'type': 'ATOM', 'element': 'OH', 'radius': '1.40', 'polarity': '1'}, {'type': 'ATOM', 'element': 'N', 'radius': '1.65', 'polarity': '1'}, {'type': 'ATOM', 'element': 'CA', 'radius': '1.87', 'polarity': '0'}, {'type': 'ATOM', 'element': 'C', 'radius': '1.76', 'polarity': '0'}, {'type': 'ATOM', 'element': 'O', 'radius': '1.40', 'polarity': '1'}, {'type': 'ATOM', 'element': 'CB', 'radius': '1.87', 'polarity': '0'}, {'type': 'ATOM', 'element': 'CG1', 'radius': '1.87', 'polarity': '0'}, {'type': 'ATOM', 'element': 'CG2', 'radius': '1.87', 'polarity': '0'}, {'type': 'ATOM', 'element': 'N', 'radius': '1.65', 'polarity': '1'}, {'type': 'ATOM', 'element': 'CA', 'radius': '1.87', 'polarity': '0'}, {'type': 'ATOM', 'element': 'C', 'radius': '1.76', 'polarity': '0'}, {'type': 'ATOM', 'element': 'O', 'radius': '1.40', 'polarity': '1'}, {'type': 'ATOM', 'element': 'CB', 'radius': '1.87', 'polarity': '0'}, {'type': 'ATOM', 'element': 'CG', 'radius': '1.76', 'polarity': '0'}, {'type': 'ATOM', 'element': 'AD1', 'radius': '1.50', 'polarity': '0'}, {'type': 'ATOM', 'element': 'AD2', 'radius': '1.50', 'polarity': '0'}, {'type': 'ATOM', 'element': 'N', 'radius': '1.65', 'polarity': '1'}, {'type': 'ATOM', 'element': 'CA', 'radius': '1.87', 'polarity': '0'}, {'type': 'ATOM', 'element': 'C', 'radius': '1.76', 'polarity': '0'}, {'type': 'ATOM', 'element': 'O', 'radius': '1.40', 'polarity': '1'}, {'type': 'ATOM', 'element': 'CB', 'radius': '1.87', 'polarity': '0'}, {'type': 'ATOM', 'element': 'CG', 'radius': '1.76', 'polarity': '0'}, {'type': 'ATOM', 'element': 'CD', 'radius': '1.87', 'polarity': '0'}, {'type': 'ATOM', 'element': 'AE1', 'radius': '1.50', 'polarity': '0'}, {'type': 'ATOM', 'element': 'AE2', 'radius': '1.50', 'polarity': '0'}, {'type': 'ATOM', 'element': 'C', 'radius': '1.76', 'polarity': '0'}, {'type': 'ATOM', 'element': 'O', 'radius': '1.40', 'polarity': '1'}, {'type': 'ATOM', 'element': 'CH3', 'radius': '1.87', 'polarity': '0'}, {'type': 'ATOM', 'element': 'P', 'radius': '1.90', 'polarity': '0'}, {'type': 'ATOM', 'element': 'O1P', 'radius': '1.40', 'polarity': '1'}, {'type': 'ATOM', 'element': 'O2P', 'radius': '1.40', 'polarity': '1'}, {'type': 'ATOM', 'element': 'O5*', 'radius': '1.40', 'polarity': '1'}, {'type': 'ATOM', 'element': 'C5*', 'radius': '1.80', 'polarity': '0'}, {'type': 'ATOM', 'element': 'C4*', 'radius': '1.80', 'polarity': '0'}, {'type': 'ATOM', 'element': 'O4*', 'radius': '1.40', 'polarity': '1'}, {'type': 'ATOM', 'element': 'C3*', 'radius': '1.80', 'polarity': '0'}, {'type': 'ATOM', 'element': 'O3*', 'radius': '1.40', 'polarity': '1'}, {'type': 'ATOM', 'element': 'C2*', 'radius': '1.80', 'polarity': '0'}, {'type': 'ATOM', 'element': 'C1*', 'radius': '1.80', 'polarity': '0'}, {'type': 'ATOM', 'element': 'N9', 'radius': '1.60', 'polarity': '1'}, {'type': 'ATOM', 'element': 'C8', 'radius': '1.80', 'polarity': '0'}, {'type': 'ATOM', 'element': 'N7', 'radius': '1.60', 'polarity': '1'}, {'type': 'ATOM', 'element': 'C5', 'radius': '1.80', 'polarity': '0'}, {'type': 'ATOM', 'element': 'C6', 'radius': '1.80', 'polarity': '0'}, {'type': 'ATOM', 'element': 'N6', 'radius': '1.60', 'polarity': '1'}, {'type': 'ATOM', 'element': 'N1', 'radius': '1.60', 'polarity': '1'}, {'type': 'ATOM', 'element': 'C2', 'radius': '1.80', 'polarity': '0'}, {'type': 'ATOM', 'element': 'N3', 'radius': '1.60', 'polarity': '1'}, {'type': 'ATOM', 'element': 'C4', 'radius': '1.80', 'polarity': '0'}, {'type': 'ATOM', 'element': 'P', 'radius': '1.90', 'polarity': '0'}, {'type': 'ATOM', 'element': 'O1P', 'radius': '1.40', 'polarity': '1'}, {'type': 'ATOM', 'element': 'O2P', 'radius': '1.40', 'polarity': '1'}, {'type': 'ATOM', 'element': 'O5*', 'radius': '1.40', 'polarity': '1'}, {'type': 'ATOM', 'element': 'C5*', 'radius': '1.80', 'polarity': '0'}, {'type': 'ATOM', 'element': 'C4*', 'radius': '1.80', 'polarity': '0'}, {'type': 'ATOM', 'element': 'O4*', 'radius': '1.40', 'polarity': '1'}, {'type': 'ATOM', 'element': 'C3*', 'radius': '1.80', 'polarity': '0'}, {'type': 'ATOM', 'element': 'O3*', 'radius': '1.40', 'polarity': '1'}, {'type': 'ATOM', 'element': 'C2*', 'radius': '1.80', 'polarity': '0'}, {'type': 'ATOM', 'element': 'C1*', 'radius': '1.80', 'polarity': '0'}, {'type': 'ATOM', 'element': 'N1', 'radius': '1.60', 'polarity': '1'}, {'type': 'ATOM', 'element': 'C2', 'radius': '1.80', 'polarity': '0'}, {'type': 'ATOM', 'element': 'O2', 'radius': '1.40', 'polarity': '1'}, {'type': 'ATOM', 'element': 'N3', 'radius': '1.60', 'polarity': '1'}, {'type': 'ATOM', 'element': 'C4', 'radius': '1.80', 'polarity': '0'}, {'type': 'ATOM', 'element': 'N4', 'radius': '1.60', 'polarity': '1'}, {'type': 'ATOM', 'element': 'C5', 'radius': '1.80', 'polarity': '0'}, {'type': 'ATOM', 'element': 'C6', 'radius': '1.80', 'polarity': '0'}, {'type': 'ATOM', 'element': 'P', 'radius': '1.90', 'polarity': '0'}, {'type': 'ATOM', 'element': 'O1P', 'radius': '1.40', 'polarity': '1'}, {'type': 'ATOM', 'element': 'O2P', 'radius': '1.40', 'polarity': '1'}, {'type': 'ATOM', 'element': 'O5*', 'radius': '1.40', 'polarity': '1'}, {'type': 'ATOM', 'element': 'C5*', 'radius': '1.80', 'polarity': '0'}, {'type': 'ATOM', 'element': 'C4*', 'radius': '1.80', 'polarity': '0'}, {'type': 'ATOM', 'element': 'O4*', 'radius': '1.40', 'polarity': '1'}, {'type': 'ATOM', 'element': 'C3*', 'radius': '1.80', 'polarity': '0'}, {'type': 'ATOM', 'element': 'O3*', 'radius': '1.40', 'polarity': '1'}, {'type': 'ATOM', 'element': 'C2*', 'radius': '1.80', 'polarity': '0'}, {'type': 'ATOM', 'element': 'C1*', 'radius': '1.80', 'polarity': '0'}, {'type': 'ATOM', 'element': 'N9', 'radius': '1.60', 'polarity': '1'}, {'type': 'ATOM', 'element': 'C8', 'radius': '1.80', 'polarity': '0'}, {'type': 'ATOM', 'element': 'N7', 'radius': '1.60', 'polarity': '1'}, {'type': 'ATOM', 'element': 'C5', 'radius': '1.80', 'polarity': '0'}, {'type': 'ATOM', 'element': 'C6', 'radius': '1.80', 'polarity': '0'}, {'type': 'ATOM', 'element': 'O6', 'radius': '1.40', 'polarity': '1'}, {'type': 'ATOM', 'element': 'N1', 'radius': '1.60', 'polarity': '1'}, {'type': 'ATOM', 'element': 'C2', 'radius': '1.80', 'polarity': '0'}, {'type': 'ATOM', 'element': 'N2', 'radius': '1.60', 'polarity': '1'}, {'type': 'ATOM', 'element': 'N3', 'radius': '1.60', 'polarity': '1'}, {'type': 'ATOM', 'element': 'C4', 'radius': '1.80', 'polarity': '0'}, {'type': 'ATOM', 'element': 'P', 'radius': '1.90', 'polarity': '0'}, {'type': 'ATOM', 'element': 'O1P', 'radius': '1.40', 'polarity': '1'}, {'type': 'ATOM', 'element': 'O2P', 'radius': '1.40', 'polarity': '1'}, {'type': 'ATOM', 'element': 'O5*', 'radius': '1.40', 'polarity': '1'}, {'type': 'ATOM', 'element': 'C5*', 'radius': '1.80', 'polarity': '0'}, {'type': 'ATOM', 'element': 'C4*', 'radius': '1.80', 'polarity': '0'}, {'type': 'ATOM', 'element': 'O4*', 'radius': '1.40', 'polarity': '1'}, {'type': 'ATOM', 'element': 'C3*', 'radius': '1.80', 'polarity': '0'}, {'type': 'ATOM', 'element': 'O3*', 'radius': '1.40', 'polarity': '1'}, {'type': 'ATOM', 'element': 'C2*', 'radius': '1.80', 'polarity': '0'}, {'type': 'ATOM', 'element': 'C1*', 'radius': '1.80', 'polarity': '0'}, {'type': 'ATOM', 'element': 'N1', 'radius': '1.60', 'polarity': '1'}, {'type': 'ATOM', 'element': 'C2', 'radius': '1.80', 'polarity': '0'}, {'type': 'ATOM', 'element': 'O2', 'radius': '1.40', 'polarity': '1'}, {'type': 'ATOM', 'element': 'N3', 'radius': '1.60', 'polarity': '1'}, {'type': 'ATOM', 'element': 'C4', 'radius': '1.80', 'polarity': '0'}, {'type': 'ATOM', 'element': 'O4', 'radius': '1.40', 'polarity': '1'}, {'type': 'ATOM', 'element': 'C5', 'radius': '1.80', 'polarity': '0'}, {'type': 'ATOM', 'element': 'C5M', 'radius': '1.80', 'polarity': '0'}, {'type': 'ATOM', 'element': 'C6', 'radius': '1.80', 'polarity': '0'}, {'type': 'ATOM', 'element': 'P', 'radius': '1.90', 'polarity': '0'}, {'type': 'ATOM', 'element': 'O1P', 'radius': '1.40', 'polarity': '1'}, {'type': 'ATOM', 'element': 'O2P', 'radius': '1.40', 'polarity': '1'}, {'type': 'ATOM', 'element': 'O5*', 'radius': '1.40', 'polarity': '1'}, {'type': 'ATOM', 'element': 'C5*', 'radius': '1.80', 'polarity': '0'}, {'type': 'ATOM', 'element': 'C4*', 'radius': '1.80', 'polarity': '0'}, {'type': 'ATOM', 'element': 'O4*', 'radius': '1.40', 'polarity': '1'}, {'type': 'ATOM', 'element': 'C3*', 'radius': '1.80', 'polarity': '0'}, {'type': 'ATOM', 'element': 'O3*', 'radius': '1.40', 'polarity': '1'}, {'type': 'ATOM', 'element': 'C2*', 'radius': '1.80', 'polarity': '0'}, {'type': 'ATOM', 'element': 'O2*', 'radius': '1.40', 'polarity': '1'}, {'type': 'ATOM', 'element': 'C1*', 'radius': '1.80', 'polarity': '0'}, {'type': 'ATOM', 'element': 'N1', 'radius': '1.60', 'polarity': '1'}, {'type': 'ATOM', 'element': 'C2', 'radius': '1.80', 'polarity': '0'}, {'type': 'ATOM', 'element': 'O2', 'radius': '1.40', 'polarity': '1'}, {'type': 'ATOM', 'element': 'N3', 'radius': '1.60', 'polarity': '1'}, {'type': 'ATOM', 'element': 'C4', 'radius': '1.80', 'polarity': '0'}, {'type': 'ATOM', 'element': 'O4', 'radius': '1.40', 'polarity': '1'}, {'type': 'ATOM', 'element': 'C5', 'radius': '1.80', 'polarity': '0'}, {'type': 'ATOM', 'element': 'C6', 'radius': '1.80', 'polarity': '0'}, {'type': 'ATOM', 'element': 'P', 'radius': '1.90', 'polarity': '0'}, {'type': 'ATOM', 'element': 'O1P', 'radius': '1.40', 'polarity': '1'}, {'type': 'ATOM', 'element': 'O2P', 'radius': '1.40', 'polarity': '1'}, {'type': 'ATOM', 'element': 'O5*', 'radius': '1.40', 'polarity': '1'}, {'type': 'ATOM', 'element': 'C5*', 'radius': '1.80', 'polarity': '0'}, {'type': 'ATOM', 'element': 'C4*', 'radius': '1.80', 'polarity': '0'}, {'type': 'ATOM', 'element': 'O4*', 'radius': '1.40', 'polarity': '1'}, {'type': 'ATOM', 'element': 'C3*', 'radius': '1.80', 'polarity': '0'}, {'type': 'ATOM', 'element': 'O3*', 'radius': '1.40', 'polarity': '1'}, {'type': 'ATOM', 'element': 'C2*', 'radius': '1.80', 'polarity': '0'}, {'type': 'ATOM', 'element': 'O2*', 'radius': '1.40', 'polarity': '1'}, {'type': 'ATOM', 'element': 'C1*', 'radius': '1.80', 'polarity': '0'}, {'type': 'ATOM', 'element': 'N9', 'radius': '1.60', 'polarity': '1'}, {'type': 'ATOM', 'element': 'C8', 'radius': '1.80', 'polarity': '0'}, {'type': 'ATOM', 'element': 'N7', 'radius': '1.60', 'polarity': '1'}, {'type': 'ATOM', 'element': 'C5', 'radius': '1.80', 'polarity': '0'}, {'type': 'ATOM', 'element': 'C6', 'radius': '1.80', 'polarity': '0'}, {'type': 'ATOM', 'element': 'O6', 'radius': '1.40', 'polarity': '1'}, {'type': 'ATOM', 'element': 'N1', 'radius': '1.60', 'polarity': '1'}, {'type': 'ATOM', 'element': 'C2', 'radius': '1.80', 'polarity': '0'}, {'type': 'ATOM', 'element': 'N2', 'radius': '1.60', 'polarity': '1'}, {'type': 'ATOM', 'element': 'C2A', 'radius': '1.80', 'polarity': '0'}, {'type': 'ATOM', 'element': 'N3', 'radius': '1.60', 'polarity': '1'}, {'type': 'ATOM', 'element': 'C4', 'radius': '1.80', 'polarity': '0'}, {'type': 'ATOM', 'element': 'P', 'radius': '1.90', 'polarity': '0'}, {'type': 'ATOM', 'element': 'O1P', 'radius': '1.40', 'polarity': '1'}, {'type': 'ATOM', 'element': 'O2P', 'radius': '1.40', 'polarity': '1'}, {'type': 'ATOM', 'element': 'O5*', 'radius': '1.40', 'polarity': '1'}, {'type': 'ATOM', 'element': 'C5*', 'radius': '1.80', 'polarity': '0'}, {'type': 'ATOM', 'element': 'C4*', 'radius': '1.80', 'polarity': '0'}, {'type': 'ATOM', 'element': 'O4*', 'radius': '1.40', 'polarity': '1'}, {'type': 'ATOM', 'element': 'C3*', 'radius': '1.80', 'polarity': '0'}, {'type': 'ATOM', 'element': 'O3*', 'radius': '1.40', 'polarity': '1'}, {'type': 'ATOM', 'element': 'C2*', 'radius': '1.80', 'polarity': '0'}, {'type': 'ATOM', 'element': 'O2*', 'radius': '1.40', 'polarity': '1'}, {'type': 'ATOM', 'element': 'C1*', 'radius': '1.80', 'polarity': '0'}, {'type': 'ATOM', 'element': 'N1', 'radius': '1.60', 'polarity': '1'}, {'type': 'ATOM', 'element': 'C2', 'radius': '1.80', 'polarity': '0'}, {'type': 'ATOM', 'element': 'O2', 'radius': '1.40', 'polarity': '1'}, {'type': 'ATOM', 'element': 'N3', 'radius': '1.60', 'polarity': '1'}, {'type': 'ATOM', 'element': 'C4', 'radius': '1.80', 'polarity': '0'}, {'type': 'ATOM', 'element': 'O4', 'radius': '1.40', 'polarity': '1'}, {'type': 'ATOM', 'element': 'C5', 'radius': '1.80', 'polarity': '0'}, {'type': 'ATOM', 'element': 'C6', 'radius': '1.80', 'polarity': '0'}, {'type': 'ATOM', 'element': 'FE', 'radius': '1.47', 'polarity': '0'}, {'type': 'ATOM', 'element': 'CHA', 'radius': '2.00', 'polarity': '0'}, {'type': 'ATOM', 'element': 'CHB', 'radius': '2.00', 'polarity': '0'}, {'type': 'ATOM', 'element': 'CHC', 'radius': '2.00', 'polarity': '0'}, {'type': 'ATOM', 'element': 'CHD', 'radius': '2.00', 'polarity': '0'}, {'type': 'ATOM', 'element': 'C1A', 'radius': '1.78', 'polarity': '0'}, {'type': 'ATOM', 'element': 'C2A', 'radius': '1.78', 'polarity': '0'}, {'type': 'ATOM', 'element': 'C3A', 'radius': '1.78', 'polarity': '0'}, {'type': 'ATOM', 'element': 'C4A', 'radius': '1.78', 'polarity': '0'}, {'type': 'ATOM', 'element': 'CMA', 'radius': '1.90', 'polarity': '0'}, {'type': 'ATOM', 'element': 'CAA', 'radius': '1.90', 'polarity': '0'}, {'type': 'ATOM', 'element': 'CBA', 'radius': '1.90', 'polarity': '0'}, {'type': 'ATOM', 'element': 'CGA', 'radius': '1.90', 'polarity': '0'}, {'type': 'ATOM', 'element': 'C1B', 'radius': '1.78', 'polarity': '0'}, {'type': 'ATOM', 'element': 'C2B', 'radius': '1.78', 'polarity': '0'}, {'type': 'ATOM', 'element': 'C3B', 'radius': '1.78', 'polarity': '0'}, {'type': 'ATOM', 'element': 'C4B', 'radius': '1.78', 'polarity': '0'}, {'type': 'ATOM', 'element': 'CMB', 'radius': '1.90', 'polarity': '0'}, {'type': 'ATOM', 'element': 'CAB', 'radius': '1.90', 'polarity': '0'}, {'type': 'ATOM', 'element': 'CBB', 'radius': '1.90', 'polarity': '0'}, {'type': 'ATOM', 'element': 'C1C', 'radius': '1.78', 'polarity': '0'}, {'type': 'ATOM', 'element': 'C2C', 'radius': '1.78', 'polarity': '0'}, {'type': 'ATOM', 'element': 'C3C', 'radius': '1.78', 'polarity': '0'}, {'type': 'ATOM', 'element': 'C4C', 'radius': '1.78', 'polarity': '0'}, {'type': 'ATOM', 'element': 'CMC', 'radius': '1.90', 'polarity': '0'}, {'type': 'ATOM', 'element': 'CAC', 'radius': '1.90', 'polarity': '0'}, {'type': 'ATOM', 'element': 'CBC', 'radius': '1.90', 'polarity': '0'}, {'type': 'ATOM', 'element': 'C1D', 'radius': '1.78', 'polarity': '0'}, {'type': 'ATOM', 'element': 'C2D', 'radius': '1.78', 'polarity': '0'}, {'type': 'ATOM', 'element': 'C3D', 'radius': '1.78', 'polarity': '0'}, {'type': 'ATOM', 'element': 'C4D', 'radius': '1.78', 'polarity': '0'}, {'type': 'ATOM', 'element': 'CMD', 'radius': '1.90', 'polarity': '0'}, {'type': 'ATOM', 'element': 'CAD', 'radius': '1.90', 'polarity': '0'}, {'type': 'ATOM', 'element': 'CBD', 'radius': '1.90', 'polarity': '0'}, {'type': 'ATOM', 'element': 'CGD', 'radius': '1.90', 'polarity': '0'}, {'type': 'ATOM', 'element': 'O1A', 'radius': '1.35', 'polarity': '1'}, {'type': 'ATOM', 'element': 'O2A', 'radius': '1.35', 'polarity': '1'}, {'type': 'ATOM', 'element': 'O1D', 'radius': '1.35', 'polarity': '1'}, {'type': 'ATOM', 'element': 'O2D', 'radius': '1.35', 'polarity': '1'}, {'type': 'ATOM', 'element': 'O', 'radius': '1.40', 'polarity': '1'}]
DEBUG:__main__:Values contained in atom_caracteristics variable : [{'type': 'ATOM', 'element': 'N', 'radius': '1.65', 'polarity': '1'}, {'type': 'ATOM', 'element': 'CA', 'radius': '1.87', 'polarity': '0'}, {'type': 'ATOM', 'element': 'C', 'radius': '1.76', 'polarity': '0'}, {'type': 'ATOM', 'element': 'O', 'radius': '1.40', 'polarity': '1'}, {'type': 'ATOM', 'element': 'CB', 'radius': '1.87', 'polarity': '0'}, {'type': 'ATOM', 'element': 'N', 'radius': '1.65', 'polarity': '1'}, {'type': 'ATOM', 'element': 'CA', 'radius': '1.87', 'polarity': '0'}, {'type': 'ATOM', 'element': 'C', 'radius': '1.76', 'polarity': '0'}, {'type': 'ATOM', 'element': 'O', 'radius': '1.40', 'polarity': '1'}, {'type': 'ATOM', 'element': 'CB', 'radius': '1.87', 'polarity': '0'}, {'type': 'ATOM', 'element': 'CG', 'radius': '1.87', 'polarity': '0'}, {'type': 'ATOM', 'element': 'CD', 'radius': '1.87', 'polarity': '0'}, {'type': 'ATOM', 'element': 'NE', 'radius': '1.65', 'polarity': '1'}, {'type': 'ATOM', 'element': 'CZ', 'radius': '1.76', 'polarity': '0'}, {'type': 'ATOM', 'element': 'NH1', 'radius': '1.65', 'polarity': '1'}, {'type': 'ATOM', 'element': 'NH2', 'radius': '1.65', 'polarity': '1'}, {'type': 'ATOM', 'element': 'N', 'radius': '1.65', 'polarity': '1'}, {'type': 'ATOM', 'element': 'CA', 'radius': '1.87', 'polarity': '0'}, {'type': 'ATOM', 'element': 'C', 'radius': '1.76', 'polarity': '0'}, {'type': 'ATOM', 'element': 'O', 'radius': '1.40', 'polarity': '1'}, {'type': 'ATOM', 'element': 'CB', 'radius': '1.87', 'polarity': '0'}, {'type': 'ATOM', 'element': 'CG', 'radius': '1.76', 'polarity': '0'}, {'type': 'ATOM', 'element': 'OD1', 'radius': '1.40', 'polarity': '1'}, {'type': 'ATOM', 'element': 'OD2', 'radius': '1.40', 'polarity': '1'}, {'type': 'ATOM', 'element': 'N', 'radius': '1.65', 'polarity': '1'}, {'type': 'ATOM', 'element': 'CA', 'radius': '1.87', 'polarity': '0'}, {'type': 'ATOM', 'element': 'C', 'radius': '1.76', 'polarity': '0'}, {'type': 'ATOM', 'element': 'O', 'radius': '1.40', 'polarity': '1'}, {'type': 'ATOM', 'element': 'CB', 'radius': '1.87', 'polarity': '0'}, {'type': 'ATOM', 'element': 'CG', 'radius': '1.76', 'polarity': '0'}, {'type': 'ATOM', 'element': 'OD1', 'radius': '1.40', 'polarity': '1'}, {'type': 'ATOM', 'element': 'ND2', 'radius': '1.65', 'polarity': '1'}, {'type': 'ATOM', 'element': 'N', 'radius': '1.65', 'polarity': '1'}, {'type': 'ATOM', 'element': 'CA', 'radius': '1.87', 'polarity': '0'}, {'type': 'ATOM', 'element': 'C', 'radius': '1.76', 'polarity': '0'}, {'type': 'ATOM', 'element': 'O', 'radius': '1.40', 'polarity': '1'}, {'type': 'ATOM', 'element': 'CB', 'radius': '1.87', 'polarity': '0'}, {'type': 'ATOM', 'element': 'SG', 'radius': '1.85', 'polarity': '0'}, {'type': 'ATOM', 'element': 'N', 'radius': '1.65', 'polarity': '1'}, {'type': 'ATOM', 'element': 'CA', 'radius': '1.87', 'polarity': '0'}, {'type': 'ATOM', 'element': 'C', 'radius': '1.76', 'polarity': '0'}, {'type': 'ATOM', 'element': 'O', 'radius': '1.40', 'polarity': '1'}, {'type': 'ATOM', 'element': 'CB', 'radius': '1.87', 'polarity': '0'}, {'type': 'ATOM', 'element': 'CG', 'radius': '1.87', 'polarity': '0'}, {'type': 'ATOM', 'element': 'CD', 'radius': '1.76', 'polarity': '0'}, {'type': 'ATOM', 'element': 'OE1', 'radius': '1.40', 'polarity': '1'}, {'type': 'ATOM', 'element': 'OE2', 'radius': '1.40', 'polarity': '1'}, {'type': 'ATOM', 'element': 'N', 'radius': '1.65', 'polarity': '1'}, {'type': 'ATOM', 'element': 'CA', 'radius': '1.87', 'polarity': '0'}, {'type': 'ATOM', 'element': 'C', 'radius': '1.76', 'polarity': '0'}, {'type': 'ATOM', 'element': 'O', 'radius': '1.40', 'polarity': '1'}, {'type': 'ATOM', 'element': 'CB', 'radius': '1.87', 'polarity': '0'}, {'type': 'ATOM', 'element': 'CG', 'radius': '1.87', 'polarity': '0'}, {'type': 'ATOM', 'element': 'CD', 'radius': '1.76', 'polarity': '0'}, {'type': 'ATOM', 'element': 'OE1', 'radius': '1.40', 'polarity': '1'}, {'type': 'ATOM', 'element': 'NE2', 'radius': '1.65', 'polarity': '1'}, {'type': 'ATOM', 'element': 'N', 'radius': '1.65', 'polarity': '1'}, {'type': 'ATOM', 'element': 'CA', 'radius': '1.87', 'polarity': '0'}, {'type': 'ATOM', 'element': 'C', 'radius': '1.76', 'polarity': '0'}, {'type': 'ATOM', 'element': 'O', 'radius': '1.40', 'polarity': '1'}, {'type': 'ATOM', 'element': 'N', 'radius': '1.65', 'polarity': '1'}, {'type': 'ATOM', 'element': 'CA', 'radius': '1.87', 'polarity': '0'}, {'type': 'ATOM', 'element': 'C', 'radius': '1.76', 'polarity': '0'}, {'type': 'ATOM', 'element': 'O', 'radius': '1.40', 'polarity': '1'}, {'type': 'ATOM', 'element': 'CB', 'radius': '1.87', 'polarity': '0'}, {'type': 'ATOM', 'element': 'CG', 'radius': '1.76', 'polarity': '0'}, {'type': 'ATOM', 'element': 'ND1', 'radius': '1.65', 'polarity': '1'}, {'type': 'ATOM', 'element': 'CD2', 'radius': '1.76', 'polarity': '0'}, {'type': 'ATOM', 'element': 'CE1', 'radius': '1.76', 'polarity': '0'}, {'type': 'ATOM', 'element': 'NE2', 'radius': '1.65', 'polarity': '1'}, {'type': 'ATOM', 'element': 'N', 'radius': '1.65', 'polarity': '1'}, {'type': 'ATOM', 'element': 'CA', 'radius': '1.87', 'polarity': '0'}, {'type': 'ATOM', 'element': 'C', 'radius': '1.76', 'polarity': '0'}, {'type': 'ATOM', 'element': 'O', 'radius': '1.40', 'polarity': '1'}, {'type': 'ATOM', 'element': 'CB', 'radius': '1.87', 'polarity': '0'}, {'type': 'ATOM', 'element': 'CG1', 'radius': '1.87', 'polarity': '0'}, {'type': 'ATOM', 'element': 'CG2', 'radius': '1.87', 'polarity': '0'}, {'type': 'ATOM', 'element': 'CD1', 'radius': '1.87', 'polarity': '0'}, {'type': 'ATOM', 'element': 'N', 'radius': '1.65', 'polarity': '1'}, {'type': 'ATOM', 'element': 'CA', 'radius': '1.87', 'polarity': '0'}, {'type': 'ATOM', 'element': 'C', 'radius': '1.76', 'polarity': '0'}, {'type': 'ATOM', 'element': 'O', 'radius': '1.40', 'polarity': '1'}, {'type': 'ATOM', 'element': 'CB', 'radius': '1.87', 'polarity': '0'}, {'type': 'ATOM', 'element': 'CG', 'radius': '1.87', 'polarity': '0'}, {'type': 'ATOM', 'element': 'CD1', 'radius': '1.87', 'polarity': '0'}, {'type': 'ATOM', 'element': 'CD2', 'radius': '1.87', 'polarity': '0'}, {'type': 'ATOM', 'element': 'N', 'radius': '1.65', 'polarity': '1'}, {'type': 'ATOM', 'element': 'CA', 'radius': '1.87', 'polarity': '0'}, {'type': 'ATOM', 'element': 'C', 'radius': '1.76', 'polarity': '0'}, {'type': 'ATOM', 'element': 'O', 'radius': '1.40', 'polarity': '1'}, {'type': 'ATOM', 'element': 'CB', 'radius': '1.87', 'polarity': '0'}, {'type': 'ATOM', 'element': 'CG', 'radius': '1.87', 'polarity': '0'}, {'type': 'ATOM', 'element': 'CD', 'radius': '1.87', 'polarity': '0'}, {'type': 'ATOM', 'element': 'CE', 'radius': '1.87', 'polarity': '0'}, {'type': 'ATOM', 'element': 'NZ', 'radius': '1.50', 'polarity': '1'}, {'type': 'ATOM', 'element': 'N', 'radius': '1.65', 'polarity': '1'}, {'type': 'ATOM', 'element': 'CA', 'radius': '1.87', 'polarity': '0'}, {'type': 'ATOM', 'element': 'C', 'radius': '1.76', 'polarity': '0'}, {'type': 'ATOM', 'element': 'O', 'radius': '1.40', 'polarity': '1'}, {'type': 'ATOM', 'element': 'CB', 'radius': '1.87', 'polarity': '0'}, {'type': 'ATOM', 'element': 'CG', 'radius': '1.87', 'polarity': '0'}, {'type': 'ATOM', 'element': 'SD', 'radius': '1.85', 'polarity': '0'}, {'type': 'ATOM', 'element': 'CE', 'radius': '1.87', 'polarity': '0'}, {'type': 'ATOM', 'element': 'N', 'radius': '1.65', 'polarity': '1'}, {'type': 'ATOM', 'element': 'CA', 'radius': '1.87', 'polarity': '0'}, {'type': 'ATOM', 'element': 'C', 'radius': '1.76', 'polarity': '0'}, {'type': 'ATOM', 'element': 'O', 'radius': '1.40', 'polarity': '1'}, {'type': 'ATOM', 'element': 'CB', 'radius': '1.87', 'polarity': '0'}, {'type': 'ATOM', 'element': 'CG', 'radius': '1.76', 'polarity': '0'}, {'type': 'ATOM', 'element': 'CD1', 'radius': '1.76', 'polarity': '0'}, {'type': 'ATOM', 'element': 'CD2', 'radius': '1.76', 'polarity': '0'}, {'type': 'ATOM', 'element': 'CE1', 'radius': '1.76', 'polarity': '0'}, {'type': 'ATOM', 'element': 'CE2', 'radius': '1.76', 'polarity': '0'}, {'type': 'ATOM', 'element': 'CZ', 'radius': '1.76', 'polarity': '0'}, {'type': 'ATOM', 'element': 'N', 'radius': '1.65', 'polarity': '1'}, {'type': 'ATOM', 'element': 'CA', 'radius': '1.87', 'polarity': '0'}, {'type': 'ATOM', 'element': 'C', 'radius': '1.76', 'polarity': '0'}, {'type': 'ATOM', 'element': 'O', 'radius': '1.40', 'polarity': '1'}, {'type': 'ATOM', 'element': 'CB', 'radius': '1.87', 'polarity': '0'}, {'type': 'ATOM', 'element': 'CG', 'radius': '1.87', 'polarity': '0'}, {'type': 'ATOM', 'element': 'CD', 'radius': '1.87', 'polarity': '0'}, {'type': 'ATOM', 'element': 'N', 'radius': '1.65', 'polarity': '1'}, {'type': 'ATOM', 'element': 'CA', 'radius': '1.87', 'polarity': '0'}, {'type': 'ATOM', 'element': 'C', 'radius': '1.76', 'polarity': '0'}, {'type': 'ATOM', 'element': 'O', 'radius': '1.40', 'polarity': '1'}, {'type': 'ATOM', 'element': 'CB', 'radius': '1.87', 'polarity': '0'}, {'type': 'ATOM', 'element': 'OG', 'radius': '1.40', 'polarity': '1'}, {'type': 'ATOM', 'element': 'N', 'radius': '1.65', 'polarity': '1'}, {'type': 'ATOM', 'element': 'CA', 'radius': '1.87', 'polarity': '0'}, {'type': 'ATOM', 'element': 'C', 'radius': '1.76', 'polarity': '0'}, {'type': 'ATOM', 'element': 'O', 'radius': '1.40', 'polarity': '1'}, {'type': 'ATOM', 'element': 'CB', 'radius': '1.87', 'polarity': '0'}, {'type': 'ATOM', 'element': 'OG1', 'radius': '1.40', 'polarity': '1'}, {'type': 'ATOM', 'element': 'CG2', 'radius': '1.87', 'polarity': '0'}, {'type': 'ATOM', 'element': 'N', 'radius': '1.65', 'polarity': '1'}, {'type': 'ATOM', 'element': 'CA', 'radius': '1.87', 'polarity': '0'}, {'type': 'ATOM', 'element': 'C', 'radius': '1.76', 'polarity': '0'}, {'type': 'ATOM', 'element': 'O', 'radius': '1.40', 'polarity': '1'}, {'type': 'ATOM', 'element': 'CB', 'radius': '1.87', 'polarity': '0'}, {'type': 'ATOM', 'element': 'CG', 'radius': '1.76', 'polarity': '0'}, {'type': 'ATOM', 'element': 'CD1', 'radius': '1.76', 'polarity': '0'}, {'type': 'ATOM', 'element': 'CD2', 'radius': '1.76', 'polarity': '0'}, {'type': 'ATOM', 'element': 'NE1', 'radius': '1.65', 'polarity': '1'}, {'type': 'ATOM', 'element': 'CE2', 'radius': '1.76', 'polarity': '0'}, {'type': 'ATOM', 'element': 'CE3', 'radius': '1.76', 'polarity': '0'}, {'type': 'ATOM', 'element': 'CZ2', 'radius': '1.76', 'polarity': '0'}, {'type': 'ATOM', 'element': 'CZ3', 'radius': '1.76', 'polarity': '0'}, {'type': 'ATOM', 'element': 'CH2', 'radius': '1.76', 'polarity': '0'}, {'type': 'ATOM', 'element': 'N', 'radius': '1.65', 'polarity': '1'}, {'type': 'ATOM', 'element': 'CA', 'radius': '1.87', 'polarity': '0'}, {'type': 'ATOM', 'element': 'C', 'radius': '1.76', 'polarity': '0'}, {'type': 'ATOM', 'element': 'O', 'radius': '1.40', 'polarity': '1'}, {'type': 'ATOM', 'element': 'CB', 'radius': '1.87', 'polarity': '0'}, {'type': 'ATOM', 'element': 'CG', 'radius': '1.76', 'polarity': '0'}, {'type': 'ATOM', 'element': 'CD1', 'radius': '1.76', 'polarity': '0'}, {'type': 'ATOM', 'element': 'CD2', 'radius': '1.76', 'polarity': '0'}, {'type': 'ATOM', 'element': 'CE1', 'radius': '1.76', 'polarity': '0'}, {'type': 'ATOM', 'element': 'CE2', 'radius': '1.76', 'polarity': '0'}, {'type': 'ATOM', 'element': 'CZ', 'radius': '1.76', 'polarity': '0'}, {'type': 'ATOM', 'element': 'OH', 'radius': '1.40', 'polarity': '1'}, {'type': 'ATOM', 'element': 'N', 'radius': '1.65', 'polarity': '1'}, {'type': 'ATOM', 'element': 'CA', 'radius': '1.87', 'polarity': '0'}, {'type': 'ATOM', 'element': 'C', 'radius': '1.76', 'polarity': '0'}, {'type': 'ATOM', 'element': 'O', 'radius': '1.40', 'polarity': '1'}, {'type': 'ATOM', 'element': 'CB', 'radius': '1.87', 'polarity': '0'}, {'type': 'ATOM', 'element': 'CG1', 'radius': '1.87', 'polarity': '0'}, {'type': 'ATOM', 'element': 'CG2', 'radius': '1.87', 'polarity': '0'}, {'type': 'ATOM', 'element': 'N', 'radius': '1.65', 'polarity': '1'}, {'type': 'ATOM', 'element': 'CA', 'radius': '1.87', 'polarity': '0'}, {'type': 'ATOM', 'element': 'C', 'radius': '1.76', 'polarity': '0'}, {'type': 'ATOM', 'element': 'O', 'radius': '1.40', 'polarity': '1'}, {'type': 'ATOM', 'element': 'CB', 'radius': '1.87', 'polarity': '0'}, {'type': 'ATOM', 'element': 'CG', 'radius': '1.76', 'polarity': '0'}, {'type': 'ATOM', 'element': 'AD1', 'radius': '1.50', 'polarity': '0'}, {'type': 'ATOM', 'element': 'AD2', 'radius': '1.50', 'polarity': '0'}, {'type': 'ATOM', 'element': 'N', 'radius': '1.65', 'polarity': '1'}, {'type': 'ATOM', 'element': 'CA', 'radius': '1.87', 'polarity': '0'}, {'type': 'ATOM', 'element': 'C', 'radius': '1.76', 'polarity': '0'}, {'type': 'ATOM', 'element': 'O', 'radius': '1.40', 'polarity': '1'}, {'type': 'ATOM', 'element': 'CB', 'radius': '1.87', 'polarity': '0'}, {'type': 'ATOM', 'element': 'CG', 'radius': '1.76', 'polarity': '0'}, {'type': 'ATOM', 'element': 'CD', 'radius': '1.87', 'polarity': '0'}, {'type': 'ATOM', 'element': 'AE1', 'radius': '1.50', 'polarity': '0'}, {'type': 'ATOM', 'element': 'AE2', 'radius': '1.50', 'polarity': '0'}, {'type': 'ATOM', 'element': 'C', 'radius': '1.76', 'polarity': '0'}, {'type': 'ATOM', 'element': 'O', 'radius': '1.40', 'polarity': '1'}, {'type': 'ATOM', 'element': 'CH3', 'radius': '1.87', 'polarity': '0'}, {'type': 'ATOM', 'element': 'P', 'radius': '1.90', 'polarity': '0'}, {'type': 'ATOM', 'element': 'O1P', 'radius': '1.40', 'polarity': '1'}, {'type': 'ATOM', 'element': 'O2P', 'radius': '1.40', 'polarity': '1'}, {'type': 'ATOM', 'element': 'O5*', 'radius': '1.40', 'polarity': '1'}, {'type': 'ATOM', 'element': 'C5*', 'radius': '1.80', 'polarity': '0'}, {'type': 'ATOM', 'element': 'C4*', 'radius': '1.80', 'polarity': '0'}, {'type': 'ATOM', 'element': 'O4*', 'radius': '1.40', 'polarity': '1'}, {'type': 'ATOM', 'element': 'C3*', 'radius': '1.80', 'polarity': '0'}, {'type': 'ATOM', 'element': 'O3*', 'radius': '1.40', 'polarity': '1'}, {'type': 'ATOM', 'element': 'C2*', 'radius': '1.80', 'polarity': '0'}, {'type': 'ATOM', 'element': 'C1*', 'radius': '1.80', 'polarity': '0'}, {'type': 'ATOM', 'element': 'N9', 'radius': '1.60', 'polarity': '1'}, {'type': 'ATOM', 'element': 'C8', 'radius': '1.80', 'polarity': '0'}, {'type': 'ATOM', 'element': 'N7', 'radius': '1.60', 'polarity': '1'}, {'type': 'ATOM', 'element': 'C5', 'radius': '1.80', 'polarity': '0'}, {'type': 'ATOM', 'element': 'C6', 'radius': '1.80', 'polarity': '0'}, {'type': 'ATOM', 'element': 'N6', 'radius': '1.60', 'polarity': '1'}, {'type': 'ATOM', 'element': 'N1', 'radius': '1.60', 'polarity': '1'}, {'type': 'ATOM', 'element': 'C2', 'radius': '1.80', 'polarity': '0'}, {'type': 'ATOM', 'element': 'N3', 'radius': '1.60', 'polarity': '1'}, {'type': 'ATOM', 'element': 'C4', 'radius': '1.80', 'polarity': '0'}, {'type': 'ATOM', 'element': 'P', 'radius': '1.90', 'polarity': '0'}, {'type': 'ATOM', 'element': 'O1P', 'radius': '1.40', 'polarity': '1'}, {'type': 'ATOM', 'element': 'O2P', 'radius': '1.40', 'polarity': '1'}, {'type': 'ATOM', 'element': 'O5*', 'radius': '1.40', 'polarity': '1'}, {'type': 'ATOM', 'element': 'C5*', 'radius': '1.80', 'polarity': '0'}, {'type': 'ATOM', 'element': 'C4*', 'radius': '1.80', 'polarity': '0'}, {'type': 'ATOM', 'element': 'O4*', 'radius': '1.40', 'polarity': '1'}, {'type': 'ATOM', 'element': 'C3*', 'radius': '1.80', 'polarity': '0'}, {'type': 'ATOM', 'element': 'O3*', 'radius': '1.40', 'polarity': '1'}, {'type': 'ATOM', 'element': 'C2*', 'radius': '1.80', 'polarity': '0'}, {'type': 'ATOM', 'element': 'C1*', 'radius': '1.80', 'polarity': '0'}, {'type': 'ATOM', 'element': 'N1', 'radius': '1.60', 'polarity': '1'}, {'type': 'ATOM', 'element': 'C2', 'radius': '1.80', 'polarity': '0'}, {'type': 'ATOM', 'element': 'O2', 'radius': '1.40', 'polarity': '1'}, {'type': 'ATOM', 'element': 'N3', 'radius': '1.60', 'polarity': '1'}, {'type': 'ATOM', 'element': 'C4', 'radius': '1.80', 'polarity': '0'}, {'type': 'ATOM', 'element': 'N4', 'radius': '1.60', 'polarity': '1'}, {'type': 'ATOM', 'element': 'C5', 'radius': '1.80', 'polarity': '0'}, {'type': 'ATOM', 'element': 'C6', 'radius': '1.80', 'polarity': '0'}, {'type': 'ATOM', 'element': 'P', 'radius': '1.90', 'polarity': '0'}, {'type': 'ATOM', 'element': 'O1P', 'radius': '1.40', 'polarity': '1'}, {'type': 'ATOM', 'element': 'O2P', 'radius': '1.40', 'polarity': '1'}, {'type': 'ATOM', 'element': 'O5*', 'radius': '1.40', 'polarity': '1'}, {'type': 'ATOM', 'element': 'C5*', 'radius': '1.80', 'polarity': '0'}, {'type': 'ATOM', 'element': 'C4*', 'radius': '1.80', 'polarity': '0'}, {'type': 'ATOM', 'element': 'O4*', 'radius': '1.40', 'polarity': '1'}, {'type': 'ATOM', 'element': 'C3*', 'radius': '1.80', 'polarity': '0'}, {'type': 'ATOM', 'element': 'O3*', 'radius': '1.40', 'polarity': '1'}, {'type': 'ATOM', 'element': 'C2*', 'radius': '1.80', 'polarity': '0'}, {'type': 'ATOM', 'element': 'C1*', 'radius': '1.80', 'polarity': '0'}, {'type': 'ATOM', 'element': 'N9', 'radius': '1.60', 'polarity': '1'}, {'type': 'ATOM', 'element': 'C8', 'radius': '1.80', 'polarity': '0'}, {'type': 'ATOM', 'element': 'N7', 'radius': '1.60', 'polarity': '1'}, {'type': 'ATOM', 'element': 'C5', 'radius': '1.80', 'polarity': '0'}, {'type': 'ATOM', 'element': 'C6', 'radius': '1.80', 'polarity': '0'}, {'type': 'ATOM', 'element': 'O6', 'radius': '1.40', 'polarity': '1'}, {'type': 'ATOM', 'element': 'N1', 'radius': '1.60', 'polarity': '1'}, {'type': 'ATOM', 'element': 'C2', 'radius': '1.80', 'polarity': '0'}, {'type': 'ATOM', 'element': 'N2', 'radius': '1.60', 'polarity': '1'}, {'type': 'ATOM', 'element': 'N3', 'radius': '1.60', 'polarity': '1'}, {'type': 'ATOM', 'element': 'C4', 'radius': '1.80', 'polarity': '0'}, {'type': 'ATOM', 'element': 'P', 'radius': '1.90', 'polarity': '0'}, {'type': 'ATOM', 'element': 'O1P', 'radius': '1.40', 'polarity': '1'}, {'type': 'ATOM', 'element': 'O2P', 'radius': '1.40', 'polarity': '1'}, {'type': 'ATOM', 'element': 'O5*', 'radius': '1.40', 'polarity': '1'}, {'type': 'ATOM', 'element': 'C5*', 'radius': '1.80', 'polarity': '0'}, {'type': 'ATOM', 'element': 'C4*', 'radius': '1.80', 'polarity': '0'}, {'type': 'ATOM', 'element': 'O4*', 'radius': '1.40', 'polarity': '1'}, {'type': 'ATOM', 'element': 'C3*', 'radius': '1.80', 'polarity': '0'}, {'type': 'ATOM', 'element': 'O3*', 'radius': '1.40', 'polarity': '1'}, {'type': 'ATOM', 'element': 'C2*', 'radius': '1.80', 'polarity': '0'}, {'type': 'ATOM', 'element': 'C1*', 'radius': '1.80', 'polarity': '0'}, {'type': 'ATOM', 'element': 'N1', 'radius': '1.60', 'polarity': '1'}, {'type': 'ATOM', 'element': 'C2', 'radius': '1.80', 'polarity': '0'}, {'type': 'ATOM', 'element': 'O2', 'radius': '1.40', 'polarity': '1'}, {'type': 'ATOM', 'element': 'N3', 'radius': '1.60', 'polarity': '1'}, {'type': 'ATOM', 'element': 'C4', 'radius': '1.80', 'polarity': '0'}, {'type': 'ATOM', 'element': 'O4', 'radius': '1.40', 'polarity': '1'}, {'type': 'ATOM', 'element': 'C5', 'radius': '1.80', 'polarity': '0'}, {'type': 'ATOM', 'element': 'C5M', 'radius': '1.80', 'polarity': '0'}, {'type': 'ATOM', 'element': 'C6', 'radius': '1.80', 'polarity': '0'}, {'type': 'ATOM', 'element': 'P', 'radius': '1.90', 'polarity': '0'}, {'type': 'ATOM', 'element': 'O1P', 'radius': '1.40', 'polarity': '1'}, {'type': 'ATOM', 'element': 'O2P', 'radius': '1.40', 'polarity': '1'}, {'type': 'ATOM', 'element': 'O5*', 'radius': '1.40', 'polarity': '1'}, {'type': 'ATOM', 'element': 'C5*', 'radius': '1.80', 'polarity': '0'}, {'type': 'ATOM', 'element': 'C4*', 'radius': '1.80', 'polarity': '0'}, {'type': 'ATOM', 'element': 'O4*', 'radius': '1.40', 'polarity': '1'}, {'type': 'ATOM', 'element': 'C3*', 'radius': '1.80', 'polarity': '0'}, {'type': 'ATOM', 'element': 'O3*', 'radius': '1.40', 'polarity': '1'}, {'type': 'ATOM', 'element': 'C2*', 'radius': '1.80', 'polarity': '0'}, {'type': 'ATOM', 'element': 'O2*', 'radius': '1.40', 'polarity': '1'}, {'type': 'ATOM', 'element': 'C1*', 'radius': '1.80', 'polarity': '0'}, {'type': 'ATOM', 'element': 'N1', 'radius': '1.60', 'polarity': '1'}, {'type': 'ATOM', 'element': 'C2', 'radius': '1.80', 'polarity': '0'}, {'type': 'ATOM', 'element': 'O2', 'radius': '1.40', 'polarity': '1'}, {'type': 'ATOM', 'element': 'N3', 'radius': '1.60', 'polarity': '1'}, {'type': 'ATOM', 'element': 'C4', 'radius': '1.80', 'polarity': '0'}, {'type': 'ATOM', 'element': 'O4', 'radius': '1.40', 'polarity': '1'}, {'type': 'ATOM', 'element': 'C5', 'radius': '1.80', 'polarity': '0'}, {'type': 'ATOM', 'element': 'C6', 'radius': '1.80', 'polarity': '0'}, {'type': 'ATOM', 'element': 'P', 'radius': '1.90', 'polarity': '0'}, {'type': 'ATOM', 'element': 'O1P', 'radius': '1.40', 'polarity': '1'}, {'type': 'ATOM', 'element': 'O2P', 'radius': '1.40', 'polarity': '1'}, {'type': 'ATOM', 'element': 'O5*', 'radius': '1.40', 'polarity': '1'}, {'type': 'ATOM', 'element': 'C5*', 'radius': '1.80', 'polarity': '0'}, {'type': 'ATOM', 'element': 'C4*', 'radius': '1.80', 'polarity': '0'}, {'type': 'ATOM', 'element': 'O4*', 'radius': '1.40', 'polarity': '1'}, {'type': 'ATOM', 'element': 'C3*', 'radius': '1.80', 'polarity': '0'}, {'type': 'ATOM', 'element': 'O3*', 'radius': '1.40', 'polarity': '1'}, {'type': 'ATOM', 'element': 'C2*', 'radius': '1.80', 'polarity': '0'}, {'type': 'ATOM', 'element': 'O2*', 'radius': '1.40', 'polarity': '1'}, {'type': 'ATOM', 'element': 'C1*', 'radius': '1.80', 'polarity': '0'}, {'type': 'ATOM', 'element': 'N9', 'radius': '1.60', 'polarity': '1'}, {'type': 'ATOM', 'element': 'C8', 'radius': '1.80', 'polarity': '0'}, {'type': 'ATOM', 'element': 'N7', 'radius': '1.60', 'polarity': '1'}, {'type': 'ATOM', 'element': 'C5', 'radius': '1.80', 'polarity': '0'}, {'type': 'ATOM', 'element': 'C6', 'radius': '1.80', 'polarity': '0'}, {'type': 'ATOM', 'element': 'O6', 'radius': '1.40', 'polarity': '1'}, {'type': 'ATOM', 'element': 'N1', 'radius': '1.60', 'polarity': '1'}, {'type': 'ATOM', 'element': 'C2', 'radius': '1.80', 'polarity': '0'}, {'type': 'ATOM', 'element': 'N2', 'radius': '1.60', 'polarity': '1'}, {'type': 'ATOM', 'element': 'C2A', 'radius': '1.80', 'polarity': '0'}, {'type': 'ATOM', 'element': 'N3', 'radius': '1.60', 'polarity': '1'}, {'type': 'ATOM', 'element': 'C4', 'radius': '1.80', 'polarity': '0'}, {'type': 'ATOM', 'element': 'P', 'radius': '1.90', 'polarity': '0'}, {'type': 'ATOM', 'element': 'O1P', 'radius': '1.40', 'polarity': '1'}, {'type': 'ATOM', 'element': 'O2P', 'radius': '1.40', 'polarity': '1'}, {'type': 'ATOM', 'element': 'O5*', 'radius': '1.40', 'polarity': '1'}, {'type': 'ATOM', 'element': 'C5*', 'radius': '1.80', 'polarity': '0'}, {'type': 'ATOM', 'element': 'C4*', 'radius': '1.80', 'polarity': '0'}, {'type': 'ATOM', 'element': 'O4*', 'radius': '1.40', 'polarity': '1'}, {'type': 'ATOM', 'element': 'C3*', 'radius': '1.80', 'polarity': '0'}, {'type': 'ATOM', 'element': 'O3*', 'radius': '1.40', 'polarity': '1'}, {'type': 'ATOM', 'element': 'C2*', 'radius': '1.80', 'polarity': '0'}, {'type': 'ATOM', 'element': 'O2*', 'radius': '1.40', 'polarity': '1'}, {'type': 'ATOM', 'element': 'C1*', 'radius': '1.80', 'polarity': '0'}, {'type': 'ATOM', 'element': 'N1', 'radius': '1.60', 'polarity': '1'}, {'type': 'ATOM', 'element': 'C2', 'radius': '1.80', 'polarity': '0'}, {'type': 'ATOM', 'element': 'O2', 'radius': '1.40', 'polarity': '1'}, {'type': 'ATOM', 'element': 'N3', 'radius': '1.60', 'polarity': '1'}, {'type': 'ATOM', 'element': 'C4', 'radius': '1.80', 'polarity': '0'}, {'type': 'ATOM', 'element': 'O4', 'radius': '1.40', 'polarity': '1'}, {'type': 'ATOM', 'element': 'C5', 'radius': '1.80', 'polarity': '0'}, {'type': 'ATOM', 'element': 'C6', 'radius': '1.80', 'polarity': '0'}, {'type': 'ATOM', 'element': 'FE', 'radius': '1.47', 'polarity': '0'}, {'type': 'ATOM', 'element': 'CHA', 'radius': '2.00', 'polarity': '0'}, {'type': 'ATOM', 'element': 'CHB', 'radius': '2.00', 'polarity': '0'}, {'type': 'ATOM', 'element': 'CHC', 'radius': '2.00', 'polarity': '0'}, {'type': 'ATOM', 'element': 'CHD', 'radius': '2.00', 'polarity': '0'}, {'type': 'ATOM', 'element': 'C1A', 'radius': '1.78', 'polarity': '0'}, {'type': 'ATOM', 'element': 'C2A', 'radius': '1.78', 'polarity': '0'}, {'type': 'ATOM', 'element': 'C3A', 'radius': '1.78', 'polarity': '0'}, {'type': 'ATOM', 'element': 'C4A', 'radius': '1.78', 'polarity': '0'}, {'type': 'ATOM', 'element': 'CMA', 'radius': '1.90', 'polarity': '0'}, {'type': 'ATOM', 'element': 'CAA', 'radius': '1.90', 'polarity': '0'}, {'type': 'ATOM', 'element': 'CBA', 'radius': '1.90', 'polarity': '0'}, {'type': 'ATOM', 'element': 'CGA', 'radius': '1.90', 'polarity': '0'}, {'type': 'ATOM', 'element': 'C1B', 'radius': '1.78', 'polarity': '0'}, {'type': 'ATOM', 'element': 'C2B', 'radius': '1.78', 'polarity': '0'}, {'type': 'ATOM', 'element': 'C3B', 'radius': '1.78', 'polarity': '0'}, {'type': 'ATOM', 'element': 'C4B', 'radius': '1.78', 'polarity': '0'}, {'type': 'ATOM', 'element': 'CMB', 'radius': '1.90', 'polarity': '0'}, {'type': 'ATOM', 'element': 'CAB', 'radius': '1.90', 'polarity': '0'}, {'type': 'ATOM', 'element': 'CBB', 'radius': '1.90', 'polarity': '0'}, {'type': 'ATOM', 'element': 'C1C', 'radius': '1.78', 'polarity': '0'}, {'type': 'ATOM', 'element': 'C2C', 'radius': '1.78', 'polarity': '0'}, {'type': 'ATOM', 'element': 'C3C', 'radius': '1.78', 'polarity': '0'}, {'type': 'ATOM', 'element': 'C4C', 'radius': '1.78', 'polarity': '0'}, {'type': 'ATOM', 'element': 'CMC', 'radius': '1.90', 'polarity': '0'}, {'type': 'ATOM', 'element': 'CAC', 'radius': '1.90', 'polarity': '0'}, {'type': 'ATOM', 'element': 'CBC', 'radius': '1.90', 'polarity': '0'}, {'type': 'ATOM', 'element': 'C1D', 'radius': '1.78', 'polarity': '0'}, {'type': 'ATOM', 'element': 'C2D', 'radius': '1.78', 'polarity': '0'}, {'type': 'ATOM', 'element': 'C3D', 'radius': '1.78', 'polarity': '0'}, {'type': 'ATOM', 'element': 'C4D', 'radius': '1.78', 'polarity': '0'}, {'type': 'ATOM', 'element': 'CMD', 'radius': '1.90', 'polarity': '0'}, {'type': 'ATOM', 'element': 'CAD', 'radius': '1.90', 'polarity': '0'}, {'type': 'ATOM', 'element': 'CBD', 'radius': '1.90', 'polarity': '0'}, {'type': 'ATOM', 'element': 'CGD', 'radius': '1.90', 'polarity': '0'}, {'type': 'ATOM', 'element': 'O1A', 'radius': '1.35', 'polarity': '1'}, {'type': 'ATOM', 'element': 'O2A', 'radius': '1.35', 'polarity': '1'}, {'type': 'ATOM', 'element': 'O1D', 'radius': '1.35', 'polarity': '1'}, {'type': 'ATOM', 'element': 'O2D', 'radius': '1.35', 'polarity': '1'}, {'type': 'ATOM', 'element': 'O', 'radius': '1.40', 'polarity': '1'}]
2025-06-16 00:08:38,860 - __main__ - INFO - Loading atoms from list - DONE
INFO:__main__:Loading atoms from list - DONE
2025-06-16 00:08:38,860 - __main__ - INFO - Generating atoms list with complete caracteristics...
INFO:__main__:Generating atoms list with complete caracteristics...
DEBUG:atom_manager:Mapping of the list of atom caracteristic 
DEBUG:atom_manager:Concatenation of dictionaries with the same value 'atom_name'.
2025-06-16 00:08:38,861 - __main__ - INFO - Generating atoms list with complete caracteristics - DONE
INFO:__main__:Generating atoms list with complete caracteristics - DONE
2025-06-16 00:08:38,861 - __main__ - DEBUG - Values contained in complete_atom_list variable : [{'record': 'ATOM', 'atom_serial': '1', 'atom_name': 'N', 'residue': 'GLY', 'chain': 'A', 'num_residue': '1', 'x': '45.287', 'y': '26.625', 'z': '11.749', 'occupancy': '1.00', 'b-factor': '18.63', 'element': 'N', 'type': 'ATOM', 'radius': '1.65', 'polarity': '1'}, {'record': 'ATOM', 'atom_serial': '2', 'atom_name': 'CA', 'residue': 'GLY', 'chain': 'A', 'num_residue': '1', 'x': '45.011', 'y': '27.675', 'z': '12.767', 'occupancy': '1.00', 'b-factor': '16.88', 'element': 'CA', 'type': 'ATOM', 'radius': '1.87', 'polarity': '0'}, {'record': 'ATOM', 'atom_serial': '3', 'atom_name': 'C', 'residue': 'GLY', 'chain': 'A', 'num_residue': '1', 'x': '43.627', 'y': '27.520', 'z': '13.378', 'occupancy': '1.00', 'b-factor': '16.08', 'element': 'C', 'type': 'ATOM', 'radius': '1.76', 'polarity': '0'}, {'record': 'ATOM', 'atom_serial': '4', 'atom_name': 'O', 'residue': 'GLY', 'chain': 'A', 'num_residue': '1', 'x': '42.965', 'y': '26.492', 'z': '13.192', 'occupancy': '1.00', 'b-factor': '16.01', 'element': 'O', 'type': 'ATOM', 'radius': '1.40', 'polarity': '1'}, {'record': 'ATOM', 'atom_serial': '5', 'atom_name': 'N', 'residue': 'ILE', 'chain': 'A', 'num_residue': '2', 'x': '43.187', 'y': '28.551', 'z': '14.105', 'occupancy': '1.00', 'b-factor': '14.92', 'element': 'N', 'type': 'ATOM', 'radius': '1.65', 'polarity': '1'}, {'record': 'ATOM', 'atom_serial': '6', 'atom_name': 'CA', 'residue': 'ILE', 'chain': 'A', 'num_residue': '2', 'x': '41.938', 'y': '28.466', 'z': '14.864', 'occupancy': '1.00', 'b-factor': '13.99', 'element': 'CA', 'type': 'ATOM', 'radius': '1.87', 'polarity': '0'}, {'record': 'ATOM', 'atom_serial': '7', 'atom_name': 'C', 'residue': 'ILE', 'chain': 'A', 'num_residue': '2', 'x': '40.701', 'y': '28.168', 'z': '14.012', 'occupancy': '1.00', 'b-factor': '13.32', 'element': 'C', 'type': 'ATOM', 'radius': '1.76', 'polarity': '0'}, {'record': 'ATOM', 'atom_serial': '8', 'atom_name': 'O', 'residue': 'ILE', 'chain': 'A', 'num_residue': '2', 'x': '39.787', 'y': '27.495', 'z': '14.459', 'occupancy': '1.00', 'b-factor': '12.70', 'element': 'O', 'type': 'ATOM', 'radius': '1.40', 'polarity': '1'}, {'record': 'ATOM', 'atom_serial': '9', 'atom_name': 'CB', 'residue': 'ILE', 'chain': 'A', 'num_residue': '2', 'x': '41.704', 'y': '29.735', 'z': '15.731', 'occupancy': '1.00', 'b-factor': '13.58', 'element': 'CB', 'type': 'ATOM', 'radius': '1.87', 'polarity': '0'}, {'record': 'ATOM', 'atom_serial': '10', 'atom_name': 'CG1', 'residue': 'ILE', 'chain': 'A', 'num_residue': '2', 'x': '40.666', 'y': '29.457', 'z': '16.823', 'occupancy': '1.00', 'b-factor': '13.36', 'element': 'CG1', 'type': 'ATOM', 'radius': '1.87', 'polarity': '0'}, {'record': 'ATOM', 'atom_serial': '11', 'atom_name': 'CG2', 'residue': 'ILE', 'chain': 'A', 'num_residue': '2', 'x': '41.350', 'y': '30.978', 'z': '14.866', 'occupancy': '1.00', 'b-factor': '13.76', 'element': 'CG2', 'type': 'ATOM', 'radius': '1.87', 'polarity': '0'}, {'record': 'ATOM', 'atom_serial': '12', 'atom_name': 'CD1', 'residue': 'ILE', 'chain': 'A', 'num_residue': '2', 'x': '40.401', 'y': '30.636', 'z': '17.783', 'occupancy': '1.00', 'b-factor': '13.94', 'element': 'CD1', 'type': 'ATOM', 'radius': '1.76', 'polarity': '0'}, {'record': 'ATOM', 'atom_serial': '13', 'atom_name': 'N', 'residue': 'VAL', 'chain': 'A', 'num_residue': '3', 'x': '40.672', 'y': '28.678', 'z': '12.784', 'occupancy': '1.00', 'b-factor': '13.48', 'element': 'N', 'type': 'ATOM', 'radius': '1.65', 'polarity': '1'}, {'record': 'ATOM', 'atom_serial': '14', 'atom_name': 'CA', 'residue': 'VAL', 'chain': 'A', 'num_residue': '3', 'x': '39.531', 'y': '28.445', 'z': '11.915', 'occupancy': '1.00', 'b-factor': '14.36', 'element': 'CA', 'type': 'ATOM', 'radius': '1.87', 'polarity': '0'}, {'record': 'ATOM', 'atom_serial': '15', 'atom_name': 'C', 'residue': 'VAL', 'chain': 'A', 'num_residue': '3', 'x': '39.428', 'y': '26.957', 'z': '11.558', 'occupancy': '1.00', 'b-factor': '13.95', 'element': 'C', 'type': 'ATOM', 'radius': '1.76', 'polarity': '0'}, {'record': 'ATOM', 'atom_serial': '16', 'atom_name': 'O', 'residue': 'VAL', 'chain': 'A', 'num_residue': '3', 'x': '38.362', 'y': '26.356', 'z': '11.641', 'occupancy': '1.00', 'b-factor': '13.81', 'element': 'O', 'type': 'ATOM', 'radius': '1.40', 'polarity': '1'}, {'record': 'ATOM', 'atom_serial': '17', 'atom_name': 'CB', 'residue': 'VAL', 'chain': 'A', 'num_residue': '3', 'x': '39.615', 'y': '29.341', 'z': '10.665', 'occupancy': '1.00', 'b-factor': '14.65', 'element': 'CB', 'type': 'ATOM', 'radius': '1.87', 'polarity': '0'}, {'record': 'ATOM', 'atom_serial': '18', 'atom_name': 'CG1', 'residue': 'VAL', 'chain': 'A', 'num_residue': '3', 'x': '38.580', 'y': '28.945', 'z': '9.641', 'occupancy': '1.00', 'b-factor': '15.73', 'element': 'CG1', 'type': 'ATOM', 'radius': '1.87', 'polarity': '0'}, {'record': 'ATOM', 'atom_serial': '19', 'atom_name': 'CG2', 'residue': 'VAL', 'chain': 'A', 'num_residue': '3', 'x': '39.427', 'y': '30.792', 'z': '11.072', 'occupancy': '1.00', 'b-factor': '15.80', 'element': 'CG2', 'type': 'ATOM', 'radius': '1.87', 'polarity': '0'}, {'record': 'ATOM', 'atom_serial': '20', 'atom_name': 'N', 'residue': 'GLU', 'chain': 'A', 'num_residue': '4', 'x': '40.559', 'y': '26.366', 'z': '11.197', 'occupancy': '1.00', 'b-factor': '14.83', 'element': 'N', 'type': 'ATOM', 'radius': '1.65', 'polarity': '1'}, {'record': 'ATOM', 'atom_serial': '21', 'atom_name': 'CA', 'residue': 'GLU', 'chain': 'A', 'num_residue': '4', 'x': '40.613', 'y': '24.948', 'z': '10.877', 'occupancy': '1.00', 'b-factor': '15.56', 'element': 'CA', 'type': 'ATOM', 'radius': '1.87', 'polarity': '0'}, {'record': 'ATOM', 'atom_serial': '22', 'atom_name': 'C', 'residue': 'GLU', 'chain': 'A', 'num_residue': '4', 'x': '40.194', 'y': '24.097', 'z': '12.081', 'occupancy': '1.00', 'b-factor': '14.75', 'element': 'C', 'type': 'ATOM', 'radius': '1.76', 'polarity': '0'}, {'record': 'ATOM', 'atom_serial': '23', 'atom_name': 'O', 'residue': 'GLU', 'chain': 'A', 'num_residue': '4', 'x': '39.462', 'y': '23.132', 'z': '11.931', 'occupancy': '1.00', 'b-factor': '15.09', 'element': 'O', 'type': 'ATOM', 'radius': '1.40', 'polarity': '1'}, {'record': 'ATOM', 'atom_serial': '24', 'atom_name': 'CB', 'residue': 'GLU', 'chain': 'A', 'num_residue': '4', 'x': '42.030', 'y': '24.571', 'z': '10.437', 'occupancy': '1.00', 'b-factor': '16.46', 'element': 'CB', 'type': 'ATOM', 'radius': '1.87', 'polarity': '0'}, {'record': 'ATOM', 'atom_serial': '25', 'atom_name': 'CG', 'residue': 'GLU', 'chain': 'A', 'num_residue': '4', 'x': '42.493', 'y': '25.203', 'z': '9.122', 'occupancy': '1.00', 'b-factor': '20.40', 'element': 'CG', 'type': 'ATOM', 'radius': '1.76', 'polarity': '0'}, {'record': 'ATOM', 'atom_serial': '26', 'atom_name': 'CD', 'residue': 'GLU', 'chain': 'A', 'num_residue': '4', 'x': '42.553', 'y': '26.730', 'z': '9.153', 'occupancy': '1.00', 'b-factor': '22.85', 'element': 'CD', 'type': 'ATOM', 'radius': '1.87', 'polarity': '0'}, {'record': 'ATOM', 'atom_serial': '27', 'atom_name': 'OE1', 'residue': 'GLU', 'chain': 'A', 'num_residue': '4', 'x': '43.054', 'y': '27.315', 'z': '10.146', 'occupancy': '1.00', 'b-factor': '22.33', 'element': 'OE1', 'type': 'ATOM', 'radius': '1.40', 'polarity': '1'}, {'record': 'ATOM', 'atom_serial': '28', 'atom_name': 'OE2', 'residue': 'GLU', 'chain': 'A', 'num_residue': '4', 'x': '42.099', 'y': '27.345', 'z': '8.161', 'occupancy': '1.00', 'b-factor': '27.15', 'element': 'OE2', 'type': 'ATOM', 'radius': '1.40', 'polarity': '1'}, {'record': 'ATOM', 'atom_serial': '29', 'atom_name': 'N', 'residue': 'GLN', 'chain': 'A', 'num_residue': '5', 'x': '40.633', 'y': '24.491', 'z': '13.274', 'occupancy': '1.00', 'b-factor': '13.80', 'element': 'N', 'type': 'ATOM', 'radius': '1.65', 'polarity': '1'}, {'record': 'ATOM', 'atom_serial': '30', 'atom_name': 'CA', 'residue': 'GLN', 'chain': 'A', 'num_residue': '5', 'x': '40.395', 'y': '23.679', 'z': '14.478', 'occupancy': '1.00', 'b-factor': '13.52', 'element': 'CA', 'type': 'ATOM', 'radius': '1.87', 'polarity': '0'}, {'record': 'ATOM', 'atom_serial': '31', 'atom_name': 'C', 'residue': 'GLN', 'chain': 'A', 'num_residue': '5', 'x': '39.037', 'y': '23.874', 'z': '15.152', 'occupancy': '1.00', 'b-factor': '12.91', 'element': 'C', 'type': 'ATOM', 'radius': '1.76', 'polarity': '0'}, {'record': 'ATOM', 'atom_serial': '32', 'atom_name': 'O', 'residue': 'GLN', 'chain': 'A', 'num_residue': '5', 'x': '38.522', 'y': '22.963', 'z': '15.817', 'occupancy': '1.00', 'b-factor': '12.33', 'element': 'O', 'type': 'ATOM', 'radius': '1.40', 'polarity': '1'}, {'record': 'ATOM', 'atom_serial': '33', 'atom_name': 'CB', 'residue': 'GLN', 'chain': 'A', 'num_residue': '5', 'x': '41.529', 'y': '23.873', 'z': '15.482', 'occupancy': '1.00', 'b-factor': '13.97', 'element': 'CB', 'type': 'ATOM', 'radius': '1.87', 'polarity': '0'}, {'record': 'ATOM', 'atom_serial': '34', 'atom_name': 'CG', 'residue': 'GLN', 'chain': 'A', 'num_residue': '5', 'x': '42.952', 'y': '23.553', 'z': '14.930', 'occupancy': '1.00', 'b-factor': '15.12', 'element': 'CG', 'type': 'ATOM', 'radius': '1.76', 'polarity': '0'}, {'record': 'ATOM', 'atom_serial': '35', 'atom_name': 'CD', 'residue': 'GLN', 'chain': 'A', 'num_residue': '5', 'x': '43.051', 'y': '22.244', 'z': '14.131', 'occupancy': '1.00', 'b-factor': '15.95', 'element': 'CD', 'type': 'ATOM', 'radius': '1.87', 'polarity': '0'}, {'record': 'ATOM', 'atom_serial': '36', 'atom_name': 'OE1', 'residue': 'GLN', 'chain': 'A', 'num_residue': '5', 'x': '43.739', 'y': '22.167', 'z': '13.101', 'occupancy': '1.00', 'b-factor': '21.11', 'element': 'OE1', 'type': 'ATOM', 'radius': '1.40', 'polarity': '1'}, {'record': 'ATOM', 'atom_serial': '37', 'atom_name': 'NE2', 'residue': 'GLN', 'chain': 'A', 'num_residue': '5', 'x': '42.349', 'y': '21.227', 'z': '14.586', 'occupancy': '1.00', 'b-factor': '13.34', 'element': 'NE2', 'type': 'ATOM', 'radius': '1.65', 'polarity': '1'}, {'record': 'ATOM', 'atom_serial': '38', 'atom_name': 'N', 'residue': 'CYS', 'chain': 'A', 'num_residue': '6', 'x': '38.442', 'y': '25.058', 'z': '14.975', 'occupancy': '1.00', 'b-factor': '12.06', 'element': 'N', 'type': 'ATOM', 'radius': '1.65', 'polarity': '1'}, {'record': 'ATOM', 'atom_serial': '39', 'atom_name': 'CA', 'residue': 'CYS', 'chain': 'A', 'num_residue': '6', 'x': '37.251', 'y': '25.427', 'z': '15.747', 'occupancy': '1.00', 'b-factor': '11.91', 'element': 'CA', 'type': 'ATOM', 'radius': '1.87', 'polarity': '0'}, {'record': 'ATOM', 'atom_serial': '40', 'atom_name': 'C', 'residue': 'CYS', 'chain': 'A', 'num_residue': '6', 'x': '36.023', 'y': '25.740', 'z': '14.916', 'occupancy': '1.00', 'b-factor': '11.55', 'element': 'C', 'type': 'ATOM', 'radius': '1.76', 'polarity': '0'}, {'record': 'ATOM', 'atom_serial': '41', 'atom_name': 'O', 'residue': 'CYS', 'chain': 'A', 'num_residue': '6', 'x': '34.905', 'y': '25.643', 'z': '15.420', 'occupancy': '1.00', 'b-factor': '10.82', 'element': 'O', 'type': 'ATOM', 'radius': '1.40', 'polarity': '1'}, {'record': 'ATOM', 'atom_serial': '42', 'atom_name': 'CB', 'residue': 'CYS', 'chain': 'A', 'num_residue': '6', 'x': '37.565', 'y': '26.610', 'z': '16.659', 'occupancy': '1.00', 'b-factor': '11.02', 'element': 'CB', 'type': 'ATOM', 'radius': '1.87', 'polarity': '0'}, {'record': 'ATOM', 'atom_serial': '43', 'atom_name': 'SG', 'residue': 'CYS', 'chain': 'A', 'num_residue': '6', 'x': '38.446', 'y': '26.023', 'z': '18.125', 'occupancy': '1.00', 'b-factor': '12.80', 'element': 'SG', 'type': 'ATOM', 'radius': '1.85', 'polarity': '0'}, {'record': 'ATOM', 'atom_serial': '44', 'atom_name': 'N', 'residue': 'CYS', 'chain': 'A', 'num_residue': '7', 'x': '36.248', 'y': '26.079', 'z': '13.647', 'occupancy': '1.00', 'b-factor': '12.90', 'element': 'N', 'type': 'ATOM', 'radius': '1.65', 'polarity': '1'}, {'record': 'ATOM', 'atom_serial': '45', 'atom_name': 'CA', 'residue': 'ACYS', 'chain': 'A', 'num_residue': '7', 'x': '35.177', 'y': '26.394', 'z': '12.709', 'occupancy': '0.79', 'b-factor': '13.32', 'element': 'CA', 'type': 'ATOM', 'radius': '1.87', 'polarity': '0'}, {'record': 'ATOM', 'atom_serial': '46', 'atom_name': 'CA', 'residue': 'BCYS', 'chain': 'A', 'num_residue': '7', 'x': '35.149', 'y': '26.379', 'z': '12.748', 'occupancy': '0.21', 'b-factor': '13.45', 'element': 'CA', 'type': 'ATOM', 'radius': '1.87', 'polarity': '0'}, {'record': 'ATOM', 'atom_serial': '47', 'atom_name': 'C', 'residue': 'CYS', 'chain': 'A', 'num_residue': '7', 'x': '34.922', 'y': '25.248', 'z': '11.737', 'occupancy': '1.00', 'b-factor': '13.35', 'element': 'C', 'type': 'ATOM', 'radius': '1.76', 'polarity': '0'}, {'record': 'ATOM', 'atom_serial': '48', 'atom_name': 'O', 'residue': 'CYS', 'chain': 'A', 'num_residue': '7', 'x': '33.806', 'y': '24.738', 'z': '11.635', 'occupancy': '1.00', 'b-factor': '13.85', 'element': 'O', 'type': 'ATOM', 'radius': '1.40', 'polarity': '1'}, {'record': 'ATOM', 'atom_serial': '49', 'atom_name': 'CB', 'residue': 'ACYS', 'chain': 'A', 'num_residue': '7', 'x': '35.528', 'y': '27.677', 'z': '11.950', 'occupancy': '0.79', 'b-factor': '13.58', 'element': 'CB', 'type': 'ATOM', 'radius': '1.87', 'polarity': '0'}, {'record': 'ATOM', 'atom_serial': '50', 'atom_name': 'CB', 'residue': 'BCYS', 'chain': 'A', 'num_residue': '7', 'x': '35.323', 'y': '27.775', 'z': '12.119', 'occupancy': '0.21', 'b-factor': '13.50', 'element': 'CB', 'type': 'ATOM', 'radius': '1.87', 'polarity': '0'}, {'record': 'ATOM', 'atom_serial': '51', 'atom_name': 'SG', 'residue': 'ACYS', 'chain': 'A', 'num_residue': '7', 'x': '34.438', 'y': '28.090', 'z': '10.588', 'occupancy': '0.79', 'b-factor': '15.10', 'element': 'SG', 'type': 'ATOM', 'radius': '1.85', 'polarity': '0'}, {'record': 'ATOM', 'atom_serial': '52', 'atom_name': 'SG', 'residue': 'BCYS', 'chain': 'A', 'num_residue': '7', 'x': '35.636', 'y': '27.919', 'z': '10.353', 'occupancy': '0.21', 'b-factor': '15.81', 'element': 'SG', 'type': 'ATOM', 'radius': '1.85', 'polarity': '0'}, {'record': 'ATOM', 'atom_serial': '53', 'atom_name': 'N', 'residue': 'THR', 'chain': 'A', 'num_residue': '8', 'x': '35.978', 'y': '24.839', 'z': '11.030', 'occupancy': '1.00', 'b-factor': '13.82', 'element': 'N', 'type': 'ATOM', 'radius': '1.65', 'polarity': '1'}, {'record': 'ATOM', 'atom_serial': '54', 'atom_name': 'CA', 'residue': 'THR', 'chain': 'A', 'num_residue': '8', 'x': '35.839', 'y': '23.728', 'z': '10.080', 'occupancy': '1.00', 'b-factor': '15.67', 'element': 'CA', 'type': 'ATOM', 'radius': '1.87', 'polarity': '0'}, {'record': 'ATOM', 'atom_serial': '55', 'atom_name': 'C', 'residue': 'THR', 'chain': 'A', 'num_residue': '8', 'x': '35.726', 'y': '22.378', 'z': '10.790', 'occupancy': '1.00', 'b-factor': '14.77', 'element': 'C', 'type': 'ATOM', 'radius': '1.76', 'polarity': '0'}, {'record': 'ATOM', 'atom_serial': '56', 'atom_name': 'O', 'residue': 'THR', 'chain': 'A', 'num_residue': '8', 'x': '35.218', 'y': '21.421', 'z': '10.221', 'occupancy': '1.00', 'b-factor': '16.48', 'element': 'O', 'type': 'ATOM', 'radius': '1.40', 'polarity': '1'}, {'record': 'ATOM', 'atom_serial': '57', 'atom_name': 'CB', 'residue': 'THR', 'chain': 'A', 'num_residue': '8', 'x': '36.974', 'y': '23.676', 'z': '9.042', 'occupancy': '1.00', 'b-factor': '15.66', 'element': 'CB', 'type': 'ATOM', 'radius': '1.87', 'polarity': '0'}, {'record': 'ATOM', 'atom_serial': '58', 'atom_name': 'OG1', 'residue': 'THR', 'chain': 'A', 'num_residue': '8', 'x': '38.232', 'y': '23.547', 'z': '9.701', 'occupancy': '1.00', 'b-factor': '22.83', 'element': 'OG1', 'type': 'ATOM', 'radius': '1.40', 'polarity': '1'}, {'record': 'ATOM', 'atom_serial': '59', 'atom_name': 'CG2', 'residue': 'THR', 'chain': 'A', 'num_residue': '8', 'x': '36.975', 'y': '24.917', 'z': '8.173', 'occupancy': '1.00', 'b-factor': '20.32', 'element': 'CG2', 'type': 'ATOM', 'radius': '1.87', 'polarity': '0'}, {'record': 'ATOM', 'atom_serial': '60', 'atom_name': 'N', 'residue': 'SER', 'chain': 'A', 'num_residue': '9', 'x': '36.207', 'y': '22.312', 'z': '12.029', 'occupancy': '1.00', 'b-factor': '13.60', 'element': 'N', 'type': 'ATOM', 'radius': '1.65', 'polarity': '1'}, {'record': 'ATOM', 'atom_serial': '61', 'atom_name': 'CA', 'residue': 'SER', 'chain': 'A', 'num_residue': '9', 'x': '36.019', 'y': '21.140', 'z': '12.882', 'occupancy': '1.00', 'b-factor': '12.98', 'element': 'CA', 'type': 'ATOM', 'radius': '1.87', 'polarity': '0'}, {'record': 'ATOM', 'atom_serial': '62', 'atom_name': 'C', 'residue': 'SER', 'chain': 'A', 'num_residue': '9', 'x': '35.531', 'y': '21.600', 'z': '14.247', 'occupancy': '1.00', 'b-factor': '12.38', 'element': 'C', 'type': 'ATOM', 'radius': '1.76', 'polarity': '0'}, {'record': 'ATOM', 'atom_serial': '63', 'atom_name': 'O', 'residue': 'SER', 'chain': 'A', 'num_residue': '9', 'x': '35.458', 'y': '22.796', 'z': '14.496', 'occupancy': '1.00', 'b-factor': '11.87', 'element': 'O', 'type': 'ATOM', 'radius': '1.40', 'polarity': '1'}, {'record': 'ATOM', 'atom_serial': '64', 'atom_name': 'CB', 'residue': 'SER', 'chain': 'A', 'num_residue': '9', 'x': '37.321', 'y': '20.353', 'z': '13.007', 'occupancy': '1.00', 'b-factor': '14.17', 'element': 'CB', 'type': 'ATOM', 'radius': '1.87', 'polarity': '0'}, {'record': 'ATOM', 'atom_serial': '65', 'atom_name': 'OG', 'residue': 'SER', 'chain': 'A', 'num_residue': '9', 'x': '38.298', 'y': '21.113', 'z': '13.661', 'occupancy': '1.00', 'b-factor': '16.93', 'element': 'OG', 'type': 'ATOM', 'radius': '1.40', 'polarity': '1'}, {'record': 'ATOM', 'atom_serial': '66', 'atom_name': 'N', 'residue': 'ILE', 'chain': 'A', 'num_residue': '10', 'x': '35.209', 'y': '20.658', 'z': '15.123', 'occupancy': '1.00', 'b-factor': '11.87', 'element': 'N', 'type': 'ATOM', 'radius': '1.65', 'polarity': '1'}, {'record': 'ATOM', 'atom_serial': '67', 'atom_name': 'CA', 'residue': 'ILE', 'chain': 'A', 'num_residue': '10', 'x': '34.637', 'y': '20.971', 'z': '16.424', 'occupancy': '1.00', 'b-factor': '12.61', 'element': 'CA', 'type': 'ATOM', 'radius': '1.87', 'polarity': '0'}, {'record': 'ATOM', 'atom_serial': '68', 'atom_name': 'C', 'residue': 'ILE', 'chain': 'A', 'num_residue': '10', 'x': '35.711', 'y': '21.556', 'z': '17.345', 'occupancy': '1.00', 'b-factor': '11.82', 'element': 'C', 'type': 'ATOM', 'radius': '1.76', 'polarity': '0'}, {'record': 'ATOM', 'atom_serial': '69', 'atom_name': 'O', 'residue': 'ILE', 'chain': 'A', 'num_residue': '10', 'x': '36.799', 'y': '20.995', 'z': '17.507', 'occupancy': '1.00', 'b-factor': '11.75', 'element': 'O', 'type': 'ATOM', 'radius': '1.40', 'polarity': '1'}, {'record': 'ATOM', 'atom_serial': '70', 'atom_name': 'CB', 'residue': 'ILE', 'chain': 'A', 'num_residue': '10', 'x': '33.984', 'y': '19.726', 'z': '17.058', 'occupancy': '1.00', 'b-factor': '12.64', 'element': 'CB', 'type': 'ATOM', 'radius': '1.87', 'polarity': '0'}, {'record': 'ATOM', 'atom_serial': '71', 'atom_name': 'CG1', 'residue': 'ILE', 'chain': 'A', 'num_residue': '10', 'x': '32.832', 'y': '19.213', 'z': '16.182', 'occupancy': '1.00', 'b-factor': '13.29', 'element': 'CG1', 'type': 'ATOM', 'radius': '1.87', 'polarity': '0'}, {'record': 'ATOM', 'atom_serial': '72', 'atom_name': 'CG2', 'residue': 'ILE', 'chain': 'A', 'num_residue': '10', 'x': '33.454', 'y': '20.041', 'z': '18.451', 'occupancy': '1.00', 'b-factor': '13.38', 'element': 'CG2', 'type': 'ATOM', 'radius': '1.87', 'polarity': '0'}, {'record': 'ATOM', 'atom_serial': '73', 'atom_name': 'CD1', 'residue': 'ILE', 'chain': 'A', 'num_residue': '10', 'x': '32.262', 'y': '17.880', 'z': '16.613', 'occupancy': '1.00', 'b-factor': '16.80', 'element': 'CD1', 'type': 'ATOM', 'radius': '1.76', 'polarity': '0'}, {'record': 'ATOM', 'atom_serial': '74', 'atom_name': 'N', 'residue': 'CYS', 'chain': 'A', 'num_residue': '11', 'x': '35.392', 'y': '22.710', 'z': '17.930', 'occupancy': '1.00', 'b-factor': '11.80', 'element': 'N', 'type': 'ATOM', 'radius': '1.65', 'polarity': '1'}, {'record': 'ATOM', 'atom_serial': '75', 'atom_name': 'CA', 'residue': 'CYS', 'chain': 'A', 'num_residue': '11', 'x': '36.292', 'y': '23.386', 'z': '18.837', 'occupancy': '1.00', 'b-factor': '12.19', 'element': 'CA', 'type': 'ATOM', 'radius': '1.87', 'polarity': '0'}, {'record': 'ATOM', 'atom_serial': '76', 'atom_name': 'C', 'residue': 'CYS', 'chain': 'A', 'num_residue': '11', 'x': '36.421', 'y': '22.639', 'z': '20.175', 'occupancy': '1.00', 'b-factor': '12.46', 'element': 'C', 'type': 'ATOM', 'radius': '1.76', 'polarity': '0'}, {'record': 'ATOM', 'atom_serial': '77', 'atom_name': 'O', 'residue': 'CYS', 'chain': 'A', 'num_residue': '11', 'x': '35.697', 'y': '21.666', 'z': '20.422', 'occupancy': '1.00', 'b-factor': '12.79', 'element': 'O', 'type': 'ATOM', 'radius': '1.40', 'polarity': '1'}, {'record': 'ATOM', 'atom_serial': '78', 'atom_name': 'CB', 'residue': 'CYS', 'chain': 'A', 'num_residue': '11', 'x': '35.776', 'y': '24.815', 'z': '19.038', 'occupancy': '1.00', 'b-factor': '12.29', 'element': 'CB', 'type': 'ATOM', 'radius': '1.87', 'polarity': '0'}, {'record': 'ATOM', 'atom_serial': '79', 'atom_name': 'SG', 'residue': 'CYS', 'chain': 'A', 'num_residue': '11', 'x': '36.999', 'y': '26.021', 'z': '19.591', 'occupancy': '1.00', 'b-factor': '13.08', 'element': 'SG', 'type': 'ATOM', 'radius': '1.85', 'polarity': '0'}, {'record': 'ATOM', 'atom_serial': '80', 'atom_name': 'N', 'residue': 'SER', 'chain': 'A', 'num_residue': '12', 'x': '37.366', 'y': '23.086', 'z': '21.005', 'occupancy': '1.00', 'b-factor': '12.91', 'element': 'N', 'type': 'ATOM', 'radius': '1.65', 'polarity': '1'}, {'record': 'ATOM', 'atom_serial': '81', 'atom_name': 'CA', 'residue': 'SER', 'chain': 'A', 'num_residue': '12', 'x': '37.544', 'y': '22.547', 'z': '22.361', 'occupancy': '1.00', 'b-factor': '13.55', 'element': 'CA', 'type': 'ATOM', 'radius': '1.87', 'polarity': '0'}, {'record': 'ATOM', 'atom_serial': '82', 'atom_name': 'C', 'residue': 'SER', 'chain': 'A', 'num_residue': '12', 'x': '38.044', 'y': '23.660', 'z': '23.269', 'occupancy': '1.00', 'b-factor': '12.66', 'element': 'C', 'type': 'ATOM', 'radius': '1.76', 'polarity': '0'}, {'record': 'ATOM', 'atom_serial': '83', 'atom_name': 'O', 'residue': 'SER', 'chain': 'A', 'num_residue': '12', 'x': '38.685', 'y': '24.611', 'z': '22.809', 'occupancy': '1.00', 'b-factor': '12.59', 'element': 'O', 'type': 'ATOM', 'radius': '1.40', 'polarity': '1'}, {'record': 'ATOM', 'atom_serial': '84', 'atom_name': 'CB', 'residue': 'SER', 'chain': 'A', 'num_residue': '12', 'x': '38.539', 'y': '21.378', 'z': '22.370', 'occupancy': '1.00', 'b-factor': '13.30', 'element': 'CB', 'type': 'ATOM', 'radius': '1.87', 'polarity': '0'}, {'record': 'ATOM', 'atom_serial': '85', 'atom_name': 'OG', 'residue': 'SER', 'chain': 'A', 'num_residue': '12', 'x': '39.886', 'y': '21.781', 'z': '22.184', 'occupancy': '1.00', 'b-factor': '16.19', 'element': 'OG', 'type': 'ATOM', 'radius': '1.40', 'polarity': '1'}, {'record': 'ATOM', 'atom_serial': '86', 'atom_name': 'N', 'residue': 'LEU', 'chain': 'A', 'num_residue': '13', 'x': '37.786', 'y': '23.522', 'z': '24.564', 'occupancy': '1.00', 'b-factor': '12.20', 'element': 'N', 'type': 'ATOM', 'radius': '1.65', 'polarity': '1'}, {'record': 'ATOM', 'atom_serial': '87', 'atom_name': 'CA', 'residue': 'LEU', 'chain': 'A', 'num_residue': '13', 'x': '38.269', 'y': '24.518', 'z': '25.522', 'occupancy': '1.00', 'b-factor': '11.15', 'element': 'CA', 'type': 'ATOM', 'radius': '1.87', 'polarity': '0'}, {'record': 'ATOM', 'atom_serial': '88', 'atom_name': 'C', 'residue': 'LEU', 'chain': 'A', 'num_residue': '13', 'x': '39.786', 'y': '24.514', 'z': '25.536', 'occupancy': '1.00', 'b-factor': '11.71', 'element': 'C', 'type': 'ATOM', 'radius': '1.76', 'polarity': '0'}, {'record': 'ATOM', 'atom_serial': '89', 'atom_name': 'O', 'residue': 'LEU', 'chain': 'A', 'num_residue': '13', 'x': '40.451', 'y': '25.559', 'z': '25.617', 'occupancy': '1.00', 'b-factor': '11.74', 'element': 'O', 'type': 'ATOM', 'radius': '1.40', 'polarity': '1'}, {'record': 'ATOM', 'atom_serial': '90', 'atom_name': 'CB', 'residue': 'LEU', 'chain': 'A', 'num_residue': '13', 'x': '37.714', 'y': '24.230', 'z': '26.918', 'occupancy': '1.00', 'b-factor': '10.46', 'element': 'CB', 'type': 'ATOM', 'radius': '1.87', 'polarity': '0'}, {'record': 'ATOM', 'atom_serial': '91', 'atom_name': 'CG', 'residue': 'LEU', 'chain': 'A', 'num_residue': '13', 'x': '38.186', 'y': '25.176', 'z': '28.032', 'occupancy': '1.00', 'b-factor': '8.71', 'element': 'CG', 'type': 'ATOM', 'radius': '1.76', 'polarity': '0'}, {'record': 'ATOM', 'atom_serial': '92', 'atom_name': 'CD1', 'residue': 'LEU', 'chain': 'A', 'num_residue': '13', 'x': '37.829', 'y': '26.620', 'z': '27.694', 'occupancy': '1.00', 'b-factor': '9.64', 'element': 'CD1', 'type': 'ATOM', 'radius': '1.76', 'polarity': '0'}, {'record': 'ATOM', 'atom_serial': '93', 'atom_name': 'CD2', 'residue': 'LEU', 'chain': 'A', 'num_residue': '13', 'x': '37.600', 'y': '24.760', 'z': '29.359', 'occupancy': '1.00', 'b-factor': '9.98', 'element': 'CD2', 'type': 'ATOM', 'radius': '1.76', 'polarity': '0'}, {'record': 'ATOM', 'atom_serial': '94', 'atom_name': 'N', 'residue': 'TYR', 'chain': 'A', 'num_residue': '14', 'x': '40.347', 'y': '23.314', 'z': '25.448', 'occupancy': '1.00', 'b-factor': '12.72', 'element': 'N', 'type': 'ATOM', 'radius': '1.65', 'polarity': '1'}, {'record': 'ATOM', 'atom_serial': '95', 'atom_name': 'CA', 'residue': 'TYR', 'chain': 'A', 'num_residue': '14', 'x': '41.761', 'y': '23.149', 'z': '25.398', 'occupancy': '1.00', 'b-factor': '13.90', 'element': 'CA', 'type': 'ATOM', 'radius': '1.87', 'polarity': '0'}, {'record': 'ATOM', 'atom_serial': '96', 'atom_name': 'C', 'residue': 'TYR', 'chain': 'A', 'num_residue': '14', 'x': '42.402', 'y': '24.035', 'z': '24.315', 'occupancy': '1.00', 'b-factor': '14.14', 'element': 'C', 'type': 'ATOM', 'radius': '1.76', 'polarity': '0'}, {'record': 'ATOM', 'atom_serial': '97', 'atom_name': 'O', 'residue': 'TYR', 'chain': 'A', 'num_residue': '14', 'x': '43.387', 'y': '24.731', 'z': '24.560', 'occupancy': '1.00', 'b-factor': '14.59', 'element': 'O', 'type': 'ATOM', 'radius': '1.40', 'polarity': '1'}, {'record': 'ATOM', 'atom_serial': '98', 'atom_name': 'CB', 'residue': 'TYR', 'chain': 'A', 'num_residue': '14', 'x': '42.057', 'y': '21.672', 'z': '25.143', 'occupancy': '1.00', 'b-factor': '15.45', 'element': 'CB', 'type': 'ATOM', 'radius': '1.87', 'polarity': '0'}, {'record': 'ATOM', 'atom_serial': '99', 'atom_name': 'CG', 'residue': 'TYR', 'chain': 'A', 'num_residue': '14', 'x': '43.515', 'y': '21.398', 'z': '25.202', 'occupancy': '1.00', 'b-factor': '16.18', 'element': 'CG', 'type': 'ATOM', 'radius': '1.76', 'polarity': '0'}, {'record': 'ATOM', 'atom_serial': '100', 'atom_name': 'CD1', 'residue': 'TYR', 'chain': 'A', 'num_residue': '14', 'x': '44.086', 'y': '20.852', 'z': '26.350', 'occupancy': '1.00', 'b-factor': '17.33', 'element': 'CD1', 'type': 'ATOM', 'radius': '1.76', 'polarity': '0'}, {'record': 'ATOM', 'atom_serial': '101', 'atom_name': 'CD2', 'residue': 'TYR', 'chain': 'A', 'num_residue': '14', 'x': '44.349', 'y': '21.744', 'z': '24.132', 'occupancy': '1.00', 'b-factor': '16.59', 'element': 'CD2', 'type': 'ATOM', 'radius': '1.76', 'polarity': '0'}, {'record': 'ATOM', 'atom_serial': '102', 'atom_name': 'CE1', 'residue': 'TYR', 'chain': 'A', 'num_residue': '14', 'x': '45.441', 'y': '20.629', 'z': '26.414', 'occupancy': '1.00', 'b-factor': '17.09', 'element': 'CE1', 'type': 'ATOM', 'radius': '1.76', 'polarity': '0'}, {'record': 'ATOM', 'atom_serial': '103', 'atom_name': 'CE2', 'residue': 'TYR', 'chain': 'A', 'num_residue': '14', 'x': '45.695', 'y': '21.529', 'z': '24.185', 'occupancy': '1.00', 'b-factor': '18.99', 'element': 'CE2', 'type': 'ATOM', 'radius': '1.76', 'polarity': '0'}, {'record': 'ATOM', 'atom_serial': '104', 'atom_name': 'CZ', 'residue': 'TYR', 'chain': 'A', 'num_residue': '14', 'x': '46.239', 'y': '20.965', 'z': '25.330', 'occupancy': '1.00', 'b-factor': '17.31', 'element': 'CZ', 'type': 'ATOM', 'radius': '1.76', 'polarity': '0'}, {'record': 'ATOM', 'atom_serial': '105', 'atom_name': 'OH', 'residue': 'TYR', 'chain': 'A', 'num_residue': '14', 'x': '47.579', 'y': '20.736', 'z': '25.378', 'occupancy': '1.00', 'b-factor': '19.56', 'element': 'OH', 'type': 'ATOM', 'radius': '1.40', 'polarity': '1'}, {'record': 'ATOM', 'atom_serial': '106', 'atom_name': 'N', 'residue': 'GLN', 'chain': 'A', 'num_residue': '15', 'x': '41.828', 'y': '23.984', 'z': '23.114', 'occupancy': '1.00', 'b-factor': '14.20', 'element': 'N', 'type': 'ATOM', 'radius': '1.65', 'polarity': '1'}, {'record': 'ATOM', 'atom_serial': '107', 'atom_name': 'CA', 'residue': 'GLN', 'chain': 'A', 'num_residue': '15', 'x': '42.358', 'y': '24.742', 'z': '21.989', 'occupancy': '1.00', 'b-factor': '14.86', 'element': 'CA', 'type': 'ATOM', 'radius': '1.87', 'polarity': '0'}, {'record': 'ATOM', 'atom_serial': '108', 'atom_name': 'C', 'residue': 'GLN', 'chain': 'A', 'num_residue': '15', 'x': '42.039', 'y': '26.241', 'z': '22.070', 'occupancy': '1.00', 'b-factor': '13.14', 'element': 'C', 'type': 'ATOM', 'radius': '1.76', 'polarity': '0'}, {'record': 'ATOM', 'atom_serial': '109', 'atom_name': 'O', 'residue': 'GLN', 'chain': 'A', 'num_residue': '15', 'x': '42.901', 'y': '27.067', 'z': '21.790', 'occupancy': '1.00', 'b-factor': '14.15', 'element': 'O', 'type': 'ATOM', 'radius': '1.40', 'polarity': '1'}, {'record': 'ATOM', 'atom_serial': '110', 'atom_name': 'CB', 'residue': 'GLN', 'chain': 'A', 'num_residue': '15', 'x': '41.892', 'y': '24.133', 'z': '20.664', 'occupancy': '1.00', 'b-factor': '15.19', 'element': 'CB', 'type': 'ATOM', 'radius': '1.87', 'polarity': '0'}, {'record': 'ATOM', 'atom_serial': '111', 'atom_name': 'CG', 'residue': 'GLN', 'chain': 'A', 'num_residue': '15', 'x': '42.659', 'y': '22.852', 'z': '20.292', 'occupancy': '1.00', 'b-factor': '17.00', 'element': 'CG', 'type': 'ATOM', 'radius': '1.76', 'polarity': '0'}, {'record': 'ATOM', 'atom_serial': '112', 'atom_name': 'CD', 'residue': 'GLN', 'chain': 'A', 'num_residue': '15', 'x': '42.309', 'y': '22.341', 'z': '18.909', 'occupancy': '1.00', 'b-factor': '17.73', 'element': 'CD', 'type': 'ATOM', 'radius': '1.87', 'polarity': '0'}, {'record': 'ATOM', 'atom_serial': '113', 'atom_name': 'OE1', 'residue': 'GLN', 'chain': 'A', 'num_residue': '15', 'x': '43.056', 'y': '22.564', 'z': '17.953', 'occupancy': '1.00', 'b-factor': '21.08', 'element': 'OE1', 'type': 'ATOM', 'radius': '1.40', 'polarity': '1'}, {'record': 'ATOM', 'atom_serial': '114', 'atom_name': 'NE2', 'residue': 'GLN', 'chain': 'A', 'num_residue': '15', 'x': '41.163', 'y': '21.677', 'z': '18.789', 'occupancy': '1.00', 'b-factor': '19.22', 'element': 'NE2', 'type': 'ATOM', 'radius': '1.65', 'polarity': '1'}, {'record': 'ATOM', 'atom_serial': '115', 'atom_name': 'N', 'residue': 'LEU', 'chain': 'A', 'num_residue': '16', 'x': '40.823', 'y': '26.589', 'z': '22.485', 'occupancy': '1.00', 'b-factor': '12.54', 'element': 'N', 'type': 'ATOM', 'radius': '1.65', 'polarity': '1'}, {'record': 'ATOM', 'atom_serial': '116', 'atom_name': 'CA', 'residue': 'LEU', 'chain': 'A', 'num_residue': '16', 'x': '40.487', 'y': '28.004', 'z': '22.684', 'occupancy': '1.00', 'b-factor': '11.74', 'element': 'CA', 'type': 'ATOM', 'radius': '1.87', 'polarity': '0'}, {'record': 'ATOM', 'atom_serial': '117', 'atom_name': 'C', 'residue': 'LEU', 'chain': 'A', 'num_residue': '16', 'x': '41.439', 'y': '28.703', 'z': '23.635', 'occupancy': '1.00', 'b-factor': '11.24', 'element': 'C', 'type': 'ATOM', 'radius': '1.76', 'polarity': '0'}, {'record': 'ATOM', 'atom_serial': '118', 'atom_name': 'O', 'residue': 'LEU', 'chain': 'A', 'num_residue': '16', 'x': '41.863', 'y': '29.811', 'z': '23.368', 'occupancy': '1.00', 'b-factor': '10.25', 'element': 'O', 'type': 'ATOM', 'radius': '1.40', 'polarity': '1'}, {'record': 'ATOM', 'atom_serial': '119', 'atom_name': 'CB', 'residue': 'LEU', 'chain': 'A', 'num_residue': '16', 'x': '39.061', 'y': '28.188', 'z': '23.203', 'occupancy': '1.00', 'b-factor': '12.68', 'element': 'CB', 'type': 'ATOM', 'radius': '1.87', 'polarity': '0'}, {'record': 'ATOM', 'atom_serial': '120', 'atom_name': 'CG', 'residue': 'LEU', 'chain': 'A', 'num_residue': '16', 'x': '37.939', 'y': '28.097', 'z': '22.185', 'occupancy': '1.00', 'b-factor': '13.49', 'element': 'CG', 'type': 'ATOM', 'radius': '1.76', 'polarity': '0'}, {'record': 'ATOM', 'atom_serial': '121', 'atom_name': 'CD1', 'residue': 'LEU', 'chain': 'A', 'num_residue': '16', 'x': '36.599', 'y': '28.094', 'z': '22.881', 'occupancy': '1.00', 'b-factor': '14.53', 'element': 'CD1', 'type': 'ATOM', 'radius': '1.76', 'polarity': '0'}, {'record': 'ATOM', 'atom_serial': '122', 'atom_name': 'CD2', 'residue': 'LEU', 'chain': 'A', 'num_residue': '16', 'x': '38.002', 'y': '29.208', 'z': '21.123', 'occupancy': '1.00', 'b-factor': '12.90', 'element': 'CD2', 'type': 'ATOM', 'radius': '1.76', 'polarity': '0'}, {'record': 'ATOM', 'atom_serial': '123', 'atom_name': 'N', 'residue': 'GLU', 'chain': 'A', 'num_residue': '17', 'x': '41.775', 'y': '28.058', 'z': '24.758', 'occupancy': '1.00', 'b-factor': '10.30', 'element': 'N', 'type': 'ATOM', 'radius': '1.65', 'polarity': '1'}, {'record': 'ATOM', 'atom_serial': '124', 'atom_name': 'CA', 'residue': 'GLU', 'chain': 'A', 'num_residue': '17', 'x': '42.653', 'y': '28.682', 'z': '25.746', 'occupancy': '1.00', 'b-factor': '10.81', 'element': 'CA', 'type': 'ATOM', 'radius': '1.87', 'polarity': '0'}, {'record': 'ATOM', 'atom_serial': '125', 'atom_name': 'C', 'residue': 'GLU', 'chain': 'A', 'num_residue': '17', 'x': '44.060', 'y': '28.975', 'z': '25.224', 'occupancy': '1.00', 'b-factor': '11.24', 'element': 'C', 'type': 'ATOM', 'radius': '1.76', 'polarity': '0'}, {'record': 'ATOM', 'atom_serial': '126', 'atom_name': 'O', 'residue': 'GLU', 'chain': 'A', 'num_residue': '17', 'x': '44.734', 'y': '29.873', 'z': '25.738', 'occupancy': '1.00', 'b-factor': '13.10', 'element': 'O', 'type': 'ATOM', 'radius': '1.40', 'polarity': '1'}, {'record': 'ATOM', 'atom_serial': '127', 'atom_name': 'CB', 'residue': 'GLU', 'chain': 'A', 'num_residue': '17', 'x': '42.711', 'y': '27.870', 'z': '27.052', 'occupancy': '1.00', 'b-factor': '10.64', 'element': 'CB', 'type': 'ATOM', 'radius': '1.87', 'polarity': '0'}, {'record': 'ATOM', 'atom_serial': '128', 'atom_name': 'CG', 'residue': 'GLU', 'chain': 'A', 'num_residue': '17', 'x': '41.436', 'y': '28.019', 'z': '27.850', 'occupancy': '1.00', 'b-factor': '10.67', 'element': 'CG', 'type': 'ATOM', 'radius': '1.76', 'polarity': '0'}, {'record': 'ATOM', 'atom_serial': '129', 'atom_name': 'CD', 'residue': 'GLU', 'chain': 'A', 'num_residue': '17', 'x': '41.584', 'y': '27.691', 'z': '29.326', 'occupancy': '1.00', 'b-factor': '12.36', 'element': 'CD', 'type': 'ATOM', 'radius': '1.87', 'polarity': '0'}, {'record': 'ATOM', 'atom_serial': '130', 'atom_name': 'OE1', 'residue': 'GLU', 'chain': 'A', 'num_residue': '17', 'x': '40.906', 'y': '28.332', 'z': '30.148', 'occupancy': '1.00', 'b-factor': '13.69', 'element': 'OE1', 'type': 'ATOM', 'radius': '1.40', 'polarity': '1'}, {'record': 'ATOM', 'atom_serial': '131', 'atom_name': 'OE2', 'residue': 'GLU', 'chain': 'A', 'num_residue': '17', 'x': '42.364', 'y': '26.790', 'z': '29.665', 'occupancy': '1.00', 'b-factor': '13.10', 'element': 'OE2', 'type': 'ATOM', 'radius': '1.40', 'polarity': '1'}, {'record': 'ATOM', 'atom_serial': '132', 'atom_name': 'N', 'residue': 'ASN', 'chain': 'A', 'num_residue': '18', 'x': '44.474', 'y': '28.252', 'z': '24.193', 'occupancy': '1.00', 'b-factor': '12.19', 'element': 'N', 'type': 'ATOM', 'radius': '1.65', 'polarity': '1'}, {'record': 'ATOM', 'atom_serial': '133', 'atom_name': 'CA', 'residue': 'ASN', 'chain': 'A', 'num_residue': '18', 'x': '45.760', 'y': '28.546', 'z': '23.564', 'occupancy': '1.00', 'b-factor': '13.33', 'element': 'CA', 'type': 'ATOM', 'radius': '1.87', 'polarity': '0'}, {'record': 'ATOM', 'atom_serial': '134', 'atom_name': 'C', 'residue': 'ASN', 'chain': 'A', 'num_residue': '18', 'x': '45.816', 'y': '29.888', 'z': '22.854', 'occupancy': '1.00', 'b-factor': '13.55', 'element': 'C', 'type': 'ATOM', 'radius': '1.76', 'polarity': '0'}, {'record': 'ATOM', 'atom_serial': '135', 'atom_name': 'O', 'residue': 'ASN', 'chain': 'A', 'num_residue': '18', 'x': '46.895', 'y': '30.347', 'z': '22.481', 'occupancy': '1.00', 'b-factor': '14.85', 'element': 'O', 'type': 'ATOM', 'radius': '1.40', 'polarity': '1'}, {'record': 'ATOM', 'atom_serial': '136', 'atom_name': 'CB', 'residue': 'ASN', 'chain': 'A', 'num_residue': '18', 'x': '46.169', 'y': '27.436', 'z': '22.608', 'occupancy': '1.00', 'b-factor': '13.71', 'element': 'CB', 'type': 'ATOM', 'radius': '1.87', 'polarity': '0'}, {'record': 'ATOM', 'atom_serial': '137', 'atom_name': 'CG', 'residue': 'ASN', 'chain': 'A', 'num_residue': '18', 'x': '46.679', 'y': '26.202', 'z': '23.334', 'occupancy': '1.00', 'b-factor': '16.01', 'element': 'CG', 'type': 'ATOM', 'radius': '1.76', 'polarity': '0'}, {'record': 'ATOM', 'atom_serial': '138', 'atom_name': 'OD1', 'residue': 'ASN', 'chain': 'A', 'num_residue': '18', 'x': '46.580', 'y': '25.066', 'z': '22.676', 'occupancy': '1.00', 'b-factor': '20.08', 'element': 'OD1', 'type': 'ATOM', 'radius': '1.40', 'polarity': '1'}, {'record': 'ATOM', 'atom_serial': '139', 'atom_name': 'ND2', 'residue': 'ASN', 'chain': 'A', 'num_residue': '18', 'x': '47.155', 'y': '26.282', 'z': '24.474', 'occupancy': '1.00', 'b-factor': '18.53', 'element': 'ND2', 'type': 'ATOM', 'radius': '1.65', 'polarity': '1'}, {'record': 'ATOM', 'atom_serial': '140', 'atom_name': 'N', 'residue': 'TYR', 'chain': 'A', 'num_residue': '19', 'x': '44.656', 'y': '30.519', 'z': '22.682', 'occupancy': '1.00', 'b-factor': '13.03', 'element': 'N', 'type': 'ATOM', 'radius': '1.65', 'polarity': '1'}, {'record': 'ATOM', 'atom_serial': '141', 'atom_name': 'CA', 'residue': 'TYR', 'chain': 'A', 'num_residue': '19', 'x': '44.586', 'y': '31.828', 'z': '22.052', 'occupancy': '1.00', 'b-factor': '13.84', 'element': 'CA', 'type': 'ATOM', 'radius': '1.87', 'polarity': '0'}, {'record': 'ATOM', 'atom_serial': '142', 'atom_name': 'C', 'residue': 'TYR', 'chain': 'A', 'num_residue': '19', 'x': '44.319', 'y': '32.945', 'z': '23.062', 'occupancy': '1.00', 'b-factor': '14.29', 'element': 'C', 'type': 'ATOM', 'radius': '1.76', 'polarity': '0'}, {'record': 'ATOM', 'atom_serial': '143', 'atom_name': 'O', 'residue': 'TYR', 'chain': 'A', 'num_residue': '19', 'x': '44.260', 'y': '34.105', 'z': '22.680', 'occupancy': '1.00', 'b-factor': '14.60', 'element': 'O', 'type': 'ATOM', 'radius': '1.40', 'polarity': '1'}, {'record': 'ATOM', 'atom_serial': '144', 'atom_name': 'CB', 'residue': 'TYR', 'chain': 'A', 'num_residue': '19', 'x': '43.551', 'y': '31.812', 'z': '20.923', 'occupancy': '1.00', 'b-factor': '13.63', 'element': 'CB', 'type': 'ATOM', 'radius': '1.87', 'polarity': '0'}, {'record': 'ATOM', 'atom_serial': '145', 'atom_name': 'CG', 'residue': 'TYR', 'chain': 'A', 'num_residue': '19', 'x': '43.941', 'y': '30.853', 'z': '19.831', 'occupancy': '1.00', 'b-factor': '15.20', 'element': 'CG', 'type': 'ATOM', 'radius': '1.76', 'polarity': '0'}, {'record': 'ATOM', 'atom_serial': '146', 'atom_name': 'CD1', 'residue': 'TYR', 'chain': 'A', 'num_residue': '19', 'x': '43.392', 'y': '29.574', 'z': '19.772', 'occupancy': '1.00', 'b-factor': '15.41', 'element': 'CD1', 'type': 'ATOM', 'radius': '1.76', 'polarity': '0'}, {'record': 'ATOM', 'atom_serial': '147', 'atom_name': 'CD2', 'residue': 'TYR', 'chain': 'A', 'num_residue': '19', 'x': '44.914', 'y': '31.203', 'z': '18.894', 'occupancy': '1.00', 'b-factor': '15.92', 'element': 'CD2', 'type': 'ATOM', 'radius': '1.76', 'polarity': '0'}, {'record': 'ATOM', 'atom_serial': '148', 'atom_name': 'CE1', 'residue': 'TYR', 'chain': 'A', 'num_residue': '19', 'x': '43.778', 'y': '28.676', 'z': '18.789', 'occupancy': '1.00', 'b-factor': '16.11', 'element': 'CE1', 'type': 'ATOM', 'radius': '1.76', 'polarity': '0'}, {'record': 'ATOM', 'atom_serial': '149', 'atom_name': 'CE2', 'residue': 'TYR', 'chain': 'A', 'num_residue': '19', 'x': '45.301', 'y': '30.319', 'z': '17.915', 'occupancy': '1.00', 'b-factor': '16.66', 'element': 'CE2', 'type': 'ATOM', 'radius': '1.76', 'polarity': '0'}, {'record': 'ATOM', 'atom_serial': '150', 'atom_name': 'CZ', 'residue': 'TYR', 'chain': 'A', 'num_residue': '19', 'x': '44.732', 'y': '29.066', 'z': '17.863', 'occupancy': '1.00', 'b-factor': '16.10', 'element': 'CZ', 'type': 'ATOM', 'radius': '1.76', 'polarity': '0'}, {'record': 'ATOM', 'atom_serial': '151', 'atom_name': 'OH', 'residue': 'TYR', 'chain': 'A', 'num_residue': '19', 'x': '45.127', 'y': '28.194', 'z': '16.871', 'occupancy': '1.00', 'b-factor': '20.67', 'element': 'OH', 'type': 'ATOM', 'radius': '1.40', 'polarity': '1'}, {'record': 'ATOM', 'atom_serial': '152', 'atom_name': 'N', 'residue': 'CYS', 'chain': 'A', 'num_residue': '20', 'x': '44.164', 'y': '32.615', 'z': '24.344', 'occupancy': '1.00', 'b-factor': '14.53', 'element': 'N', 'type': 'ATOM', 'radius': '1.65', 'polarity': '1'}, {'record': 'ATOM', 'atom_serial': '153', 'atom_name': 'CA', 'residue': 'CYS', 'chain': 'A', 'num_residue': '20', 'x': '44.122', 'y': '33.650', 'z': '25.387', 'occupancy': '1.00', 'b-factor': '15.72', 'element': 'CA', 'type': 'ATOM', 'radius': '1.87', 'polarity': '0'}, {'record': 'ATOM', 'atom_serial': '154', 'atom_name': 'C', 'residue': 'CYS', 'chain': 'A', 'num_residue': '20', 'x': '45.515', 'y': '34.223', 'z': '25.583', 'occupancy': '1.00', 'b-factor': '17.36', 'element': 'C', 'type': 'ATOM', 'radius': '1.76', 'polarity': '0'}, {'record': 'ATOM', 'atom_serial': '155', 'atom_name': 'O', 'residue': 'CYS', 'chain': 'A', 'num_residue': '20', 'x': '46.503', 'y': '33.519', 'z': '25.401', 'occupancy': '1.00', 'b-factor': '18.12', 'element': 'O', 'type': 'ATOM', 'radius': '1.40', 'polarity': '1'}, {'record': 'ATOM', 'atom_serial': '156', 'atom_name': 'CB', 'residue': 'CYS', 'chain': 'A', 'num_residue': '20', 'x': '43.649', 'y': '33.103', 'z': '26.723', 'occupancy': '1.00', 'b-factor': '16.15', 'element': 'CB', 'type': 'ATOM', 'radius': '1.87', 'polarity': '0'}, {'record': 'ATOM', 'atom_serial': '157', 'atom_name': 'SG', 'residue': 'CYS', 'chain': 'A', 'num_residue': '20', 'x': '42.063', 'y': '32.287', 'z': '26.729', 'occupancy': '1.00', 'b-factor': '14.53', 'element': 'SG', 'type': 'ATOM', 'radius': '1.85', 'polarity': '0'}, {'record': 'ATOM', 'atom_serial': '158', 'atom_name': 'N', 'residue': 'ASN', 'chain': 'A', 'num_residue': '21', 'x': '45.596', 'y': '35.500', 'z': '25.947', 'occupancy': '1.00', 'b-factor': '18.37', 'element': 'N', 'type': 'ATOM', 'radius': '1.65', 'polarity': '1'}, {'record': 'ATOM', 'atom_serial': '159', 'atom_name': 'CA', 'residue': 'ASN', 'chain': 'A', 'num_residue': '21', 'x': '46.888', 'y': '36.103', 'z': '26.292', 'occupancy': '1.00', 'b-factor': '19.72', 'element': 'CA', 'type': 'ATOM', 'radius': '1.87', 'polarity': '0'}, {'record': 'ATOM', 'atom_serial': '160', 'atom_name': 'C', 'residue': 'ASN', 'chain': 'A', 'num_residue': '21', 'x': '47.401', 'y': '35.559', 'z': '27.629', 'occupancy': '1.00', 'b-factor': '20.17', 'element': 'C', 'type': 'ATOM', 'radius': '1.76', 'polarity': '0'}, {'record': 'ATOM', 'atom_serial': '161', 'atom_name': 'O', 'residue': 'ASN', 'chain': 'A', 'num_residue': '21', 'x': '46.616', 'y': '35.117', 'z': '28.475', 'occupancy': '1.00', 'b-factor': '21.28', 'element': 'O', 'type': 'ATOM', 'radius': '1.40', 'polarity': '1'}, {'record': 'ATOM', 'atom_serial': '162', 'atom_name': 'CB', 'residue': 'ASN', 'chain': 'A', 'num_residue': '21', 'x': '46.783', 'y': '37.624', 'z': '26.360', 'occupancy': '1.00', 'b-factor': '20.27', 'element': 'CB', 'type': 'ATOM', 'radius': '1.87', 'polarity': '0'}, {'record': 'ATOM', 'atom_serial': '163', 'atom_name': 'CG', 'residue': 'ASN', 'chain': 'A', 'num_residue': '21', 'x': '46.401', 'y': '38.253', 'z': '25.036', 'occupancy': '1.00', 'b-factor': '20.92', 'element': 'CG', 'type': 'ATOM', 'radius': '1.76', 'polarity': '0'}, {'record': 'ATOM', 'atom_serial': '164', 'atom_name': 'OD1', 'residue': 'ASN', 'chain': 'A', 'num_residue': '21', 'x': '46.919', 'y': '37.888', 'z': '23.977', 'occupancy': '1.00', 'b-factor': '22.17', 'element': 'OD1', 'type': 'ATOM', 'radius': '1.40', 'polarity': '1'}, {'record': 'ATOM', 'atom_serial': '165', 'atom_name': 'ND2', 'residue': 'ASN', 'chain': 'A', 'num_residue': '21', 'x': '45.497', 'y': '39.227', 'z': '25.092', 'occupancy': '1.00', 'b-factor': '21.10', 'element': 'ND2', 'type': 'ATOM', 'radius': '1.65', 'polarity': '1'}, {'record': 'ATOM', 'atom_serial': '167', 'atom_name': 'N', 'residue': 'PHE', 'chain': 'B', 'num_residue': '1', 'x': '29.102', 'y': '25.761', 'z': '25.495', 'occupancy': '1.00', 'b-factor': '19.24', 'element': 'N', 'type': 'ATOM', 'radius': '1.65', 'polarity': '1'}, {'record': 'ATOM', 'atom_serial': '168', 'atom_name': 'CA', 'residue': 'PHE', 'chain': 'B', 'num_residue': '1', 'x': '29.156', 'y': '26.636', 'z': '24.296', 'occupancy': '1.00', 'b-factor': '19.05', 'element': 'CA', 'type': 'ATOM', 'radius': '1.87', 'polarity': '0'}, {'record': 'ATOM', 'atom_serial': '169', 'atom_name': 'C', 'residue': 'PHE', 'chain': 'B', 'num_residue': '1', 'x': '30.433', 'y': '26.412', 'z': '23.483', 'occupancy': '1.00', 'b-factor': '18.23', 'element': 'C', 'type': 'ATOM', 'radius': '1.76', 'polarity': '0'}, {'record': 'ATOM', 'atom_serial': '170', 'atom_name': 'O', 'residue': 'PHE', 'chain': 'B', 'num_residue': '1', 'x': '30.503', 'y': '26.835', 'z': '22.329', 'occupancy': '1.00', 'b-factor': '19.35', 'element': 'O', 'type': 'ATOM', 'radius': '1.40', 'polarity': '1'}, {'record': 'ATOM', 'atom_serial': '171', 'atom_name': 'CB', 'residue': 'PHE', 'chain': 'B', 'num_residue': '1', 'x': '29.003', 'y': '28.118', 'z': '24.687', 'occupancy': '1.00', 'b-factor': '19.54', 'element': 'CB', 'type': 'ATOM', 'radius': '1.87', 'polarity': '0'}, {'record': 'ATOM', 'atom_serial': '172', 'atom_name': 'CG', 'residue': 'PHE', 'chain': 'B', 'num_residue': '1', 'x': '30.061', 'y': '28.625', 'z': '25.643', 'occupancy': '1.00', 'b-factor': '20.06', 'element': 'CG', 'type': 'ATOM', 'radius': '1.76', 'polarity': '0'}, {'record': 'ATOM', 'atom_serial': '173', 'atom_name': 'CD1', 'residue': 'PHE', 'chain': 'B', 'num_residue': '1', 'x': '31.094', 'y': '29.437', 'z': '25.182', 'occupancy': '1.00', 'b-factor': '21.86', 'element': 'CD1', 'type': 'ATOM', 'radius': '1.76', 'polarity': '0'}, {'record': 'ATOM', 'atom_serial': '174', 'atom_name': 'CD2', 'residue': 'PHE', 'chain': 'B', 'num_residue': '1', 'x': '30.011', 'y': '28.315', 'z': '27.002', 'occupancy': '1.00', 'b-factor': '21.66', 'element': 'CD2', 'type': 'ATOM', 'radius': '1.76', 'polarity': '0'}, {'record': 'ATOM', 'atom_serial': '175', 'atom_name': 'CE1', 'residue': 'PHE', 'chain': 'B', 'num_residue': '1', 'x': '32.061', 'y': '29.923', 'z': '26.055', 'occupancy': '1.00', 'b-factor': '20.87', 'element': 'CE1', 'type': 'ATOM', 'radius': '1.76', 'polarity': '0'}, {'record': 'ATOM', 'atom_serial': '176', 'atom_name': 'CE2', 'residue': 'PHE', 'chain': 'B', 'num_residue': '1', 'x': '30.981', 'y': '28.798', 'z': '27.885', 'occupancy': '1.00', 'b-factor': '21.56', 'element': 'CE2', 'type': 'ATOM', 'radius': '1.76', 'polarity': '0'}, {'record': 'ATOM', 'atom_serial': '177', 'atom_name': 'CZ', 'residue': 'PHE', 'chain': 'B', 'num_residue': '1', 'x': '32.009', 'y': '29.596', 'z': '27.408', 'occupancy': '1.00', 'b-factor': '20.52', 'element': 'CZ', 'type': 'ATOM', 'radius': '1.76', 'polarity': '0'}, {'record': 'ATOM', 'atom_serial': '178', 'atom_name': 'N', 'residue': 'VAL', 'chain': 'B', 'num_residue': '2', 'x': '31.438', 'y': '25.763', 'z': '24.070', 'occupancy': '1.00', 'b-factor': '17.03', 'element': 'N', 'type': 'ATOM', 'radius': '1.65', 'polarity': '1'}, {'record': 'ATOM', 'atom_serial': '179', 'atom_name': 'CA', 'residue': 'VAL', 'chain': 'B', 'num_residue': '2', 'x': '32.734', 'y': '25.636', 'z': '23.374', 'occupancy': '1.00', 'b-factor': '16.19', 'element': 'CA', 'type': 'ATOM', 'radius': '1.87', 'polarity': '0'}, {'record': 'ATOM', 'atom_serial': '180', 'atom_name': 'C', 'residue': 'VAL', 'chain': 'B', 'num_residue': '2', 'x': '32.902', 'y': '24.392', 'z': '22.506', 'occupancy': '1.00', 'b-factor': '15.63', 'element': 'C', 'type': 'ATOM', 'radius': '1.76', 'polarity': '0'}, {'record': 'ATOM', 'atom_serial': '181', 'atom_name': 'O', 'residue': 'VAL', 'chain': 'B', 'num_residue': '2', 'x': '33.691', 'y': '24.393', 'z': '21.571', 'occupancy': '1.00', 'b-factor': '14.89', 'element': 'O', 'type': 'ATOM', 'radius': '1.40', 'polarity': '1'}, {'record': 'ATOM', 'atom_serial': '182', 'atom_name': 'CB', 'residue': 'VAL', 'chain': 'B', 'num_residue': '2', 'x': '33.970', 'y': '25.756', 'z': '24.316', 'occupancy': '1.00', 'b-factor': '16.69', 'element': 'CB', 'type': 'ATOM', 'radius': '1.87', 'polarity': '0'}, {'record': 'ATOM', 'atom_serial': '183', 'atom_name': 'CG1', 'residue': 'VAL', 'chain': 'B', 'num_residue': '2', 'x': '33.976', 'y': '27.090', 'z': '25.026', 'occupancy': '1.00', 'b-factor': '16.54', 'element': 'CG1', 'type': 'ATOM', 'radius': '1.87', 'polarity': '0'}, {'record': 'ATOM', 'atom_serial': '184', 'atom_name': 'CG2', 'residue': 'VAL', 'chain': 'B', 'num_residue': '2', 'x': '34.017', 'y': '24.625', 'z': '25.328', 'occupancy': '1.00', 'b-factor': '18.12', 'element': 'CG2', 'type': 'ATOM', 'radius': '1.87', 'polarity': '0'}, {'record': 'ATOM', 'atom_serial': '185', 'atom_name': 'N', 'residue': 'ASN', 'chain': 'B', 'num_residue': '3', 'x': '32.174', 'y': '23.328', 'z': '22.817', 'occupancy': '1.00', 'b-factor': '15.48', 'element': 'N', 'type': 'ATOM', 'radius': '1.65', 'polarity': '1'}, {'record': 'ATOM', 'atom_serial': '186', 'atom_name': 'CA', 'residue': 'ASN', 'chain': 'B', 'num_residue': '3', 'x': '32.396', 'y': '22.060', 'z': '22.129', 'occupancy': '1.00', 'b-factor': '15.25', 'element': 'CA', 'type': 'ATOM', 'radius': '1.87', 'polarity': '0'}, {'record': 'ATOM', 'atom_serial': '187', 'atom_name': 'C', 'residue': 'ASN', 'chain': 'B', 'num_residue': '3', 'x': '31.463', 'y': '21.890', 'z': '20.934', 'occupancy': '1.00', 'b-factor': '15.55', 'element': 'C', 'type': 'ATOM', 'radius': '1.76', 'polarity': '0'}, {'record': 'ATOM', 'atom_serial': '188', 'atom_name': 'O', 'residue': 'ASN', 'chain': 'B', 'num_residue': '3', 'x': '30.592', 'y': '21.025', 'z': '20.895', 'occupancy': '1.00', 'b-factor': '16.32', 'element': 'O', 'type': 'ATOM', 'radius': '1.40', 'polarity': '1'}, {'record': 'ATOM', 'atom_serial': '189', 'atom_name': 'CB', 'residue': 'ASN', 'chain': 'B', 'num_residue': '3', 'x': '32.323', 'y': '20.907', 'z': '23.126', 'occupancy': '1.00', 'b-factor': '15.52', 'element': 'CB', 'type': 'ATOM', 'radius': '1.87', 'polarity': '0'}, {'record': 'ATOM', 'atom_serial': '190', 'atom_name': 'CG', 'residue': 'ASN', 'chain': 'B', 'num_residue': '3', 'x': '33.421', 'y': '20.995', 'z': '24.175', 'occupancy': '1.00', 'b-factor': '12.25', 'element': 'CG', 'type': 'ATOM', 'radius': '1.76', 'polarity': '0'}, {'record': 'ATOM', 'atom_serial': '191', 'atom_name': 'OD1', 'residue': 'ASN', 'chain': 'B', 'num_residue': '3', 'x': '34.579', 'y': '20.729', 'z': '23.906', 'occupancy': '1.00', 'b-factor': '15.89', 'element': 'OD1', 'type': 'ATOM', 'radius': '1.40', 'polarity': '1'}, {'record': 'ATOM', 'atom_serial': '192', 'atom_name': 'ND2', 'residue': 'ASN', 'chain': 'B', 'num_residue': '3', 'x': '33.038', 'y': '21.414', 'z': '25.384', 'occupancy': '1.00', 'b-factor': '17.40', 'element': 'ND2', 'type': 'ATOM', 'radius': '1.65', 'polarity': '1'}, {'record': 'ATOM', 'atom_serial': '193', 'atom_name': 'N', 'residue': 'GLN', 'chain': 'B', 'num_residue': '4', 'x': '31.660', 'y': '22.764', 'z': '19.956', 'occupancy': '1.00', 'b-factor': '14.45', 'element': 'N', 'type': 'ATOM', 'radius': '1.65', 'polarity': '1'}, {'record': 'ATOM', 'atom_serial': '194', 'atom_name': 'CA', 'residue': 'GLN', 'chain': 'B', 'num_residue': '4', 'x': '30.844', 'y': '22.788', 'z': '18.756', 'occupancy': '1.00', 'b-factor': '14.72', 'element': 'CA', 'type': 'ATOM', 'radius': '1.87', 'polarity': '0'}, {'record': 'ATOM', 'atom_serial': '195', 'atom_name': 'C', 'residue': 'GLN', 'chain': 'B', 'num_residue': '4', 'x': '31.637', 'y': '23.541', 'z': '17.700', 'occupancy': '1.00', 'b-factor': '12.99', 'element': 'C', 'type': 'ATOM', 'radius': '1.76', 'polarity': '0'}, {'record': 'ATOM', 'atom_serial': '196', 'atom_name': 'O', 'residue': 'GLN', 'chain': 'B', 'num_residue': '4', 'x': '32.711', 'y': '24.062', 'z': '17.981', 'occupancy': '1.00', 'b-factor': '11.77', 'element': 'O', 'type': 'ATOM', 'radius': '1.40', 'polarity': '1'}, {'record': 'ATOM', 'atom_serial': '197', 'atom_name': 'CB', 'residue': 'GLN', 'chain': 'B', 'num_residue': '4', 'x': '29.502', 'y': '23.490', 'z': '19.023', 'occupancy': '1.00', 'b-factor': '15.35', 'element': 'CB', 'type': 'ATOM', 'radius': '1.87', 'polarity': '0'}, {'record': 'ATOM', 'atom_serial': '198', 'atom_name': 'CG', 'residue': 'GLN', 'chain': 'B', 'num_residue': '4', 'x': '29.607', 'y': '24.958', 'z': '19.452', 'occupancy': '1.00', 'b-factor': '17.45', 'element': 'CG', 'type': 'ATOM', 'radius': '1.76', 'polarity': '0'}, {'record': 'ATOM', 'atom_serial': '199', 'atom_name': 'CD', 'residue': 'GLN', 'chain': 'B', 'num_residue': '4', 'x': '28.248', 'y': '25.582', 'z': '19.805', 'occupancy': '1.00', 'b-factor': '17.80', 'element': 'CD', 'type': 'ATOM', 'radius': '1.87', 'polarity': '0'}, {'record': 'ATOM', 'atom_serial': '200', 'atom_name': 'OE1', 'residue': 'GLN', 'chain': 'B', 'num_residue': '4', 'x': '27.273', 'y': '25.466', 'z': '19.056', 'occupancy': '1.00', 'b-factor': '23.54', 'element': 'OE1', 'type': 'ATOM', 'radius': '1.40', 'polarity': '1'}, {'record': 'ATOM', 'atom_serial': '201', 'atom_name': 'NE2', 'residue': 'GLN', 'chain': 'B', 'num_residue': '4', 'x': '28.192', 'y': '26.259', 'z': '20.936', 'occupancy': '1.00', 'b-factor': '22.87', 'element': 'NE2', 'type': 'ATOM', 'radius': '1.65', 'polarity': '1'}, {'record': 'ATOM', 'atom_serial': '202', 'atom_name': 'N', 'residue': 'HIS', 'chain': 'B', 'num_residue': '5', 'x': '31.104', 'y': '23.578', 'z': '16.485', 'occupancy': '1.00', 'b-factor': '12.50', 'element': 'N', 'type': 'ATOM', 'radius': '1.65', 'polarity': '1'}, {'record': 'ATOM', 'atom_serial': '203', 'atom_name': 'CA', 'residue': 'HIS', 'chain': 'B', 'num_residue': '5', 'x': '31.687', 'y': '24.383', 'z': '15.418', 'occupancy': '1.00', 'b-factor': '11.78', 'element': 'CA', 'type': 'ATOM', 'radius': '1.87', 'polarity': '0'}, {'record': 'ATOM', 'atom_serial': '204', 'atom_name': 'C', 'residue': 'HIS', 'chain': 'B', 'num_residue': '5', 'x': '31.387', 'y': '25.845', 'z': '15.738', 'occupancy': '1.00', 'b-factor': '11.63', 'element': 'C', 'type': 'ATOM', 'radius': '1.76', 'polarity': '0'}, {'record': 'ATOM', 'atom_serial': '205', 'atom_name': 'O', 'residue': 'HIS', 'chain': 'B', 'num_residue': '5', 'x': '30.222', 'y': '26.209', 'z': '15.983', 'occupancy': '1.00', 'b-factor': '12.61', 'element': 'O', 'type': 'ATOM', 'radius': '1.40', 'polarity': '1'}, {'record': 'ATOM', 'atom_serial': '206', 'atom_name': 'CB', 'residue': 'HIS', 'chain': 'B', 'num_residue': '5', 'x': '31.064', 'y': '24.031', 'z': '14.059', 'occupancy': '1.00', 'b-factor': '12.47', 'element': 'CB', 'type': 'ATOM', 'radius': '1.87', 'polarity': '0'}, {'record': 'ATOM', 'atom_serial': '207', 'atom_name': 'CG', 'residue': 'HIS', 'chain': 'B', 'num_residue': '5', 'x': '31.412', 'y': '22.659', 'z': '13.556', 'occupancy': '1.00', 'b-factor': '12.41', 'element': 'CG', 'type': 'ATOM', 'radius': '1.76', 'polarity': '0'}, {'record': 'ATOM', 'atom_serial': '208', 'atom_name': 'ND1', 'residue': 'HIS', 'chain': 'B', 'num_residue': '5', 'x': '30.632', 'y': '21.550', 'z': '13.814', 'occupancy': '1.00', 'b-factor': '16.66', 'element': 'ND1', 'type': 'ATOM', 'radius': '1.65', 'polarity': '1'}, {'record': 'ATOM', 'atom_serial': '209', 'atom_name': 'CD2', 'residue': 'HIS', 'chain': 'B', 'num_residue': '5', 'x': '32.444', 'y': '22.225', 'z': '12.797', 'occupancy': '1.00', 'b-factor': '13.65', 'element': 'CD2', 'type': 'ATOM', 'radius': '1.76', 'polarity': '0'}, {'record': 'ATOM', 'atom_serial': '210', 'atom_name': 'CE1', 'residue': 'HIS', 'chain': 'B', 'num_residue': '5', 'x': '31.175', 'y': '20.490', 'z': '13.238', 'occupancy': '1.00', 'b-factor': '15.20', 'element': 'CE1', 'type': 'ATOM', 'radius': '1.76', 'polarity': '0'}, {'record': 'ATOM', 'atom_serial': '211', 'atom_name': 'NE2', 'residue': 'HIS', 'chain': 'B', 'num_residue': '5', 'x': '32.277', 'y': '20.869', 'z': '12.618', 'occupancy': '1.00', 'b-factor': '15.57', 'element': 'NE2', 'type': 'ATOM', 'radius': '1.65', 'polarity': '1'}, {'record': 'ATOM', 'atom_serial': '212', 'atom_name': 'N', 'residue': 'LEU', 'chain': 'B', 'num_residue': '6', 'x': '32.438', 'y': '26.661', 'z': '15.758', 'occupancy': '1.00', 'b-factor': '11.20', 'element': 'N', 'type': 'ATOM', 'radius': '1.65', 'polarity': '1'}, {'record': 'ATOM', 'atom_serial': '213', 'atom_name': 'CA', 'residue': 'LEU', 'chain': 'B', 'num_residue': '6', 'x': '32.322', 'y': '28.083', 'z': '16.098', 'occupancy': '1.00', 'b-factor': '11.23', 'element': 'CA', 'type': 'ATOM', 'radius': '1.87', 'polarity': '0'}, {'record': 'ATOM', 'atom_serial': '214', 'atom_name': 'C', 'residue': 'LEU', 'chain': 'B', 'num_residue': '6', 'x': '33.004', 'y': '28.875', 'z': '15.001', 'occupancy': '1.00', 'b-factor': '10.95', 'element': 'C', 'type': 'ATOM', 'radius': '1.76', 'polarity': '0'}, {'record': 'ATOM', 'atom_serial': '215', 'atom_name': 'O', 'residue': 'LEU', 'chain': 'B', 'num_residue': '6', 'x': '34.204', 'y': '28.754', 'z': '14.814', 'occupancy': '1.00', 'b-factor': '11.01', 'element': 'O', 'type': 'ATOM', 'radius': '1.40', 'polarity': '1'}, {'record': 'ATOM', 'atom_serial': '216', 'atom_name': 'CB', 'residue': 'LEU', 'chain': 'B', 'num_residue': '6', 'x': '33.004', 'y': '28.352', 'z': '17.438', 'occupancy': '1.00', 'b-factor': '11.29', 'element': 'CB', 'type': 'ATOM', 'radius': '1.87', 'polarity': '0'}, {'record': 'ATOM', 'atom_serial': '217', 'atom_name': 'CG', 'residue': 'LEU', 'chain': 'B', 'num_residue': '6', 'x': '32.400', 'y': '27.704', 'z': '18.684', 'occupancy': '1.00', 'b-factor': '12.14', 'element': 'CG', 'type': 'ATOM', 'radius': '1.76', 'polarity': '0'}, {'record': 'ATOM', 'atom_serial': '218', 'atom_name': 'CD1', 'residue': 'LEU', 'chain': 'B', 'num_residue': '6', 'x': '33.371', 'y': '27.788', 'z': '19.850', 'occupancy': '1.00', 'b-factor': '13.85', 'element': 'CD1', 'type': 'ATOM', 'radius': '1.76', 'polarity': '0'}, {'record': 'ATOM', 'atom_serial': '219', 'atom_name': 'CD2', 'residue': 'LEU', 'chain': 'B', 'num_residue': '6', 'x': '31.061', 'y': '28.382', 'z': '19.014', 'occupancy': '1.00', 'b-factor': '14.61', 'element': 'CD2', 'type': 'ATOM', 'radius': '1.76', 'polarity': '0'}, {'record': 'ATOM', 'atom_serial': '220', 'atom_name': 'N', 'residue': 'CYS', 'chain': 'B', 'num_residue': '7', 'x': '32.235', 'y': '29.690', 'z': '14.272', 'occupancy': '1.00', 'b-factor': '10.89', 'element': 'N', 'type': 'ATOM', 'radius': '1.65', 'polarity': '1'}, {'record': 'ATOM', 'atom_serial': '221', 'atom_name': 'CA', 'residue': 'ACYS', 'chain': 'B', 'num_residue': '7', 'x': '32.757', 'y': '30.432', 'z': '13.131', 'occupancy': '0.82', 'b-factor': '11.53', 'element': 'CA', 'type': 'ATOM', 'radius': '1.87', 'polarity': '0'}, {'record': 'ATOM', 'atom_serial': '222', 'atom_name': 'CA', 'residue': 'BCYS', 'chain': 'B', 'num_residue': '7', 'x': '32.818', 'y': '30.446', 'z': '13.172', 'occupancy': '0.18', 'b-factor': '11.33', 'element': 'CA', 'type': 'ATOM', 'radius': '1.87', 'polarity': '0'}, {'record': 'ATOM', 'atom_serial': '223', 'atom_name': 'C', 'residue': 'CYS', 'chain': 'B', 'num_residue': '7', 'x': '32.490', 'y': '31.923', 'z': '13.256', 'occupancy': '1.00', 'b-factor': '10.59', 'element': 'C', 'type': 'ATOM', 'radius': '1.76', 'polarity': '0'}, {'record': 'ATOM', 'atom_serial': '224', 'atom_name': 'O', 'residue': 'CYS', 'chain': 'B', 'num_residue': '7', 'x': '31.449', 'y': '32.319', 'z': '13.796', 'occupancy': '1.00', 'b-factor': '10.92', 'element': 'O', 'type': 'ATOM', 'radius': '1.40', 'polarity': '1'}, {'record': 'ATOM', 'atom_serial': '225', 'atom_name': 'CB', 'residue': 'ACYS', 'chain': 'B', 'num_residue': '7', 'x': '32.082', 'y': '29.914', 'z': '11.867', 'occupancy': '0.82', 'b-factor': '11.38', 'element': 'CB', 'type': 'ATOM', 'radius': '1.87', 'polarity': '0'}, {'record': 'ATOM', 'atom_serial': '226', 'atom_name': 'CB', 'residue': 'BCYS', 'chain': 'B', 'num_residue': '7', 'x': '32.381', 'y': '29.879', 'z': '11.821', 'occupancy': '0.18', 'b-factor': '11.43', 'element': 'CB', 'type': 'ATOM', 'radius': '1.87', 'polarity': '0'}, {'record': 'ATOM', 'atom_serial': '227', 'atom_name': 'SG', 'residue': 'ACYS', 'chain': 'B', 'num_residue': '7', 'x': '32.357', 'y': '28.133', 'z': '11.614', 'occupancy': '0.82', 'b-factor': '15.03', 'element': 'SG', 'type': 'ATOM', 'radius': '1.85', 'polarity': '0'}, {'record': 'ATOM', 'atom_serial': '228', 'atom_name': 'SG', 'residue': 'BCYS', 'chain': 'B', 'num_residue': '7', 'x': '30.609', 'y': '29.929', 'z': '11.546', 'occupancy': '0.18', 'b-factor': '14.83', 'element': 'SG', 'type': 'ATOM', 'radius': '1.85', 'polarity': '0'}, {'record': 'ATOM', 'atom_serial': '229', 'atom_name': 'N', 'residue': 'GLY', 'chain': 'B', 'num_residue': '8', 'x': '33.412', 'y': '32.726', 'z': '12.754', 'occupancy': '1.00', 'b-factor': '10.16', 'element': 'N', 'type': 'ATOM', 'radius': '1.65', 'polarity': '1'}, {'record': 'ATOM', 'atom_serial': '230', 'atom_name': 'CA', 'residue': 'GLY', 'chain': 'B', 'num_residue': '8', 'x': '33.194', 'y': '34.176', 'z': '12.679', 'occupancy': '1.00', 'b-factor': '9.75', 'element': 'CA', 'type': 'ATOM', 'radius': '1.87', 'polarity': '0'}, {'record': 'ATOM', 'atom_serial': '231', 'atom_name': 'C', 'residue': 'GLY', 'chain': 'B', 'num_residue': '8', 'x': '32.877', 'y': '34.792', 'z': '14.026', 'occupancy': '1.00', 'b-factor': '9.24', 'element': 'C', 'type': 'ATOM', 'radius': '1.76', 'polarity': '0'}, {'record': 'ATOM', 'atom_serial': '232', 'atom_name': 'O', 'residue': 'GLY', 'chain': 'B', 'num_residue': '8', 'x': '33.592', 'y': '34.581', 'z': '15.002', 'occupancy': '1.00', 'b-factor': '9.67', 'element': 'O', 'type': 'ATOM', 'radius': '1.40', 'polarity': '1'}, {'record': 'ATOM', 'atom_serial': '233', 'atom_name': 'N', 'residue': 'SER', 'chain': 'B', 'num_residue': '9', 'x': '31.787', 'y': '35.554', 'z': '14.101', 'occupancy': '1.00', 'b-factor': '8.04', 'element': 'N', 'type': 'ATOM', 'radius': '1.65', 'polarity': '1'}, {'record': 'ATOM', 'atom_serial': '234', 'atom_name': 'CA', 'residue': 'SER', 'chain': 'B', 'num_residue': '9', 'x': '31.471', 'y': '36.246', 'z': '15.357', 'occupancy': '1.00', 'b-factor': '7.85', 'element': 'CA', 'type': 'ATOM', 'radius': '1.87', 'polarity': '0'}, {'record': 'ATOM', 'atom_serial': '235', 'atom_name': 'C', 'residue': 'SER', 'chain': 'B', 'num_residue': '9', 'x': '31.235', 'y': '35.266', 'z': '16.507', 'occupancy': '1.00', 'b-factor': '8.31', 'element': 'C', 'type': 'ATOM', 'radius': '1.76', 'polarity': '0'}, {'record': 'ATOM', 'atom_serial': '236', 'atom_name': 'O', 'residue': 'SER', 'chain': 'B', 'num_residue': '9', 'x': '31.439', 'y': '35.614', 'z': '17.663', 'occupancy': '1.00', 'b-factor': '7.83', 'element': 'O', 'type': 'ATOM', 'radius': '1.40', 'polarity': '1'}, {'record': 'ATOM', 'atom_serial': '237', 'atom_name': 'CB', 'residue': 'SER', 'chain': 'B', 'num_residue': '9', 'x': '30.260', 'y': '37.178', 'z': '15.185', 'occupancy': '1.00', 'b-factor': '8.26', 'element': 'CB', 'type': 'ATOM', 'radius': '1.87', 'polarity': '0'}, {'record': 'ATOM', 'atom_serial': '238', 'atom_name': 'OG', 'residue': 'SER', 'chain': 'B', 'num_residue': '9', 'x': '29.067', 'y': '36.447', 'z': '14.970', 'occupancy': '1.00', 'b-factor': '10.83', 'element': 'OG', 'type': 'ATOM', 'radius': '1.40', 'polarity': '1'}, {'record': 'ATOM', 'atom_serial': '239', 'atom_name': 'N', 'residue': 'HIS', 'chain': 'B', 'num_residue': '10', 'x': '30.825', 'y': '34.052', 'z': '16.169', 'occupancy': '1.00', 'b-factor': '7.69', 'element': 'N', 'type': 'ATOM', 'radius': '1.65', 'polarity': '1'}, {'record': 'ATOM', 'atom_serial': '240', 'atom_name': 'CA', 'residue': 'HIS', 'chain': 'B', 'num_residue': '10', 'x': '30.544', 'y': '33.025', 'z': '17.174', 'occupancy': '1.00', 'b-factor': '8.75', 'element': 'CA', 'type': 'ATOM', 'radius': '1.87', 'polarity': '0'}, {'record': 'ATOM', 'atom_serial': '241', 'atom_name': 'C', 'residue': 'HIS', 'chain': 'B', 'num_residue': '10', 'x': '31.845', 'y': '32.569', 'z': '17.844', 'occupancy': '1.00', 'b-factor': '8.39', 'element': 'C', 'type': 'ATOM', 'radius': '1.76', 'polarity': '0'}, {'record': 'ATOM', 'atom_serial': '242', 'atom_name': 'O', 'residue': 'HIS', 'chain': 'B', 'num_residue': '10', 'x': '31.868', 'y': '32.256', 'z': '19.040', 'occupancy': '1.00', 'b-factor': '9.12', 'element': 'O', 'type': 'ATOM', 'radius': '1.40', 'polarity': '1'}, {'record': 'ATOM', 'atom_serial': '243', 'atom_name': 'CB', 'residue': 'HIS', 'chain': 'B', 'num_residue': '10', 'x': '29.886', 'y': '31.801', 'z': '16.526', 'occupancy': '1.00', 'b-factor': '8.43', 'element': 'CB', 'type': 'ATOM', 'radius': '1.87', 'polarity': '0'}, {'record': 'ATOM', 'atom_serial': '244', 'atom_name': 'CG', 'residue': 'HIS', 'chain': 'B', 'num_residue': '10', 'x': '28.571', 'y': '32.081', 'z': '15.865', 'occupancy': '1.00', 'b-factor': '9.93', 'element': 'CG', 'type': 'ATOM', 'radius': '1.76', 'polarity': '0'}, {'record': 'ATOM', 'atom_serial': '245', 'atom_name': 'ND1', 'residue': 'HIS', 'chain': 'B', 'num_residue': '10', 'x': '27.686', 'y': '31.075', 'z': '15.528', 'occupancy': '1.00', 'b-factor': '13.84', 'element': 'ND1', 'type': 'ATOM', 'radius': '1.65', 'polarity': '1'}, {'record': 'ATOM', 'atom_serial': '246', 'atom_name': 'CD2', 'residue': 'HIS', 'chain': 'B', 'num_residue': '10', 'x': '27.981', 'y': '33.243', 'z': '15.490', 'occupancy': '1.00', 'b-factor': '10.60', 'element': 'CD2', 'type': 'ATOM', 'radius': '1.76', 'polarity': '0'}, {'record': 'ATOM', 'atom_serial': '247', 'atom_name': 'CE1', 'residue': 'HIS', 'chain': 'B', 'num_residue': '10', 'x': '26.613', 'y': '31.608', 'z': '14.968', 'occupancy': '1.00', 'b-factor': '12.45', 'element': 'CE1', 'type': 'ATOM', 'radius': '1.76', 'polarity': '0'}, {'record': 'ATOM', 'atom_serial': '248', 'atom_name': 'NE2', 'residue': 'HIS', 'chain': 'B', 'num_residue': '10', 'x': '26.760', 'y': '32.920', 'z': '14.941', 'occupancy': '1.00', 'b-factor': '12.10', 'element': 'NE2', 'type': 'ATOM', 'radius': '1.65', 'polarity': '1'}, {'record': 'ATOM', 'atom_serial': '249', 'atom_name': 'N', 'residue': 'LEU', 'chain': 'B', 'num_residue': '11', 'x': '32.918', 'y': '32.505', 'z': '17.056', 'occupancy': '1.00', 'b-factor': '8.51', 'element': 'N', 'type': 'ATOM', 'radius': '1.65', 'polarity': '1'}, {'record': 'ATOM', 'atom_serial': '250', 'atom_name': 'CA', 'residue': 'LEU', 'chain': 'B', 'num_residue': '11', 'x': '34.224', 'y': '32.107', 'z': '17.568', 'occupancy': '1.00', 'b-factor': '8.23', 'element': 'CA', 'type': 'ATOM', 'radius': '1.87', 'polarity': '0'}, {'record': 'ATOM', 'atom_serial': '251', 'atom_name': 'C', 'residue': 'LEU', 'chain': 'B', 'num_residue': '11', 'x': '34.840', 'y': '33.218', 'z': '18.418', 'occupancy': '1.00', 'b-factor': '8.07', 'element': 'C', 'type': 'ATOM', 'radius': '1.76', 'polarity': '0'}, {'record': 'ATOM', 'atom_serial': '252', 'atom_name': 'O', 'residue': 'LEU', 'chain': 'B', 'num_residue': '11', 'x': '35.380', 'y': '32.973', 'z': '19.483', 'occupancy': '1.00', 'b-factor': '7.95', 'element': 'O', 'type': 'ATOM', 'radius': '1.40', 'polarity': '1'}, {'record': 'ATOM', 'atom_serial': '253', 'atom_name': 'CB', 'residue': 'LEU', 'chain': 'B', 'num_residue': '11', 'x': '35.130', 'y': '31.718', 'z': '16.394', 'occupancy': '1.00', 'b-factor': '8.70', 'element': 'CB', 'type': 'ATOM', 'radius': '1.87', 'polarity': '0'}, {'record': 'ATOM', 'atom_serial': '254', 'atom_name': 'CG', 'residue': 'LEU', 'chain': 'B', 'num_residue': '11', 'x': '36.545', 'y': '31.231', 'z': '16.715', 'occupancy': '1.00', 'b-factor': '9.31', 'element': 'CG', 'type': 'ATOM', 'radius': '1.76', 'polarity': '0'}, {'record': 'ATOM', 'atom_serial': '255', 'atom_name': 'CD1', 'residue': 'LEU', 'chain': 'B', 'num_residue': '11', 'x': '36.542', 'y': '30.102', 'z': '17.743', 'occupancy': '1.00', 'b-factor': '9.64', 'element': 'CD1', 'type': 'ATOM', 'radius': '1.76', 'polarity': '0'}, {'record': 'ATOM', 'atom_serial': '256', 'atom_name': 'CD2', 'residue': 'LEU', 'chain': 'B', 'num_residue': '11', 'x': '37.171', 'y': '30.813', 'z': '15.383', 'occupancy': '1.00', 'b-factor': '12.03', 'element': 'CD2', 'type': 'ATOM', 'radius': '1.76', 'polarity': '0'}, {'record': 'ATOM', 'atom_serial': '257', 'atom_name': 'N', 'residue': 'VAL', 'chain': 'B', 'num_residue': '12', 'x': '34.745', 'y': '34.459', 'z': '17.945', 'occupancy': '1.00', 'b-factor': '7.82', 'element': 'N', 'type': 'ATOM', 'radius': '1.65', 'polarity': '1'}, {'record': 'ATOM', 'atom_serial': '258', 'atom_name': 'CA', 'residue': 'VAL', 'chain': 'B', 'num_residue': '12', 'x': '35.232', 'y': '35.597', 'z': '18.693', 'occupancy': '1.00', 'b-factor': '9.36', 'element': 'CA', 'type': 'ATOM', 'radius': '1.87', 'polarity': '0'}, {'record': 'ATOM', 'atom_serial': '259', 'atom_name': 'C', 'residue': 'VAL', 'chain': 'B', 'num_residue': '12', 'x': '34.509', 'y': '35.715', 'z': '20.049', 'occupancy': '1.00', 'b-factor': '7.93', 'element': 'C', 'type': 'ATOM', 'radius': '1.76', 'polarity': '0'}, {'record': 'ATOM', 'atom_serial': '260', 'atom_name': 'O', 'residue': 'VAL', 'chain': 'B', 'num_residue': '12', 'x': '35.118', 'y': '36.027', 'z': '21.073', 'occupancy': '1.00', 'b-factor': '7.60', 'element': 'O', 'type': 'ATOM', 'radius': '1.40', 'polarity': '1'}, {'record': 'ATOM', 'atom_serial': '261', 'atom_name': 'CB', 'residue': 'VAL', 'chain': 'B', 'num_residue': '12', 'x': '35.052', 'y': '36.874', 'z': '17.836', 'occupancy': '1.00', 'b-factor': '10.36', 'element': 'CB', 'type': 'ATOM', 'radius': '1.87', 'polarity': '0'}, {'record': 'ATOM', 'atom_serial': '262', 'atom_name': 'CG1', 'residue': 'VAL', 'chain': 'B', 'num_residue': '12', 'x': '35.202', 'y': '38.083', 'z': '18.649', 'occupancy': '1.00', 'b-factor': '13.99', 'element': 'CG1', 'type': 'ATOM', 'radius': '1.87', 'polarity': '0'}, {'record': 'ATOM', 'atom_serial': '263', 'atom_name': 'CG2', 'residue': 'VAL', 'chain': 'B', 'num_residue': '12', 'x': '36.066', 'y': '36.870', 'z': '16.676', 'occupancy': '1.00', 'b-factor': '12.77', 'element': 'CG2', 'type': 'ATOM', 'radius': '1.87', 'polarity': '0'}, {'record': 'ATOM', 'atom_serial': '264', 'atom_name': 'N', 'residue': 'GLU', 'chain': 'B', 'num_residue': '13', 'x': '33.200', 'y': '35.467', 'z': '20.045', 'occupancy': '1.00', 'b-factor': '7.80', 'element': 'N', 'type': 'ATOM', 'radius': '1.65', 'polarity': '1'}, {'record': 'ATOM', 'atom_serial': '265', 'atom_name': 'CA', 'residue': 'GLU', 'chain': 'B', 'num_residue': '13', 'x': '32.419', 'y': '35.494', 'z': '21.277', 'occupancy': '1.00', 'b-factor': '8.14', 'element': 'CA', 'type': 'ATOM', 'radius': '1.87', 'polarity': '0'}, {'record': 'ATOM', 'atom_serial': '266', 'atom_name': 'C', 'residue': 'GLU', 'chain': 'B', 'num_residue': '13', 'x': '32.908', 'y': '34.424', 'z': '22.265', 'occupancy': '1.00', 'b-factor': '7.57', 'element': 'C', 'type': 'ATOM', 'radius': '1.76', 'polarity': '0'}, {'record': 'ATOM', 'atom_serial': '267', 'atom_name': 'O', 'residue': 'GLU', 'chain': 'B', 'num_residue': '13', 'x': '33.034', 'y': '34.686', 'z': '23.454', 'occupancy': '1.00', 'b-factor': '7.71', 'element': 'O', 'type': 'ATOM', 'radius': '1.40', 'polarity': '1'}, {'record': 'ATOM', 'atom_serial': '268', 'atom_name': 'CB', 'residue': 'GLU', 'chain': 'B', 'num_residue': '13', 'x': '30.954', 'y': '35.279', 'z': '20.935', 'occupancy': '1.00', 'b-factor': '9.18', 'element': 'CB', 'type': 'ATOM', 'radius': '1.87', 'polarity': '0'}, {'record': 'ATOM', 'atom_serial': '269', 'atom_name': 'CG', 'residue': 'GLU', 'chain': 'B', 'num_residue': '13', 'x': '30.069', 'y': '35.045', 'z': '22.125', 'occupancy': '1.00', 'b-factor': '12.62', 'element': 'CG', 'type': 'ATOM', 'radius': '1.76', 'polarity': '0'}, {'record': 'ATOM', 'atom_serial': '270', 'atom_name': 'CD', 'residue': 'GLU', 'chain': 'B', 'num_residue': '13', 'x': '28.624', 'y': '35.023', 'z': '21.710', 'occupancy': '1.00', 'b-factor': '16.55', 'element': 'CD', 'type': 'ATOM', 'radius': '1.87', 'polarity': '0'}, {'record': 'ATOM', 'atom_serial': '271', 'atom_name': 'OE1', 'residue': 'GLU', 'chain': 'B', 'num_residue': '13', 'x': '28.150', 'y': '36.074', 'z': '21.246', 'occupancy': '1.00', 'b-factor': '16.70', 'element': 'OE1', 'type': 'ATOM', 'radius': '1.40', 'polarity': '1'}, {'record': 'ATOM', 'atom_serial': '272', 'atom_name': 'OE2', 'residue': 'GLU', 'chain': 'B', 'num_residue': '13', 'x': '28.002', 'y': '33.945', 'z': '21.822', 'occupancy': '1.00', 'b-factor': '21.15', 'element': 'OE2', 'type': 'ATOM', 'radius': '1.40', 'polarity': '1'}, {'record': 'ATOM', 'atom_serial': '273', 'atom_name': 'N', 'residue': 'ALA', 'chain': 'B', 'num_residue': '14', 'x': '33.179', 'y': '33.226', 'z': '21.758', 'occupancy': '1.00', 'b-factor': '7.94', 'element': 'N', 'type': 'ATOM', 'radius': '1.65', 'polarity': '1'}, {'record': 'ATOM', 'atom_serial': '274', 'atom_name': 'CA', 'residue': 'ALA', 'chain': 'B', 'num_residue': '14', 'x': '33.659', 'y': '32.139', 'z': '22.621', 'occupancy': '1.00', 'b-factor': '7.54', 'element': 'CA', 'type': 'ATOM', 'radius': '1.87', 'polarity': '0'}, {'record': 'ATOM', 'atom_serial': '275', 'atom_name': 'C', 'residue': 'ALA', 'chain': 'B', 'num_residue': '14', 'x': '35.011', 'y': '32.489', 'z': '23.236', 'occupancy': '1.00', 'b-factor': '7.96', 'element': 'C', 'type': 'ATOM', 'radius': '1.76', 'polarity': '0'}, {'record': 'ATOM', 'atom_serial': '276', 'atom_name': 'O', 'residue': 'ALA', 'chain': 'B', 'num_residue': '14', 'x': '35.216', 'y': '32.289', 'z': '24.444', 'occupancy': '1.00', 'b-factor': '7.67', 'element': 'O', 'type': 'ATOM', 'radius': '1.40', 'polarity': '1'}, {'record': 'ATOM', 'atom_serial': '277', 'atom_name': 'CB', 'residue': 'ALA', 'chain': 'B', 'num_residue': '14', 'x': '33.740', 'y': '30.844', 'z': '21.824', 'occupancy': '1.00', 'b-factor': '8.11', 'element': 'CB', 'type': 'ATOM', 'radius': '1.87', 'polarity': '0'}, {'record': 'ATOM', 'atom_serial': '278', 'atom_name': 'N', 'residue': 'LEU', 'chain': 'B', 'num_residue': '15', 'x': '35.919', 'y': '33.036', 'z': '22.424', 'occupancy': '1.00', 'b-factor': '7.59', 'element': 'N', 'type': 'ATOM', 'radius': '1.65', 'polarity': '1'}, {'record': 'ATOM', 'atom_serial': '279', 'atom_name': 'CA', 'residue': 'LEU', 'chain': 'B', 'num_residue': '15', 'x': '37.218', 'y': '33.501', 'z': '22.921', 'occupancy': '1.00', 'b-factor': '8.02', 'element': 'CA', 'type': 'ATOM', 'radius': '1.87', 'polarity': '0'}, {'record': 'ATOM', 'atom_serial': '280', 'atom_name': 'C', 'residue': 'LEU', 'chain': 'B', 'num_residue': '15', 'x': '37.062', 'y': '34.563', 'z': '23.997', 'occupancy': '1.00', 'b-factor': '8.22', 'element': 'C', 'type': 'ATOM', 'radius': '1.76', 'polarity': '0'}, {'record': 'ATOM', 'atom_serial': '281', 'atom_name': 'O', 'residue': 'LEU', 'chain': 'B', 'num_residue': '15', 'x': '37.732', 'y': '34.532', 'z': '25.043', 'occupancy': '1.00', 'b-factor': '8.96', 'element': 'O', 'type': 'ATOM', 'radius': '1.40', 'polarity': '1'}, {'record': 'ATOM', 'atom_serial': '282', 'atom_name': 'CB', 'residue': 'LEU', 'chain': 'B', 'num_residue': '15', 'x': '38.057', 'y': '34.073', 'z': '21.778', 'occupancy': '1.00', 'b-factor': '8.21', 'element': 'CB', 'type': 'ATOM', 'radius': '1.87', 'polarity': '0'}, {'record': 'ATOM', 'atom_serial': '283', 'atom_name': 'CG', 'residue': 'LEU', 'chain': 'B', 'num_residue': '15', 'x': '38.687', 'y': '33.044', 'z': '20.850', 'occupancy': '1.00', 'b-factor': '8.97', 'element': 'CG', 'type': 'ATOM', 'radius': '1.76', 'polarity': '0'}, {'record': 'ATOM', 'atom_serial': '284', 'atom_name': 'CD1', 'residue': 'LEU', 'chain': 'B', 'num_residue': '15', 'x': '39.085', 'y': '33.696', 'z': '19.533', 'occupancy': '1.00', 'b-factor': '10.82', 'element': 'CD1', 'type': 'ATOM', 'radius': '1.76', 'polarity': '0'}, {'record': 'ATOM', 'atom_serial': '285', 'atom_name': 'CD2', 'residue': 'LEU', 'chain': 'B', 'num_residue': '15', 'x': '39.911', 'y': '32.395', 'z': '21.521', 'occupancy': '1.00', 'b-factor': '10.89', 'element': 'CD2', 'type': 'ATOM', 'radius': '1.76', 'polarity': '0'}, {'record': 'ATOM', 'atom_serial': '286', 'atom_name': 'N', 'residue': 'TYR', 'chain': 'B', 'num_residue': '16', 'x': '36.163', 'y': '35.511', 'z': '23.749', 'occupancy': '1.00', 'b-factor': '7.73', 'element': 'N', 'type': 'ATOM', 'radius': '1.65', 'polarity': '1'}, {'record': 'ATOM', 'atom_serial': '287', 'atom_name': 'CA', 'residue': 'TYR', 'chain': 'B', 'num_residue': '16', 'x': '35.896', 'y': '36.555', 'z': '24.715', 'occupancy': '1.00', 'b-factor': '7.97', 'element': 'CA', 'type': 'ATOM', 'radius': '1.87', 'polarity': '0'}, {'record': 'ATOM', 'atom_serial': '288', 'atom_name': 'C', 'residue': 'TYR', 'chain': 'B', 'num_residue': '16', 'x': '35.432', 'y': '35.980', 'z': '26.052', 'occupancy': '1.00', 'b-factor': '8.33', 'element': 'C', 'type': 'ATOM', 'radius': '1.76', 'polarity': '0'}, {'record': 'ATOM', 'atom_serial': '289', 'atom_name': 'O', 'residue': 'TYR', 'chain': 'B', 'num_residue': '16', 'x': '35.950', 'y': '36.365', 'z': '27.113', 'occupancy': '1.00', 'b-factor': '8.89', 'element': 'O', 'type': 'ATOM', 'radius': '1.40', 'polarity': '1'}, {'record': 'ATOM', 'atom_serial': '290', 'atom_name': 'CB', 'residue': 'TYR', 'chain': 'B', 'num_residue': '16', 'x': '34.830', 'y': '37.489', 'z': '24.143', 'occupancy': '1.00', 'b-factor': '8.38', 'element': 'CB', 'type': 'ATOM', 'radius': '1.87', 'polarity': '0'}, {'record': 'ATOM', 'atom_serial': '291', 'atom_name': 'CG', 'residue': 'TYR', 'chain': 'B', 'num_residue': '16', 'x': '34.288', 'y': '38.492', 'z': '25.135', 'occupancy': '1.00', 'b-factor': '7.50', 'element': 'CG', 'type': 'ATOM', 'radius': '1.76', 'polarity': '0'}, {'record': 'ATOM', 'atom_serial': '292', 'atom_name': 'CD1', 'residue': 'TYR', 'chain': 'B', 'num_residue': '16', 'x': '35.057', 'y': '39.589', 'z': '25.570', 'occupancy': '1.00', 'b-factor': '7.30', 'element': 'CD1', 'type': 'ATOM', 'radius': '1.76', 'polarity': '0'}, {'record': 'ATOM', 'atom_serial': '293', 'atom_name': 'CD2', 'residue': 'TYR', 'chain': 'B', 'num_residue': '16', 'x': '33.002', 'y': '38.342', 'z': '25.657', 'occupancy': '1.00', 'b-factor': '6.79', 'element': 'CD2', 'type': 'ATOM', 'radius': '1.76', 'polarity': '0'}, {'record': 'ATOM', 'atom_serial': '294', 'atom_name': 'CE1', 'residue': 'TYR', 'chain': 'B', 'num_residue': '16', 'x': '34.538', 'y': '40.517', 'z': '26.491', 'occupancy': '1.00', 'b-factor': '8.62', 'element': 'CE1', 'type': 'ATOM', 'radius': '1.76', 'polarity': '0'}, {'record': 'ATOM', 'atom_serial': '295', 'atom_name': 'CE2', 'residue': 'TYR', 'chain': 'B', 'num_residue': '16', 'x': '32.473', 'y': '39.246', 'z': '26.569', 'occupancy': '1.00', 'b-factor': '8.69', 'element': 'CE2', 'type': 'ATOM', 'radius': '1.76', 'polarity': '0'}, {'record': 'ATOM', 'atom_serial': '296', 'atom_name': 'CZ', 'residue': 'TYR', 'chain': 'B', 'num_residue': '16', 'x': '33.248', 'y': '40.335', 'z': '26.986', 'occupancy': '1.00', 'b-factor': '8.24', 'element': 'CZ', 'type': 'ATOM', 'radius': '1.76', 'polarity': '0'}, {'record': 'ATOM', 'atom_serial': '297', 'atom_name': 'OH', 'residue': 'TYR', 'chain': 'B', 'num_residue': '16', 'x': '32.719', 'y': '41.222', 'z': '27.886', 'occupancy': '1.00', 'b-factor': '9.74', 'element': 'OH', 'type': 'ATOM', 'radius': '1.40', 'polarity': '1'}, {'record': 'ATOM', 'atom_serial': '298', 'atom_name': 'N', 'residue': 'LEU', 'chain': 'B', 'num_residue': '17', 'x': '34.484', 'y': '35.041', 'z': '26.000', 'occupancy': '1.00', 'b-factor': '8.87', 'element': 'N', 'type': 'ATOM', 'radius': '1.65', 'polarity': '1'}, {'record': 'ATOM', 'atom_serial': '299', 'atom_name': 'CA', 'residue': 'LEU', 'chain': 'B', 'num_residue': '17', 'x': '33.920', 'y': '34.444', 'z': '27.227', 'occupancy': '1.00', 'b-factor': '9.20', 'element': 'CA', 'type': 'ATOM', 'radius': '1.87', 'polarity': '0'}, {'record': 'ATOM', 'atom_serial': '300', 'atom_name': 'C', 'residue': 'LEU', 'chain': 'B', 'num_residue': '17', 'x': '34.919', 'y': '33.571', 'z': '27.970', 'occupancy': '1.00', 'b-factor': '10.10', 'element': 'C', 'type': 'ATOM', 'radius': '1.76', 'polarity': '0'}, {'record': 'ATOM', 'atom_serial': '301', 'atom_name': 'O', 'residue': 'LEU', 'chain': 'B', 'num_residue': '17', 'x': '34.981', 'y': '33.597', 'z': '29.206', 'occupancy': '1.00', 'b-factor': '10.72', 'element': 'O', 'type': 'ATOM', 'radius': '1.40', 'polarity': '1'}, {'record': 'ATOM', 'atom_serial': '302', 'atom_name': 'CB', 'residue': 'LEU', 'chain': 'B', 'num_residue': '17', 'x': '32.676', 'y': '33.623', 'z': '26.877', 'occupancy': '1.00', 'b-factor': '9.96', 'element': 'CB', 'type': 'ATOM', 'radius': '1.87', 'polarity': '0'}, {'record': 'ATOM', 'atom_serial': '303', 'atom_name': 'CG', 'residue': 'LEU', 'chain': 'B', 'num_residue': '17', 'x': '31.474', 'y': '34.474', 'z': '26.460', 'occupancy': '1.00', 'b-factor': '9.19', 'element': 'CG', 'type': 'ATOM', 'radius': '1.76', 'polarity': '0'}, {'record': 'ATOM', 'atom_serial': '304', 'atom_name': 'CD1', 'residue': 'LEU', 'chain': 'B', 'num_residue': '17', 'x': '30.346', 'y': '33.578', 'z': '25.953', 'occupancy': '1.00', 'b-factor': '11.04', 'element': 'CD1', 'type': 'ATOM', 'radius': '1.76', 'polarity': '0'}, {'record': 'ATOM', 'atom_serial': '305', 'atom_name': 'CD2', 'residue': 'LEU', 'chain': 'B', 'num_residue': '17', 'x': '30.997', 'y': '35.349', 'z': '27.626', 'occupancy': '1.00', 'b-factor': '11.41', 'element': 'CD2', 'type': 'ATOM', 'radius': '1.76', 'polarity': '0'}, {'record': 'ATOM', 'atom_serial': '306', 'atom_name': 'N', 'residue': 'VAL', 'chain': 'B', 'num_residue': '18', 'x': '35.685', 'y': '32.804', 'z': '27.213', 'occupancy': '1.00', 'b-factor': '9.93', 'element': 'N', 'type': 'ATOM', 'radius': '1.65', 'polarity': '1'}, {'record': 'ATOM', 'atom_serial': '307', 'atom_name': 'CA', 'residue': 'VAL', 'chain': 'B', 'num_residue': '18', 'x': '36.660', 'y': '31.868', 'z': '27.797', 'occupancy': '1.00', 'b-factor': '10.84', 'element': 'CA', 'type': 'ATOM', 'radius': '1.87', 'polarity': '0'}, {'record': 'ATOM', 'atom_serial': '308', 'atom_name': 'C', 'residue': 'VAL', 'chain': 'B', 'num_residue': '18', 'x': '37.833', 'y': '32.631', 'z': '28.395', 'occupancy': '1.00', 'b-factor': '11.15', 'element': 'C', 'type': 'ATOM', 'radius': '1.76', 'polarity': '0'}, {'record': 'ATOM', 'atom_serial': '309', 'atom_name': 'O', 'residue': 'VAL', 'chain': 'B', 'num_residue': '18', 'x': '38.275', 'y': '32.338', 'z': '29.512', 'occupancy': '1.00', 'b-factor': '12.42', 'element': 'O', 'type': 'ATOM', 'radius': '1.40', 'polarity': '1'}, {'record': 'ATOM', 'atom_serial': '310', 'atom_name': 'CB', 'residue': 'VAL', 'chain': 'B', 'num_residue': '18', 'x': '37.152', 'y': '30.843', 'z': '26.740', 'occupancy': '1.00', 'b-factor': '11.51', 'element': 'CB', 'type': 'ATOM', 'radius': '1.87', 'polarity': '0'}, {'record': 'ATOM', 'atom_serial': '311', 'atom_name': 'CG1', 'residue': 'VAL', 'chain': 'B', 'num_residue': '18', 'x': '38.448', 'y': '30.168', 'z': '27.168', 'occupancy': '1.00', 'b-factor': '13.02', 'element': 'CG1', 'type': 'ATOM', 'radius': '1.87', 'polarity': '0'}, {'record': 'ATOM', 'atom_serial': '312', 'atom_name': 'CG2', 'residue': 'VAL', 'chain': 'B', 'num_residue': '18', 'x': '36.058', 'y': '29.800', 'z': '26.467', 'occupancy': '1.00', 'b-factor': '12.58', 'element': 'CG2', 'type': 'ATOM', 'radius': '1.87', 'polarity': '0'}, {'record': 'ATOM', 'atom_serial': '313', 'atom_name': 'N', 'residue': 'CYS', 'chain': 'B', 'num_residue': '19', 'x': '38.343', 'y': '33.612', 'z': '27.653', 'occupancy': '1.00', 'b-factor': '10.75', 'element': 'N', 'type': 'ATOM', 'radius': '1.65', 'polarity': '1'}, {'record': 'ATOM', 'atom_serial': '314', 'atom_name': 'CA', 'residue': 'CYS', 'chain': 'B', 'num_residue': '19', 'x': '39.606', 'y': '34.247', 'z': '28.039', 'occupancy': '1.00', 'b-factor': '11.18', 'element': 'CA', 'type': 'ATOM', 'radius': '1.87', 'polarity': '0'}, {'record': 'ATOM', 'atom_serial': '315', 'atom_name': 'C', 'residue': 'CYS', 'chain': 'B', 'num_residue': '19', 'x': '39.468', 'y': '35.323', 'z': '29.109', 'occupancy': '1.00', 'b-factor': '13.19', 'element': 'C', 'type': 'ATOM', 'radius': '1.76', 'polarity': '0'}, {'record': 'ATOM', 'atom_serial': '316', 'atom_name': 'O', 'residue': 'CYS', 'chain': 'B', 'num_residue': '19', 'x': '40.445', 'y': '35.612', 'z': '29.818', 'occupancy': '1.00', 'b-factor': '13.54', 'element': 'O', 'type': 'ATOM', 'radius': '1.40', 'polarity': '1'}, {'record': 'ATOM', 'atom_serial': '317', 'atom_name': 'CB', 'residue': 'CYS', 'chain': 'B', 'num_residue': '19', 'x': '40.371', 'y': '34.768', 'z': '26.815', 'occupancy': '1.00', 'b-factor': '11.28', 'element': 'CB', 'type': 'ATOM', 'radius': '1.87', 'polarity': '0'}, {'record': 'ATOM', 'atom_serial': '318', 'atom_name': 'SG', 'residue': 'CYS', 'chain': 'B', 'num_residue': '19', 'x': '40.829', 'y': '33.484', 'z': '25.655', 'occupancy': '1.00', 'b-factor': '10.50', 'element': 'SG', 'type': 'ATOM', 'radius': '1.85', 'polarity': '0'}, {'record': 'ATOM', 'atom_serial': '319', 'atom_name': 'N', 'residue': 'GLY', 'chain': 'B', 'num_residue': '20', 'x': '38.281', 'y': '35.912', 'z': '29.219', 'occupancy': '1.00', 'b-factor': '14.21', 'element': 'N', 'type': 'ATOM', 'radius': '1.65', 'polarity': '1'}, {'record': 'ATOM', 'atom_serial': '320', 'atom_name': 'CA', 'residue': 'GLY', 'chain': 'B', 'num_residue': '20', 'x': '38.013', 'y': '36.928', 'z': '30.241', 'occupancy': '1.00', 'b-factor': '15.84', 'element': 'CA', 'type': 'ATOM', 'radius': '1.87', 'polarity': '0'}, {'record': 'ATOM', 'atom_serial': '321', 'atom_name': 'C', 'residue': 'GLY', 'chain': 'B', 'num_residue': '20', 'x': '39.017', 'y': '38.065', 'z': '30.210', 'occupancy': '1.00', 'b-factor': '17.39', 'element': 'C', 'type': 'ATOM', 'radius': '1.76', 'polarity': '0'}, {'record': 'ATOM', 'atom_serial': '322', 'atom_name': 'O', 'residue': 'GLY', 'chain': 'B', 'num_residue': '20', 'x': '39.385', 'y': '38.562', 'z': '29.144', 'occupancy': '1.00', 'b-factor': '16.82', 'element': 'O', 'type': 'ATOM', 'radius': '1.40', 'polarity': '1'}, {'record': 'ATOM', 'atom_serial': '323', 'atom_name': 'N', 'residue': 'GLU', 'chain': 'B', 'num_residue': '21', 'x': '39.480', 'y': '38.461', 'z': '31.392', 'occupancy': '1.00', 'b-factor': '18.82', 'element': 'N', 'type': 'ATOM', 'radius': '1.65', 'polarity': '1'}, {'record': 'ATOM', 'atom_serial': '324', 'atom_name': 'CA', 'residue': 'GLU', 'chain': 'B', 'num_residue': '21', 'x': '40.365', 'y': '39.620', 'z': '31.525', 'occupancy': '1.00', 'b-factor': '20.77', 'element': 'CA', 'type': 'ATOM', 'radius': '1.87', 'polarity': '0'}, {'record': 'ATOM', 'atom_serial': '325', 'atom_name': 'C', 'residue': 'GLU', 'chain': 'B', 'num_residue': '21', 'x': '41.737', 'y': '39.443', 'z': '30.868', 'occupancy': '1.00', 'b-factor': '19.50', 'element': 'C', 'type': 'ATOM', 'radius': '1.76', 'polarity': '0'}, {'record': 'ATOM', 'atom_serial': '326', 'atom_name': 'O', 'residue': 'GLU', 'chain': 'B', 'num_residue': '21', 'x': '42.455', 'y': '40.419', 'z': '30.665', 'occupancy': '1.00', 'b-factor': '20.11', 'element': 'O', 'type': 'ATOM', 'radius': '1.40', 'polarity': '1'}, {'record': 'ATOM', 'atom_serial': '327', 'atom_name': 'CB', 'residue': 'GLU', 'chain': 'B', 'num_residue': '21', 'x': '40.494', 'y': '40.027', 'z': '32.997', 'occupancy': '1.00', 'b-factor': '20.94', 'element': 'CB', 'type': 'ATOM', 'radius': '1.87', 'polarity': '0'}, {'record': 'ATOM', 'atom_serial': '328', 'atom_name': 'CG', 'residue': 'GLU', 'chain': 'B', 'num_residue': '21', 'x': '39.190', 'y': '40.592', 'z': '33.561', 'occupancy': '1.00', 'b-factor': '24.24', 'element': 'CG', 'type': 'ATOM', 'radius': '1.76', 'polarity': '0'}, {'record': 'ATOM', 'atom_serial': '329', 'atom_name': 'CD', 'residue': 'GLU', 'chain': 'B', 'num_residue': '21', 'x': '39.307', 'y': '41.098', 'z': '34.990', 'occupancy': '1.00', 'b-factor': '25.13', 'element': 'CD', 'type': 'ATOM', 'radius': '1.87', 'polarity': '0'}, {'record': 'ATOM', 'atom_serial': '330', 'atom_name': 'OE1', 'residue': 'GLU', 'chain': 'B', 'num_residue': '21', 'x': '40.419', 'y': '41.042', 'z': '35.573', 'occupancy': '1.00', 'b-factor': '30.20', 'element': 'OE1', 'type': 'ATOM', 'radius': '1.40', 'polarity': '1'}, {'record': 'ATOM', 'atom_serial': '331', 'atom_name': 'OE2', 'residue': 'GLU', 'chain': 'B', 'num_residue': '21', 'x': '38.271', 'y': '41.552', 'z': '35.526', 'occupancy': '1.00', 'b-factor': '29.89', 'element': 'OE2', 'type': 'ATOM', 'radius': '1.40', 'polarity': '1'}, {'record': 'ATOM', 'atom_serial': '332', 'atom_name': 'N', 'residue': 'ARG', 'chain': 'B', 'num_residue': '22', 'x': '42.093', 'y': '38.206', 'z': '30.518', 'occupancy': '1.00', 'b-factor': '18.70', 'element': 'N', 'type': 'ATOM', 'radius': '1.65', 'polarity': '1'}, {'record': 'ATOM', 'atom_serial': '333', 'atom_name': 'CA', 'residue': 'ARG', 'chain': 'B', 'num_residue': '22', 'x': '43.330', 'y': '37.939', 'z': '29.777', 'occupancy': '1.00', 'b-factor': '18.74', 'element': 'CA', 'type': 'ATOM', 'radius': '1.87', 'polarity': '0'}, {'record': 'ATOM', 'atom_serial': '334', 'atom_name': 'C', 'residue': 'ARG', 'chain': 'B', 'num_residue': '22', 'x': '43.278', 'y': '38.551', 'z': '28.377', 'occupancy': '1.00', 'b-factor': '17.66', 'element': 'C', 'type': 'ATOM', 'radius': '1.76', 'polarity': '0'}, {'record': 'ATOM', 'atom_serial': '335', 'atom_name': 'O', 'residue': 'ARG', 'chain': 'B', 'num_residue': '22', 'x': '44.295', 'y': '39.001', 'z': '27.831', 'occupancy': '1.00', 'b-factor': '18.77', 'element': 'O', 'type': 'ATOM', 'radius': '1.40', 'polarity': '1'}, {'record': 'ATOM', 'atom_serial': '336', 'atom_name': 'CB', 'residue': 'ARG', 'chain': 'B', 'num_residue': '22', 'x': '43.576', 'y': '36.429', 'z': '29.653', 'occupancy': '1.00', 'b-factor': '18.71', 'element': 'CB', 'type': 'ATOM', 'radius': '1.87', 'polarity': '0'}, {'record': 'ATOM', 'atom_serial': '337', 'atom_name': 'CG', 'residue': 'ARG', 'chain': 'B', 'num_residue': '22', 'x': '43.764', 'y': '35.700', 'z': '30.974', 'occupancy': '1.00', 'b-factor': '20.63', 'element': 'CG', 'type': 'ATOM', 'radius': '1.76', 'polarity': '0'}, {'record': 'ATOM', 'atom_serial': '338', 'atom_name': 'CD', 'residue': 'ARG', 'chain': 'B', 'num_residue': '22', 'x': '43.942', 'y': '34.199', 'z': '30.741', 'occupancy': '1.00', 'b-factor': '20.53', 'element': 'CD', 'type': 'ATOM', 'radius': '1.87', 'polarity': '0'}, {'record': 'ATOM', 'atom_serial': '339', 'atom_name': 'NE', 'residue': 'ARG', 'chain': 'B', 'num_residue': '22', 'x': '42.669', 'y': '33.475', 'z': '30.717', 'occupancy': '1.00', 'b-factor': '24.67', 'element': 'NE', 'type': 'ATOM', 'radius': '1.65', 'polarity': '1'}, {'record': 'ATOM', 'atom_serial': '340', 'atom_name': 'CZ', 'residue': 'ARG', 'chain': 'B', 'num_residue': '22', 'x': '42.546', 'y': '32.167', 'z': '30.487', 'occupancy': '1.00', 'b-factor': '24.93', 'element': 'CZ', 'type': 'ATOM', 'radius': '1.76', 'polarity': '0'}, {'record': 'ATOM', 'atom_serial': '341', 'atom_name': 'NH1', 'residue': 'ARG', 'chain': 'B', 'num_residue': '22', 'x': '43.622', 'y': '31.425', 'z': '30.239', 'occupancy': '1.00', 'b-factor': '25.55', 'element': 'NH1', 'type': 'ATOM', 'radius': '1.65', 'polarity': '1'}, {'record': 'ATOM', 'atom_serial': '342', 'atom_name': 'NH2', 'residue': 'ARG', 'chain': 'B', 'num_residue': '22', 'x': '41.341', 'y': '31.600', 'z': '30.490', 'occupancy': '1.00', 'b-factor': '23.64', 'element': 'NH2', 'type': 'ATOM', 'radius': '1.65', 'polarity': '1'}, {'record': 'ATOM', 'atom_serial': '343', 'atom_name': 'N', 'residue': 'GLY', 'chain': 'B', 'num_residue': '23', 'x': '42.084', 'y': '38.567', 'z': '27.800', 'occupancy': '1.00', 'b-factor': '15.83', 'element': 'N', 'type': 'ATOM', 'radius': '1.65', 'polarity': '1'}, {'record': 'ATOM', 'atom_serial': '344', 'atom_name': 'CA', 'residue': 'GLY', 'chain': 'B', 'num_residue': '23', 'x': '41.935', 'y': '38.856', 'z': '26.387', 'occupancy': '1.00', 'b-factor': '13.77', 'element': 'CA', 'type': 'ATOM', 'radius': '1.87', 'polarity': '0'}, {'record': 'ATOM', 'atom_serial': '345', 'atom_name': 'C', 'residue': 'GLY', 'chain': 'B', 'num_residue': '23', 'x': '42.504', 'y': '37.733', 'z': '25.552', 'occupancy': '1.00', 'b-factor': '13.05', 'element': 'C', 'type': 'ATOM', 'radius': '1.76', 'polarity': '0'}, {'record': 'ATOM', 'atom_serial': '346', 'atom_name': 'O', 'residue': 'GLY', 'chain': 'B', 'num_residue': '23', 'x': '42.858', 'y': '36.663', 'z': '26.078', 'occupancy': '1.00', 'b-factor': '12.21', 'element': 'O', 'type': 'ATOM', 'radius': '1.40', 'polarity': '1'}, {'record': 'ATOM', 'atom_serial': '347', 'atom_name': 'N', 'residue': 'PHE', 'chain': 'B', 'num_residue': '24', 'x': '42.617', 'y': '37.981', 'z': '24.256', 'occupancy': '1.00', 'b-factor': '11.58', 'element': 'N', 'type': 'ATOM', 'radius': '1.65', 'polarity': '1'}, {'record': 'ATOM', 'atom_serial': '348', 'atom_name': 'CA', 'residue': 'PHE', 'chain': 'B', 'num_residue': '24', 'x': '42.937', 'y': '36.929', 'z': '23.309', 'occupancy': '1.00', 'b-factor': '11.09', 'element': 'CA', 'type': 'ATOM', 'radius': '1.87', 'polarity': '0'}, {'record': 'ATOM', 'atom_serial': '349', 'atom_name': 'C', 'residue': 'PHE', 'chain': 'B', 'num_residue': '24', 'x': '43.426', 'y': '37.501', 'z': '21.991', 'occupancy': '1.00', 'b-factor': '11.75', 'element': 'C', 'type': 'ATOM', 'radius': '1.76', 'polarity': '0'}, {'record': 'ATOM', 'atom_serial': '350', 'atom_name': 'O', 'residue': 'PHE', 'chain': 'B', 'num_residue': '24', 'x': '43.352', 'y': '38.712', 'z': '21.768', 'occupancy': '1.00', 'b-factor': '12.36', 'element': 'O', 'type': 'ATOM', 'radius': '1.40', 'polarity': '1'}, {'record': 'ATOM', 'atom_serial': '351', 'atom_name': 'CB', 'residue': 'PHE', 'chain': 'B', 'num_residue': '24', 'x': '41.693', 'y': '36.044', 'z': '23.070', 'occupancy': '1.00', 'b-factor': '10.85', 'element': 'CB', 'type': 'ATOM', 'radius': '1.87', 'polarity': '0'}, {'record': 'ATOM', 'atom_serial': '352', 'atom_name': 'CG', 'residue': 'PHE', 'chain': 'B', 'num_residue': '24', 'x': '40.513', 'y': '36.789', 'z': '22.490', 'occupancy': '1.00', 'b-factor': '9.03', 'element': 'CG', 'type': 'ATOM', 'radius': '1.76', 'polarity': '0'}, {'record': 'ATOM', 'atom_serial': '353', 'atom_name': 'CD1', 'residue': 'PHE', 'chain': 'B', 'num_residue': '24', 'x': '40.357', 'y': '36.895', 'z': '21.103', 'occupancy': '1.00', 'b-factor': '10.16', 'element': 'CD1', 'type': 'ATOM', 'radius': '1.76', 'polarity': '0'}, {'record': 'ATOM', 'atom_serial': '354', 'atom_name': 'CD2', 'residue': 'PHE', 'chain': 'B', 'num_residue': '24', 'x': '39.573', 'y': '37.392', 'z': '23.321', 'occupancy': '1.00', 'b-factor': '10.49', 'element': 'CD2', 'type': 'ATOM', 'radius': '1.76', 'polarity': '0'}, {'record': 'ATOM', 'atom_serial': '355', 'atom_name': 'CE1', 'residue': 'PHE', 'chain': 'B', 'num_residue': '24', 'x': '39.254', 'y': '37.583', 'z': '20.555', 'occupancy': '1.00', 'b-factor': '9.69', 'element': 'CE1', 'type': 'ATOM', 'radius': '1.76', 'polarity': '0'}, {'record': 'ATOM', 'atom_serial': '356', 'atom_name': 'CE2', 'residue': 'PHE', 'chain': 'B', 'num_residue': '24', 'x': '38.474', 'y': '38.090', 'z': '22.782', 'occupancy': '1.00', 'b-factor': '10.75', 'element': 'CE2', 'type': 'ATOM', 'radius': '1.76', 'polarity': '0'}, {'record': 'ATOM', 'atom_serial': '357', 'atom_name': 'CZ', 'residue': 'PHE', 'chain': 'B', 'num_residue': '24', 'x': '38.325', 'y': '38.184', 'z': '21.397', 'occupancy': '1.00', 'b-factor': '10.19', 'element': 'CZ', 'type': 'ATOM', 'radius': '1.76', 'polarity': '0'}, {'record': 'ATOM', 'atom_serial': '358', 'atom_name': 'N', 'residue': 'PHE', 'chain': 'B', 'num_residue': '25', 'x': '43.933', 'y': '36.633', 'z': '21.134', 'occupancy': '1.00', 'b-factor': '12.42', 'element': 'N', 'type': 'ATOM', 'radius': '1.65', 'polarity': '1'}, {'record': 'ATOM', 'atom_serial': '359', 'atom_name': 'CA', 'residue': 'PHE', 'chain': 'B', 'num_residue': '25', 'x': '44.214', 'y': '36.982', 'z': '19.762', 'occupancy': '1.00', 'b-factor': '13.76', 'element': 'CA', 'type': 'ATOM', 'radius': '1.87', 'polarity': '0'}, {'record': 'ATOM', 'atom_serial': '360', 'atom_name': 'C', 'residue': 'PHE', 'chain': 'B', 'num_residue': '25', 'x': '43.410', 'y': '36.105', 'z': '18.822', 'occupancy': '1.00', 'b-factor': '13.56', 'element': 'C', 'type': 'ATOM', 'radius': '1.76', 'polarity': '0'}, {'record': 'ATOM', 'atom_serial': '361', 'atom_name': 'O', 'residue': 'PHE', 'chain': 'B', 'num_residue': '25', 'x': '43.277', 'y': '34.879', 'z': '19.028', 'occupancy': '1.00', 'b-factor': '13.20', 'element': 'O', 'type': 'ATOM', 'radius': '1.40', 'polarity': '1'}, {'record': 'ATOM', 'atom_serial': '362', 'atom_name': 'CB', 'residue': 'PHE', 'chain': 'B', 'num_residue': '25', 'x': '45.720', 'y': '36.965', 'z': '19.452', 'occupancy': '1.00', 'b-factor': '15.31', 'element': 'CB', 'type': 'ATOM', 'radius': '1.87', 'polarity': '0'}, {'record': 'ATOM', 'atom_serial': '363', 'atom_name': 'CG', 'residue': 'PHE', 'chain': 'B', 'num_residue': '25', 'x': '46.429', 'y': '35.703', 'z': '19.853', 'occupancy': '1.00', 'b-factor': '17.34', 'element': 'CG', 'type': 'ATOM', 'radius': '1.76', 'polarity': '0'}, {'record': 'ATOM', 'atom_serial': '364', 'atom_name': 'CD1', 'residue': 'PHE', 'chain': 'B', 'num_residue': '25', 'x': '46.724', 'y': '34.728', 'z': '18.902', 'occupancy': '1.00', 'b-factor': '20.70', 'element': 'CD1', 'type': 'ATOM', 'radius': '1.76', 'polarity': '0'}, {'record': 'ATOM', 'atom_serial': '365', 'atom_name': 'CD2', 'residue': 'PHE', 'chain': 'B', 'num_residue': '25', 'x': '46.836', 'y': '35.503', 'z': '21.174', 'occupancy': '1.00', 'b-factor': '20.22', 'element': 'CD2', 'type': 'ATOM', 'radius': '1.76', 'polarity': '0'}, {'record': 'ATOM', 'atom_serial': '366', 'atom_name': 'CE1', 'residue': 'PHE', 'chain': 'B', 'num_residue': '25', 'x': '47.401', 'y': '33.556', 'z': '19.263', 'occupancy': '1.00', 'b-factor': '21.12', 'element': 'CE1', 'type': 'ATOM', 'radius': '1.76', 'polarity': '0'}, {'record': 'ATOM', 'atom_serial': '367', 'atom_name': 'CE2', 'residue': 'PHE', 'chain': 'B', 'num_residue': '25', 'x': '47.508', 'y': '34.331', 'z': '21.545', 'occupancy': '1.00', 'b-factor': '20.64', 'element': 'CE2', 'type': 'ATOM', 'radius': '1.76', 'polarity': '0'}, {'record': 'ATOM', 'atom_serial': '368', 'atom_name': 'CZ', 'residue': 'PHE', 'chain': 'B', 'num_residue': '25', 'x': '47.789', 'y': '33.360', 'z': '20.582', 'occupancy': '1.00', 'b-factor': '19.89', 'element': 'CZ', 'type': 'ATOM', 'radius': '1.76', 'polarity': '0'}, {'record': 'ATOM', 'atom_serial': '369', 'atom_name': 'N', 'residue': 'TYR', 'chain': 'B', 'num_residue': '26', 'x': '42.840', 'y': '36.750', 'z': '17.811', 'occupancy': '1.00', 'b-factor': '13.31', 'element': 'N', 'type': 'ATOM', 'radius': '1.65', 'polarity': '1'}, {'record': 'ATOM', 'atom_serial': '370', 'atom_name': 'CA', 'residue': 'TYR', 'chain': 'B', 'num_residue': '26', 'x': '42.064', 'y': '36.088', 'z': '16.786', 'occupancy': '1.00', 'b-factor': '14.17', 'element': 'CA', 'type': 'ATOM', 'radius': '1.87', 'polarity': '0'}, {'record': 'ATOM', 'atom_serial': '371', 'atom_name': 'C', 'residue': 'TYR', 'chain': 'B', 'num_residue': '26', 'x': '42.810', 'y': '36.232', 'z': '15.471', 'occupancy': '1.00', 'b-factor': '15.35', 'element': 'C', 'type': 'ATOM', 'radius': '1.76', 'polarity': '0'}, {'record': 'ATOM', 'atom_serial': '372', 'atom_name': 'O', 'residue': 'TYR', 'chain': 'B', 'num_residue': '26', 'x': '42.919', 'y': '37.329', 'z': '14.919', 'occupancy': '1.00', 'b-factor': '14.82', 'element': 'O', 'type': 'ATOM', 'radius': '1.40', 'polarity': '1'}, {'record': 'ATOM', 'atom_serial': '373', 'atom_name': 'CB', 'residue': 'TYR', 'chain': 'B', 'num_residue': '26', 'x': '40.669', 'y': '36.712', 'z': '16.697', 'occupancy': '1.00', 'b-factor': '13.85', 'element': 'CB', 'type': 'ATOM', 'radius': '1.87', 'polarity': '0'}, {'record': 'ATOM', 'atom_serial': '374', 'atom_name': 'CG', 'residue': 'TYR', 'chain': 'B', 'num_residue': '26', 'x': '39.824', 'y': '36.158', 'z': '15.579', 'occupancy': '1.00', 'b-factor': '14.17', 'element': 'CG', 'type': 'ATOM', 'radius': '1.76', 'polarity': '0'}, {'record': 'ATOM', 'atom_serial': '375', 'atom_name': 'CD1', 'residue': 'TYR', 'chain': 'B', 'num_residue': '26', 'x': '39.504', 'y': '34.799', 'z': '15.529', 'occupancy': '1.00', 'b-factor': '14.37', 'element': 'CD1', 'type': 'ATOM', 'radius': '1.76', 'polarity': '0'}, {'record': 'ATOM', 'atom_serial': '376', 'atom_name': 'CD2', 'residue': 'TYR', 'chain': 'B', 'num_residue': '26', 'x': '39.335', 'y': '36.985', 'z': '14.569', 'occupancy': '1.00', 'b-factor': '14.38', 'element': 'CD2', 'type': 'ATOM', 'radius': '1.76', 'polarity': '0'}, {'record': 'ATOM', 'atom_serial': '377', 'atom_name': 'CE1', 'residue': 'TYR', 'chain': 'B', 'num_residue': '26', 'x': '38.724', 'y': '34.280', 'z': '14.503', 'occupancy': '1.00', 'b-factor': '15.71', 'element': 'CE1', 'type': 'ATOM', 'radius': '1.76', 'polarity': '0'}, {'record': 'ATOM', 'atom_serial': '378', 'atom_name': 'CE2', 'residue': 'TYR', 'chain': 'B', 'num_residue': '26', 'x': '38.558', 'y': '36.479', 'z': '13.549', 'occupancy': '1.00', 'b-factor': '14.39', 'element': 'CE2', 'type': 'ATOM', 'radius': '1.76', 'polarity': '0'}, {'record': 'ATOM', 'atom_serial': '379', 'atom_name': 'CZ', 'residue': 'TYR', 'chain': 'B', 'num_residue': '26', 'x': '38.250', 'y': '35.130', 'z': '13.516', 'occupancy': '1.00', 'b-factor': '15.05', 'element': 'CZ', 'type': 'ATOM', 'radius': '1.76', 'polarity': '0'}, {'record': 'ATOM', 'atom_serial': '380', 'atom_name': 'OH', 'residue': 'TYR', 'chain': 'B', 'num_residue': '26', 'x': '37.476', 'y': '34.621', 'z': '12.496', 'occupancy': '1.00', 'b-factor': '17.80', 'element': 'OH', 'type': 'ATOM', 'radius': '1.40', 'polarity': '1'}, {'record': 'ATOM', 'atom_serial': '381', 'atom_name': 'N', 'residue': 'THR', 'chain': 'B', 'num_residue': '27', 'x': '43.340', 'y': '35.116', 'z': '14.984', 'occupancy': '1.00', 'b-factor': '16.26', 'element': 'N', 'type': 'ATOM', 'radius': '1.65', 'polarity': '1'}, {'record': 'ATOM', 'atom_serial': '382', 'atom_name': 'CA', 'residue': 'THR', 'chain': 'B', 'num_residue': '27', 'x': '44.214', 'y': '35.110', 'z': '13.817', 'occupancy': '1.00', 'b-factor': '17.93', 'element': 'CA', 'type': 'ATOM', 'radius': '1.87', 'polarity': '0'}, {'record': 'ATOM', 'atom_serial': '383', 'atom_name': 'C', 'residue': 'THR', 'chain': 'B', 'num_residue': '27', 'x': '43.681', 'y': '34.112', 'z': '12.788', 'occupancy': '1.00', 'b-factor': '18.16', 'element': 'C', 'type': 'ATOM', 'radius': '1.76', 'polarity': '0'}, {'record': 'ATOM', 'atom_serial': '384', 'atom_name': 'O', 'residue': 'THR', 'chain': 'B', 'num_residue': '27', 'x': '44.216', 'y': '33.003', 'z': '12.670', 'occupancy': '1.00', 'b-factor': '18.88', 'element': 'O', 'type': 'ATOM', 'radius': '1.40', 'polarity': '1'}, {'record': 'ATOM', 'atom_serial': '385', 'atom_name': 'CB', 'residue': 'THR', 'chain': 'B', 'num_residue': '27', 'x': '45.674', 'y': '34.761', 'z': '14.217', 'occupancy': '1.00', 'b-factor': '18.54', 'element': 'CB', 'type': 'ATOM', 'radius': '1.87', 'polarity': '0'}, {'record': 'ATOM', 'atom_serial': '386', 'atom_name': 'OG1', 'residue': 'THR', 'chain': 'B', 'num_residue': '27', 'x': '45.694', 'y': '33.529', 'z': '14.958', 'occupancy': '1.00', 'b-factor': '21.71', 'element': 'OG1', 'type': 'ATOM', 'radius': '1.40', 'polarity': '1'}, {'record': 'ATOM', 'atom_serial': '387', 'atom_name': 'CG2', 'residue': 'THR', 'chain': 'B', 'num_residue': '27', 'x': '46.257', 'y': '35.850', 'z': '15.090', 'occupancy': '1.00', 'b-factor': '19.52', 'element': 'CG2', 'type': 'ATOM', 'radius': '1.87', 'polarity': '0'}, {'record': 'ATOM', 'atom_serial': '388', 'atom_name': 'N', 'residue': 'PRO', 'chain': 'B', 'num_residue': '28', 'x': '42.619', 'y': '34.491', 'z': '12.055', 'occupancy': '1.00', 'b-factor': '18.18', 'element': 'N', 'type': 'ATOM', 'radius': '1.65', 'polarity': '1'}, {'record': 'ATOM', 'atom_serial': '389', 'atom_name': 'CA', 'residue': 'PRO', 'chain': 'B', 'num_residue': '28', 'x': '41.968', 'y': '33.584', 'z': '11.108', 'occupancy': '1.00', 'b-factor': '18.71', 'element': 'CA', 'type': 'ATOM', 'radius': '1.87', 'polarity': '0'}, {'record': 'ATOM', 'atom_serial': '390', 'atom_name': 'C', 'residue': 'PRO', 'chain': 'B', 'num_residue': '28', 'x': '42.830', 'y': '33.197', 'z': '9.908', 'occupancy': '1.00', 'b-factor': '19.21', 'element': 'C', 'type': 'ATOM', 'radius': '1.76', 'polarity': '0'}, {'record': 'ATOM', 'atom_serial': '391', 'atom_name': 'O', 'residue': 'PRO', 'chain': 'B', 'num_residue': '28', 'x': '42.620', 'y': '32.111', 'z': '9.362', 'occupancy': '1.00', 'b-factor': '20.27', 'element': 'O', 'type': 'ATOM', 'radius': '1.40', 'polarity': '1'}, {'record': 'ATOM', 'atom_serial': '392', 'atom_name': 'CB', 'residue': 'PRO', 'chain': 'B', 'num_residue': '28', 'x': '40.728', 'y': '34.361', 'z': '10.660', 'occupancy': '1.00', 'b-factor': '18.86', 'element': 'CB', 'type': 'ATOM', 'radius': '1.87', 'polarity': '0'}, {'record': 'ATOM', 'atom_serial': '393', 'atom_name': 'CG', 'residue': 'PRO', 'chain': 'B', 'num_residue': '28', 'x': '41.063', 'y': '35.791', 'z': '10.904', 'occupancy': '1.00', 'b-factor': '18.16', 'element': 'CG', 'type': 'ATOM', 'radius': '1.76', 'polarity': '0'}, {'record': 'ATOM', 'atom_serial': '394', 'atom_name': 'CD', 'residue': 'PRO', 'chain': 'B', 'num_residue': '28', 'x': '41.944', 'y': '35.805', 'z': '12.107', 'occupancy': '1.00', 'b-factor': '17.60', 'element': 'CD', 'type': 'ATOM', 'radius': '1.87', 'polarity': '0'}]
DEBUG:__main__:Values contained in complete_atom_list variable : [{'record': 'ATOM', 'atom_serial': '1', 'atom_name': 'N', 'residue': 'GLY', 'chain': 'A', 'num_residue': '1', 'x': '45.287', 'y': '26.625', 'z': '11.749', 'occupancy': '1.00', 'b-factor': '18.63', 'element': 'N', 'type': 'ATOM', 'radius': '1.65', 'polarity': '1'}, {'record': 'ATOM', 'atom_serial': '2', 'atom_name': 'CA', 'residue': 'GLY', 'chain': 'A', 'num_residue': '1', 'x': '45.011', 'y': '27.675', 'z': '12.767', 'occupancy': '1.00', 'b-factor': '16.88', 'element': 'CA', 'type': 'ATOM', 'radius': '1.87', 'polarity': '0'}, {'record': 'ATOM', 'atom_serial': '3', 'atom_name': 'C', 'residue': 'GLY', 'chain': 'A', 'num_residue': '1', 'x': '43.627', 'y': '27.520', 'z': '13.378', 'occupancy': '1.00', 'b-factor': '16.08', 'element': 'C', 'type': 'ATOM', 'radius': '1.76', 'polarity': '0'}, {'record': 'ATOM', 'atom_serial': '4', 'atom_name': 'O', 'residue': 'GLY', 'chain': 'A', 'num_residue': '1', 'x': '42.965', 'y': '26.492', 'z': '13.192', 'occupancy': '1.00', 'b-factor': '16.01', 'element': 'O', 'type': 'ATOM', 'radius': '1.40', 'polarity': '1'}, {'record': 'ATOM', 'atom_serial': '5', 'atom_name': 'N', 'residue': 'ILE', 'chain': 'A', 'num_residue': '2', 'x': '43.187', 'y': '28.551', 'z': '14.105', 'occupancy': '1.00', 'b-factor': '14.92', 'element': 'N', 'type': 'ATOM', 'radius': '1.65', 'polarity': '1'}, {'record': 'ATOM', 'atom_serial': '6', 'atom_name': 'CA', 'residue': 'ILE', 'chain': 'A', 'num_residue': '2', 'x': '41.938', 'y': '28.466', 'z': '14.864', 'occupancy': '1.00', 'b-factor': '13.99', 'element': 'CA', 'type': 'ATOM', 'radius': '1.87', 'polarity': '0'}, {'record': 'ATOM', 'atom_serial': '7', 'atom_name': 'C', 'residue': 'ILE', 'chain': 'A', 'num_residue': '2', 'x': '40.701', 'y': '28.168', 'z': '14.012', 'occupancy': '1.00', 'b-factor': '13.32', 'element': 'C', 'type': 'ATOM', 'radius': '1.76', 'polarity': '0'}, {'record': 'ATOM', 'atom_serial': '8', 'atom_name': 'O', 'residue': 'ILE', 'chain': 'A', 'num_residue': '2', 'x': '39.787', 'y': '27.495', 'z': '14.459', 'occupancy': '1.00', 'b-factor': '12.70', 'element': 'O', 'type': 'ATOM', 'radius': '1.40', 'polarity': '1'}, {'record': 'ATOM', 'atom_serial': '9', 'atom_name': 'CB', 'residue': 'ILE', 'chain': 'A', 'num_residue': '2', 'x': '41.704', 'y': '29.735', 'z': '15.731', 'occupancy': '1.00', 'b-factor': '13.58', 'element': 'CB', 'type': 'ATOM', 'radius': '1.87', 'polarity': '0'}, {'record': 'ATOM', 'atom_serial': '10', 'atom_name': 'CG1', 'residue': 'ILE', 'chain': 'A', 'num_residue': '2', 'x': '40.666', 'y': '29.457', 'z': '16.823', 'occupancy': '1.00', 'b-factor': '13.36', 'element': 'CG1', 'type': 'ATOM', 'radius': '1.87', 'polarity': '0'}, {'record': 'ATOM', 'atom_serial': '11', 'atom_name': 'CG2', 'residue': 'ILE', 'chain': 'A', 'num_residue': '2', 'x': '41.350', 'y': '30.978', 'z': '14.866', 'occupancy': '1.00', 'b-factor': '13.76', 'element': 'CG2', 'type': 'ATOM', 'radius': '1.87', 'polarity': '0'}, {'record': 'ATOM', 'atom_serial': '12', 'atom_name': 'CD1', 'residue': 'ILE', 'chain': 'A', 'num_residue': '2', 'x': '40.401', 'y': '30.636', 'z': '17.783', 'occupancy': '1.00', 'b-factor': '13.94', 'element': 'CD1', 'type': 'ATOM', 'radius': '1.76', 'polarity': '0'}, {'record': 'ATOM', 'atom_serial': '13', 'atom_name': 'N', 'residue': 'VAL', 'chain': 'A', 'num_residue': '3', 'x': '40.672', 'y': '28.678', 'z': '12.784', 'occupancy': '1.00', 'b-factor': '13.48', 'element': 'N', 'type': 'ATOM', 'radius': '1.65', 'polarity': '1'}, {'record': 'ATOM', 'atom_serial': '14', 'atom_name': 'CA', 'residue': 'VAL', 'chain': 'A', 'num_residue': '3', 'x': '39.531', 'y': '28.445', 'z': '11.915', 'occupancy': '1.00', 'b-factor': '14.36', 'element': 'CA', 'type': 'ATOM', 'radius': '1.87', 'polarity': '0'}, {'record': 'ATOM', 'atom_serial': '15', 'atom_name': 'C', 'residue': 'VAL', 'chain': 'A', 'num_residue': '3', 'x': '39.428', 'y': '26.957', 'z': '11.558', 'occupancy': '1.00', 'b-factor': '13.95', 'element': 'C', 'type': 'ATOM', 'radius': '1.76', 'polarity': '0'}, {'record': 'ATOM', 'atom_serial': '16', 'atom_name': 'O', 'residue': 'VAL', 'chain': 'A', 'num_residue': '3', 'x': '38.362', 'y': '26.356', 'z': '11.641', 'occupancy': '1.00', 'b-factor': '13.81', 'element': 'O', 'type': 'ATOM', 'radius': '1.40', 'polarity': '1'}, {'record': 'ATOM', 'atom_serial': '17', 'atom_name': 'CB', 'residue': 'VAL', 'chain': 'A', 'num_residue': '3', 'x': '39.615', 'y': '29.341', 'z': '10.665', 'occupancy': '1.00', 'b-factor': '14.65', 'element': 'CB', 'type': 'ATOM', 'radius': '1.87', 'polarity': '0'}, {'record': 'ATOM', 'atom_serial': '18', 'atom_name': 'CG1', 'residue': 'VAL', 'chain': 'A', 'num_residue': '3', 'x': '38.580', 'y': '28.945', 'z': '9.641', 'occupancy': '1.00', 'b-factor': '15.73', 'element': 'CG1', 'type': 'ATOM', 'radius': '1.87', 'polarity': '0'}, {'record': 'ATOM', 'atom_serial': '19', 'atom_name': 'CG2', 'residue': 'VAL', 'chain': 'A', 'num_residue': '3', 'x': '39.427', 'y': '30.792', 'z': '11.072', 'occupancy': '1.00', 'b-factor': '15.80', 'element': 'CG2', 'type': 'ATOM', 'radius': '1.87', 'polarity': '0'}, {'record': 'ATOM', 'atom_serial': '20', 'atom_name': 'N', 'residue': 'GLU', 'chain': 'A', 'num_residue': '4', 'x': '40.559', 'y': '26.366', 'z': '11.197', 'occupancy': '1.00', 'b-factor': '14.83', 'element': 'N', 'type': 'ATOM', 'radius': '1.65', 'polarity': '1'}, {'record': 'ATOM', 'atom_serial': '21', 'atom_name': 'CA', 'residue': 'GLU', 'chain': 'A', 'num_residue': '4', 'x': '40.613', 'y': '24.948', 'z': '10.877', 'occupancy': '1.00', 'b-factor': '15.56', 'element': 'CA', 'type': 'ATOM', 'radius': '1.87', 'polarity': '0'}, {'record': 'ATOM', 'atom_serial': '22', 'atom_name': 'C', 'residue': 'GLU', 'chain': 'A', 'num_residue': '4', 'x': '40.194', 'y': '24.097', 'z': '12.081', 'occupancy': '1.00', 'b-factor': '14.75', 'element': 'C', 'type': 'ATOM', 'radius': '1.76', 'polarity': '0'}, {'record': 'ATOM', 'atom_serial': '23', 'atom_name': 'O', 'residue': 'GLU', 'chain': 'A', 'num_residue': '4', 'x': '39.462', 'y': '23.132', 'z': '11.931', 'occupancy': '1.00', 'b-factor': '15.09', 'element': 'O', 'type': 'ATOM', 'radius': '1.40', 'polarity': '1'}, {'record': 'ATOM', 'atom_serial': '24', 'atom_name': 'CB', 'residue': 'GLU', 'chain': 'A', 'num_residue': '4', 'x': '42.030', 'y': '24.571', 'z': '10.437', 'occupancy': '1.00', 'b-factor': '16.46', 'element': 'CB', 'type': 'ATOM', 'radius': '1.87', 'polarity': '0'}, {'record': 'ATOM', 'atom_serial': '25', 'atom_name': 'CG', 'residue': 'GLU', 'chain': 'A', 'num_residue': '4', 'x': '42.493', 'y': '25.203', 'z': '9.122', 'occupancy': '1.00', 'b-factor': '20.40', 'element': 'CG', 'type': 'ATOM', 'radius': '1.76', 'polarity': '0'}, {'record': 'ATOM', 'atom_serial': '26', 'atom_name': 'CD', 'residue': 'GLU', 'chain': 'A', 'num_residue': '4', 'x': '42.553', 'y': '26.730', 'z': '9.153', 'occupancy': '1.00', 'b-factor': '22.85', 'element': 'CD', 'type': 'ATOM', 'radius': '1.87', 'polarity': '0'}, {'record': 'ATOM', 'atom_serial': '27', 'atom_name': 'OE1', 'residue': 'GLU', 'chain': 'A', 'num_residue': '4', 'x': '43.054', 'y': '27.315', 'z': '10.146', 'occupancy': '1.00', 'b-factor': '22.33', 'element': 'OE1', 'type': 'ATOM', 'radius': '1.40', 'polarity': '1'}, {'record': 'ATOM', 'atom_serial': '28', 'atom_name': 'OE2', 'residue': 'GLU', 'chain': 'A', 'num_residue': '4', 'x': '42.099', 'y': '27.345', 'z': '8.161', 'occupancy': '1.00', 'b-factor': '27.15', 'element': 'OE2', 'type': 'ATOM', 'radius': '1.40', 'polarity': '1'}, {'record': 'ATOM', 'atom_serial': '29', 'atom_name': 'N', 'residue': 'GLN', 'chain': 'A', 'num_residue': '5', 'x': '40.633', 'y': '24.491', 'z': '13.274', 'occupancy': '1.00', 'b-factor': '13.80', 'element': 'N', 'type': 'ATOM', 'radius': '1.65', 'polarity': '1'}, {'record': 'ATOM', 'atom_serial': '30', 'atom_name': 'CA', 'residue': 'GLN', 'chain': 'A', 'num_residue': '5', 'x': '40.395', 'y': '23.679', 'z': '14.478', 'occupancy': '1.00', 'b-factor': '13.52', 'element': 'CA', 'type': 'ATOM', 'radius': '1.87', 'polarity': '0'}, {'record': 'ATOM', 'atom_serial': '31', 'atom_name': 'C', 'residue': 'GLN', 'chain': 'A', 'num_residue': '5', 'x': '39.037', 'y': '23.874', 'z': '15.152', 'occupancy': '1.00', 'b-factor': '12.91', 'element': 'C', 'type': 'ATOM', 'radius': '1.76', 'polarity': '0'}, {'record': 'ATOM', 'atom_serial': '32', 'atom_name': 'O', 'residue': 'GLN', 'chain': 'A', 'num_residue': '5', 'x': '38.522', 'y': '22.963', 'z': '15.817', 'occupancy': '1.00', 'b-factor': '12.33', 'element': 'O', 'type': 'ATOM', 'radius': '1.40', 'polarity': '1'}, {'record': 'ATOM', 'atom_serial': '33', 'atom_name': 'CB', 'residue': 'GLN', 'chain': 'A', 'num_residue': '5', 'x': '41.529', 'y': '23.873', 'z': '15.482', 'occupancy': '1.00', 'b-factor': '13.97', 'element': 'CB', 'type': 'ATOM', 'radius': '1.87', 'polarity': '0'}, {'record': 'ATOM', 'atom_serial': '34', 'atom_name': 'CG', 'residue': 'GLN', 'chain': 'A', 'num_residue': '5', 'x': '42.952', 'y': '23.553', 'z': '14.930', 'occupancy': '1.00', 'b-factor': '15.12', 'element': 'CG', 'type': 'ATOM', 'radius': '1.76', 'polarity': '0'}, {'record': 'ATOM', 'atom_serial': '35', 'atom_name': 'CD', 'residue': 'GLN', 'chain': 'A', 'num_residue': '5', 'x': '43.051', 'y': '22.244', 'z': '14.131', 'occupancy': '1.00', 'b-factor': '15.95', 'element': 'CD', 'type': 'ATOM', 'radius': '1.87', 'polarity': '0'}, {'record': 'ATOM', 'atom_serial': '36', 'atom_name': 'OE1', 'residue': 'GLN', 'chain': 'A', 'num_residue': '5', 'x': '43.739', 'y': '22.167', 'z': '13.101', 'occupancy': '1.00', 'b-factor': '21.11', 'element': 'OE1', 'type': 'ATOM', 'radius': '1.40', 'polarity': '1'}, {'record': 'ATOM', 'atom_serial': '37', 'atom_name': 'NE2', 'residue': 'GLN', 'chain': 'A', 'num_residue': '5', 'x': '42.349', 'y': '21.227', 'z': '14.586', 'occupancy': '1.00', 'b-factor': '13.34', 'element': 'NE2', 'type': 'ATOM', 'radius': '1.65', 'polarity': '1'}, {'record': 'ATOM', 'atom_serial': '38', 'atom_name': 'N', 'residue': 'CYS', 'chain': 'A', 'num_residue': '6', 'x': '38.442', 'y': '25.058', 'z': '14.975', 'occupancy': '1.00', 'b-factor': '12.06', 'element': 'N', 'type': 'ATOM', 'radius': '1.65', 'polarity': '1'}, {'record': 'ATOM', 'atom_serial': '39', 'atom_name': 'CA', 'residue': 'CYS', 'chain': 'A', 'num_residue': '6', 'x': '37.251', 'y': '25.427', 'z': '15.747', 'occupancy': '1.00', 'b-factor': '11.91', 'element': 'CA', 'type': 'ATOM', 'radius': '1.87', 'polarity': '0'}, {'record': 'ATOM', 'atom_serial': '40', 'atom_name': 'C', 'residue': 'CYS', 'chain': 'A', 'num_residue': '6', 'x': '36.023', 'y': '25.740', 'z': '14.916', 'occupancy': '1.00', 'b-factor': '11.55', 'element': 'C', 'type': 'ATOM', 'radius': '1.76', 'polarity': '0'}, {'record': 'ATOM', 'atom_serial': '41', 'atom_name': 'O', 'residue': 'CYS', 'chain': 'A', 'num_residue': '6', 'x': '34.905', 'y': '25.643', 'z': '15.420', 'occupancy': '1.00', 'b-factor': '10.82', 'element': 'O', 'type': 'ATOM', 'radius': '1.40', 'polarity': '1'}, {'record': 'ATOM', 'atom_serial': '42', 'atom_name': 'CB', 'residue': 'CYS', 'chain': 'A', 'num_residue': '6', 'x': '37.565', 'y': '26.610', 'z': '16.659', 'occupancy': '1.00', 'b-factor': '11.02', 'element': 'CB', 'type': 'ATOM', 'radius': '1.87', 'polarity': '0'}, {'record': 'ATOM', 'atom_serial': '43', 'atom_name': 'SG', 'residue': 'CYS', 'chain': 'A', 'num_residue': '6', 'x': '38.446', 'y': '26.023', 'z': '18.125', 'occupancy': '1.00', 'b-factor': '12.80', 'element': 'SG', 'type': 'ATOM', 'radius': '1.85', 'polarity': '0'}, {'record': 'ATOM', 'atom_serial': '44', 'atom_name': 'N', 'residue': 'CYS', 'chain': 'A', 'num_residue': '7', 'x': '36.248', 'y': '26.079', 'z': '13.647', 'occupancy': '1.00', 'b-factor': '12.90', 'element': 'N', 'type': 'ATOM', 'radius': '1.65', 'polarity': '1'}, {'record': 'ATOM', 'atom_serial': '45', 'atom_name': 'CA', 'residue': 'ACYS', 'chain': 'A', 'num_residue': '7', 'x': '35.177', 'y': '26.394', 'z': '12.709', 'occupancy': '0.79', 'b-factor': '13.32', 'element': 'CA', 'type': 'ATOM', 'radius': '1.87', 'polarity': '0'}, {'record': 'ATOM', 'atom_serial': '46', 'atom_name': 'CA', 'residue': 'BCYS', 'chain': 'A', 'num_residue': '7', 'x': '35.149', 'y': '26.379', 'z': '12.748', 'occupancy': '0.21', 'b-factor': '13.45', 'element': 'CA', 'type': 'ATOM', 'radius': '1.87', 'polarity': '0'}, {'record': 'ATOM', 'atom_serial': '47', 'atom_name': 'C', 'residue': 'CYS', 'chain': 'A', 'num_residue': '7', 'x': '34.922', 'y': '25.248', 'z': '11.737', 'occupancy': '1.00', 'b-factor': '13.35', 'element': 'C', 'type': 'ATOM', 'radius': '1.76', 'polarity': '0'}, {'record': 'ATOM', 'atom_serial': '48', 'atom_name': 'O', 'residue': 'CYS', 'chain': 'A', 'num_residue': '7', 'x': '33.806', 'y': '24.738', 'z': '11.635', 'occupancy': '1.00', 'b-factor': '13.85', 'element': 'O', 'type': 'ATOM', 'radius': '1.40', 'polarity': '1'}, {'record': 'ATOM', 'atom_serial': '49', 'atom_name': 'CB', 'residue': 'ACYS', 'chain': 'A', 'num_residue': '7', 'x': '35.528', 'y': '27.677', 'z': '11.950', 'occupancy': '0.79', 'b-factor': '13.58', 'element': 'CB', 'type': 'ATOM', 'radius': '1.87', 'polarity': '0'}, {'record': 'ATOM', 'atom_serial': '50', 'atom_name': 'CB', 'residue': 'BCYS', 'chain': 'A', 'num_residue': '7', 'x': '35.323', 'y': '27.775', 'z': '12.119', 'occupancy': '0.21', 'b-factor': '13.50', 'element': 'CB', 'type': 'ATOM', 'radius': '1.87', 'polarity': '0'}, {'record': 'ATOM', 'atom_serial': '51', 'atom_name': 'SG', 'residue': 'ACYS', 'chain': 'A', 'num_residue': '7', 'x': '34.438', 'y': '28.090', 'z': '10.588', 'occupancy': '0.79', 'b-factor': '15.10', 'element': 'SG', 'type': 'ATOM', 'radius': '1.85', 'polarity': '0'}, {'record': 'ATOM', 'atom_serial': '52', 'atom_name': 'SG', 'residue': 'BCYS', 'chain': 'A', 'num_residue': '7', 'x': '35.636', 'y': '27.919', 'z': '10.353', 'occupancy': '0.21', 'b-factor': '15.81', 'element': 'SG', 'type': 'ATOM', 'radius': '1.85', 'polarity': '0'}, {'record': 'ATOM', 'atom_serial': '53', 'atom_name': 'N', 'residue': 'THR', 'chain': 'A', 'num_residue': '8', 'x': '35.978', 'y': '24.839', 'z': '11.030', 'occupancy': '1.00', 'b-factor': '13.82', 'element': 'N', 'type': 'ATOM', 'radius': '1.65', 'polarity': '1'}, {'record': 'ATOM', 'atom_serial': '54', 'atom_name': 'CA', 'residue': 'THR', 'chain': 'A', 'num_residue': '8', 'x': '35.839', 'y': '23.728', 'z': '10.080', 'occupancy': '1.00', 'b-factor': '15.67', 'element': 'CA', 'type': 'ATOM', 'radius': '1.87', 'polarity': '0'}, {'record': 'ATOM', 'atom_serial': '55', 'atom_name': 'C', 'residue': 'THR', 'chain': 'A', 'num_residue': '8', 'x': '35.726', 'y': '22.378', 'z': '10.790', 'occupancy': '1.00', 'b-factor': '14.77', 'element': 'C', 'type': 'ATOM', 'radius': '1.76', 'polarity': '0'}, {'record': 'ATOM', 'atom_serial': '56', 'atom_name': 'O', 'residue': 'THR', 'chain': 'A', 'num_residue': '8', 'x': '35.218', 'y': '21.421', 'z': '10.221', 'occupancy': '1.00', 'b-factor': '16.48', 'element': 'O', 'type': 'ATOM', 'radius': '1.40', 'polarity': '1'}, {'record': 'ATOM', 'atom_serial': '57', 'atom_name': 'CB', 'residue': 'THR', 'chain': 'A', 'num_residue': '8', 'x': '36.974', 'y': '23.676', 'z': '9.042', 'occupancy': '1.00', 'b-factor': '15.66', 'element': 'CB', 'type': 'ATOM', 'radius': '1.87', 'polarity': '0'}, {'record': 'ATOM', 'atom_serial': '58', 'atom_name': 'OG1', 'residue': 'THR', 'chain': 'A', 'num_residue': '8', 'x': '38.232', 'y': '23.547', 'z': '9.701', 'occupancy': '1.00', 'b-factor': '22.83', 'element': 'OG1', 'type': 'ATOM', 'radius': '1.40', 'polarity': '1'}, {'record': 'ATOM', 'atom_serial': '59', 'atom_name': 'CG2', 'residue': 'THR', 'chain': 'A', 'num_residue': '8', 'x': '36.975', 'y': '24.917', 'z': '8.173', 'occupancy': '1.00', 'b-factor': '20.32', 'element': 'CG2', 'type': 'ATOM', 'radius': '1.87', 'polarity': '0'}, {'record': 'ATOM', 'atom_serial': '60', 'atom_name': 'N', 'residue': 'SER', 'chain': 'A', 'num_residue': '9', 'x': '36.207', 'y': '22.312', 'z': '12.029', 'occupancy': '1.00', 'b-factor': '13.60', 'element': 'N', 'type': 'ATOM', 'radius': '1.65', 'polarity': '1'}, {'record': 'ATOM', 'atom_serial': '61', 'atom_name': 'CA', 'residue': 'SER', 'chain': 'A', 'num_residue': '9', 'x': '36.019', 'y': '21.140', 'z': '12.882', 'occupancy': '1.00', 'b-factor': '12.98', 'element': 'CA', 'type': 'ATOM', 'radius': '1.87', 'polarity': '0'}, {'record': 'ATOM', 'atom_serial': '62', 'atom_name': 'C', 'residue': 'SER', 'chain': 'A', 'num_residue': '9', 'x': '35.531', 'y': '21.600', 'z': '14.247', 'occupancy': '1.00', 'b-factor': '12.38', 'element': 'C', 'type': 'ATOM', 'radius': '1.76', 'polarity': '0'}, {'record': 'ATOM', 'atom_serial': '63', 'atom_name': 'O', 'residue': 'SER', 'chain': 'A', 'num_residue': '9', 'x': '35.458', 'y': '22.796', 'z': '14.496', 'occupancy': '1.00', 'b-factor': '11.87', 'element': 'O', 'type': 'ATOM', 'radius': '1.40', 'polarity': '1'}, {'record': 'ATOM', 'atom_serial': '64', 'atom_name': 'CB', 'residue': 'SER', 'chain': 'A', 'num_residue': '9', 'x': '37.321', 'y': '20.353', 'z': '13.007', 'occupancy': '1.00', 'b-factor': '14.17', 'element': 'CB', 'type': 'ATOM', 'radius': '1.87', 'polarity': '0'}, {'record': 'ATOM', 'atom_serial': '65', 'atom_name': 'OG', 'residue': 'SER', 'chain': 'A', 'num_residue': '9', 'x': '38.298', 'y': '21.113', 'z': '13.661', 'occupancy': '1.00', 'b-factor': '16.93', 'element': 'OG', 'type': 'ATOM', 'radius': '1.40', 'polarity': '1'}, {'record': 'ATOM', 'atom_serial': '66', 'atom_name': 'N', 'residue': 'ILE', 'chain': 'A', 'num_residue': '10', 'x': '35.209', 'y': '20.658', 'z': '15.123', 'occupancy': '1.00', 'b-factor': '11.87', 'element': 'N', 'type': 'ATOM', 'radius': '1.65', 'polarity': '1'}, {'record': 'ATOM', 'atom_serial': '67', 'atom_name': 'CA', 'residue': 'ILE', 'chain': 'A', 'num_residue': '10', 'x': '34.637', 'y': '20.971', 'z': '16.424', 'occupancy': '1.00', 'b-factor': '12.61', 'element': 'CA', 'type': 'ATOM', 'radius': '1.87', 'polarity': '0'}, {'record': 'ATOM', 'atom_serial': '68', 'atom_name': 'C', 'residue': 'ILE', 'chain': 'A', 'num_residue': '10', 'x': '35.711', 'y': '21.556', 'z': '17.345', 'occupancy': '1.00', 'b-factor': '11.82', 'element': 'C', 'type': 'ATOM', 'radius': '1.76', 'polarity': '0'}, {'record': 'ATOM', 'atom_serial': '69', 'atom_name': 'O', 'residue': 'ILE', 'chain': 'A', 'num_residue': '10', 'x': '36.799', 'y': '20.995', 'z': '17.507', 'occupancy': '1.00', 'b-factor': '11.75', 'element': 'O', 'type': 'ATOM', 'radius': '1.40', 'polarity': '1'}, {'record': 'ATOM', 'atom_serial': '70', 'atom_name': 'CB', 'residue': 'ILE', 'chain': 'A', 'num_residue': '10', 'x': '33.984', 'y': '19.726', 'z': '17.058', 'occupancy': '1.00', 'b-factor': '12.64', 'element': 'CB', 'type': 'ATOM', 'radius': '1.87', 'polarity': '0'}, {'record': 'ATOM', 'atom_serial': '71', 'atom_name': 'CG1', 'residue': 'ILE', 'chain': 'A', 'num_residue': '10', 'x': '32.832', 'y': '19.213', 'z': '16.182', 'occupancy': '1.00', 'b-factor': '13.29', 'element': 'CG1', 'type': 'ATOM', 'radius': '1.87', 'polarity': '0'}, {'record': 'ATOM', 'atom_serial': '72', 'atom_name': 'CG2', 'residue': 'ILE', 'chain': 'A', 'num_residue': '10', 'x': '33.454', 'y': '20.041', 'z': '18.451', 'occupancy': '1.00', 'b-factor': '13.38', 'element': 'CG2', 'type': 'ATOM', 'radius': '1.87', 'polarity': '0'}, {'record': 'ATOM', 'atom_serial': '73', 'atom_name': 'CD1', 'residue': 'ILE', 'chain': 'A', 'num_residue': '10', 'x': '32.262', 'y': '17.880', 'z': '16.613', 'occupancy': '1.00', 'b-factor': '16.80', 'element': 'CD1', 'type': 'ATOM', 'radius': '1.76', 'polarity': '0'}, {'record': 'ATOM', 'atom_serial': '74', 'atom_name': 'N', 'residue': 'CYS', 'chain': 'A', 'num_residue': '11', 'x': '35.392', 'y': '22.710', 'z': '17.930', 'occupancy': '1.00', 'b-factor': '11.80', 'element': 'N', 'type': 'ATOM', 'radius': '1.65', 'polarity': '1'}, {'record': 'ATOM', 'atom_serial': '75', 'atom_name': 'CA', 'residue': 'CYS', 'chain': 'A', 'num_residue': '11', 'x': '36.292', 'y': '23.386', 'z': '18.837', 'occupancy': '1.00', 'b-factor': '12.19', 'element': 'CA', 'type': 'ATOM', 'radius': '1.87', 'polarity': '0'}, {'record': 'ATOM', 'atom_serial': '76', 'atom_name': 'C', 'residue': 'CYS', 'chain': 'A', 'num_residue': '11', 'x': '36.421', 'y': '22.639', 'z': '20.175', 'occupancy': '1.00', 'b-factor': '12.46', 'element': 'C', 'type': 'ATOM', 'radius': '1.76', 'polarity': '0'}, {'record': 'ATOM', 'atom_serial': '77', 'atom_name': 'O', 'residue': 'CYS', 'chain': 'A', 'num_residue': '11', 'x': '35.697', 'y': '21.666', 'z': '20.422', 'occupancy': '1.00', 'b-factor': '12.79', 'element': 'O', 'type': 'ATOM', 'radius': '1.40', 'polarity': '1'}, {'record': 'ATOM', 'atom_serial': '78', 'atom_name': 'CB', 'residue': 'CYS', 'chain': 'A', 'num_residue': '11', 'x': '35.776', 'y': '24.815', 'z': '19.038', 'occupancy': '1.00', 'b-factor': '12.29', 'element': 'CB', 'type': 'ATOM', 'radius': '1.87', 'polarity': '0'}, {'record': 'ATOM', 'atom_serial': '79', 'atom_name': 'SG', 'residue': 'CYS', 'chain': 'A', 'num_residue': '11', 'x': '36.999', 'y': '26.021', 'z': '19.591', 'occupancy': '1.00', 'b-factor': '13.08', 'element': 'SG', 'type': 'ATOM', 'radius': '1.85', 'polarity': '0'}, {'record': 'ATOM', 'atom_serial': '80', 'atom_name': 'N', 'residue': 'SER', 'chain': 'A', 'num_residue': '12', 'x': '37.366', 'y': '23.086', 'z': '21.005', 'occupancy': '1.00', 'b-factor': '12.91', 'element': 'N', 'type': 'ATOM', 'radius': '1.65', 'polarity': '1'}, {'record': 'ATOM', 'atom_serial': '81', 'atom_name': 'CA', 'residue': 'SER', 'chain': 'A', 'num_residue': '12', 'x': '37.544', 'y': '22.547', 'z': '22.361', 'occupancy': '1.00', 'b-factor': '13.55', 'element': 'CA', 'type': 'ATOM', 'radius': '1.87', 'polarity': '0'}, {'record': 'ATOM', 'atom_serial': '82', 'atom_name': 'C', 'residue': 'SER', 'chain': 'A', 'num_residue': '12', 'x': '38.044', 'y': '23.660', 'z': '23.269', 'occupancy': '1.00', 'b-factor': '12.66', 'element': 'C', 'type': 'ATOM', 'radius': '1.76', 'polarity': '0'}, {'record': 'ATOM', 'atom_serial': '83', 'atom_name': 'O', 'residue': 'SER', 'chain': 'A', 'num_residue': '12', 'x': '38.685', 'y': '24.611', 'z': '22.809', 'occupancy': '1.00', 'b-factor': '12.59', 'element': 'O', 'type': 'ATOM', 'radius': '1.40', 'polarity': '1'}, {'record': 'ATOM', 'atom_serial': '84', 'atom_name': 'CB', 'residue': 'SER', 'chain': 'A', 'num_residue': '12', 'x': '38.539', 'y': '21.378', 'z': '22.370', 'occupancy': '1.00', 'b-factor': '13.30', 'element': 'CB', 'type': 'ATOM', 'radius': '1.87', 'polarity': '0'}, {'record': 'ATOM', 'atom_serial': '85', 'atom_name': 'OG', 'residue': 'SER', 'chain': 'A', 'num_residue': '12', 'x': '39.886', 'y': '21.781', 'z': '22.184', 'occupancy': '1.00', 'b-factor': '16.19', 'element': 'OG', 'type': 'ATOM', 'radius': '1.40', 'polarity': '1'}, {'record': 'ATOM', 'atom_serial': '86', 'atom_name': 'N', 'residue': 'LEU', 'chain': 'A', 'num_residue': '13', 'x': '37.786', 'y': '23.522', 'z': '24.564', 'occupancy': '1.00', 'b-factor': '12.20', 'element': 'N', 'type': 'ATOM', 'radius': '1.65', 'polarity': '1'}, {'record': 'ATOM', 'atom_serial': '87', 'atom_name': 'CA', 'residue': 'LEU', 'chain': 'A', 'num_residue': '13', 'x': '38.269', 'y': '24.518', 'z': '25.522', 'occupancy': '1.00', 'b-factor': '11.15', 'element': 'CA', 'type': 'ATOM', 'radius': '1.87', 'polarity': '0'}, {'record': 'ATOM', 'atom_serial': '88', 'atom_name': 'C', 'residue': 'LEU', 'chain': 'A', 'num_residue': '13', 'x': '39.786', 'y': '24.514', 'z': '25.536', 'occupancy': '1.00', 'b-factor': '11.71', 'element': 'C', 'type': 'ATOM', 'radius': '1.76', 'polarity': '0'}, {'record': 'ATOM', 'atom_serial': '89', 'atom_name': 'O', 'residue': 'LEU', 'chain': 'A', 'num_residue': '13', 'x': '40.451', 'y': '25.559', 'z': '25.617', 'occupancy': '1.00', 'b-factor': '11.74', 'element': 'O', 'type': 'ATOM', 'radius': '1.40', 'polarity': '1'}, {'record': 'ATOM', 'atom_serial': '90', 'atom_name': 'CB', 'residue': 'LEU', 'chain': 'A', 'num_residue': '13', 'x': '37.714', 'y': '24.230', 'z': '26.918', 'occupancy': '1.00', 'b-factor': '10.46', 'element': 'CB', 'type': 'ATOM', 'radius': '1.87', 'polarity': '0'}, {'record': 'ATOM', 'atom_serial': '91', 'atom_name': 'CG', 'residue': 'LEU', 'chain': 'A', 'num_residue': '13', 'x': '38.186', 'y': '25.176', 'z': '28.032', 'occupancy': '1.00', 'b-factor': '8.71', 'element': 'CG', 'type': 'ATOM', 'radius': '1.76', 'polarity': '0'}, {'record': 'ATOM', 'atom_serial': '92', 'atom_name': 'CD1', 'residue': 'LEU', 'chain': 'A', 'num_residue': '13', 'x': '37.829', 'y': '26.620', 'z': '27.694', 'occupancy': '1.00', 'b-factor': '9.64', 'element': 'CD1', 'type': 'ATOM', 'radius': '1.76', 'polarity': '0'}, {'record': 'ATOM', 'atom_serial': '93', 'atom_name': 'CD2', 'residue': 'LEU', 'chain': 'A', 'num_residue': '13', 'x': '37.600', 'y': '24.760', 'z': '29.359', 'occupancy': '1.00', 'b-factor': '9.98', 'element': 'CD2', 'type': 'ATOM', 'radius': '1.76', 'polarity': '0'}, {'record': 'ATOM', 'atom_serial': '94', 'atom_name': 'N', 'residue': 'TYR', 'chain': 'A', 'num_residue': '14', 'x': '40.347', 'y': '23.314', 'z': '25.448', 'occupancy': '1.00', 'b-factor': '12.72', 'element': 'N', 'type': 'ATOM', 'radius': '1.65', 'polarity': '1'}, {'record': 'ATOM', 'atom_serial': '95', 'atom_name': 'CA', 'residue': 'TYR', 'chain': 'A', 'num_residue': '14', 'x': '41.761', 'y': '23.149', 'z': '25.398', 'occupancy': '1.00', 'b-factor': '13.90', 'element': 'CA', 'type': 'ATOM', 'radius': '1.87', 'polarity': '0'}, {'record': 'ATOM', 'atom_serial': '96', 'atom_name': 'C', 'residue': 'TYR', 'chain': 'A', 'num_residue': '14', 'x': '42.402', 'y': '24.035', 'z': '24.315', 'occupancy': '1.00', 'b-factor': '14.14', 'element': 'C', 'type': 'ATOM', 'radius': '1.76', 'polarity': '0'}, {'record': 'ATOM', 'atom_serial': '97', 'atom_name': 'O', 'residue': 'TYR', 'chain': 'A', 'num_residue': '14', 'x': '43.387', 'y': '24.731', 'z': '24.560', 'occupancy': '1.00', 'b-factor': '14.59', 'element': 'O', 'type': 'ATOM', 'radius': '1.40', 'polarity': '1'}, {'record': 'ATOM', 'atom_serial': '98', 'atom_name': 'CB', 'residue': 'TYR', 'chain': 'A', 'num_residue': '14', 'x': '42.057', 'y': '21.672', 'z': '25.143', 'occupancy': '1.00', 'b-factor': '15.45', 'element': 'CB', 'type': 'ATOM', 'radius': '1.87', 'polarity': '0'}, {'record': 'ATOM', 'atom_serial': '99', 'atom_name': 'CG', 'residue': 'TYR', 'chain': 'A', 'num_residue': '14', 'x': '43.515', 'y': '21.398', 'z': '25.202', 'occupancy': '1.00', 'b-factor': '16.18', 'element': 'CG', 'type': 'ATOM', 'radius': '1.76', 'polarity': '0'}, {'record': 'ATOM', 'atom_serial': '100', 'atom_name': 'CD1', 'residue': 'TYR', 'chain': 'A', 'num_residue': '14', 'x': '44.086', 'y': '20.852', 'z': '26.350', 'occupancy': '1.00', 'b-factor': '17.33', 'element': 'CD1', 'type': 'ATOM', 'radius': '1.76', 'polarity': '0'}, {'record': 'ATOM', 'atom_serial': '101', 'atom_name': 'CD2', 'residue': 'TYR', 'chain': 'A', 'num_residue': '14', 'x': '44.349', 'y': '21.744', 'z': '24.132', 'occupancy': '1.00', 'b-factor': '16.59', 'element': 'CD2', 'type': 'ATOM', 'radius': '1.76', 'polarity': '0'}, {'record': 'ATOM', 'atom_serial': '102', 'atom_name': 'CE1', 'residue': 'TYR', 'chain': 'A', 'num_residue': '14', 'x': '45.441', 'y': '20.629', 'z': '26.414', 'occupancy': '1.00', 'b-factor': '17.09', 'element': 'CE1', 'type': 'ATOM', 'radius': '1.76', 'polarity': '0'}, {'record': 'ATOM', 'atom_serial': '103', 'atom_name': 'CE2', 'residue': 'TYR', 'chain': 'A', 'num_residue': '14', 'x': '45.695', 'y': '21.529', 'z': '24.185', 'occupancy': '1.00', 'b-factor': '18.99', 'element': 'CE2', 'type': 'ATOM', 'radius': '1.76', 'polarity': '0'}, {'record': 'ATOM', 'atom_serial': '104', 'atom_name': 'CZ', 'residue': 'TYR', 'chain': 'A', 'num_residue': '14', 'x': '46.239', 'y': '20.965', 'z': '25.330', 'occupancy': '1.00', 'b-factor': '17.31', 'element': 'CZ', 'type': 'ATOM', 'radius': '1.76', 'polarity': '0'}, {'record': 'ATOM', 'atom_serial': '105', 'atom_name': 'OH', 'residue': 'TYR', 'chain': 'A', 'num_residue': '14', 'x': '47.579', 'y': '20.736', 'z': '25.378', 'occupancy': '1.00', 'b-factor': '19.56', 'element': 'OH', 'type': 'ATOM', 'radius': '1.40', 'polarity': '1'}, {'record': 'ATOM', 'atom_serial': '106', 'atom_name': 'N', 'residue': 'GLN', 'chain': 'A', 'num_residue': '15', 'x': '41.828', 'y': '23.984', 'z': '23.114', 'occupancy': '1.00', 'b-factor': '14.20', 'element': 'N', 'type': 'ATOM', 'radius': '1.65', 'polarity': '1'}, {'record': 'ATOM', 'atom_serial': '107', 'atom_name': 'CA', 'residue': 'GLN', 'chain': 'A', 'num_residue': '15', 'x': '42.358', 'y': '24.742', 'z': '21.989', 'occupancy': '1.00', 'b-factor': '14.86', 'element': 'CA', 'type': 'ATOM', 'radius': '1.87', 'polarity': '0'}, {'record': 'ATOM', 'atom_serial': '108', 'atom_name': 'C', 'residue': 'GLN', 'chain': 'A', 'num_residue': '15', 'x': '42.039', 'y': '26.241', 'z': '22.070', 'occupancy': '1.00', 'b-factor': '13.14', 'element': 'C', 'type': 'ATOM', 'radius': '1.76', 'polarity': '0'}, {'record': 'ATOM', 'atom_serial': '109', 'atom_name': 'O', 'residue': 'GLN', 'chain': 'A', 'num_residue': '15', 'x': '42.901', 'y': '27.067', 'z': '21.790', 'occupancy': '1.00', 'b-factor': '14.15', 'element': 'O', 'type': 'ATOM', 'radius': '1.40', 'polarity': '1'}, {'record': 'ATOM', 'atom_serial': '110', 'atom_name': 'CB', 'residue': 'GLN', 'chain': 'A', 'num_residue': '15', 'x': '41.892', 'y': '24.133', 'z': '20.664', 'occupancy': '1.00', 'b-factor': '15.19', 'element': 'CB', 'type': 'ATOM', 'radius': '1.87', 'polarity': '0'}, {'record': 'ATOM', 'atom_serial': '111', 'atom_name': 'CG', 'residue': 'GLN', 'chain': 'A', 'num_residue': '15', 'x': '42.659', 'y': '22.852', 'z': '20.292', 'occupancy': '1.00', 'b-factor': '17.00', 'element': 'CG', 'type': 'ATOM', 'radius': '1.76', 'polarity': '0'}, {'record': 'ATOM', 'atom_serial': '112', 'atom_name': 'CD', 'residue': 'GLN', 'chain': 'A', 'num_residue': '15', 'x': '42.309', 'y': '22.341', 'z': '18.909', 'occupancy': '1.00', 'b-factor': '17.73', 'element': 'CD', 'type': 'ATOM', 'radius': '1.87', 'polarity': '0'}, {'record': 'ATOM', 'atom_serial': '113', 'atom_name': 'OE1', 'residue': 'GLN', 'chain': 'A', 'num_residue': '15', 'x': '43.056', 'y': '22.564', 'z': '17.953', 'occupancy': '1.00', 'b-factor': '21.08', 'element': 'OE1', 'type': 'ATOM', 'radius': '1.40', 'polarity': '1'}, {'record': 'ATOM', 'atom_serial': '114', 'atom_name': 'NE2', 'residue': 'GLN', 'chain': 'A', 'num_residue': '15', 'x': '41.163', 'y': '21.677', 'z': '18.789', 'occupancy': '1.00', 'b-factor': '19.22', 'element': 'NE2', 'type': 'ATOM', 'radius': '1.65', 'polarity': '1'}, {'record': 'ATOM', 'atom_serial': '115', 'atom_name': 'N', 'residue': 'LEU', 'chain': 'A', 'num_residue': '16', 'x': '40.823', 'y': '26.589', 'z': '22.485', 'occupancy': '1.00', 'b-factor': '12.54', 'element': 'N', 'type': 'ATOM', 'radius': '1.65', 'polarity': '1'}, {'record': 'ATOM', 'atom_serial': '116', 'atom_name': 'CA', 'residue': 'LEU', 'chain': 'A', 'num_residue': '16', 'x': '40.487', 'y': '28.004', 'z': '22.684', 'occupancy': '1.00', 'b-factor': '11.74', 'element': 'CA', 'type': 'ATOM', 'radius': '1.87', 'polarity': '0'}, {'record': 'ATOM', 'atom_serial': '117', 'atom_name': 'C', 'residue': 'LEU', 'chain': 'A', 'num_residue': '16', 'x': '41.439', 'y': '28.703', 'z': '23.635', 'occupancy': '1.00', 'b-factor': '11.24', 'element': 'C', 'type': 'ATOM', 'radius': '1.76', 'polarity': '0'}, {'record': 'ATOM', 'atom_serial': '118', 'atom_name': 'O', 'residue': 'LEU', 'chain': 'A', 'num_residue': '16', 'x': '41.863', 'y': '29.811', 'z': '23.368', 'occupancy': '1.00', 'b-factor': '10.25', 'element': 'O', 'type': 'ATOM', 'radius': '1.40', 'polarity': '1'}, {'record': 'ATOM', 'atom_serial': '119', 'atom_name': 'CB', 'residue': 'LEU', 'chain': 'A', 'num_residue': '16', 'x': '39.061', 'y': '28.188', 'z': '23.203', 'occupancy': '1.00', 'b-factor': '12.68', 'element': 'CB', 'type': 'ATOM', 'radius': '1.87', 'polarity': '0'}, {'record': 'ATOM', 'atom_serial': '120', 'atom_name': 'CG', 'residue': 'LEU', 'chain': 'A', 'num_residue': '16', 'x': '37.939', 'y': '28.097', 'z': '22.185', 'occupancy': '1.00', 'b-factor': '13.49', 'element': 'CG', 'type': 'ATOM', 'radius': '1.76', 'polarity': '0'}, {'record': 'ATOM', 'atom_serial': '121', 'atom_name': 'CD1', 'residue': 'LEU', 'chain': 'A', 'num_residue': '16', 'x': '36.599', 'y': '28.094', 'z': '22.881', 'occupancy': '1.00', 'b-factor': '14.53', 'element': 'CD1', 'type': 'ATOM', 'radius': '1.76', 'polarity': '0'}, {'record': 'ATOM', 'atom_serial': '122', 'atom_name': 'CD2', 'residue': 'LEU', 'chain': 'A', 'num_residue': '16', 'x': '38.002', 'y': '29.208', 'z': '21.123', 'occupancy': '1.00', 'b-factor': '12.90', 'element': 'CD2', 'type': 'ATOM', 'radius': '1.76', 'polarity': '0'}, {'record': 'ATOM', 'atom_serial': '123', 'atom_name': 'N', 'residue': 'GLU', 'chain': 'A', 'num_residue': '17', 'x': '41.775', 'y': '28.058', 'z': '24.758', 'occupancy': '1.00', 'b-factor': '10.30', 'element': 'N', 'type': 'ATOM', 'radius': '1.65', 'polarity': '1'}, {'record': 'ATOM', 'atom_serial': '124', 'atom_name': 'CA', 'residue': 'GLU', 'chain': 'A', 'num_residue': '17', 'x': '42.653', 'y': '28.682', 'z': '25.746', 'occupancy': '1.00', 'b-factor': '10.81', 'element': 'CA', 'type': 'ATOM', 'radius': '1.87', 'polarity': '0'}, {'record': 'ATOM', 'atom_serial': '125', 'atom_name': 'C', 'residue': 'GLU', 'chain': 'A', 'num_residue': '17', 'x': '44.060', 'y': '28.975', 'z': '25.224', 'occupancy': '1.00', 'b-factor': '11.24', 'element': 'C', 'type': 'ATOM', 'radius': '1.76', 'polarity': '0'}, {'record': 'ATOM', 'atom_serial': '126', 'atom_name': 'O', 'residue': 'GLU', 'chain': 'A', 'num_residue': '17', 'x': '44.734', 'y': '29.873', 'z': '25.738', 'occupancy': '1.00', 'b-factor': '13.10', 'element': 'O', 'type': 'ATOM', 'radius': '1.40', 'polarity': '1'}, {'record': 'ATOM', 'atom_serial': '127', 'atom_name': 'CB', 'residue': 'GLU', 'chain': 'A', 'num_residue': '17', 'x': '42.711', 'y': '27.870', 'z': '27.052', 'occupancy': '1.00', 'b-factor': '10.64', 'element': 'CB', 'type': 'ATOM', 'radius': '1.87', 'polarity': '0'}, {'record': 'ATOM', 'atom_serial': '128', 'atom_name': 'CG', 'residue': 'GLU', 'chain': 'A', 'num_residue': '17', 'x': '41.436', 'y': '28.019', 'z': '27.850', 'occupancy': '1.00', 'b-factor': '10.67', 'element': 'CG', 'type': 'ATOM', 'radius': '1.76', 'polarity': '0'}, {'record': 'ATOM', 'atom_serial': '129', 'atom_name': 'CD', 'residue': 'GLU', 'chain': 'A', 'num_residue': '17', 'x': '41.584', 'y': '27.691', 'z': '29.326', 'occupancy': '1.00', 'b-factor': '12.36', 'element': 'CD', 'type': 'ATOM', 'radius': '1.87', 'polarity': '0'}, {'record': 'ATOM', 'atom_serial': '130', 'atom_name': 'OE1', 'residue': 'GLU', 'chain': 'A', 'num_residue': '17', 'x': '40.906', 'y': '28.332', 'z': '30.148', 'occupancy': '1.00', 'b-factor': '13.69', 'element': 'OE1', 'type': 'ATOM', 'radius': '1.40', 'polarity': '1'}, {'record': 'ATOM', 'atom_serial': '131', 'atom_name': 'OE2', 'residue': 'GLU', 'chain': 'A', 'num_residue': '17', 'x': '42.364', 'y': '26.790', 'z': '29.665', 'occupancy': '1.00', 'b-factor': '13.10', 'element': 'OE2', 'type': 'ATOM', 'radius': '1.40', 'polarity': '1'}, {'record': 'ATOM', 'atom_serial': '132', 'atom_name': 'N', 'residue': 'ASN', 'chain': 'A', 'num_residue': '18', 'x': '44.474', 'y': '28.252', 'z': '24.193', 'occupancy': '1.00', 'b-factor': '12.19', 'element': 'N', 'type': 'ATOM', 'radius': '1.65', 'polarity': '1'}, {'record': 'ATOM', 'atom_serial': '133', 'atom_name': 'CA', 'residue': 'ASN', 'chain': 'A', 'num_residue': '18', 'x': '45.760', 'y': '28.546', 'z': '23.564', 'occupancy': '1.00', 'b-factor': '13.33', 'element': 'CA', 'type': 'ATOM', 'radius': '1.87', 'polarity': '0'}, {'record': 'ATOM', 'atom_serial': '134', 'atom_name': 'C', 'residue': 'ASN', 'chain': 'A', 'num_residue': '18', 'x': '45.816', 'y': '29.888', 'z': '22.854', 'occupancy': '1.00', 'b-factor': '13.55', 'element': 'C', 'type': 'ATOM', 'radius': '1.76', 'polarity': '0'}, {'record': 'ATOM', 'atom_serial': '135', 'atom_name': 'O', 'residue': 'ASN', 'chain': 'A', 'num_residue': '18', 'x': '46.895', 'y': '30.347', 'z': '22.481', 'occupancy': '1.00', 'b-factor': '14.85', 'element': 'O', 'type': 'ATOM', 'radius': '1.40', 'polarity': '1'}, {'record': 'ATOM', 'atom_serial': '136', 'atom_name': 'CB', 'residue': 'ASN', 'chain': 'A', 'num_residue': '18', 'x': '46.169', 'y': '27.436', 'z': '22.608', 'occupancy': '1.00', 'b-factor': '13.71', 'element': 'CB', 'type': 'ATOM', 'radius': '1.87', 'polarity': '0'}, {'record': 'ATOM', 'atom_serial': '137', 'atom_name': 'CG', 'residue': 'ASN', 'chain': 'A', 'num_residue': '18', 'x': '46.679', 'y': '26.202', 'z': '23.334', 'occupancy': '1.00', 'b-factor': '16.01', 'element': 'CG', 'type': 'ATOM', 'radius': '1.76', 'polarity': '0'}, {'record': 'ATOM', 'atom_serial': '138', 'atom_name': 'OD1', 'residue': 'ASN', 'chain': 'A', 'num_residue': '18', 'x': '46.580', 'y': '25.066', 'z': '22.676', 'occupancy': '1.00', 'b-factor': '20.08', 'element': 'OD1', 'type': 'ATOM', 'radius': '1.40', 'polarity': '1'}, {'record': 'ATOM', 'atom_serial': '139', 'atom_name': 'ND2', 'residue': 'ASN', 'chain': 'A', 'num_residue': '18', 'x': '47.155', 'y': '26.282', 'z': '24.474', 'occupancy': '1.00', 'b-factor': '18.53', 'element': 'ND2', 'type': 'ATOM', 'radius': '1.65', 'polarity': '1'}, {'record': 'ATOM', 'atom_serial': '140', 'atom_name': 'N', 'residue': 'TYR', 'chain': 'A', 'num_residue': '19', 'x': '44.656', 'y': '30.519', 'z': '22.682', 'occupancy': '1.00', 'b-factor': '13.03', 'element': 'N', 'type': 'ATOM', 'radius': '1.65', 'polarity': '1'}, {'record': 'ATOM', 'atom_serial': '141', 'atom_name': 'CA', 'residue': 'TYR', 'chain': 'A', 'num_residue': '19', 'x': '44.586', 'y': '31.828', 'z': '22.052', 'occupancy': '1.00', 'b-factor': '13.84', 'element': 'CA', 'type': 'ATOM', 'radius': '1.87', 'polarity': '0'}, {'record': 'ATOM', 'atom_serial': '142', 'atom_name': 'C', 'residue': 'TYR', 'chain': 'A', 'num_residue': '19', 'x': '44.319', 'y': '32.945', 'z': '23.062', 'occupancy': '1.00', 'b-factor': '14.29', 'element': 'C', 'type': 'ATOM', 'radius': '1.76', 'polarity': '0'}, {'record': 'ATOM', 'atom_serial': '143', 'atom_name': 'O', 'residue': 'TYR', 'chain': 'A', 'num_residue': '19', 'x': '44.260', 'y': '34.105', 'z': '22.680', 'occupancy': '1.00', 'b-factor': '14.60', 'element': 'O', 'type': 'ATOM', 'radius': '1.40', 'polarity': '1'}, {'record': 'ATOM', 'atom_serial': '144', 'atom_name': 'CB', 'residue': 'TYR', 'chain': 'A', 'num_residue': '19', 'x': '43.551', 'y': '31.812', 'z': '20.923', 'occupancy': '1.00', 'b-factor': '13.63', 'element': 'CB', 'type': 'ATOM', 'radius': '1.87', 'polarity': '0'}, {'record': 'ATOM', 'atom_serial': '145', 'atom_name': 'CG', 'residue': 'TYR', 'chain': 'A', 'num_residue': '19', 'x': '43.941', 'y': '30.853', 'z': '19.831', 'occupancy': '1.00', 'b-factor': '15.20', 'element': 'CG', 'type': 'ATOM', 'radius': '1.76', 'polarity': '0'}, {'record': 'ATOM', 'atom_serial': '146', 'atom_name': 'CD1', 'residue': 'TYR', 'chain': 'A', 'num_residue': '19', 'x': '43.392', 'y': '29.574', 'z': '19.772', 'occupancy': '1.00', 'b-factor': '15.41', 'element': 'CD1', 'type': 'ATOM', 'radius': '1.76', 'polarity': '0'}, {'record': 'ATOM', 'atom_serial': '147', 'atom_name': 'CD2', 'residue': 'TYR', 'chain': 'A', 'num_residue': '19', 'x': '44.914', 'y': '31.203', 'z': '18.894', 'occupancy': '1.00', 'b-factor': '15.92', 'element': 'CD2', 'type': 'ATOM', 'radius': '1.76', 'polarity': '0'}, {'record': 'ATOM', 'atom_serial': '148', 'atom_name': 'CE1', 'residue': 'TYR', 'chain': 'A', 'num_residue': '19', 'x': '43.778', 'y': '28.676', 'z': '18.789', 'occupancy': '1.00', 'b-factor': '16.11', 'element': 'CE1', 'type': 'ATOM', 'radius': '1.76', 'polarity': '0'}, {'record': 'ATOM', 'atom_serial': '149', 'atom_name': 'CE2', 'residue': 'TYR', 'chain': 'A', 'num_residue': '19', 'x': '45.301', 'y': '30.319', 'z': '17.915', 'occupancy': '1.00', 'b-factor': '16.66', 'element': 'CE2', 'type': 'ATOM', 'radius': '1.76', 'polarity': '0'}, {'record': 'ATOM', 'atom_serial': '150', 'atom_name': 'CZ', 'residue': 'TYR', 'chain': 'A', 'num_residue': '19', 'x': '44.732', 'y': '29.066', 'z': '17.863', 'occupancy': '1.00', 'b-factor': '16.10', 'element': 'CZ', 'type': 'ATOM', 'radius': '1.76', 'polarity': '0'}, {'record': 'ATOM', 'atom_serial': '151', 'atom_name': 'OH', 'residue': 'TYR', 'chain': 'A', 'num_residue': '19', 'x': '45.127', 'y': '28.194', 'z': '16.871', 'occupancy': '1.00', 'b-factor': '20.67', 'element': 'OH', 'type': 'ATOM', 'radius': '1.40', 'polarity': '1'}, {'record': 'ATOM', 'atom_serial': '152', 'atom_name': 'N', 'residue': 'CYS', 'chain': 'A', 'num_residue': '20', 'x': '44.164', 'y': '32.615', 'z': '24.344', 'occupancy': '1.00', 'b-factor': '14.53', 'element': 'N', 'type': 'ATOM', 'radius': '1.65', 'polarity': '1'}, {'record': 'ATOM', 'atom_serial': '153', 'atom_name': 'CA', 'residue': 'CYS', 'chain': 'A', 'num_residue': '20', 'x': '44.122', 'y': '33.650', 'z': '25.387', 'occupancy': '1.00', 'b-factor': '15.72', 'element': 'CA', 'type': 'ATOM', 'radius': '1.87', 'polarity': '0'}, {'record': 'ATOM', 'atom_serial': '154', 'atom_name': 'C', 'residue': 'CYS', 'chain': 'A', 'num_residue': '20', 'x': '45.515', 'y': '34.223', 'z': '25.583', 'occupancy': '1.00', 'b-factor': '17.36', 'element': 'C', 'type': 'ATOM', 'radius': '1.76', 'polarity': '0'}, {'record': 'ATOM', 'atom_serial': '155', 'atom_name': 'O', 'residue': 'CYS', 'chain': 'A', 'num_residue': '20', 'x': '46.503', 'y': '33.519', 'z': '25.401', 'occupancy': '1.00', 'b-factor': '18.12', 'element': 'O', 'type': 'ATOM', 'radius': '1.40', 'polarity': '1'}, {'record': 'ATOM', 'atom_serial': '156', 'atom_name': 'CB', 'residue': 'CYS', 'chain': 'A', 'num_residue': '20', 'x': '43.649', 'y': '33.103', 'z': '26.723', 'occupancy': '1.00', 'b-factor': '16.15', 'element': 'CB', 'type': 'ATOM', 'radius': '1.87', 'polarity': '0'}, {'record': 'ATOM', 'atom_serial': '157', 'atom_name': 'SG', 'residue': 'CYS', 'chain': 'A', 'num_residue': '20', 'x': '42.063', 'y': '32.287', 'z': '26.729', 'occupancy': '1.00', 'b-factor': '14.53', 'element': 'SG', 'type': 'ATOM', 'radius': '1.85', 'polarity': '0'}, {'record': 'ATOM', 'atom_serial': '158', 'atom_name': 'N', 'residue': 'ASN', 'chain': 'A', 'num_residue': '21', 'x': '45.596', 'y': '35.500', 'z': '25.947', 'occupancy': '1.00', 'b-factor': '18.37', 'element': 'N', 'type': 'ATOM', 'radius': '1.65', 'polarity': '1'}, {'record': 'ATOM', 'atom_serial': '159', 'atom_name': 'CA', 'residue': 'ASN', 'chain': 'A', 'num_residue': '21', 'x': '46.888', 'y': '36.103', 'z': '26.292', 'occupancy': '1.00', 'b-factor': '19.72', 'element': 'CA', 'type': 'ATOM', 'radius': '1.87', 'polarity': '0'}, {'record': 'ATOM', 'atom_serial': '160', 'atom_name': 'C', 'residue': 'ASN', 'chain': 'A', 'num_residue': '21', 'x': '47.401', 'y': '35.559', 'z': '27.629', 'occupancy': '1.00', 'b-factor': '20.17', 'element': 'C', 'type': 'ATOM', 'radius': '1.76', 'polarity': '0'}, {'record': 'ATOM', 'atom_serial': '161', 'atom_name': 'O', 'residue': 'ASN', 'chain': 'A', 'num_residue': '21', 'x': '46.616', 'y': '35.117', 'z': '28.475', 'occupancy': '1.00', 'b-factor': '21.28', 'element': 'O', 'type': 'ATOM', 'radius': '1.40', 'polarity': '1'}, {'record': 'ATOM', 'atom_serial': '162', 'atom_name': 'CB', 'residue': 'ASN', 'chain': 'A', 'num_residue': '21', 'x': '46.783', 'y': '37.624', 'z': '26.360', 'occupancy': '1.00', 'b-factor': '20.27', 'element': 'CB', 'type': 'ATOM', 'radius': '1.87', 'polarity': '0'}, {'record': 'ATOM', 'atom_serial': '163', 'atom_name': 'CG', 'residue': 'ASN', 'chain': 'A', 'num_residue': '21', 'x': '46.401', 'y': '38.253', 'z': '25.036', 'occupancy': '1.00', 'b-factor': '20.92', 'element': 'CG', 'type': 'ATOM', 'radius': '1.76', 'polarity': '0'}, {'record': 'ATOM', 'atom_serial': '164', 'atom_name': 'OD1', 'residue': 'ASN', 'chain': 'A', 'num_residue': '21', 'x': '46.919', 'y': '37.888', 'z': '23.977', 'occupancy': '1.00', 'b-factor': '22.17', 'element': 'OD1', 'type': 'ATOM', 'radius': '1.40', 'polarity': '1'}, {'record': 'ATOM', 'atom_serial': '165', 'atom_name': 'ND2', 'residue': 'ASN', 'chain': 'A', 'num_residue': '21', 'x': '45.497', 'y': '39.227', 'z': '25.092', 'occupancy': '1.00', 'b-factor': '21.10', 'element': 'ND2', 'type': 'ATOM', 'radius': '1.65', 'polarity': '1'}, {'record': 'ATOM', 'atom_serial': '167', 'atom_name': 'N', 'residue': 'PHE', 'chain': 'B', 'num_residue': '1', 'x': '29.102', 'y': '25.761', 'z': '25.495', 'occupancy': '1.00', 'b-factor': '19.24', 'element': 'N', 'type': 'ATOM', 'radius': '1.65', 'polarity': '1'}, {'record': 'ATOM', 'atom_serial': '168', 'atom_name': 'CA', 'residue': 'PHE', 'chain': 'B', 'num_residue': '1', 'x': '29.156', 'y': '26.636', 'z': '24.296', 'occupancy': '1.00', 'b-factor': '19.05', 'element': 'CA', 'type': 'ATOM', 'radius': '1.87', 'polarity': '0'}, {'record': 'ATOM', 'atom_serial': '169', 'atom_name': 'C', 'residue': 'PHE', 'chain': 'B', 'num_residue': '1', 'x': '30.433', 'y': '26.412', 'z': '23.483', 'occupancy': '1.00', 'b-factor': '18.23', 'element': 'C', 'type': 'ATOM', 'radius': '1.76', 'polarity': '0'}, {'record': 'ATOM', 'atom_serial': '170', 'atom_name': 'O', 'residue': 'PHE', 'chain': 'B', 'num_residue': '1', 'x': '30.503', 'y': '26.835', 'z': '22.329', 'occupancy': '1.00', 'b-factor': '19.35', 'element': 'O', 'type': 'ATOM', 'radius': '1.40', 'polarity': '1'}, {'record': 'ATOM', 'atom_serial': '171', 'atom_name': 'CB', 'residue': 'PHE', 'chain': 'B', 'num_residue': '1', 'x': '29.003', 'y': '28.118', 'z': '24.687', 'occupancy': '1.00', 'b-factor': '19.54', 'element': 'CB', 'type': 'ATOM', 'radius': '1.87', 'polarity': '0'}, {'record': 'ATOM', 'atom_serial': '172', 'atom_name': 'CG', 'residue': 'PHE', 'chain': 'B', 'num_residue': '1', 'x': '30.061', 'y': '28.625', 'z': '25.643', 'occupancy': '1.00', 'b-factor': '20.06', 'element': 'CG', 'type': 'ATOM', 'radius': '1.76', 'polarity': '0'}, {'record': 'ATOM', 'atom_serial': '173', 'atom_name': 'CD1', 'residue': 'PHE', 'chain': 'B', 'num_residue': '1', 'x': '31.094', 'y': '29.437', 'z': '25.182', 'occupancy': '1.00', 'b-factor': '21.86', 'element': 'CD1', 'type': 'ATOM', 'radius': '1.76', 'polarity': '0'}, {'record': 'ATOM', 'atom_serial': '174', 'atom_name': 'CD2', 'residue': 'PHE', 'chain': 'B', 'num_residue': '1', 'x': '30.011', 'y': '28.315', 'z': '27.002', 'occupancy': '1.00', 'b-factor': '21.66', 'element': 'CD2', 'type': 'ATOM', 'radius': '1.76', 'polarity': '0'}, {'record': 'ATOM', 'atom_serial': '175', 'atom_name': 'CE1', 'residue': 'PHE', 'chain': 'B', 'num_residue': '1', 'x': '32.061', 'y': '29.923', 'z': '26.055', 'occupancy': '1.00', 'b-factor': '20.87', 'element': 'CE1', 'type': 'ATOM', 'radius': '1.76', 'polarity': '0'}, {'record': 'ATOM', 'atom_serial': '176', 'atom_name': 'CE2', 'residue': 'PHE', 'chain': 'B', 'num_residue': '1', 'x': '30.981', 'y': '28.798', 'z': '27.885', 'occupancy': '1.00', 'b-factor': '21.56', 'element': 'CE2', 'type': 'ATOM', 'radius': '1.76', 'polarity': '0'}, {'record': 'ATOM', 'atom_serial': '177', 'atom_name': 'CZ', 'residue': 'PHE', 'chain': 'B', 'num_residue': '1', 'x': '32.009', 'y': '29.596', 'z': '27.408', 'occupancy': '1.00', 'b-factor': '20.52', 'element': 'CZ', 'type': 'ATOM', 'radius': '1.76', 'polarity': '0'}, {'record': 'ATOM', 'atom_serial': '178', 'atom_name': 'N', 'residue': 'VAL', 'chain': 'B', 'num_residue': '2', 'x': '31.438', 'y': '25.763', 'z': '24.070', 'occupancy': '1.00', 'b-factor': '17.03', 'element': 'N', 'type': 'ATOM', 'radius': '1.65', 'polarity': '1'}, {'record': 'ATOM', 'atom_serial': '179', 'atom_name': 'CA', 'residue': 'VAL', 'chain': 'B', 'num_residue': '2', 'x': '32.734', 'y': '25.636', 'z': '23.374', 'occupancy': '1.00', 'b-factor': '16.19', 'element': 'CA', 'type': 'ATOM', 'radius': '1.87', 'polarity': '0'}, {'record': 'ATOM', 'atom_serial': '180', 'atom_name': 'C', 'residue': 'VAL', 'chain': 'B', 'num_residue': '2', 'x': '32.902', 'y': '24.392', 'z': '22.506', 'occupancy': '1.00', 'b-factor': '15.63', 'element': 'C', 'type': 'ATOM', 'radius': '1.76', 'polarity': '0'}, {'record': 'ATOM', 'atom_serial': '181', 'atom_name': 'O', 'residue': 'VAL', 'chain': 'B', 'num_residue': '2', 'x': '33.691', 'y': '24.393', 'z': '21.571', 'occupancy': '1.00', 'b-factor': '14.89', 'element': 'O', 'type': 'ATOM', 'radius': '1.40', 'polarity': '1'}, {'record': 'ATOM', 'atom_serial': '182', 'atom_name': 'CB', 'residue': 'VAL', 'chain': 'B', 'num_residue': '2', 'x': '33.970', 'y': '25.756', 'z': '24.316', 'occupancy': '1.00', 'b-factor': '16.69', 'element': 'CB', 'type': 'ATOM', 'radius': '1.87', 'polarity': '0'}, {'record': 'ATOM', 'atom_serial': '183', 'atom_name': 'CG1', 'residue': 'VAL', 'chain': 'B', 'num_residue': '2', 'x': '33.976', 'y': '27.090', 'z': '25.026', 'occupancy': '1.00', 'b-factor': '16.54', 'element': 'CG1', 'type': 'ATOM', 'radius': '1.87', 'polarity': '0'}, {'record': 'ATOM', 'atom_serial': '184', 'atom_name': 'CG2', 'residue': 'VAL', 'chain': 'B', 'num_residue': '2', 'x': '34.017', 'y': '24.625', 'z': '25.328', 'occupancy': '1.00', 'b-factor': '18.12', 'element': 'CG2', 'type': 'ATOM', 'radius': '1.87', 'polarity': '0'}, {'record': 'ATOM', 'atom_serial': '185', 'atom_name': 'N', 'residue': 'ASN', 'chain': 'B', 'num_residue': '3', 'x': '32.174', 'y': '23.328', 'z': '22.817', 'occupancy': '1.00', 'b-factor': '15.48', 'element': 'N', 'type': 'ATOM', 'radius': '1.65', 'polarity': '1'}, {'record': 'ATOM', 'atom_serial': '186', 'atom_name': 'CA', 'residue': 'ASN', 'chain': 'B', 'num_residue': '3', 'x': '32.396', 'y': '22.060', 'z': '22.129', 'occupancy': '1.00', 'b-factor': '15.25', 'element': 'CA', 'type': 'ATOM', 'radius': '1.87', 'polarity': '0'}, {'record': 'ATOM', 'atom_serial': '187', 'atom_name': 'C', 'residue': 'ASN', 'chain': 'B', 'num_residue': '3', 'x': '31.463', 'y': '21.890', 'z': '20.934', 'occupancy': '1.00', 'b-factor': '15.55', 'element': 'C', 'type': 'ATOM', 'radius': '1.76', 'polarity': '0'}, {'record': 'ATOM', 'atom_serial': '188', 'atom_name': 'O', 'residue': 'ASN', 'chain': 'B', 'num_residue': '3', 'x': '30.592', 'y': '21.025', 'z': '20.895', 'occupancy': '1.00', 'b-factor': '16.32', 'element': 'O', 'type': 'ATOM', 'radius': '1.40', 'polarity': '1'}, {'record': 'ATOM', 'atom_serial': '189', 'atom_name': 'CB', 'residue': 'ASN', 'chain': 'B', 'num_residue': '3', 'x': '32.323', 'y': '20.907', 'z': '23.126', 'occupancy': '1.00', 'b-factor': '15.52', 'element': 'CB', 'type': 'ATOM', 'radius': '1.87', 'polarity': '0'}, {'record': 'ATOM', 'atom_serial': '190', 'atom_name': 'CG', 'residue': 'ASN', 'chain': 'B', 'num_residue': '3', 'x': '33.421', 'y': '20.995', 'z': '24.175', 'occupancy': '1.00', 'b-factor': '12.25', 'element': 'CG', 'type': 'ATOM', 'radius': '1.76', 'polarity': '0'}, {'record': 'ATOM', 'atom_serial': '191', 'atom_name': 'OD1', 'residue': 'ASN', 'chain': 'B', 'num_residue': '3', 'x': '34.579', 'y': '20.729', 'z': '23.906', 'occupancy': '1.00', 'b-factor': '15.89', 'element': 'OD1', 'type': 'ATOM', 'radius': '1.40', 'polarity': '1'}, {'record': 'ATOM', 'atom_serial': '192', 'atom_name': 'ND2', 'residue': 'ASN', 'chain': 'B', 'num_residue': '3', 'x': '33.038', 'y': '21.414', 'z': '25.384', 'occupancy': '1.00', 'b-factor': '17.40', 'element': 'ND2', 'type': 'ATOM', 'radius': '1.65', 'polarity': '1'}, {'record': 'ATOM', 'atom_serial': '193', 'atom_name': 'N', 'residue': 'GLN', 'chain': 'B', 'num_residue': '4', 'x': '31.660', 'y': '22.764', 'z': '19.956', 'occupancy': '1.00', 'b-factor': '14.45', 'element': 'N', 'type': 'ATOM', 'radius': '1.65', 'polarity': '1'}, {'record': 'ATOM', 'atom_serial': '194', 'atom_name': 'CA', 'residue': 'GLN', 'chain': 'B', 'num_residue': '4', 'x': '30.844', 'y': '22.788', 'z': '18.756', 'occupancy': '1.00', 'b-factor': '14.72', 'element': 'CA', 'type': 'ATOM', 'radius': '1.87', 'polarity': '0'}, {'record': 'ATOM', 'atom_serial': '195', 'atom_name': 'C', 'residue': 'GLN', 'chain': 'B', 'num_residue': '4', 'x': '31.637', 'y': '23.541', 'z': '17.700', 'occupancy': '1.00', 'b-factor': '12.99', 'element': 'C', 'type': 'ATOM', 'radius': '1.76', 'polarity': '0'}, {'record': 'ATOM', 'atom_serial': '196', 'atom_name': 'O', 'residue': 'GLN', 'chain': 'B', 'num_residue': '4', 'x': '32.711', 'y': '24.062', 'z': '17.981', 'occupancy': '1.00', 'b-factor': '11.77', 'element': 'O', 'type': 'ATOM', 'radius': '1.40', 'polarity': '1'}, {'record': 'ATOM', 'atom_serial': '197', 'atom_name': 'CB', 'residue': 'GLN', 'chain': 'B', 'num_residue': '4', 'x': '29.502', 'y': '23.490', 'z': '19.023', 'occupancy': '1.00', 'b-factor': '15.35', 'element': 'CB', 'type': 'ATOM', 'radius': '1.87', 'polarity': '0'}, {'record': 'ATOM', 'atom_serial': '198', 'atom_name': 'CG', 'residue': 'GLN', 'chain': 'B', 'num_residue': '4', 'x': '29.607', 'y': '24.958', 'z': '19.452', 'occupancy': '1.00', 'b-factor': '17.45', 'element': 'CG', 'type': 'ATOM', 'radius': '1.76', 'polarity': '0'}, {'record': 'ATOM', 'atom_serial': '199', 'atom_name': 'CD', 'residue': 'GLN', 'chain': 'B', 'num_residue': '4', 'x': '28.248', 'y': '25.582', 'z': '19.805', 'occupancy': '1.00', 'b-factor': '17.80', 'element': 'CD', 'type': 'ATOM', 'radius': '1.87', 'polarity': '0'}, {'record': 'ATOM', 'atom_serial': '200', 'atom_name': 'OE1', 'residue': 'GLN', 'chain': 'B', 'num_residue': '4', 'x': '27.273', 'y': '25.466', 'z': '19.056', 'occupancy': '1.00', 'b-factor': '23.54', 'element': 'OE1', 'type': 'ATOM', 'radius': '1.40', 'polarity': '1'}, {'record': 'ATOM', 'atom_serial': '201', 'atom_name': 'NE2', 'residue': 'GLN', 'chain': 'B', 'num_residue': '4', 'x': '28.192', 'y': '26.259', 'z': '20.936', 'occupancy': '1.00', 'b-factor': '22.87', 'element': 'NE2', 'type': 'ATOM', 'radius': '1.65', 'polarity': '1'}, {'record': 'ATOM', 'atom_serial': '202', 'atom_name': 'N', 'residue': 'HIS', 'chain': 'B', 'num_residue': '5', 'x': '31.104', 'y': '23.578', 'z': '16.485', 'occupancy': '1.00', 'b-factor': '12.50', 'element': 'N', 'type': 'ATOM', 'radius': '1.65', 'polarity': '1'}, {'record': 'ATOM', 'atom_serial': '203', 'atom_name': 'CA', 'residue': 'HIS', 'chain': 'B', 'num_residue': '5', 'x': '31.687', 'y': '24.383', 'z': '15.418', 'occupancy': '1.00', 'b-factor': '11.78', 'element': 'CA', 'type': 'ATOM', 'radius': '1.87', 'polarity': '0'}, {'record': 'ATOM', 'atom_serial': '204', 'atom_name': 'C', 'residue': 'HIS', 'chain': 'B', 'num_residue': '5', 'x': '31.387', 'y': '25.845', 'z': '15.738', 'occupancy': '1.00', 'b-factor': '11.63', 'element': 'C', 'type': 'ATOM', 'radius': '1.76', 'polarity': '0'}, {'record': 'ATOM', 'atom_serial': '205', 'atom_name': 'O', 'residue': 'HIS', 'chain': 'B', 'num_residue': '5', 'x': '30.222', 'y': '26.209', 'z': '15.983', 'occupancy': '1.00', 'b-factor': '12.61', 'element': 'O', 'type': 'ATOM', 'radius': '1.40', 'polarity': '1'}, {'record': 'ATOM', 'atom_serial': '206', 'atom_name': 'CB', 'residue': 'HIS', 'chain': 'B', 'num_residue': '5', 'x': '31.064', 'y': '24.031', 'z': '14.059', 'occupancy': '1.00', 'b-factor': '12.47', 'element': 'CB', 'type': 'ATOM', 'radius': '1.87', 'polarity': '0'}, {'record': 'ATOM', 'atom_serial': '207', 'atom_name': 'CG', 'residue': 'HIS', 'chain': 'B', 'num_residue': '5', 'x': '31.412', 'y': '22.659', 'z': '13.556', 'occupancy': '1.00', 'b-factor': '12.41', 'element': 'CG', 'type': 'ATOM', 'radius': '1.76', 'polarity': '0'}, {'record': 'ATOM', 'atom_serial': '208', 'atom_name': 'ND1', 'residue': 'HIS', 'chain': 'B', 'num_residue': '5', 'x': '30.632', 'y': '21.550', 'z': '13.814', 'occupancy': '1.00', 'b-factor': '16.66', 'element': 'ND1', 'type': 'ATOM', 'radius': '1.65', 'polarity': '1'}, {'record': 'ATOM', 'atom_serial': '209', 'atom_name': 'CD2', 'residue': 'HIS', 'chain': 'B', 'num_residue': '5', 'x': '32.444', 'y': '22.225', 'z': '12.797', 'occupancy': '1.00', 'b-factor': '13.65', 'element': 'CD2', 'type': 'ATOM', 'radius': '1.76', 'polarity': '0'}, {'record': 'ATOM', 'atom_serial': '210', 'atom_name': 'CE1', 'residue': 'HIS', 'chain': 'B', 'num_residue': '5', 'x': '31.175', 'y': '20.490', 'z': '13.238', 'occupancy': '1.00', 'b-factor': '15.20', 'element': 'CE1', 'type': 'ATOM', 'radius': '1.76', 'polarity': '0'}, {'record': 'ATOM', 'atom_serial': '211', 'atom_name': 'NE2', 'residue': 'HIS', 'chain': 'B', 'num_residue': '5', 'x': '32.277', 'y': '20.869', 'z': '12.618', 'occupancy': '1.00', 'b-factor': '15.57', 'element': 'NE2', 'type': 'ATOM', 'radius': '1.65', 'polarity': '1'}, {'record': 'ATOM', 'atom_serial': '212', 'atom_name': 'N', 'residue': 'LEU', 'chain': 'B', 'num_residue': '6', 'x': '32.438', 'y': '26.661', 'z': '15.758', 'occupancy': '1.00', 'b-factor': '11.20', 'element': 'N', 'type': 'ATOM', 'radius': '1.65', 'polarity': '1'}, {'record': 'ATOM', 'atom_serial': '213', 'atom_name': 'CA', 'residue': 'LEU', 'chain': 'B', 'num_residue': '6', 'x': '32.322', 'y': '28.083', 'z': '16.098', 'occupancy': '1.00', 'b-factor': '11.23', 'element': 'CA', 'type': 'ATOM', 'radius': '1.87', 'polarity': '0'}, {'record': 'ATOM', 'atom_serial': '214', 'atom_name': 'C', 'residue': 'LEU', 'chain': 'B', 'num_residue': '6', 'x': '33.004', 'y': '28.875', 'z': '15.001', 'occupancy': '1.00', 'b-factor': '10.95', 'element': 'C', 'type': 'ATOM', 'radius': '1.76', 'polarity': '0'}, {'record': 'ATOM', 'atom_serial': '215', 'atom_name': 'O', 'residue': 'LEU', 'chain': 'B', 'num_residue': '6', 'x': '34.204', 'y': '28.754', 'z': '14.814', 'occupancy': '1.00', 'b-factor': '11.01', 'element': 'O', 'type': 'ATOM', 'radius': '1.40', 'polarity': '1'}, {'record': 'ATOM', 'atom_serial': '216', 'atom_name': 'CB', 'residue': 'LEU', 'chain': 'B', 'num_residue': '6', 'x': '33.004', 'y': '28.352', 'z': '17.438', 'occupancy': '1.00', 'b-factor': '11.29', 'element': 'CB', 'type': 'ATOM', 'radius': '1.87', 'polarity': '0'}, {'record': 'ATOM', 'atom_serial': '217', 'atom_name': 'CG', 'residue': 'LEU', 'chain': 'B', 'num_residue': '6', 'x': '32.400', 'y': '27.704', 'z': '18.684', 'occupancy': '1.00', 'b-factor': '12.14', 'element': 'CG', 'type': 'ATOM', 'radius': '1.76', 'polarity': '0'}, {'record': 'ATOM', 'atom_serial': '218', 'atom_name': 'CD1', 'residue': 'LEU', 'chain': 'B', 'num_residue': '6', 'x': '33.371', 'y': '27.788', 'z': '19.850', 'occupancy': '1.00', 'b-factor': '13.85', 'element': 'CD1', 'type': 'ATOM', 'radius': '1.76', 'polarity': '0'}, {'record': 'ATOM', 'atom_serial': '219', 'atom_name': 'CD2', 'residue': 'LEU', 'chain': 'B', 'num_residue': '6', 'x': '31.061', 'y': '28.382', 'z': '19.014', 'occupancy': '1.00', 'b-factor': '14.61', 'element': 'CD2', 'type': 'ATOM', 'radius': '1.76', 'polarity': '0'}, {'record': 'ATOM', 'atom_serial': '220', 'atom_name': 'N', 'residue': 'CYS', 'chain': 'B', 'num_residue': '7', 'x': '32.235', 'y': '29.690', 'z': '14.272', 'occupancy': '1.00', 'b-factor': '10.89', 'element': 'N', 'type': 'ATOM', 'radius': '1.65', 'polarity': '1'}, {'record': 'ATOM', 'atom_serial': '221', 'atom_name': 'CA', 'residue': 'ACYS', 'chain': 'B', 'num_residue': '7', 'x': '32.757', 'y': '30.432', 'z': '13.131', 'occupancy': '0.82', 'b-factor': '11.53', 'element': 'CA', 'type': 'ATOM', 'radius': '1.87', 'polarity': '0'}, {'record': 'ATOM', 'atom_serial': '222', 'atom_name': 'CA', 'residue': 'BCYS', 'chain': 'B', 'num_residue': '7', 'x': '32.818', 'y': '30.446', 'z': '13.172', 'occupancy': '0.18', 'b-factor': '11.33', 'element': 'CA', 'type': 'ATOM', 'radius': '1.87', 'polarity': '0'}, {'record': 'ATOM', 'atom_serial': '223', 'atom_name': 'C', 'residue': 'CYS', 'chain': 'B', 'num_residue': '7', 'x': '32.490', 'y': '31.923', 'z': '13.256', 'occupancy': '1.00', 'b-factor': '10.59', 'element': 'C', 'type': 'ATOM', 'radius': '1.76', 'polarity': '0'}, {'record': 'ATOM', 'atom_serial': '224', 'atom_name': 'O', 'residue': 'CYS', 'chain': 'B', 'num_residue': '7', 'x': '31.449', 'y': '32.319', 'z': '13.796', 'occupancy': '1.00', 'b-factor': '10.92', 'element': 'O', 'type': 'ATOM', 'radius': '1.40', 'polarity': '1'}, {'record': 'ATOM', 'atom_serial': '225', 'atom_name': 'CB', 'residue': 'ACYS', 'chain': 'B', 'num_residue': '7', 'x': '32.082', 'y': '29.914', 'z': '11.867', 'occupancy': '0.82', 'b-factor': '11.38', 'element': 'CB', 'type': 'ATOM', 'radius': '1.87', 'polarity': '0'}, {'record': 'ATOM', 'atom_serial': '226', 'atom_name': 'CB', 'residue': 'BCYS', 'chain': 'B', 'num_residue': '7', 'x': '32.381', 'y': '29.879', 'z': '11.821', 'occupancy': '0.18', 'b-factor': '11.43', 'element': 'CB', 'type': 'ATOM', 'radius': '1.87', 'polarity': '0'}, {'record': 'ATOM', 'atom_serial': '227', 'atom_name': 'SG', 'residue': 'ACYS', 'chain': 'B', 'num_residue': '7', 'x': '32.357', 'y': '28.133', 'z': '11.614', 'occupancy': '0.82', 'b-factor': '15.03', 'element': 'SG', 'type': 'ATOM', 'radius': '1.85', 'polarity': '0'}, {'record': 'ATOM', 'atom_serial': '228', 'atom_name': 'SG', 'residue': 'BCYS', 'chain': 'B', 'num_residue': '7', 'x': '30.609', 'y': '29.929', 'z': '11.546', 'occupancy': '0.18', 'b-factor': '14.83', 'element': 'SG', 'type': 'ATOM', 'radius': '1.85', 'polarity': '0'}, {'record': 'ATOM', 'atom_serial': '229', 'atom_name': 'N', 'residue': 'GLY', 'chain': 'B', 'num_residue': '8', 'x': '33.412', 'y': '32.726', 'z': '12.754', 'occupancy': '1.00', 'b-factor': '10.16', 'element': 'N', 'type': 'ATOM', 'radius': '1.65', 'polarity': '1'}, {'record': 'ATOM', 'atom_serial': '230', 'atom_name': 'CA', 'residue': 'GLY', 'chain': 'B', 'num_residue': '8', 'x': '33.194', 'y': '34.176', 'z': '12.679', 'occupancy': '1.00', 'b-factor': '9.75', 'element': 'CA', 'type': 'ATOM', 'radius': '1.87', 'polarity': '0'}, {'record': 'ATOM', 'atom_serial': '231', 'atom_name': 'C', 'residue': 'GLY', 'chain': 'B', 'num_residue': '8', 'x': '32.877', 'y': '34.792', 'z': '14.026', 'occupancy': '1.00', 'b-factor': '9.24', 'element': 'C', 'type': 'ATOM', 'radius': '1.76', 'polarity': '0'}, {'record': 'ATOM', 'atom_serial': '232', 'atom_name': 'O', 'residue': 'GLY', 'chain': 'B', 'num_residue': '8', 'x': '33.592', 'y': '34.581', 'z': '15.002', 'occupancy': '1.00', 'b-factor': '9.67', 'element': 'O', 'type': 'ATOM', 'radius': '1.40', 'polarity': '1'}, {'record': 'ATOM', 'atom_serial': '233', 'atom_name': 'N', 'residue': 'SER', 'chain': 'B', 'num_residue': '9', 'x': '31.787', 'y': '35.554', 'z': '14.101', 'occupancy': '1.00', 'b-factor': '8.04', 'element': 'N', 'type': 'ATOM', 'radius': '1.65', 'polarity': '1'}, {'record': 'ATOM', 'atom_serial': '234', 'atom_name': 'CA', 'residue': 'SER', 'chain': 'B', 'num_residue': '9', 'x': '31.471', 'y': '36.246', 'z': '15.357', 'occupancy': '1.00', 'b-factor': '7.85', 'element': 'CA', 'type': 'ATOM', 'radius': '1.87', 'polarity': '0'}, {'record': 'ATOM', 'atom_serial': '235', 'atom_name': 'C', 'residue': 'SER', 'chain': 'B', 'num_residue': '9', 'x': '31.235', 'y': '35.266', 'z': '16.507', 'occupancy': '1.00', 'b-factor': '8.31', 'element': 'C', 'type': 'ATOM', 'radius': '1.76', 'polarity': '0'}, {'record': 'ATOM', 'atom_serial': '236', 'atom_name': 'O', 'residue': 'SER', 'chain': 'B', 'num_residue': '9', 'x': '31.439', 'y': '35.614', 'z': '17.663', 'occupancy': '1.00', 'b-factor': '7.83', 'element': 'O', 'type': 'ATOM', 'radius': '1.40', 'polarity': '1'}, {'record': 'ATOM', 'atom_serial': '237', 'atom_name': 'CB', 'residue': 'SER', 'chain': 'B', 'num_residue': '9', 'x': '30.260', 'y': '37.178', 'z': '15.185', 'occupancy': '1.00', 'b-factor': '8.26', 'element': 'CB', 'type': 'ATOM', 'radius': '1.87', 'polarity': '0'}, {'record': 'ATOM', 'atom_serial': '238', 'atom_name': 'OG', 'residue': 'SER', 'chain': 'B', 'num_residue': '9', 'x': '29.067', 'y': '36.447', 'z': '14.970', 'occupancy': '1.00', 'b-factor': '10.83', 'element': 'OG', 'type': 'ATOM', 'radius': '1.40', 'polarity': '1'}, {'record': 'ATOM', 'atom_serial': '239', 'atom_name': 'N', 'residue': 'HIS', 'chain': 'B', 'num_residue': '10', 'x': '30.825', 'y': '34.052', 'z': '16.169', 'occupancy': '1.00', 'b-factor': '7.69', 'element': 'N', 'type': 'ATOM', 'radius': '1.65', 'polarity': '1'}, {'record': 'ATOM', 'atom_serial': '240', 'atom_name': 'CA', 'residue': 'HIS', 'chain': 'B', 'num_residue': '10', 'x': '30.544', 'y': '33.025', 'z': '17.174', 'occupancy': '1.00', 'b-factor': '8.75', 'element': 'CA', 'type': 'ATOM', 'radius': '1.87', 'polarity': '0'}, {'record': 'ATOM', 'atom_serial': '241', 'atom_name': 'C', 'residue': 'HIS', 'chain': 'B', 'num_residue': '10', 'x': '31.845', 'y': '32.569', 'z': '17.844', 'occupancy': '1.00', 'b-factor': '8.39', 'element': 'C', 'type': 'ATOM', 'radius': '1.76', 'polarity': '0'}, {'record': 'ATOM', 'atom_serial': '242', 'atom_name': 'O', 'residue': 'HIS', 'chain': 'B', 'num_residue': '10', 'x': '31.868', 'y': '32.256', 'z': '19.040', 'occupancy': '1.00', 'b-factor': '9.12', 'element': 'O', 'type': 'ATOM', 'radius': '1.40', 'polarity': '1'}, {'record': 'ATOM', 'atom_serial': '243', 'atom_name': 'CB', 'residue': 'HIS', 'chain': 'B', 'num_residue': '10', 'x': '29.886', 'y': '31.801', 'z': '16.526', 'occupancy': '1.00', 'b-factor': '8.43', 'element': 'CB', 'type': 'ATOM', 'radius': '1.87', 'polarity': '0'}, {'record': 'ATOM', 'atom_serial': '244', 'atom_name': 'CG', 'residue': 'HIS', 'chain': 'B', 'num_residue': '10', 'x': '28.571', 'y': '32.081', 'z': '15.865', 'occupancy': '1.00', 'b-factor': '9.93', 'element': 'CG', 'type': 'ATOM', 'radius': '1.76', 'polarity': '0'}, {'record': 'ATOM', 'atom_serial': '245', 'atom_name': 'ND1', 'residue': 'HIS', 'chain': 'B', 'num_residue': '10', 'x': '27.686', 'y': '31.075', 'z': '15.528', 'occupancy': '1.00', 'b-factor': '13.84', 'element': 'ND1', 'type': 'ATOM', 'radius': '1.65', 'polarity': '1'}, {'record': 'ATOM', 'atom_serial': '246', 'atom_name': 'CD2', 'residue': 'HIS', 'chain': 'B', 'num_residue': '10', 'x': '27.981', 'y': '33.243', 'z': '15.490', 'occupancy': '1.00', 'b-factor': '10.60', 'element': 'CD2', 'type': 'ATOM', 'radius': '1.76', 'polarity': '0'}, {'record': 'ATOM', 'atom_serial': '247', 'atom_name': 'CE1', 'residue': 'HIS', 'chain': 'B', 'num_residue': '10', 'x': '26.613', 'y': '31.608', 'z': '14.968', 'occupancy': '1.00', 'b-factor': '12.45', 'element': 'CE1', 'type': 'ATOM', 'radius': '1.76', 'polarity': '0'}, {'record': 'ATOM', 'atom_serial': '248', 'atom_name': 'NE2', 'residue': 'HIS', 'chain': 'B', 'num_residue': '10', 'x': '26.760', 'y': '32.920', 'z': '14.941', 'occupancy': '1.00', 'b-factor': '12.10', 'element': 'NE2', 'type': 'ATOM', 'radius': '1.65', 'polarity': '1'}, {'record': 'ATOM', 'atom_serial': '249', 'atom_name': 'N', 'residue': 'LEU', 'chain': 'B', 'num_residue': '11', 'x': '32.918', 'y': '32.505', 'z': '17.056', 'occupancy': '1.00', 'b-factor': '8.51', 'element': 'N', 'type': 'ATOM', 'radius': '1.65', 'polarity': '1'}, {'record': 'ATOM', 'atom_serial': '250', 'atom_name': 'CA', 'residue': 'LEU', 'chain': 'B', 'num_residue': '11', 'x': '34.224', 'y': '32.107', 'z': '17.568', 'occupancy': '1.00', 'b-factor': '8.23', 'element': 'CA', 'type': 'ATOM', 'radius': '1.87', 'polarity': '0'}, {'record': 'ATOM', 'atom_serial': '251', 'atom_name': 'C', 'residue': 'LEU', 'chain': 'B', 'num_residue': '11', 'x': '34.840', 'y': '33.218', 'z': '18.418', 'occupancy': '1.00', 'b-factor': '8.07', 'element': 'C', 'type': 'ATOM', 'radius': '1.76', 'polarity': '0'}, {'record': 'ATOM', 'atom_serial': '252', 'atom_name': 'O', 'residue': 'LEU', 'chain': 'B', 'num_residue': '11', 'x': '35.380', 'y': '32.973', 'z': '19.483', 'occupancy': '1.00', 'b-factor': '7.95', 'element': 'O', 'type': 'ATOM', 'radius': '1.40', 'polarity': '1'}, {'record': 'ATOM', 'atom_serial': '253', 'atom_name': 'CB', 'residue': 'LEU', 'chain': 'B', 'num_residue': '11', 'x': '35.130', 'y': '31.718', 'z': '16.394', 'occupancy': '1.00', 'b-factor': '8.70', 'element': 'CB', 'type': 'ATOM', 'radius': '1.87', 'polarity': '0'}, {'record': 'ATOM', 'atom_serial': '254', 'atom_name': 'CG', 'residue': 'LEU', 'chain': 'B', 'num_residue': '11', 'x': '36.545', 'y': '31.231', 'z': '16.715', 'occupancy': '1.00', 'b-factor': '9.31', 'element': 'CG', 'type': 'ATOM', 'radius': '1.76', 'polarity': '0'}, {'record': 'ATOM', 'atom_serial': '255', 'atom_name': 'CD1', 'residue': 'LEU', 'chain': 'B', 'num_residue': '11', 'x': '36.542', 'y': '30.102', 'z': '17.743', 'occupancy': '1.00', 'b-factor': '9.64', 'element': 'CD1', 'type': 'ATOM', 'radius': '1.76', 'polarity': '0'}, {'record': 'ATOM', 'atom_serial': '256', 'atom_name': 'CD2', 'residue': 'LEU', 'chain': 'B', 'num_residue': '11', 'x': '37.171', 'y': '30.813', 'z': '15.383', 'occupancy': '1.00', 'b-factor': '12.03', 'element': 'CD2', 'type': 'ATOM', 'radius': '1.76', 'polarity': '0'}, {'record': 'ATOM', 'atom_serial': '257', 'atom_name': 'N', 'residue': 'VAL', 'chain': 'B', 'num_residue': '12', 'x': '34.745', 'y': '34.459', 'z': '17.945', 'occupancy': '1.00', 'b-factor': '7.82', 'element': 'N', 'type': 'ATOM', 'radius': '1.65', 'polarity': '1'}, {'record': 'ATOM', 'atom_serial': '258', 'atom_name': 'CA', 'residue': 'VAL', 'chain': 'B', 'num_residue': '12', 'x': '35.232', 'y': '35.597', 'z': '18.693', 'occupancy': '1.00', 'b-factor': '9.36', 'element': 'CA', 'type': 'ATOM', 'radius': '1.87', 'polarity': '0'}, {'record': 'ATOM', 'atom_serial': '259', 'atom_name': 'C', 'residue': 'VAL', 'chain': 'B', 'num_residue': '12', 'x': '34.509', 'y': '35.715', 'z': '20.049', 'occupancy': '1.00', 'b-factor': '7.93', 'element': 'C', 'type': 'ATOM', 'radius': '1.76', 'polarity': '0'}, {'record': 'ATOM', 'atom_serial': '260', 'atom_name': 'O', 'residue': 'VAL', 'chain': 'B', 'num_residue': '12', 'x': '35.118', 'y': '36.027', 'z': '21.073', 'occupancy': '1.00', 'b-factor': '7.60', 'element': 'O', 'type': 'ATOM', 'radius': '1.40', 'polarity': '1'}, {'record': 'ATOM', 'atom_serial': '261', 'atom_name': 'CB', 'residue': 'VAL', 'chain': 'B', 'num_residue': '12', 'x': '35.052', 'y': '36.874', 'z': '17.836', 'occupancy': '1.00', 'b-factor': '10.36', 'element': 'CB', 'type': 'ATOM', 'radius': '1.87', 'polarity': '0'}, {'record': 'ATOM', 'atom_serial': '262', 'atom_name': 'CG1', 'residue': 'VAL', 'chain': 'B', 'num_residue': '12', 'x': '35.202', 'y': '38.083', 'z': '18.649', 'occupancy': '1.00', 'b-factor': '13.99', 'element': 'CG1', 'type': 'ATOM', 'radius': '1.87', 'polarity': '0'}, {'record': 'ATOM', 'atom_serial': '263', 'atom_name': 'CG2', 'residue': 'VAL', 'chain': 'B', 'num_residue': '12', 'x': '36.066', 'y': '36.870', 'z': '16.676', 'occupancy': '1.00', 'b-factor': '12.77', 'element': 'CG2', 'type': 'ATOM', 'radius': '1.87', 'polarity': '0'}, {'record': 'ATOM', 'atom_serial': '264', 'atom_name': 'N', 'residue': 'GLU', 'chain': 'B', 'num_residue': '13', 'x': '33.200', 'y': '35.467', 'z': '20.045', 'occupancy': '1.00', 'b-factor': '7.80', 'element': 'N', 'type': 'ATOM', 'radius': '1.65', 'polarity': '1'}, {'record': 'ATOM', 'atom_serial': '265', 'atom_name': 'CA', 'residue': 'GLU', 'chain': 'B', 'num_residue': '13', 'x': '32.419', 'y': '35.494', 'z': '21.277', 'occupancy': '1.00', 'b-factor': '8.14', 'element': 'CA', 'type': 'ATOM', 'radius': '1.87', 'polarity': '0'}, {'record': 'ATOM', 'atom_serial': '266', 'atom_name': 'C', 'residue': 'GLU', 'chain': 'B', 'num_residue': '13', 'x': '32.908', 'y': '34.424', 'z': '22.265', 'occupancy': '1.00', 'b-factor': '7.57', 'element': 'C', 'type': 'ATOM', 'radius': '1.76', 'polarity': '0'}, {'record': 'ATOM', 'atom_serial': '267', 'atom_name': 'O', 'residue': 'GLU', 'chain': 'B', 'num_residue': '13', 'x': '33.034', 'y': '34.686', 'z': '23.454', 'occupancy': '1.00', 'b-factor': '7.71', 'element': 'O', 'type': 'ATOM', 'radius': '1.40', 'polarity': '1'}, {'record': 'ATOM', 'atom_serial': '268', 'atom_name': 'CB', 'residue': 'GLU', 'chain': 'B', 'num_residue': '13', 'x': '30.954', 'y': '35.279', 'z': '20.935', 'occupancy': '1.00', 'b-factor': '9.18', 'element': 'CB', 'type': 'ATOM', 'radius': '1.87', 'polarity': '0'}, {'record': 'ATOM', 'atom_serial': '269', 'atom_name': 'CG', 'residue': 'GLU', 'chain': 'B', 'num_residue': '13', 'x': '30.069', 'y': '35.045', 'z': '22.125', 'occupancy': '1.00', 'b-factor': '12.62', 'element': 'CG', 'type': 'ATOM', 'radius': '1.76', 'polarity': '0'}, {'record': 'ATOM', 'atom_serial': '270', 'atom_name': 'CD', 'residue': 'GLU', 'chain': 'B', 'num_residue': '13', 'x': '28.624', 'y': '35.023', 'z': '21.710', 'occupancy': '1.00', 'b-factor': '16.55', 'element': 'CD', 'type': 'ATOM', 'radius': '1.87', 'polarity': '0'}, {'record': 'ATOM', 'atom_serial': '271', 'atom_name': 'OE1', 'residue': 'GLU', 'chain': 'B', 'num_residue': '13', 'x': '28.150', 'y': '36.074', 'z': '21.246', 'occupancy': '1.00', 'b-factor': '16.70', 'element': 'OE1', 'type': 'ATOM', 'radius': '1.40', 'polarity': '1'}, {'record': 'ATOM', 'atom_serial': '272', 'atom_name': 'OE2', 'residue': 'GLU', 'chain': 'B', 'num_residue': '13', 'x': '28.002', 'y': '33.945', 'z': '21.822', 'occupancy': '1.00', 'b-factor': '21.15', 'element': 'OE2', 'type': 'ATOM', 'radius': '1.40', 'polarity': '1'}, {'record': 'ATOM', 'atom_serial': '273', 'atom_name': 'N', 'residue': 'ALA', 'chain': 'B', 'num_residue': '14', 'x': '33.179', 'y': '33.226', 'z': '21.758', 'occupancy': '1.00', 'b-factor': '7.94', 'element': 'N', 'type': 'ATOM', 'radius': '1.65', 'polarity': '1'}, {'record': 'ATOM', 'atom_serial': '274', 'atom_name': 'CA', 'residue': 'ALA', 'chain': 'B', 'num_residue': '14', 'x': '33.659', 'y': '32.139', 'z': '22.621', 'occupancy': '1.00', 'b-factor': '7.54', 'element': 'CA', 'type': 'ATOM', 'radius': '1.87', 'polarity': '0'}, {'record': 'ATOM', 'atom_serial': '275', 'atom_name': 'C', 'residue': 'ALA', 'chain': 'B', 'num_residue': '14', 'x': '35.011', 'y': '32.489', 'z': '23.236', 'occupancy': '1.00', 'b-factor': '7.96', 'element': 'C', 'type': 'ATOM', 'radius': '1.76', 'polarity': '0'}, {'record': 'ATOM', 'atom_serial': '276', 'atom_name': 'O', 'residue': 'ALA', 'chain': 'B', 'num_residue': '14', 'x': '35.216', 'y': '32.289', 'z': '24.444', 'occupancy': '1.00', 'b-factor': '7.67', 'element': 'O', 'type': 'ATOM', 'radius': '1.40', 'polarity': '1'}, {'record': 'ATOM', 'atom_serial': '277', 'atom_name': 'CB', 'residue': 'ALA', 'chain': 'B', 'num_residue': '14', 'x': '33.740', 'y': '30.844', 'z': '21.824', 'occupancy': '1.00', 'b-factor': '8.11', 'element': 'CB', 'type': 'ATOM', 'radius': '1.87', 'polarity': '0'}, {'record': 'ATOM', 'atom_serial': '278', 'atom_name': 'N', 'residue': 'LEU', 'chain': 'B', 'num_residue': '15', 'x': '35.919', 'y': '33.036', 'z': '22.424', 'occupancy': '1.00', 'b-factor': '7.59', 'element': 'N', 'type': 'ATOM', 'radius': '1.65', 'polarity': '1'}, {'record': 'ATOM', 'atom_serial': '279', 'atom_name': 'CA', 'residue': 'LEU', 'chain': 'B', 'num_residue': '15', 'x': '37.218', 'y': '33.501', 'z': '22.921', 'occupancy': '1.00', 'b-factor': '8.02', 'element': 'CA', 'type': 'ATOM', 'radius': '1.87', 'polarity': '0'}, {'record': 'ATOM', 'atom_serial': '280', 'atom_name': 'C', 'residue': 'LEU', 'chain': 'B', 'num_residue': '15', 'x': '37.062', 'y': '34.563', 'z': '23.997', 'occupancy': '1.00', 'b-factor': '8.22', 'element': 'C', 'type': 'ATOM', 'radius': '1.76', 'polarity': '0'}, {'record': 'ATOM', 'atom_serial': '281', 'atom_name': 'O', 'residue': 'LEU', 'chain': 'B', 'num_residue': '15', 'x': '37.732', 'y': '34.532', 'z': '25.043', 'occupancy': '1.00', 'b-factor': '8.96', 'element': 'O', 'type': 'ATOM', 'radius': '1.40', 'polarity': '1'}, {'record': 'ATOM', 'atom_serial': '282', 'atom_name': 'CB', 'residue': 'LEU', 'chain': 'B', 'num_residue': '15', 'x': '38.057', 'y': '34.073', 'z': '21.778', 'occupancy': '1.00', 'b-factor': '8.21', 'element': 'CB', 'type': 'ATOM', 'radius': '1.87', 'polarity': '0'}, {'record': 'ATOM', 'atom_serial': '283', 'atom_name': 'CG', 'residue': 'LEU', 'chain': 'B', 'num_residue': '15', 'x': '38.687', 'y': '33.044', 'z': '20.850', 'occupancy': '1.00', 'b-factor': '8.97', 'element': 'CG', 'type': 'ATOM', 'radius': '1.76', 'polarity': '0'}, {'record': 'ATOM', 'atom_serial': '284', 'atom_name': 'CD1', 'residue': 'LEU', 'chain': 'B', 'num_residue': '15', 'x': '39.085', 'y': '33.696', 'z': '19.533', 'occupancy': '1.00', 'b-factor': '10.82', 'element': 'CD1', 'type': 'ATOM', 'radius': '1.76', 'polarity': '0'}, {'record': 'ATOM', 'atom_serial': '285', 'atom_name': 'CD2', 'residue': 'LEU', 'chain': 'B', 'num_residue': '15', 'x': '39.911', 'y': '32.395', 'z': '21.521', 'occupancy': '1.00', 'b-factor': '10.89', 'element': 'CD2', 'type': 'ATOM', 'radius': '1.76', 'polarity': '0'}, {'record': 'ATOM', 'atom_serial': '286', 'atom_name': 'N', 'residue': 'TYR', 'chain': 'B', 'num_residue': '16', 'x': '36.163', 'y': '35.511', 'z': '23.749', 'occupancy': '1.00', 'b-factor': '7.73', 'element': 'N', 'type': 'ATOM', 'radius': '1.65', 'polarity': '1'}, {'record': 'ATOM', 'atom_serial': '287', 'atom_name': 'CA', 'residue': 'TYR', 'chain': 'B', 'num_residue': '16', 'x': '35.896', 'y': '36.555', 'z': '24.715', 'occupancy': '1.00', 'b-factor': '7.97', 'element': 'CA', 'type': 'ATOM', 'radius': '1.87', 'polarity': '0'}, {'record': 'ATOM', 'atom_serial': '288', 'atom_name': 'C', 'residue': 'TYR', 'chain': 'B', 'num_residue': '16', 'x': '35.432', 'y': '35.980', 'z': '26.052', 'occupancy': '1.00', 'b-factor': '8.33', 'element': 'C', 'type': 'ATOM', 'radius': '1.76', 'polarity': '0'}, {'record': 'ATOM', 'atom_serial': '289', 'atom_name': 'O', 'residue': 'TYR', 'chain': 'B', 'num_residue': '16', 'x': '35.950', 'y': '36.365', 'z': '27.113', 'occupancy': '1.00', 'b-factor': '8.89', 'element': 'O', 'type': 'ATOM', 'radius': '1.40', 'polarity': '1'}, {'record': 'ATOM', 'atom_serial': '290', 'atom_name': 'CB', 'residue': 'TYR', 'chain': 'B', 'num_residue': '16', 'x': '34.830', 'y': '37.489', 'z': '24.143', 'occupancy': '1.00', 'b-factor': '8.38', 'element': 'CB', 'type': 'ATOM', 'radius': '1.87', 'polarity': '0'}, {'record': 'ATOM', 'atom_serial': '291', 'atom_name': 'CG', 'residue': 'TYR', 'chain': 'B', 'num_residue': '16', 'x': '34.288', 'y': '38.492', 'z': '25.135', 'occupancy': '1.00', 'b-factor': '7.50', 'element': 'CG', 'type': 'ATOM', 'radius': '1.76', 'polarity': '0'}, {'record': 'ATOM', 'atom_serial': '292', 'atom_name': 'CD1', 'residue': 'TYR', 'chain': 'B', 'num_residue': '16', 'x': '35.057', 'y': '39.589', 'z': '25.570', 'occupancy': '1.00', 'b-factor': '7.30', 'element': 'CD1', 'type': 'ATOM', 'radius': '1.76', 'polarity': '0'}, {'record': 'ATOM', 'atom_serial': '293', 'atom_name': 'CD2', 'residue': 'TYR', 'chain': 'B', 'num_residue': '16', 'x': '33.002', 'y': '38.342', 'z': '25.657', 'occupancy': '1.00', 'b-factor': '6.79', 'element': 'CD2', 'type': 'ATOM', 'radius': '1.76', 'polarity': '0'}, {'record': 'ATOM', 'atom_serial': '294', 'atom_name': 'CE1', 'residue': 'TYR', 'chain': 'B', 'num_residue': '16', 'x': '34.538', 'y': '40.517', 'z': '26.491', 'occupancy': '1.00', 'b-factor': '8.62', 'element': 'CE1', 'type': 'ATOM', 'radius': '1.76', 'polarity': '0'}, {'record': 'ATOM', 'atom_serial': '295', 'atom_name': 'CE2', 'residue': 'TYR', 'chain': 'B', 'num_residue': '16', 'x': '32.473', 'y': '39.246', 'z': '26.569', 'occupancy': '1.00', 'b-factor': '8.69', 'element': 'CE2', 'type': 'ATOM', 'radius': '1.76', 'polarity': '0'}, {'record': 'ATOM', 'atom_serial': '296', 'atom_name': 'CZ', 'residue': 'TYR', 'chain': 'B', 'num_residue': '16', 'x': '33.248', 'y': '40.335', 'z': '26.986', 'occupancy': '1.00', 'b-factor': '8.24', 'element': 'CZ', 'type': 'ATOM', 'radius': '1.76', 'polarity': '0'}, {'record': 'ATOM', 'atom_serial': '297', 'atom_name': 'OH', 'residue': 'TYR', 'chain': 'B', 'num_residue': '16', 'x': '32.719', 'y': '41.222', 'z': '27.886', 'occupancy': '1.00', 'b-factor': '9.74', 'element': 'OH', 'type': 'ATOM', 'radius': '1.40', 'polarity': '1'}, {'record': 'ATOM', 'atom_serial': '298', 'atom_name': 'N', 'residue': 'LEU', 'chain': 'B', 'num_residue': '17', 'x': '34.484', 'y': '35.041', 'z': '26.000', 'occupancy': '1.00', 'b-factor': '8.87', 'element': 'N', 'type': 'ATOM', 'radius': '1.65', 'polarity': '1'}, {'record': 'ATOM', 'atom_serial': '299', 'atom_name': 'CA', 'residue': 'LEU', 'chain': 'B', 'num_residue': '17', 'x': '33.920', 'y': '34.444', 'z': '27.227', 'occupancy': '1.00', 'b-factor': '9.20', 'element': 'CA', 'type': 'ATOM', 'radius': '1.87', 'polarity': '0'}, {'record': 'ATOM', 'atom_serial': '300', 'atom_name': 'C', 'residue': 'LEU', 'chain': 'B', 'num_residue': '17', 'x': '34.919', 'y': '33.571', 'z': '27.970', 'occupancy': '1.00', 'b-factor': '10.10', 'element': 'C', 'type': 'ATOM', 'radius': '1.76', 'polarity': '0'}, {'record': 'ATOM', 'atom_serial': '301', 'atom_name': 'O', 'residue': 'LEU', 'chain': 'B', 'num_residue': '17', 'x': '34.981', 'y': '33.597', 'z': '29.206', 'occupancy': '1.00', 'b-factor': '10.72', 'element': 'O', 'type': 'ATOM', 'radius': '1.40', 'polarity': '1'}, {'record': 'ATOM', 'atom_serial': '302', 'atom_name': 'CB', 'residue': 'LEU', 'chain': 'B', 'num_residue': '17', 'x': '32.676', 'y': '33.623', 'z': '26.877', 'occupancy': '1.00', 'b-factor': '9.96', 'element': 'CB', 'type': 'ATOM', 'radius': '1.87', 'polarity': '0'}, {'record': 'ATOM', 'atom_serial': '303', 'atom_name': 'CG', 'residue': 'LEU', 'chain': 'B', 'num_residue': '17', 'x': '31.474', 'y': '34.474', 'z': '26.460', 'occupancy': '1.00', 'b-factor': '9.19', 'element': 'CG', 'type': 'ATOM', 'radius': '1.76', 'polarity': '0'}, {'record': 'ATOM', 'atom_serial': '304', 'atom_name': 'CD1', 'residue': 'LEU', 'chain': 'B', 'num_residue': '17', 'x': '30.346', 'y': '33.578', 'z': '25.953', 'occupancy': '1.00', 'b-factor': '11.04', 'element': 'CD1', 'type': 'ATOM', 'radius': '1.76', 'polarity': '0'}, {'record': 'ATOM', 'atom_serial': '305', 'atom_name': 'CD2', 'residue': 'LEU', 'chain': 'B', 'num_residue': '17', 'x': '30.997', 'y': '35.349', 'z': '27.626', 'occupancy': '1.00', 'b-factor': '11.41', 'element': 'CD2', 'type': 'ATOM', 'radius': '1.76', 'polarity': '0'}, {'record': 'ATOM', 'atom_serial': '306', 'atom_name': 'N', 'residue': 'VAL', 'chain': 'B', 'num_residue': '18', 'x': '35.685', 'y': '32.804', 'z': '27.213', 'occupancy': '1.00', 'b-factor': '9.93', 'element': 'N', 'type': 'ATOM', 'radius': '1.65', 'polarity': '1'}, {'record': 'ATOM', 'atom_serial': '307', 'atom_name': 'CA', 'residue': 'VAL', 'chain': 'B', 'num_residue': '18', 'x': '36.660', 'y': '31.868', 'z': '27.797', 'occupancy': '1.00', 'b-factor': '10.84', 'element': 'CA', 'type': 'ATOM', 'radius': '1.87', 'polarity': '0'}, {'record': 'ATOM', 'atom_serial': '308', 'atom_name': 'C', 'residue': 'VAL', 'chain': 'B', 'num_residue': '18', 'x': '37.833', 'y': '32.631', 'z': '28.395', 'occupancy': '1.00', 'b-factor': '11.15', 'element': 'C', 'type': 'ATOM', 'radius': '1.76', 'polarity': '0'}, {'record': 'ATOM', 'atom_serial': '309', 'atom_name': 'O', 'residue': 'VAL', 'chain': 'B', 'num_residue': '18', 'x': '38.275', 'y': '32.338', 'z': '29.512', 'occupancy': '1.00', 'b-factor': '12.42', 'element': 'O', 'type': 'ATOM', 'radius': '1.40', 'polarity': '1'}, {'record': 'ATOM', 'atom_serial': '310', 'atom_name': 'CB', 'residue': 'VAL', 'chain': 'B', 'num_residue': '18', 'x': '37.152', 'y': '30.843', 'z': '26.740', 'occupancy': '1.00', 'b-factor': '11.51', 'element': 'CB', 'type': 'ATOM', 'radius': '1.87', 'polarity': '0'}, {'record': 'ATOM', 'atom_serial': '311', 'atom_name': 'CG1', 'residue': 'VAL', 'chain': 'B', 'num_residue': '18', 'x': '38.448', 'y': '30.168', 'z': '27.168', 'occupancy': '1.00', 'b-factor': '13.02', 'element': 'CG1', 'type': 'ATOM', 'radius': '1.87', 'polarity': '0'}, {'record': 'ATOM', 'atom_serial': '312', 'atom_name': 'CG2', 'residue': 'VAL', 'chain': 'B', 'num_residue': '18', 'x': '36.058', 'y': '29.800', 'z': '26.467', 'occupancy': '1.00', 'b-factor': '12.58', 'element': 'CG2', 'type': 'ATOM', 'radius': '1.87', 'polarity': '0'}, {'record': 'ATOM', 'atom_serial': '313', 'atom_name': 'N', 'residue': 'CYS', 'chain': 'B', 'num_residue': '19', 'x': '38.343', 'y': '33.612', 'z': '27.653', 'occupancy': '1.00', 'b-factor': '10.75', 'element': 'N', 'type': 'ATOM', 'radius': '1.65', 'polarity': '1'}, {'record': 'ATOM', 'atom_serial': '314', 'atom_name': 'CA', 'residue': 'CYS', 'chain': 'B', 'num_residue': '19', 'x': '39.606', 'y': '34.247', 'z': '28.039', 'occupancy': '1.00', 'b-factor': '11.18', 'element': 'CA', 'type': 'ATOM', 'radius': '1.87', 'polarity': '0'}, {'record': 'ATOM', 'atom_serial': '315', 'atom_name': 'C', 'residue': 'CYS', 'chain': 'B', 'num_residue': '19', 'x': '39.468', 'y': '35.323', 'z': '29.109', 'occupancy': '1.00', 'b-factor': '13.19', 'element': 'C', 'type': 'ATOM', 'radius': '1.76', 'polarity': '0'}, {'record': 'ATOM', 'atom_serial': '316', 'atom_name': 'O', 'residue': 'CYS', 'chain': 'B', 'num_residue': '19', 'x': '40.445', 'y': '35.612', 'z': '29.818', 'occupancy': '1.00', 'b-factor': '13.54', 'element': 'O', 'type': 'ATOM', 'radius': '1.40', 'polarity': '1'}, {'record': 'ATOM', 'atom_serial': '317', 'atom_name': 'CB', 'residue': 'CYS', 'chain': 'B', 'num_residue': '19', 'x': '40.371', 'y': '34.768', 'z': '26.815', 'occupancy': '1.00', 'b-factor': '11.28', 'element': 'CB', 'type': 'ATOM', 'radius': '1.87', 'polarity': '0'}, {'record': 'ATOM', 'atom_serial': '318', 'atom_name': 'SG', 'residue': 'CYS', 'chain': 'B', 'num_residue': '19', 'x': '40.829', 'y': '33.484', 'z': '25.655', 'occupancy': '1.00', 'b-factor': '10.50', 'element': 'SG', 'type': 'ATOM', 'radius': '1.85', 'polarity': '0'}, {'record': 'ATOM', 'atom_serial': '319', 'atom_name': 'N', 'residue': 'GLY', 'chain': 'B', 'num_residue': '20', 'x': '38.281', 'y': '35.912', 'z': '29.219', 'occupancy': '1.00', 'b-factor': '14.21', 'element': 'N', 'type': 'ATOM', 'radius': '1.65', 'polarity': '1'}, {'record': 'ATOM', 'atom_serial': '320', 'atom_name': 'CA', 'residue': 'GLY', 'chain': 'B', 'num_residue': '20', 'x': '38.013', 'y': '36.928', 'z': '30.241', 'occupancy': '1.00', 'b-factor': '15.84', 'element': 'CA', 'type': 'ATOM', 'radius': '1.87', 'polarity': '0'}, {'record': 'ATOM', 'atom_serial': '321', 'atom_name': 'C', 'residue': 'GLY', 'chain': 'B', 'num_residue': '20', 'x': '39.017', 'y': '38.065', 'z': '30.210', 'occupancy': '1.00', 'b-factor': '17.39', 'element': 'C', 'type': 'ATOM', 'radius': '1.76', 'polarity': '0'}, {'record': 'ATOM', 'atom_serial': '322', 'atom_name': 'O', 'residue': 'GLY', 'chain': 'B', 'num_residue': '20', 'x': '39.385', 'y': '38.562', 'z': '29.144', 'occupancy': '1.00', 'b-factor': '16.82', 'element': 'O', 'type': 'ATOM', 'radius': '1.40', 'polarity': '1'}, {'record': 'ATOM', 'atom_serial': '323', 'atom_name': 'N', 'residue': 'GLU', 'chain': 'B', 'num_residue': '21', 'x': '39.480', 'y': '38.461', 'z': '31.392', 'occupancy': '1.00', 'b-factor': '18.82', 'element': 'N', 'type': 'ATOM', 'radius': '1.65', 'polarity': '1'}, {'record': 'ATOM', 'atom_serial': '324', 'atom_name': 'CA', 'residue': 'GLU', 'chain': 'B', 'num_residue': '21', 'x': '40.365', 'y': '39.620', 'z': '31.525', 'occupancy': '1.00', 'b-factor': '20.77', 'element': 'CA', 'type': 'ATOM', 'radius': '1.87', 'polarity': '0'}, {'record': 'ATOM', 'atom_serial': '325', 'atom_name': 'C', 'residue': 'GLU', 'chain': 'B', 'num_residue': '21', 'x': '41.737', 'y': '39.443', 'z': '30.868', 'occupancy': '1.00', 'b-factor': '19.50', 'element': 'C', 'type': 'ATOM', 'radius': '1.76', 'polarity': '0'}, {'record': 'ATOM', 'atom_serial': '326', 'atom_name': 'O', 'residue': 'GLU', 'chain': 'B', 'num_residue': '21', 'x': '42.455', 'y': '40.419', 'z': '30.665', 'occupancy': '1.00', 'b-factor': '20.11', 'element': 'O', 'type': 'ATOM', 'radius': '1.40', 'polarity': '1'}, {'record': 'ATOM', 'atom_serial': '327', 'atom_name': 'CB', 'residue': 'GLU', 'chain': 'B', 'num_residue': '21', 'x': '40.494', 'y': '40.027', 'z': '32.997', 'occupancy': '1.00', 'b-factor': '20.94', 'element': 'CB', 'type': 'ATOM', 'radius': '1.87', 'polarity': '0'}, {'record': 'ATOM', 'atom_serial': '328', 'atom_name': 'CG', 'residue': 'GLU', 'chain': 'B', 'num_residue': '21', 'x': '39.190', 'y': '40.592', 'z': '33.561', 'occupancy': '1.00', 'b-factor': '24.24', 'element': 'CG', 'type': 'ATOM', 'radius': '1.76', 'polarity': '0'}, {'record': 'ATOM', 'atom_serial': '329', 'atom_name': 'CD', 'residue': 'GLU', 'chain': 'B', 'num_residue': '21', 'x': '39.307', 'y': '41.098', 'z': '34.990', 'occupancy': '1.00', 'b-factor': '25.13', 'element': 'CD', 'type': 'ATOM', 'radius': '1.87', 'polarity': '0'}, {'record': 'ATOM', 'atom_serial': '330', 'atom_name': 'OE1', 'residue': 'GLU', 'chain': 'B', 'num_residue': '21', 'x': '40.419', 'y': '41.042', 'z': '35.573', 'occupancy': '1.00', 'b-factor': '30.20', 'element': 'OE1', 'type': 'ATOM', 'radius': '1.40', 'polarity': '1'}, {'record': 'ATOM', 'atom_serial': '331', 'atom_name': 'OE2', 'residue': 'GLU', 'chain': 'B', 'num_residue': '21', 'x': '38.271', 'y': '41.552', 'z': '35.526', 'occupancy': '1.00', 'b-factor': '29.89', 'element': 'OE2', 'type': 'ATOM', 'radius': '1.40', 'polarity': '1'}, {'record': 'ATOM', 'atom_serial': '332', 'atom_name': 'N', 'residue': 'ARG', 'chain': 'B', 'num_residue': '22', 'x': '42.093', 'y': '38.206', 'z': '30.518', 'occupancy': '1.00', 'b-factor': '18.70', 'element': 'N', 'type': 'ATOM', 'radius': '1.65', 'polarity': '1'}, {'record': 'ATOM', 'atom_serial': '333', 'atom_name': 'CA', 'residue': 'ARG', 'chain': 'B', 'num_residue': '22', 'x': '43.330', 'y': '37.939', 'z': '29.777', 'occupancy': '1.00', 'b-factor': '18.74', 'element': 'CA', 'type': 'ATOM', 'radius': '1.87', 'polarity': '0'}, {'record': 'ATOM', 'atom_serial': '334', 'atom_name': 'C', 'residue': 'ARG', 'chain': 'B', 'num_residue': '22', 'x': '43.278', 'y': '38.551', 'z': '28.377', 'occupancy': '1.00', 'b-factor': '17.66', 'element': 'C', 'type': 'ATOM', 'radius': '1.76', 'polarity': '0'}, {'record': 'ATOM', 'atom_serial': '335', 'atom_name': 'O', 'residue': 'ARG', 'chain': 'B', 'num_residue': '22', 'x': '44.295', 'y': '39.001', 'z': '27.831', 'occupancy': '1.00', 'b-factor': '18.77', 'element': 'O', 'type': 'ATOM', 'radius': '1.40', 'polarity': '1'}, {'record': 'ATOM', 'atom_serial': '336', 'atom_name': 'CB', 'residue': 'ARG', 'chain': 'B', 'num_residue': '22', 'x': '43.576', 'y': '36.429', 'z': '29.653', 'occupancy': '1.00', 'b-factor': '18.71', 'element': 'CB', 'type': 'ATOM', 'radius': '1.87', 'polarity': '0'}, {'record': 'ATOM', 'atom_serial': '337', 'atom_name': 'CG', 'residue': 'ARG', 'chain': 'B', 'num_residue': '22', 'x': '43.764', 'y': '35.700', 'z': '30.974', 'occupancy': '1.00', 'b-factor': '20.63', 'element': 'CG', 'type': 'ATOM', 'radius': '1.76', 'polarity': '0'}, {'record': 'ATOM', 'atom_serial': '338', 'atom_name': 'CD', 'residue': 'ARG', 'chain': 'B', 'num_residue': '22', 'x': '43.942', 'y': '34.199', 'z': '30.741', 'occupancy': '1.00', 'b-factor': '20.53', 'element': 'CD', 'type': 'ATOM', 'radius': '1.87', 'polarity': '0'}, {'record': 'ATOM', 'atom_serial': '339', 'atom_name': 'NE', 'residue': 'ARG', 'chain': 'B', 'num_residue': '22', 'x': '42.669', 'y': '33.475', 'z': '30.717', 'occupancy': '1.00', 'b-factor': '24.67', 'element': 'NE', 'type': 'ATOM', 'radius': '1.65', 'polarity': '1'}, {'record': 'ATOM', 'atom_serial': '340', 'atom_name': 'CZ', 'residue': 'ARG', 'chain': 'B', 'num_residue': '22', 'x': '42.546', 'y': '32.167', 'z': '30.487', 'occupancy': '1.00', 'b-factor': '24.93', 'element': 'CZ', 'type': 'ATOM', 'radius': '1.76', 'polarity': '0'}, {'record': 'ATOM', 'atom_serial': '341', 'atom_name': 'NH1', 'residue': 'ARG', 'chain': 'B', 'num_residue': '22', 'x': '43.622', 'y': '31.425', 'z': '30.239', 'occupancy': '1.00', 'b-factor': '25.55', 'element': 'NH1', 'type': 'ATOM', 'radius': '1.65', 'polarity': '1'}, {'record': 'ATOM', 'atom_serial': '342', 'atom_name': 'NH2', 'residue': 'ARG', 'chain': 'B', 'num_residue': '22', 'x': '41.341', 'y': '31.600', 'z': '30.490', 'occupancy': '1.00', 'b-factor': '23.64', 'element': 'NH2', 'type': 'ATOM', 'radius': '1.65', 'polarity': '1'}, {'record': 'ATOM', 'atom_serial': '343', 'atom_name': 'N', 'residue': 'GLY', 'chain': 'B', 'num_residue': '23', 'x': '42.084', 'y': '38.567', 'z': '27.800', 'occupancy': '1.00', 'b-factor': '15.83', 'element': 'N', 'type': 'ATOM', 'radius': '1.65', 'polarity': '1'}, {'record': 'ATOM', 'atom_serial': '344', 'atom_name': 'CA', 'residue': 'GLY', 'chain': 'B', 'num_residue': '23', 'x': '41.935', 'y': '38.856', 'z': '26.387', 'occupancy': '1.00', 'b-factor': '13.77', 'element': 'CA', 'type': 'ATOM', 'radius': '1.87', 'polarity': '0'}, {'record': 'ATOM', 'atom_serial': '345', 'atom_name': 'C', 'residue': 'GLY', 'chain': 'B', 'num_residue': '23', 'x': '42.504', 'y': '37.733', 'z': '25.552', 'occupancy': '1.00', 'b-factor': '13.05', 'element': 'C', 'type': 'ATOM', 'radius': '1.76', 'polarity': '0'}, {'record': 'ATOM', 'atom_serial': '346', 'atom_name': 'O', 'residue': 'GLY', 'chain': 'B', 'num_residue': '23', 'x': '42.858', 'y': '36.663', 'z': '26.078', 'occupancy': '1.00', 'b-factor': '12.21', 'element': 'O', 'type': 'ATOM', 'radius': '1.40', 'polarity': '1'}, {'record': 'ATOM', 'atom_serial': '347', 'atom_name': 'N', 'residue': 'PHE', 'chain': 'B', 'num_residue': '24', 'x': '42.617', 'y': '37.981', 'z': '24.256', 'occupancy': '1.00', 'b-factor': '11.58', 'element': 'N', 'type': 'ATOM', 'radius': '1.65', 'polarity': '1'}, {'record': 'ATOM', 'atom_serial': '348', 'atom_name': 'CA', 'residue': 'PHE', 'chain': 'B', 'num_residue': '24', 'x': '42.937', 'y': '36.929', 'z': '23.309', 'occupancy': '1.00', 'b-factor': '11.09', 'element': 'CA', 'type': 'ATOM', 'radius': '1.87', 'polarity': '0'}, {'record': 'ATOM', 'atom_serial': '349', 'atom_name': 'C', 'residue': 'PHE', 'chain': 'B', 'num_residue': '24', 'x': '43.426', 'y': '37.501', 'z': '21.991', 'occupancy': '1.00', 'b-factor': '11.75', 'element': 'C', 'type': 'ATOM', 'radius': '1.76', 'polarity': '0'}, {'record': 'ATOM', 'atom_serial': '350', 'atom_name': 'O', 'residue': 'PHE', 'chain': 'B', 'num_residue': '24', 'x': '43.352', 'y': '38.712', 'z': '21.768', 'occupancy': '1.00', 'b-factor': '12.36', 'element': 'O', 'type': 'ATOM', 'radius': '1.40', 'polarity': '1'}, {'record': 'ATOM', 'atom_serial': '351', 'atom_name': 'CB', 'residue': 'PHE', 'chain': 'B', 'num_residue': '24', 'x': '41.693', 'y': '36.044', 'z': '23.070', 'occupancy': '1.00', 'b-factor': '10.85', 'element': 'CB', 'type': 'ATOM', 'radius': '1.87', 'polarity': '0'}, {'record': 'ATOM', 'atom_serial': '352', 'atom_name': 'CG', 'residue': 'PHE', 'chain': 'B', 'num_residue': '24', 'x': '40.513', 'y': '36.789', 'z': '22.490', 'occupancy': '1.00', 'b-factor': '9.03', 'element': 'CG', 'type': 'ATOM', 'radius': '1.76', 'polarity': '0'}, {'record': 'ATOM', 'atom_serial': '353', 'atom_name': 'CD1', 'residue': 'PHE', 'chain': 'B', 'num_residue': '24', 'x': '40.357', 'y': '36.895', 'z': '21.103', 'occupancy': '1.00', 'b-factor': '10.16', 'element': 'CD1', 'type': 'ATOM', 'radius': '1.76', 'polarity': '0'}, {'record': 'ATOM', 'atom_serial': '354', 'atom_name': 'CD2', 'residue': 'PHE', 'chain': 'B', 'num_residue': '24', 'x': '39.573', 'y': '37.392', 'z': '23.321', 'occupancy': '1.00', 'b-factor': '10.49', 'element': 'CD2', 'type': 'ATOM', 'radius': '1.76', 'polarity': '0'}, {'record': 'ATOM', 'atom_serial': '355', 'atom_name': 'CE1', 'residue': 'PHE', 'chain': 'B', 'num_residue': '24', 'x': '39.254', 'y': '37.583', 'z': '20.555', 'occupancy': '1.00', 'b-factor': '9.69', 'element': 'CE1', 'type': 'ATOM', 'radius': '1.76', 'polarity': '0'}, {'record': 'ATOM', 'atom_serial': '356', 'atom_name': 'CE2', 'residue': 'PHE', 'chain': 'B', 'num_residue': '24', 'x': '38.474', 'y': '38.090', 'z': '22.782', 'occupancy': '1.00', 'b-factor': '10.75', 'element': 'CE2', 'type': 'ATOM', 'radius': '1.76', 'polarity': '0'}, {'record': 'ATOM', 'atom_serial': '357', 'atom_name': 'CZ', 'residue': 'PHE', 'chain': 'B', 'num_residue': '24', 'x': '38.325', 'y': '38.184', 'z': '21.397', 'occupancy': '1.00', 'b-factor': '10.19', 'element': 'CZ', 'type': 'ATOM', 'radius': '1.76', 'polarity': '0'}, {'record': 'ATOM', 'atom_serial': '358', 'atom_name': 'N', 'residue': 'PHE', 'chain': 'B', 'num_residue': '25', 'x': '43.933', 'y': '36.633', 'z': '21.134', 'occupancy': '1.00', 'b-factor': '12.42', 'element': 'N', 'type': 'ATOM', 'radius': '1.65', 'polarity': '1'}, {'record': 'ATOM', 'atom_serial': '359', 'atom_name': 'CA', 'residue': 'PHE', 'chain': 'B', 'num_residue': '25', 'x': '44.214', 'y': '36.982', 'z': '19.762', 'occupancy': '1.00', 'b-factor': '13.76', 'element': 'CA', 'type': 'ATOM', 'radius': '1.87', 'polarity': '0'}, {'record': 'ATOM', 'atom_serial': '360', 'atom_name': 'C', 'residue': 'PHE', 'chain': 'B', 'num_residue': '25', 'x': '43.410', 'y': '36.105', 'z': '18.822', 'occupancy': '1.00', 'b-factor': '13.56', 'element': 'C', 'type': 'ATOM', 'radius': '1.76', 'polarity': '0'}, {'record': 'ATOM', 'atom_serial': '361', 'atom_name': 'O', 'residue': 'PHE', 'chain': 'B', 'num_residue': '25', 'x': '43.277', 'y': '34.879', 'z': '19.028', 'occupancy': '1.00', 'b-factor': '13.20', 'element': 'O', 'type': 'ATOM', 'radius': '1.40', 'polarity': '1'}, {'record': 'ATOM', 'atom_serial': '362', 'atom_name': 'CB', 'residue': 'PHE', 'chain': 'B', 'num_residue': '25', 'x': '45.720', 'y': '36.965', 'z': '19.452', 'occupancy': '1.00', 'b-factor': '15.31', 'element': 'CB', 'type': 'ATOM', 'radius': '1.87', 'polarity': '0'}, {'record': 'ATOM', 'atom_serial': '363', 'atom_name': 'CG', 'residue': 'PHE', 'chain': 'B', 'num_residue': '25', 'x': '46.429', 'y': '35.703', 'z': '19.853', 'occupancy': '1.00', 'b-factor': '17.34', 'element': 'CG', 'type': 'ATOM', 'radius': '1.76', 'polarity': '0'}, {'record': 'ATOM', 'atom_serial': '364', 'atom_name': 'CD1', 'residue': 'PHE', 'chain': 'B', 'num_residue': '25', 'x': '46.724', 'y': '34.728', 'z': '18.902', 'occupancy': '1.00', 'b-factor': '20.70', 'element': 'CD1', 'type': 'ATOM', 'radius': '1.76', 'polarity': '0'}, {'record': 'ATOM', 'atom_serial': '365', 'atom_name': 'CD2', 'residue': 'PHE', 'chain': 'B', 'num_residue': '25', 'x': '46.836', 'y': '35.503', 'z': '21.174', 'occupancy': '1.00', 'b-factor': '20.22', 'element': 'CD2', 'type': 'ATOM', 'radius': '1.76', 'polarity': '0'}, {'record': 'ATOM', 'atom_serial': '366', 'atom_name': 'CE1', 'residue': 'PHE', 'chain': 'B', 'num_residue': '25', 'x': '47.401', 'y': '33.556', 'z': '19.263', 'occupancy': '1.00', 'b-factor': '21.12', 'element': 'CE1', 'type': 'ATOM', 'radius': '1.76', 'polarity': '0'}, {'record': 'ATOM', 'atom_serial': '367', 'atom_name': 'CE2', 'residue': 'PHE', 'chain': 'B', 'num_residue': '25', 'x': '47.508', 'y': '34.331', 'z': '21.545', 'occupancy': '1.00', 'b-factor': '20.64', 'element': 'CE2', 'type': 'ATOM', 'radius': '1.76', 'polarity': '0'}, {'record': 'ATOM', 'atom_serial': '368', 'atom_name': 'CZ', 'residue': 'PHE', 'chain': 'B', 'num_residue': '25', 'x': '47.789', 'y': '33.360', 'z': '20.582', 'occupancy': '1.00', 'b-factor': '19.89', 'element': 'CZ', 'type': 'ATOM', 'radius': '1.76', 'polarity': '0'}, {'record': 'ATOM', 'atom_serial': '369', 'atom_name': 'N', 'residue': 'TYR', 'chain': 'B', 'num_residue': '26', 'x': '42.840', 'y': '36.750', 'z': '17.811', 'occupancy': '1.00', 'b-factor': '13.31', 'element': 'N', 'type': 'ATOM', 'radius': '1.65', 'polarity': '1'}, {'record': 'ATOM', 'atom_serial': '370', 'atom_name': 'CA', 'residue': 'TYR', 'chain': 'B', 'num_residue': '26', 'x': '42.064', 'y': '36.088', 'z': '16.786', 'occupancy': '1.00', 'b-factor': '14.17', 'element': 'CA', 'type': 'ATOM', 'radius': '1.87', 'polarity': '0'}, {'record': 'ATOM', 'atom_serial': '371', 'atom_name': 'C', 'residue': 'TYR', 'chain': 'B', 'num_residue': '26', 'x': '42.810', 'y': '36.232', 'z': '15.471', 'occupancy': '1.00', 'b-factor': '15.35', 'element': 'C', 'type': 'ATOM', 'radius': '1.76', 'polarity': '0'}, {'record': 'ATOM', 'atom_serial': '372', 'atom_name': 'O', 'residue': 'TYR', 'chain': 'B', 'num_residue': '26', 'x': '42.919', 'y': '37.329', 'z': '14.919', 'occupancy': '1.00', 'b-factor': '14.82', 'element': 'O', 'type': 'ATOM', 'radius': '1.40', 'polarity': '1'}, {'record': 'ATOM', 'atom_serial': '373', 'atom_name': 'CB', 'residue': 'TYR', 'chain': 'B', 'num_residue': '26', 'x': '40.669', 'y': '36.712', 'z': '16.697', 'occupancy': '1.00', 'b-factor': '13.85', 'element': 'CB', 'type': 'ATOM', 'radius': '1.87', 'polarity': '0'}, {'record': 'ATOM', 'atom_serial': '374', 'atom_name': 'CG', 'residue': 'TYR', 'chain': 'B', 'num_residue': '26', 'x': '39.824', 'y': '36.158', 'z': '15.579', 'occupancy': '1.00', 'b-factor': '14.17', 'element': 'CG', 'type': 'ATOM', 'radius': '1.76', 'polarity': '0'}, {'record': 'ATOM', 'atom_serial': '375', 'atom_name': 'CD1', 'residue': 'TYR', 'chain': 'B', 'num_residue': '26', 'x': '39.504', 'y': '34.799', 'z': '15.529', 'occupancy': '1.00', 'b-factor': '14.37', 'element': 'CD1', 'type': 'ATOM', 'radius': '1.76', 'polarity': '0'}, {'record': 'ATOM', 'atom_serial': '376', 'atom_name': 'CD2', 'residue': 'TYR', 'chain': 'B', 'num_residue': '26', 'x': '39.335', 'y': '36.985', 'z': '14.569', 'occupancy': '1.00', 'b-factor': '14.38', 'element': 'CD2', 'type': 'ATOM', 'radius': '1.76', 'polarity': '0'}, {'record': 'ATOM', 'atom_serial': '377', 'atom_name': 'CE1', 'residue': 'TYR', 'chain': 'B', 'num_residue': '26', 'x': '38.724', 'y': '34.280', 'z': '14.503', 'occupancy': '1.00', 'b-factor': '15.71', 'element': 'CE1', 'type': 'ATOM', 'radius': '1.76', 'polarity': '0'}, {'record': 'ATOM', 'atom_serial': '378', 'atom_name': 'CE2', 'residue': 'TYR', 'chain': 'B', 'num_residue': '26', 'x': '38.558', 'y': '36.479', 'z': '13.549', 'occupancy': '1.00', 'b-factor': '14.39', 'element': 'CE2', 'type': 'ATOM', 'radius': '1.76', 'polarity': '0'}, {'record': 'ATOM', 'atom_serial': '379', 'atom_name': 'CZ', 'residue': 'TYR', 'chain': 'B', 'num_residue': '26', 'x': '38.250', 'y': '35.130', 'z': '13.516', 'occupancy': '1.00', 'b-factor': '15.05', 'element': 'CZ', 'type': 'ATOM', 'radius': '1.76', 'polarity': '0'}, {'record': 'ATOM', 'atom_serial': '380', 'atom_name': 'OH', 'residue': 'TYR', 'chain': 'B', 'num_residue': '26', 'x': '37.476', 'y': '34.621', 'z': '12.496', 'occupancy': '1.00', 'b-factor': '17.80', 'element': 'OH', 'type': 'ATOM', 'radius': '1.40', 'polarity': '1'}, {'record': 'ATOM', 'atom_serial': '381', 'atom_name': 'N', 'residue': 'THR', 'chain': 'B', 'num_residue': '27', 'x': '43.340', 'y': '35.116', 'z': '14.984', 'occupancy': '1.00', 'b-factor': '16.26', 'element': 'N', 'type': 'ATOM', 'radius': '1.65', 'polarity': '1'}, {'record': 'ATOM', 'atom_serial': '382', 'atom_name': 'CA', 'residue': 'THR', 'chain': 'B', 'num_residue': '27', 'x': '44.214', 'y': '35.110', 'z': '13.817', 'occupancy': '1.00', 'b-factor': '17.93', 'element': 'CA', 'type': 'ATOM', 'radius': '1.87', 'polarity': '0'}, {'record': 'ATOM', 'atom_serial': '383', 'atom_name': 'C', 'residue': 'THR', 'chain': 'B', 'num_residue': '27', 'x': '43.681', 'y': '34.112', 'z': '12.788', 'occupancy': '1.00', 'b-factor': '18.16', 'element': 'C', 'type': 'ATOM', 'radius': '1.76', 'polarity': '0'}, {'record': 'ATOM', 'atom_serial': '384', 'atom_name': 'O', 'residue': 'THR', 'chain': 'B', 'num_residue': '27', 'x': '44.216', 'y': '33.003', 'z': '12.670', 'occupancy': '1.00', 'b-factor': '18.88', 'element': 'O', 'type': 'ATOM', 'radius': '1.40', 'polarity': '1'}, {'record': 'ATOM', 'atom_serial': '385', 'atom_name': 'CB', 'residue': 'THR', 'chain': 'B', 'num_residue': '27', 'x': '45.674', 'y': '34.761', 'z': '14.217', 'occupancy': '1.00', 'b-factor': '18.54', 'element': 'CB', 'type': 'ATOM', 'radius': '1.87', 'polarity': '0'}, {'record': 'ATOM', 'atom_serial': '386', 'atom_name': 'OG1', 'residue': 'THR', 'chain': 'B', 'num_residue': '27', 'x': '45.694', 'y': '33.529', 'z': '14.958', 'occupancy': '1.00', 'b-factor': '21.71', 'element': 'OG1', 'type': 'ATOM', 'radius': '1.40', 'polarity': '1'}, {'record': 'ATOM', 'atom_serial': '387', 'atom_name': 'CG2', 'residue': 'THR', 'chain': 'B', 'num_residue': '27', 'x': '46.257', 'y': '35.850', 'z': '15.090', 'occupancy': '1.00', 'b-factor': '19.52', 'element': 'CG2', 'type': 'ATOM', 'radius': '1.87', 'polarity': '0'}, {'record': 'ATOM', 'atom_serial': '388', 'atom_name': 'N', 'residue': 'PRO', 'chain': 'B', 'num_residue': '28', 'x': '42.619', 'y': '34.491', 'z': '12.055', 'occupancy': '1.00', 'b-factor': '18.18', 'element': 'N', 'type': 'ATOM', 'radius': '1.65', 'polarity': '1'}, {'record': 'ATOM', 'atom_serial': '389', 'atom_name': 'CA', 'residue': 'PRO', 'chain': 'B', 'num_residue': '28', 'x': '41.968', 'y': '33.584', 'z': '11.108', 'occupancy': '1.00', 'b-factor': '18.71', 'element': 'CA', 'type': 'ATOM', 'radius': '1.87', 'polarity': '0'}, {'record': 'ATOM', 'atom_serial': '390', 'atom_name': 'C', 'residue': 'PRO', 'chain': 'B', 'num_residue': '28', 'x': '42.830', 'y': '33.197', 'z': '9.908', 'occupancy': '1.00', 'b-factor': '19.21', 'element': 'C', 'type': 'ATOM', 'radius': '1.76', 'polarity': '0'}, {'record': 'ATOM', 'atom_serial': '391', 'atom_name': 'O', 'residue': 'PRO', 'chain': 'B', 'num_residue': '28', 'x': '42.620', 'y': '32.111', 'z': '9.362', 'occupancy': '1.00', 'b-factor': '20.27', 'element': 'O', 'type': 'ATOM', 'radius': '1.40', 'polarity': '1'}, {'record': 'ATOM', 'atom_serial': '392', 'atom_name': 'CB', 'residue': 'PRO', 'chain': 'B', 'num_residue': '28', 'x': '40.728', 'y': '34.361', 'z': '10.660', 'occupancy': '1.00', 'b-factor': '18.86', 'element': 'CB', 'type': 'ATOM', 'radius': '1.87', 'polarity': '0'}, {'record': 'ATOM', 'atom_serial': '393', 'atom_name': 'CG', 'residue': 'PRO', 'chain': 'B', 'num_residue': '28', 'x': '41.063', 'y': '35.791', 'z': '10.904', 'occupancy': '1.00', 'b-factor': '18.16', 'element': 'CG', 'type': 'ATOM', 'radius': '1.76', 'polarity': '0'}, {'record': 'ATOM', 'atom_serial': '394', 'atom_name': 'CD', 'residue': 'PRO', 'chain': 'B', 'num_residue': '28', 'x': '41.944', 'y': '35.805', 'z': '12.107', 'occupancy': '1.00', 'b-factor': '17.60', 'element': 'CD', 'type': 'ATOM', 'radius': '1.87', 'polarity': '0'}]
